,"x(Wd,We)","y(Wd,We)","theta(Wd,We)",Wd_true,We_true,Wd,We,tempo
0,-0.0295531722830042,-0.0003440513193691,0.017844105,0.204148921634271,0.0776784409398648,2.25096651320809,2.28921071932705,0.0
1,-0.025689505367484,-0.0003096594783537,0.017593823,0.283600114506011,0.162384814240433,2.24629346891633,2.28655755799919,0.07
2,-0.0218245489717991,-0.0002752525582492,0.017330775,0.363041725649603,0.247087195685024,2.24162396837004,2.28390622713608,0.14
3,-0.0179562222857538,-0.0002408058639582,0.017054426,0.442454661805991,0.331775898179268,2.23696424343212,2.28125995374315,0.21
4,-0.0140816127627496,-0.0002062842104555,0.016764125,0.521805993974718,0.416431817948115,2.2323238940121,2.27862372147855,0.28
5,-0.0101971235645124,-0.0001716432358128,0.01645906,0.601045931107843,0.501023397632178,2.22771606559252,2.27600437147402,0.35
6,-0.0062986212496144,-0.0001368307171391,0.016138338,0.680104796258778,0.585503971823688,2.22315762599427,2.27341070276109,0.42
7,-0.002381583841927,-0.000101787891119,0.015800916,0.758890007102819,0.66980797181715,2.21866934087893,2.27085357204157,0.49
8,0.001558750564399,-6.64507811289188e-05,0.015445711,0.837283254059569,0.753847515821714,2.21427604734403,2.2683459924662,0.56
9,0.0055272344920392,-3.07515331650439e-05,0.015071471,0.91513807011923,0.837509196600323,2.21000682481885,2.26590323100706,0.63
10,0.0095286608791575,5.38023698929455e-06,0.01467695,0.992276463007871,0.920650879349505,2.20589516231306,2.26354290392722,0.7
11,0.0135676118056171,4.20160827785231e-05,0.0142608285,1.06848652085143,1.00309851416281,2.20197912090869,2.26128506976524,0.77
12,0.0176483059650839,7.92273493985e-05,0.013821776,1.14352391998791,1.08464315906976,2.19830149021854,2.25915231916246,0.84
13,0.0217744447093107,0.0001170837771104,0.01335864,1.21712922095841,1.16503841085893,2.19490955624783,2.25716967021246,0.91
14,0.025949120023367,0.0001556520826353,0.012870575,1.28904711484062,1.24400130055249,2.1918528910674,2.25536344273183,0.98
15,0.0301749113283292,0.0001949945159795,0.012357314,1.3590485824688,1.32123444810339,2.18917859084311,2.25375860235765,1.05
16,0.0344538534004325,0.0002351673901585,0.011819091,1.42693850853576,1.39645926047593,2.1869253577705,2.25237501811513,1.12
17,0.0387875293826073,0.0002762195814551,0.011256631,1.49255447592472,1.46943420515978,2.18512093397164,2.2512255543796,1.19
18,0.0431770347362309,0.0003181909980764,0.010671043,1.55575986012096,1.53996109146958,2.18378256830328,2.25031644111726,1.26
19,0.047623066147031,0.0003611110153556,0.010063741,1.61644139290098,1.60788254472156,2.18291968927511,2.24964922320859,1.33
20,0.0521258812687717,0.0004049968759879,0.00943636,1.67450688126144,1.67306902937535,2.18253656025576,2.24922251008578,1.4
21,0.0566853833525018,0.0004498520541918,0.00879079,1.72988473740102,1.73541327592412,2.18263307455324,2.24903257283672,1.47
22,0.0613010766769108,0.0004956645831477,0.00812912,1.78252373530911,1.79482544706149,2.18320483353557,2.24907342400963,1.54
23,0.0659721468578605,0.0005424053455934,0.0074536917,1.83239706187596,1.85122898372522,2.18424276186936,2.2493365708158,1.61
24,0.070697411981401,0.000590026328043,0.0067670196,1.87950253408011,1.90457009224549,2.18573149782411,2.24980993381181,1.68
25,0.0754754621841898,0.0006384588397487,0.0060717785,1.9238598725339,1.95482404304804,2.18764897270208,2.25047751935487,1.75
26,0.0803047971699367,0.0006876116982496,0.0053707645,1.96551106574592,2.00199364607074,2.18996743405592,2.25132016388621,1.82
27,0.0851837711591707,0.000737369384133,0.004666806,2.00451690082819,2.04610485828926,2.19265426204707,2.25231608027705,1.89
28,0.0901106629224416,0.0007875901684989,0.0039627673,2.040955375737,2.08720644679242,2.19567264351606,2.25344146103807,1.96
29,0.095083616885173,0.000838104217539,0.0032614411,2.0749088424067,2.12536189197458,2.19898235907763,2.25467094866331,2.03
30,0.100100709444207,0.000888711679646,0.002565528,2.10645537640488,2.16064718552004,2.20254119278672,2.25597841864243,2.1
31,0.105159886492249,0.0009391807615363,0.0018775852,2.13567319909886,2.19314861355183,2.2063067753438,2.2573382031399,2.17
32,0.110259026298024,0.0009892458010155,0.0011999735,2.16264322247786,2.22296020447006,2.21023771910319,2.25872586706966,2.24
33,0.115395873745932,0.0010386053452335,0.0005349646,2.1874522543746,2.25018401413342,2.21429423704774,2.26011853753851,2.31
34,0.12056816360908,0.0010869202445646,-0.00011544286,2.21019038209346,2.27492898905812,2.21843850137697,2.26149497814303,2.38
35,0.125773742385295,0.0011338117736149,-0.0007493694,2.23094951819031,2.29730942004828,2.22263512433416,2.26283585362088,2.45
36,0.131010498226134,0.0011788597922933,-0.0013650958,2.24982240627633,2.3174422834112,2.22685144511826,2.26412399510844,2.52
37,0.136276416633975,0.0012216009613918,-0.001961124,2.26689897094193,2.33544384653072,2.23105781478298,2.26534441266624,2.59
38,0.141569507933267,0.001261527028699,-0.0025360843,2.282266741252,2.35142400891688,2.23522794388462,2.26648424628158,2.66
39,0.146887860667245,0.0012980832033142,-0.0030887048,2.29601038993877,2.36548796563347,2.23933861530257,2.26753271943879,2.73
40,0.15222956692151,0.0013306666375453,-0.003617853,2.30821216347748,2.37773724908971,2.24336952545856,2.26848115926584,2.8
41,0.157592773721899,0.0013586250375412,-0.004122394,2.31895980574108,2.38826989110585,2.24730325482037,2.26932314718658,2.87
42,0.162975606504923,0.001381255425644,-0.0046012425,2.32834672760503,2.39718287730859,2.25112460624189,2.27005422874123,2.94
43,0.168376282324501,0.0013978030793292,-0.0050533363,2.3364712156383,2.40457619140077,2.25482007402976,2.2706716274516,3.01
44,0.17379322231014,0.0014075241920481,-0.0054775877,2.34343658188111,2.41055412632376,2.25837763487464,2.27117440753193,3.08
45,0.179224972888239,0.0014099393213775,-0.0058729677,2.34934558151841,2.4152223975685,2.26178673412626,2.27156351388355,3.15
46,0.1846702534198,0.001404896540101,-0.0062385383,2.35429868584353,2.41868651727074,2.26503872194455,2.27184181644595,3.22
47,0.190127876235548,0.0013925713451304,-0.0065734196,2.35839468216204,2.4210488208131,2.26812704102257,2.2720142859048,3.29
48,0.195596793191856,0.0013734668485778,-0.0068768817,2.36172368791462,2.42240985859807,2.27104703917281,2.27208779249842,3.36
49,0.201076014718373,0.0013483507257673,-0.0071483324,2.3643645802979,2.42286659037923,2.27379623276857,2.27207090884555,3.43
50,0.206564655471879,0.0013180018643788,-0.0073873973,2.36638734611352,2.42250909333026,2.27637406843833,2.27197333542286,3.5
51,0.212061852559727,0.0012831477981858,-0.007593883,2.36785253604671,2.42142143332558,2.27878169125738,2.2718053929986,3.57
52,0.2175668104412,0.0012444658590624,-0.007767761,2.36881525237693,2.41967793043836,2.28102159242233,2.27157751813756,3.64
53,0.223078718465311,0.0012025845010086,-0.007909148,2.3693229331583,2.41734084973517,2.28309745395955,2.27130046009076,3.71
54,0.228596795149968,0.0011580847703699,-0.008018281,2.36941811004281,2.41446135658659,2.2850141268552,2.27098567052291,3.78
55,0.234120205159032,0.001111501898292,-0.008095512,2.36914194569901,2.41108341652203,2.2867778059851,2.27064569510971,3.85
56,0.239648103081664,0.0010633269932548,-0.008141339,2.36853022825655,2.40724974839496,2.28839595702884,2.27029437601076,3.92
57,0.245179549971443,0.0010140088132783,-0.008156399,2.36761566827044,2.40300106358922,2.28987699513251,2.26994642010878,3.99
58,0.250713620270586,0.0009639555990713,-0.0081415,2.36643128830802,2.39838167445846,2.29123015966723,2.26961722174986,4.06
59,0.256249508598836,0.0009135369510087,-0.008097666,2.36501071166819,2.39344105337417,2.29246539420788,2.26932249479553,4.13
60,0.261786445886045,0.0008630857343679,-0.008026126,2.36338858841692,2.38823102309108,2.29359304082531,2.26907764988384,4.2
61,0.267323742472276,0.0008128999987248,-0.007928247,2.36159874375142,2.38280499193284,2.29462366590742,2.26889736093428,4.27
62,0.272860704130393,0.0007632448988125,-0.007805627,2.3596759546062,2.37722101034608,2.2955676995236,2.26879519327475,4.34
63,0.278396738630535,0.0007143546054717,-0.0076600113,2.35765677986733,2.37153892843493,2.29643507848763,2.26878329283378,4.41
64,0.28393146231671,0.0006664341965739,-0.007493268,2.35557887119768,2.36581838524441,2.29723521031638,2.26887232643864,4.48
65,0.289464616161841,0.0006196615189823,-0.0073074205,2.35348206604698,2.36012061289506,2.29797713066882,2.26907148220109,4.55
66,0.29499610890902,0.0005741890137221,-0.007104604,2.35140681510879,2.35450636754359,2.29866934575771,2.26938846606586,4.62
67,0.300525933234481,0.0005301454975711,-0.0068870652,2.34938740197507,2.34903544744168,2.29931993105717,2.26982943065314,4.69
68,0.306054209010385,0.0004876378952491,-0.0066571683,2.34744439978635,2.34376652541017,2.2999361237592,2.2703983914722,4.76
69,0.31158109959335,0.0004467529172858,-0.006417405,2.34558443047052,2.33874624122849,2.30052347219244,2.27109587620139,4.83
70,0.317106855208751,0.0004075586794825,-0.0061702784,2.34380582838038,2.33400997380958,2.3010856852661,2.27191864892695,4.9
71,0.32263172935023,0.0003701062606509,-0.0059183342,2.34210220470823,2.32958158767407,2.30162492765451,2.27286006469276,4.97
72,0.328156022259469,0.000334431196025,-0.0056640566,2.34046499253318,2.3254771068217,2.30214217946788,2.27391073688951,5.04
73,0.333679997402235,0.0003005549043883,-0.0054098642,2.33888833920997,2.32171180691877,2.30263753328758,2.27505913662103,5.11
74,0.339203925003832,0.0002684860475545,-0.0051580975,2.337368914728,2.318297386257,2.30311036500802,2.2762918703279,5.18
75,0.344727998559597,0.0002382218213751,-0.00491097,2.33590298645022,2.31524280788276,2.30355982311034,2.27759439832791,5.25
76,0.350252378384722,0.0002097491779375,-0.0046705087,2.33448546074738,2.31254922114897,2.30398500120318,2.27895130552019,5.32
77,0.355777108121694,0.0001830459790508,-0.0044386,2.33310796982456,2.31020677515817,2.30438523849169,2.28034688702748,5.39
78,0.361302158273841,0.0001580820815107,-0.0042169145,2.33175721079774,2.30819472148074,2.30476042117035,2.28176579528641,5.46
79,0.366827342688961,0.0001348203549794,-0.0040068296,2.33042007975753,2.30648309152283,2.30511109420718,2.2831935586244,5.53
80,0.372352425587303,0.0001132176336235,-0.003809506,2.32908658166464,2.30503931580573,2.30543863759727,2.28461735301624,5.6
81,0.377877228584736,9.32256029182958e-05,-0.003625839,2.32775337489144,2.30383305329377,2.30574499891534,2.2860260747889,5.67
82,0.383401547163873,7.47916232582298e-05,-0.0034564133,2.32642623576799,2.30283935901832,2.30603223619073,2.28741003235556,5.74
83,0.388925194193065,5.78594922100584e-05,-0.003301574,2.32511864842939,2.3020398735416,2.30630193455192,2.28876082907079,5.81
84,0.394447916426701,4.2370147409177e-05,-0.003161473,2.32384886993857,2.30142019316631,2.30655506823241,2.29007124702112,5.88
85,0.39996950158709,2.82623122370439e-05,-0.0030361358,2.32263839204089,2.30097142494083,2.30679199028612,2.29133494151648,5.95
86,0.405489885481319,1.54730865265481e-05,-0.0029253908,2.32150443071664,2.30069084551761,2.30701254997491,2.29254639118903,6.02
87,0.411009068604953,3.93848462686923e-06,-0.0028290474,2.32045247701913,2.30057702734759,2.30721671892539,2.29370110394149,6.09
88,0.416527159828139,-6.4060767784668e-06,-0.0027469,2.31948212044158,2.30062883308617,2.30740515439,2.29479557080598,6.16
89,0.422044293089754,-1.56253386650008e-05,-0.002678688,2.31858677141818,2.30084148179003,2.30757906442467,2.29582690436634,6.23
90,0.427560671170038,-2.37838050132859e-05,-0.0026240319,2.31776163816218,2.30120305345459,2.30774020069968,2.29679267002805,6.3
91,0.433076482462266,-3.09453910428838e-05,-0.0025824958,2.31700293507831,2.3016943539484,2.30789097889765,2.29769148191367,6.37
92,0.438591944810327,-3.7173111878044e-05,-0.0025535128,2.31630626275213,2.30228871079967,2.30803396440898,2.29852290254668,6.44
93,0.444107222330678,-4.25288092117334e-05,-0.0025363574,2.31566955874477,2.30295430482677,2.30817129490255,2.2992872815625,6.51
94,0.449622469284982,-4.70729135671453e-05,-0.0025301655,2.31509064693485,2.30365859398511,2.30830391264059,2.29998546994585,6.58
95,0.455137746922807,-5.08642398024619e-05,-0.0025340307,2.31456688068659,2.30437019376282,2.30843162275742,2.3006187273755,6.65
96,0.46065306736312,-5.39598135563982e-05,-0.0025469426,2.31409592715193,2.30506208998337,2.30855321524346,2.3011886956075,6.72
97,0.466168310437896,-5.64147263942473e-05,-0.0025679495,2.31367121391323,2.30571053204241,2.3086668411969,2.30169743784915,6.79
98,0.471683331090474,-5.82820174822318e-05,-0.002596052,2.31328245512179,2.30629240243047,2.30877057986806,2.30214767109785,6.86
99,0.477198066777037,-5.96125796911948e-05,-0.0026302864,2.31292189256424,2.30678792346327,2.30886256137824,2.30254281025361,6.93
100,0.482712454320476,-6.04550881087154e-05,-0.0026697437,2.31258323071309,2.30718622486121,2.30894108981502,2.30288701445701,7.0
101,0.488226473812164,-6.08559490207848e-05,-0.002713617,2.31226393717478,2.30748449919285,2.30900514788565,2.30318536255912,7.07
102,0.493740065489683,-6.08592675081073e-05,-0.0027611402,2.31196697061259,2.30768709745374,2.30905452096778,2.30344364941571,7.14
103,0.499253173665868,-6.05068318886726e-05,-0.0028116389,2.31169945900752,2.30780666100459,2.30908973115096,2.30366824744299,7.21
104,0.50476566363709,-5.9838113325867e-05,-0.002864595,2.31147258389377,2.30786335154748,2.30911178127756,2.30386584265949,7.28
105,0.510277429166029,-5.889027900945e-05,-0.002919594,2.31129625492731,2.3078831314411,2.30912209007605,2.30404323552836,7.35
106,0.515788499987825,-5.76982174051154e-05,-0.0029763815,2.31117092458048,2.30789509359752,2.30912236427452,2.30420657116134,7.42
107,0.521298958787413,-5.62945741558725e-05,-0.0030348785,2.31108962745182,2.30792269498803,2.30911409004887,2.3043601891858,7.49
108,0.526808985240041,-5.47097973054951e-05,-0.0030951754,2.31103919193865,2.30798299381601,2.30909840596585,2.30450636341816,7.56
109,0.532318773037462,-5.29721905995234e-05,-0.0031574052,2.31100468971536,2.3080868389122,2.30907610329117,2.30464535951345,7.63
110,0.537828573967543,-5.1107973703087e-05,-0.0032217903,2.31097375700962,2.30823969310852,2.30904775361928,2.30477587402235,7.7
111,0.543338614965569,-4.91413482564765e-05,-0.0032885747,2.31093462692177,2.30844690128273,2.30901415434929,2.30489579132443,7.77
112,0.54884914220224,-4.70945687688117e-05,-0.0033580072,2.31087727401179,2.30871120727679,2.3089762662419,2.30500224218604,7.84
113,0.554360338125361,-4.49880174269465e-05,-0.0034303186,2.31079284418756,2.30902982413069,2.30893540524929,2.3050921073565,7.91
114,0.559872365520441,-4.28402819710579e-05,-0.0035056625,2.31067060805806,2.30939372532343,2.30889337098779,2.30516245816057,7.98
115,0.565385284508893,-4.0668235859587e-05,-0.0035841651,2.31050050495992,2.30978775972457,2.30885263883926,2.30521093420333,8.05
116,0.570899096552243,-3.8487120014646e-05,-0.003665857,2.31027035286509,2.31019400430323,2.3088162345003,2.3052360582966,8.12
117,0.576413661385685,-3.63106255043012e-05,-0.0037507007,2.30997296901511,2.31059365478043,2.30878779903389,2.30523723462086,8.19
118,0.581928804474062,-3.41509765803565e-05,-0.0038385415,2.30961253058992,2.31097145656242,2.30877101856702,2.30521443017889,8.26
119,0.587444424439377,-3.20190135493317e-05,-0.0039291224,2.30920147360757,2.31131842090269,2.30876899016577,2.30516785715864,8.33
120,0.592960409910239,-2.9924275010229e-05,-0.004022045,2.30876126880415,2.31163257278288,2.30878403189964,2.30509791028239,8.4
121,0.598476683390243,-2.78750790454224e-05,-0.0041167806,2.30832135734844,2.31191690510952,2.30881736531153,2.30500516857921,8.47
122,0.60399311807516,-2.5878603000636e-05,-0.0042127287,2.30791141817233,2.31217638135201,2.30886879724411,2.30489039804708,8.54
123,0.609509581696508,-2.39409615364892e-05,-0.0043092193,2.30755439751078,2.31241919504517,2.30893684560773,2.30475461870096,8.61
124,0.615025853321973,-2.20672826775808e-05,-0.004405644,2.30726519049044,2.31266088855204,2.30901969020747,2.30459936301448,8.68
125,0.620541730710848,-2.02617816255768e-05,-0.004501507,2.30704893964144,2.31292078667419,2.30911599590206,2.30442655404783,8.75
126,0.626057137676666,-1.85278321404351e-05,-0.004596392,2.30690441236829,2.31321500028072,2.30922459186245,2.30423768561181,8.82
127,0.63157204090851,-1.68680353286123e-05,-0.0046899174,2.30682743919919,2.31355050907871,2.30934440439044,2.30403351125164,8.89
128,0.637086493847006,-1.52842857092921e-05,-0.004781703,2.30681403172807,2.3139238164672,2.30947477037933,2.30381462310687,8.96
129,0.642600553541934,-1.37778344590473e-05,-0.0048713097,2.30686229112897,2.31431585529129,2.30961555978905,2.3035820948741,9.03
130,0.64811432456401,-1.23493497623512e-05,-0.004958169,2.30696872460505,2.31469572132867,2.30976628141926,2.30333755366073,9.1
131,0.653627875894317,-1.09989742198662e-05,-0.005041673,2.30712455949742,2.31502955113752,2.30992518828762,2.30308293476251,9.17
132,0.659141284862001,-9.72637928867162e-06,-0.0051211906,2.3073146594698,2.31528635149815,2.31008946245226,2.30282049097093,9.24
133,0.66465455405325,-8.53081674867465e-06,-0.0051961537,2.30751815385081,2.31544109929467,2.31025597119579,2.30255305633682,9.31
134,0.670167655263208,-7.41116720736e-06,-0.005266086,2.30771649737342,2.31547581170179,2.31042215004376,2.30228411967289,9.38
135,0.675680446416379,-6.36598567111638e-06,-0.0053305626,2.30789447883369,2.31537915929033,2.31058612347219,2.30201777120529,9.45
136,0.681192779049708,-5.39354422550928e-06,-0.005389257,2.30804008659126,2.31514665533181,2.31074644451212,2.30175839520449,9.52
137,0.68670460580752,-4.4918718792814e-06,-0.005441924,2.30815015501068,2.31477970673268,2.31090202499109,2.30151042603421,9.59
138,0.692215897397737,-3.65879163769391e-06,-0.0054883636,2.30822940615452,2.31428746492347,2.31105212943003,2.30127854856392,9.66
139,0.697726686604297,-2.89195488009728e-06,-0.0055284975,2.30828593574371,2.31368874534095,2.31119630560006,2.30106764407092,9.73
140,0.703236985282534,-2.18887312445888e-06,-0.0055623427,2.30833311564129,2.31300696458705,2.3113341882492,2.30088229089833,9.8
141,0.70874682841088,-1.54694726816779e-06,-0.0055900062,2.30838774957609,2.31226698717211,2.31146568416547,2.30072670894528,9.87
142,0.714256191124071,-9.63494399773655e-07,-0.0056116963,2.30846435457123,2.31149750152548,2.31159096692268,2.30060489374113,9.94
143,0.719765032801142,-4.35772280536109e-07,-0.005627765,2.30857083951046,2.31072939653323,2.31171015427524,2.30052005068289,10.01
144,0.725273214134779,3.89984021223441e-08,-0.0056386827,2.30870526272401,2.30999324992713,2.31182285875312,2.30047377391655,10.08
145,0.730780604776726,4.636139048865e-07,-0.00564507,2.3088614810908,2.30931707069709,2.31192761145531,2.30046509678271,10.15
146,0.73628719100829,8.40869316743493e-07,-0.0056476113,2.30903276551002,2.3087209914131,2.31202185776384,2.30049023951227,10.22
147,0.741792992884694,1.17354235866338e-06,-0.005647024,2.30921420869389,2.30822066034873,2.3121024615159,2.30054337180338,10.29
148,0.747298108446896,1.46437898833567e-06,-0.005644051,2.30940252811543,2.30782224613602,2.31216595550602,2.30061724708539,10.36
149,0.752802630925786,1.71608070418314e-06,-0.0056394194,2.30959237504028,2.3075248069797,2.31220904658435,2.30070408979926,10.43
150,0.758306693009587,1.93129344409785e-06,-0.0056337644,2.30977315145765,2.30732049640268,2.31222874029475,2.30079603726111,10.5
151,0.763810384096589,2.11259797600467e-06,-0.0056277066,2.30993167069013,2.30719222444647,2.31222240277013,2.300885326958,10.57
152,0.76931379460273,2.26250167946521e-06,-0.0056217606,2.31005107077308,2.30711779426993,2.31218801407269,2.30096480124121,10.64
153,0.774816933246279,2.38343162004079e-06,-0.00561637,2.31011430203887,2.30707225736406,2.31212423196675,2.3010280945243,10.71
154,0.78031977138076,2.4777288208764e-06,-0.0056118784,2.31010767971179,2.30703033025073,2.31203032971942,2.30106988436879,10.78
155,0.785822160301449,2.54764363905624e-06,-0.005608494,2.31002208843695,2.30696957230474,2.31190594446192,2.30108595262428,10.85
156,0.791323939119631,2.59533215754061e-06,-0.005606323,2.30985711129434,2.30687121323493,2.31175095373355,2.30107312034409,10.92
157,0.796825042654061,2.62285350693818e-06,-0.005605324,2.30962211287822,2.3067212353338,2.31156509911184,2.30102899311901,10.99
158,0.802325418789513,2.63216803496263e-06,-0.0056053433,2.30933345071027,2.30651209231511,2.31134742045438,2.30095189806298,11.06
159,0.807825072898012,2.62513624511474e-06,-0.005606114,2.30901283261034,2.30624061896655,2.31109613595101,2.30084082198703,11.13
160,0.813323985250395,2.60351842987536e-06,-0.0056073265,2.30868408811526,2.30590734043679,2.31080865043113,2.30069516026974,11.2
161,0.818822155492581,2.56897492751512e-06,-0.005608646,2.3083647325837,2.30551527572644,2.31048169199393,2.30051472109434,11.27
162,0.82431952011295,2.52306693542633e-06,-0.005609768,2.30806794868777,2.30507153833347,2.31011195817076,2.30030004859386,11.34
163,0.829815996975443,2.46725781669798e-06,-0.0056104,2.30780539331509,2.30458525503893,2.30969676359204,2.30005268379849,11.41
164,0.835311402846447,2.40291484042554e-06,-0.0056103375,2.30758581139814,2.30406618535291,2.30923411761381,2.2997749187331,11.48
165,0.840805561511714,2.33131129997295e-06,-0.0056093996,2.30741872993902,2.30352175461493,2.30872254959834,2.29946955175596,11.55
166,0.846298411934043,2.25362895706782e-06,-0.0056074546,2.30730963891009,2.30295561280323,2.30816131711096,2.29914008868249,11.62
167,0.85178992590222,2.17096076318547e-06,-0.0056044343,2.30725491610522,2.30236695655669,2.30755042542124,2.29879075440082,11.69
168,0.857280152766633,2.0843138131671e-06,-0.005600365,2.30724399095005,2.30174972501553,2.30689039481805,2.29842625132711,11.76
169,0.862769137188302,1.99461248939967e-06,-0.0055953045,2.30725902906208,2.30109605229413,2.30618222036949,2.29805158213364,11.83
170,0.868256963974018,1.90270175815553e-06,-0.005589445,2.30727988722473,2.300395020684,2.3054273970711,2.297671618979,11.9
171,0.873743675921549,1.80935058284258e-06,-0.005583058,2.30728531979409,2.29963630619087,2.30462794682565,2.29729118127478,11.97
172,0.879229318746267,1.71525542194024e-06,-0.005576523,2.30725532822403,2.29881153920627,2.30378644719747,2.29691485958014,12.04
173,0.884713859013203,1.62104378229246e-06,-0.005570243,2.3071728759863,2.29791350773541,2.30290606186401,2.29654703007161,12.11
174,0.890197229147391,1.52727780119312e-06,-0.0055647083,2.30702160315499,2.29694031757943,2.3019905091477,2.29619205941288,12.18
175,0.895679245449412,1.43445783332558e-06,-0.005560517,2.30678735409729,2.29589815786877,2.30104384147073,2.29585400115283,12.25
176,0.901159716711827,1.34302602111024e-06,-0.005558356,2.30646034295821,2.29480019477984,2.30007041670353,2.29553603756149,12.32
177,0.906638552887244,1.25336982936845e-06,-0.005558971,2.30603719524278,2.29366705579888,2.29907487069714,2.29524030193801,12.39
178,0.912115683259088,1.16582552742912e-06,-0.0055631627,2.30552172252251,2.29252185347261,2.29806196379645,2.29496776367803,12.46
179,0.917591101711582,1.08068160388983e-06,-0.0055717574,2.30492220724149,2.29138781474286,2.29703687282547,2.294718811205,12.53
180,0.923064785027301,9.98182101195128e-07,-0.0055856113,2.30424367304978,2.29029067462916,2.29600548373148,2.29449377050262,12.6
181,0.928536738287116,9.1852985901592e-07,-0.0056056627,2.30347958669375,2.28925605150703,2.29497417654097,2.29429234293392,12.67
182,0.93400691329904,8.41889657108707e-07,-0.0056329328,2.30261264613949,2.2883054235732,2.29394941999683,2.29411259752343,12.74
183,0.939475254130394,7.68391249904427e-07,-0.0056684245,2.30162332128439,2.28745305573251,2.29293730267337,2.2939503434609,12.81
184,0.94494161567075,6.98132286527737e-07,-0.0057131085,2.30049649304715,2.28670336795893,2.29194382606639,2.29379958160781,12.88
185,0.950405809302381,6.31181111282431e-07,-0.0057678814,2.29922250746442,2.28605719256708,2.2909755783131,2.29365397164515,12.95
186,0.955867521609385,5.6757944086466e-07,-0.0058335005,2.29779664703013,2.28551135814862,2.29004021664243,2.2935077906371,13.02
187,0.961326423725779,5.0734491568124e-07,-0.0059106066,2.29621816298212,2.28505833310788,2.28914669478293,2.29335651028345,13.09
188,0.966782280778252,4.50473523668597e-07,-0.005999669,2.29448543872214,2.28468834262306,2.28830485392396,2.29319667548241,13.16
189,0.972234870879873,3.96941895922215e-07,-0.00610099,2.29259967053945,2.28438836967737,2.28752520263219,2.29302584659956,13.23
190,0.977684031276799,3.46709474277797e-07,-0.0062147006,2.29056569586146,2.28414331257578,2.28681837720169,2.29284254205625,13.3
191,0.983129577582076,2.99720551718019e-07,-0.0063407226,2.28839041361027,2.28393593295471,2.28619472667014,2.29264599077544,13.37
192,0.988571350177331,2.55906187140083e-07,-0.006478723,2.2860904838981,2.28375302652725,2.28566389506133,2.29243601213551,13.44
193,0.994009133715,2.15185996593699e-07,-0.0066282237,2.28369336360167,2.28358778125567,2.28523420990674,2.29221270586957,13.51
194,0.999442767320288,1.77469823605636e-07,-0.0067884647,2.28123968050733,2.28344156288396,2.28491219427509,2.29197607895629,13.58
195,1.00487225494481,1.42659291644104e-07,-0.0069585075,2.27878332440993,2.28332677956019,2.28470201144002,2.29172573653764,13.65
196,1.0102976853218,1.1064924214894e-07,-0.0071371943,2.27638658583866,2.28326263158949,2.28460528657045,2.29146082742106,13.72
197,1.0157192791158,8.13290618677842e-08,-0.0073231747,2.27410932409067,2.28326749346439,2.2846208606565,2.29118005362566,13.79
198,1.02113730918911,5.45839034969364e-08,-0.007514955,2.2720018170821,2.28335656600769,2.28474492124017,2.29088174400496,13.86
199,1.0265521480512,3.02958038356857e-08,-0.0077109747,2.2701068804103,2.28354365460911,2.28497182758675,2.29056418255073,13.93
200,1.03196418840619,8.3447038231933e-09,-0.0079096,2.26845683499389,2.28383779926147,2.28529467765924,2.29022600088389,14.0
201,1.03737389085895,-1.1390625052353e-08,-0.008109116,2.26707650093747,2.2842400914472,2.28570580766268,2.28986644443987,14.07
202,1.04278170469028,-2.90317434031473e-08,-0.008307832,2.26597976674049,2.28474277366196,2.28619677978864,2.28948525832491,14.14
203,1.04818811575844,-4.46997910338579e-08,-0.008503984,2.26517084866696,2.28532808079878,2.28675874771134,2.28908289157627,14.21
204,1.05359356743522,-5.85148138498821e-08,-0.00869582,2.26464185529422,2.28596809406608,2.28738237441379,2.28866057520535,14.28
205,1.05899850863293,-7.05951659681235e-08,-0.008881599,2.26437377116959,2.28662567163611,2.28805800138546,2.28822033752452,14.35
206,1.0644033148308,-8.10569824592014e-08,-0.009059667,2.26434028820281,2.28726217374846,2.28877581547208,2.28776508374767,14.42
207,1.06980833615833,-9.00137182142771e-08,-0.009228424,2.26450787956861,2.28783896233897,2.28952645837421,2.28729893034234,14.49
208,1.07521381844695,-9.75757485128697e-08,-0.0093864,2.2648423436032,2.28832093406438,2.29030169805377,2.28682753994637,14.56
209,1.08061995131119,-1.03850026970748e-07,-0.009532318,2.26531216411582,2.28868183409876,2.29109471777103,2.28635807557901,14.63
210,1.08602678917552,-1.08939796662928e-07,-0.009665061,2.26589313469411,2.2889056988578,2.29189989602715,2.28589864689403,14.7
211,1.09143436283292,-1.12944350348383e-07,-0.0097836265,2.26656910317456,2.28898417456807,2.29271271285846,2.28545801042736,14.77
212,1.09684279097665,-1.15958835862571e-07,-0.00988727,2.26732782090011,2.28891803323279,2.29352971917896,2.28504565056938,14.84
213,1.1022522011479,-1.18074102895017e-07,-0.0099754445,2.26816034536924,2.28871793185841,2.29434844230636,2.28467122463111,14.91
214,1.10766277768786,-1.19376587526857e-07,-0.010047844,2.26906272637731,2.28840308101869,2.29516703724817,2.2843438797947,14.98
215,1.11307468261491,-1.19948231066698e-07,-0.0101043545,2.27003572023906,2.28799947384028,2.29598393791836,2.28407182269543,15.05
216,1.11848810349465,-1.19866429890845e-07,-0.010145033,2.27108596224498,2.28753564209615,2.29679776243127,2.28386207777105,15.12
217,1.12390317422198,-1.19204013165901e-07,-0.01017012,2.27222313472242,2.28703866973966,2.29760734549585,2.28372081517811,15.19
218,1.12932002278285,-1.18029245503594e-07,-0.010180034,2.27345344805934,2.28653903781706,2.29841189796293,2.28365373985751,15.26
219,1.13473869191614,-1.16405851772665e-07,-0.010175409,2.27477394417781,2.28606759432513,2.29921065838347,2.28366527114118,15.33
220,1.14015918674535,-1.14393061465758e-07,-0.010157051,2.27616997244195,2.28565169842717,2.30000216364735,2.28375740194699,15.4
221,1.14558139530405,-1.12045670192567e-07,-0.010125983,2.27762206294393,2.28531415843165,2.30078358336581,2.28392874554888,15.47
222,1.15100519954817,-1.09414116041427e-07,-0.010083318,2.27911152657163,2.2850703891642,2.30155068972427,2.28417453207442,15.54
223,1.15643058630292,-1.06544568720656e-07,-0.010030241,2.28062243237915,2.28493134658563,2.30229839939512,2.28448742774577,15.61
224,1.1618575675927,-1.03479029556731e-07,-0.009967974,2.28214040758951,2.2849006786793,2.3030211889643,2.28485816074424,15.68
225,1.16728622794756,-1.0025544058915e-07,-0.009897757,2.28365099214077,2.28497479424555,2.30371344758152,2.28527646212219,15.75
226,1.17271664461149,-9.69078011605225e-08,-0.009820777,2.28513526166679,2.28514330872289,2.30436976704212,2.28573168692434,15.82
227,1.17814893472363,-9.34662905551784e-08,-0.009738195,2.28657027819563,2.28538631013308,2.30498504247574,2.28621286183204,15.89
228,1.18358317539541,-8.99573953897254e-08,-0.009651075,2.28792947835765,2.28568057760012,2.30555463792125,2.28670930306897,15.96
229,1.18901945075351,-8.64040406045983e-08,-0.009560422,2.28918801793824,2.28600058853302,2.30607423587028,2.28721059813095,16.03
230,1.1944577718714,-8.28257230463426e-08,-0.009467105,2.29032748412393,2.28632142942487,2.30654000614234,2.2877069045247,16.1
231,1.19989812366087,-7.92386467660735e-08,-0.00937191,2.29133762617349,2.28662342066699,2.30694871314372,2.28818950239212,16.17
232,1.20534038464868,-7.5655859290206e-08,-0.009275524,2.29221986909373,2.28689312074262,2.30729795221105,2.28865096620647,16.24
233,1.21078443723208,-7.20873882450427e-08,-0.009178461,2.29298727513288,2.28712312424753,2.30758613405034,2.28908540050124,16.31
234,1.21623027786156,-6.85403778370899e-08,-0.009081088,2.29366095303729,2.28731116239921,2.3078121538446,2.28948842232071,16.38
235,1.22167793659898,-6.50192248060765e-08,-0.008983693,2.29426863126323,2.28745920502634,2.30797499916678,2.28985689061695,16.45
236,1.22712752364443,-6.15257135775333e-08,-0.008886422,2.29484151971876,2.28757307227884,2.30807342377975,2.29018882739164,16.52
237,1.23257914875626,-5.80591504465137e-08,-0.008789355,2.29540856973953,2.28766376283769,2.30810600495655,2.2904834671844,16.59
238,1.2380329676346,-5.46164967235947e-08,-0.008692581,2.29599270447887,2.28774465469068,2.30807171140499,2.29074143498274,16.66
239,1.24348910118994,-5.11925008687508e-08,-0.00859618,2.29661225807722,2.28782629307257,2.30797028314362,2.29096454443349,16.73
240,1.24894768176537,-4.77798297280696e-08,-0.008500265,2.2972784125429,2.28791575213007,2.30780223281035,2.29115566096281,16.8
241,1.2544087722334,-4.43691990726165e-08,-0.008404908,2.29799796888402,2.28801383695074,2.30756865896915,2.29131850269946,16.87
242,1.2598724120371,-4.0949503718097e-08,-0.008310259,2.29876849426998,2.28811552477812,2.30727137954476,2.29145776020456,16.94
243,1.26533853609867,-3.75079475783175e-08,-0.008216502,2.29957829462385,2.28821008834259,2.30691275015728,2.29157883616168,17.01
244,1.27080702066852,-3.40301740748562e-08,-0.0081238905,2.30040975181254,2.2882838233503,2.30649561191836,2.29168752244263,17.08
245,1.27627760204304,-3.05003973897789e-08,-0.008032787,2.30123783197039,2.28832379255896,2.30602324156243,2.29178974138227,17.15
246,1.28174998574886,-2.69015351077234e-08,-0.007943618,2.30203608822969,2.28831845823502,2.30549911324937,2.29189077937651,17.22
247,1.28722395564737,-2.32153428481169e-08,-0.007856926,2.30277910655183,2.28826161885187,2.30492678950798,2.29199502887902,17.29
248,1.29269929241447,-1.94225515376966e-08,-0.007773368,2.3034452702811,2.28815259988806,2.30430968711439,2.29210566693,17.36
249,1.29817581899702,-1.55030080177965e-08,-0.007693639,2.30401692252031,2.28799117451632,2.30365109888229,2.29222446060744,17.43
250,1.30365331897981,-1.143581971984e-08,-0.0076184324,2.30447868937324,2.28778029905617,2.30295440771594,2.29235220742893,17.5
251,1.30913158194448,-7.19950417620436e-09,-0.0075484826,2.30481949084853,2.28752751651457,2.30222292113274,2.29248885785634,17.57
252,1.3146103217543,-2.7721441617406203e-09,-0.007484585,2.30503627092425,2.2872460443896,2.30145989779385,2.29263357394602,17.64
253,1.3200892853659,1.8684507162429403e-09,-0.007427481,2.30513277772711,2.2869538314425,2.30066882943536,2.29278497822033,17.71
254,1.32556836162258,6.74457514564344e-09,-0.007377886,2.30512076209879,2.28667102757016,2.29985359696278,2.29294133871663,17.78
255,1.33104749948269,1.18784511094992e-08,-0.007336504,2.30501794125074,2.28641910555442,2.29901875464899,2.2931011348948,17.85
256,1.33652675328032,1.72920419103975e-08,-0.0073040375,2.30484120262805,2.28622373003699,2.29816962469323,2.29326336928038,17.92
257,1.34200620094599,2.30068563732527e-08,-0.007281209,2.30459733401713,2.2861125438093,2.29731220196703,2.2934271802698,17.99
258,1.34748598925975,2.9043742390711e-08,-0.007268734,2.30428290320125,2.28610875971256,2.29645267818927,2.29359094669366,18.06
259,1.35296625205946,3.54226689928197e-08,-0.0072673615,2.30389106375794,2.28622944972769,2.29559734752714,2.2937518369544,18.13
260,1.3584471554732,4.21624961477391e-08,-0.007277782,2.30341880819685,2.28648135278891,2.29475276635061,2.29390605687699,18.2
261,1.36392881609631,4.92807315339599e-08,-0.0073005576,2.30286463272719,2.28686290273389,2.29392635745506,2.29405017749027,18.27
262,1.36941134618147,5.67932735668099e-08,-0.007336149,2.30222823767279,2.28736282130601,2.29312669627611,2.29418170083785,18.34
263,1.37489477176277,6.47141400135914e-08,-0.0073848837,2.30150915118687,2.28796353368465,2.29236297066388,2.29429905450143,18.41
264,1.38037907778438,7.30551815932508e-08,-0.0074469163,2.300702370731,2.28864222935923,2.2916444396339,2.29440139604269,18.48
265,1.38586412615819,8.18257800280611e-08,-0.0075222077,2.29980410717871,2.28937115697287,2.29098039889623,2.29448873557323,18.55
266,1.39134970082576,9.10325300976686e-08,-0.0076105692,2.29881118040166,2.29011925011429,2.29037944595822,2.29456167778007,18.62
267,1.39683542575551,1.00678905339957e-07,-0.007711624,2.29772060889405,2.29085444992007,2.2898490607476,2.29462110100059,18.69
268,1.40232087347626,1.10764907149503e-07,-0.007824802,2.29653453855903,2.29154628102691,2.28939543791236,2.29466802740004,18.76
269,1.40780567360555,1.21286697143498e-07,-0.00794938,2.29526104648017,2.29216741170887,2.28902299884686,2.29470336662628,18.83
270,1.41328943083245,1.32236212797383e-07,-0.00808443,2.29391812422076,2.29269616842525,2.28873415487774,2.29472778697852,18.9
271,1.41877176996238,1.43600766498944e-07,-0.008228839,2.29253690216968,2.29312064099001,2.288528749776,2.29474145998221,18.97
272,1.42425225396441,1.55362628330738e-07,-0.008381337,2.29115750830167,2.29343662990332,2.28840368965503,2.29474393242025,19.04
273,1.4297304926286,1.6749859306689e-07,-0.008540496,2.28981984685867,2.29364337446036,2.28835288729998,2.29473393525915,19.11
274,1.43520625129377,1.79979532062888e-07,-0.008704858,2.28855850566656,2.29374455700974,2.28836745752814,2.294709637637,19.18
275,1.4406793691042,1.92769930925507e-07,-0.008872959,2.28740198115453,2.29374791393979,2.28843667195933,2.29466902836718,19.25
276,1.44614980439753,2.0582741407593e-07,-0.009043375,2.28636961383773,2.2936638978843,2.28854910186203,2.2946103615068,19.32
277,1.45161755315545,2.19102257562614e-07,-0.009214756,2.28547493523384,2.29350383549118,2.2886936318845,2.29453272958211,19.39
278,1.45708269459343,2.32536891741927e-07,-0.009385871,2.28472405564036,2.29327758036726,2.28886002750715,2.29443625638564,19.46
279,1.46254530981526,2.46065395724786e-07,-0.009555595,2.28411862004473,2.29298812004179,2.28903943774757,2.29432235400821,19.53
280,1.46800552760402,2.59612985786544e-07,-0.009722874,2.28365208913825,2.29263221975549,2.28922426183811,2.2941937900251,19.6
281,1.47346344327194,2.7309550025568e-07,-0.009886834,2.28330728520915,2.292201322772,2.28940814243672,2.29405462830094,19.67
282,1.47891916463893,2.86418883734675e-07,-0.01004674,2.28306117392066,2.29168620084783,2.28958614917896,2.293909916271,19.74
283,1.48437273106166,2.99478673863837e-07,-0.010202057,2.28288748185738,2.29108008312038,2.28975458114593,2.29376524558315,19.81
284,1.48982415958384,3.12159494215878e-07,-0.010352412,2.28276362959028,2.29038007319018,2.28991089658517,2.29362624942926,19.88
285,1.49527336413161,3.24334557305651e-07,-0.010497603,2.28267289806939,2.28959053872063,2.29005370650772,2.29349867154157,19.95
286,1.50072026534671,3.35865182115331e-07,-0.010637591,2.28260335363525,2.28872237586616,2.29018270522104,2.29338811737938,20.02
287,1.50616490050436,3.46600330970125e-07,-0.010772475,2.28254753396006,2.28778929170049,2.29029841081425,2.29329980488153,20.09
288,1.51160734296257,3.56376171052717e-07,-0.010902497,2.28250175204179,2.28680783721618,2.29040216023853,2.29323875920213,20.16
289,1.51704774873464,3.65015666315517e-07,-0.01102804,2.28246412928082,2.28580011055819,2.29049629544456,2.29320981604438,20.23
290,1.52248627610773,3.72328206036872e-07,-0.011149585,2.2824365027923,2.28479112651003,2.29058396885803,2.29321736988224,20.3
291,1.52792313237598,3.78109276771155e-07,-0.0112677,2.28242302942087,2.28380764788862,2.29066907625355,2.29326531151709,20.37
292,1.5333584936079,3.82140184958773e-07,-0.011383064,2.28243228287825,2.28287638179076,2.29075625338852,2.29335709128363,20.44
293,1.53879255151473,3.84187837992276e-07,-0.011496363,2.28247807994303,2.28202230190494,2.29085093624872,2.29349609831199,20.51
294,1.54422543333858,3.84004592074479e-07,-0.011608375,2.28257109557577,2.28127217736282,2.2909596117654,2.29368616515649,20.58
295,1.54965724882771,3.81328175753189e-07,-0.011720025,2.28271015906882,2.28065632011915,2.29108975064711,2.29393111784398,20.65
296,1.55508801021973,3.7588169857076e-07,-0.011832342,2.28288339384211,2.28020448464359,2.29124916800529,2.29423324416144,20.72
297,1.56051774282154,3.67373754824126e-07,-0.011946443,2.28307824814472,2.27994347749899,2.29144538315974,2.29459226800968,20.79
298,1.56594659562947,3.55498632986976e-07,-0.012063418,2.28328809445829,2.27989075902078,2.2916856770338,2.29500571900191,20.86
299,1.57137476143221,3.39936641898844e-07,-0.012184334,2.28351120581674,2.28005648574582,2.29197791037083,2.29547037972252,20.93
300,1.57680252398401,3.20354565369905e-07,-0.01231017,2.28374757189386,2.28044116217196,2.2923310226746,2.29598328628673,21.0
301,1.58223017816653,2.96406257382142e-07,-0.012441768,2.28399698494475,2.28103804814244,2.29275521157072,2.29654253639142,21.07
302,1.58765807720297,2.67733390582768e-07,-0.012579824,2.28425528320641,2.281835557932,2.29326153817323,2.2971472697798,21.14
303,1.59308655283893,2.33966371256638e-07,-0.012724931,2.2845172632706,2.28281450627619,2.29386191084806,2.29779777397026,21.21
304,1.59851596255107,1.94725434429064e-07,-0.01287747,2.28477749601361,2.28395093643256,2.29456855769255,2.29849520713339,21.28
305,1.60394660969674,1.49621933176527e-07,-0.013037674,2.28503393720193,2.28521957654253,2.29539355894731,2.29924125570061,21.35
306,1.60937879066516,9.82598366111114e-08,-0.013205565,2.28529534925418,2.28659881444428,2.2963483753587,2.30003798073645,21.42
307,1.6148127149447,4.02374513402572e-08,-0.013380963,2.28558211715289,2.28807299964594,2.2974431179607,2.30088747190015,21.49
308,1.6202486156876,-2.48506185149186e-08,-0.013563418,2.28592585724122,2.28963359771254,2.29868581291779,2.30179143595719,21.56
309,1.62568686020825,-9.74112574469574e-08,-0.013752274,2.28637023183386,2.29128148432255,2.30008191512254,2.30275084680079,21.63
310,1.63112786984963,-1.77850355399363e-07,-0.013946612,2.28696452046897,2.29302135967514,2.30163387968932,2.30376584747617,21.7
311,1.6365721667972,-2.6657003982124e-07,-0.014145345,2.28775451951141,2.29485552436119,2.30334079113914,2.30483571361536,21.77
312,1.64202029374968,-3.63965607490195e-07,-0.01434719,2.28877877162028,2.29678673489196,2.3051984312954,2.3059588782776,21.84
313,1.64747286050147,-4.70422140795371e-07,-0.014550817,2.29006294576673,2.29881629174249,2.30720010351763,2.30713320877802,21.91
314,1.65293046334166,-5.86310793438305e-07,-0.014754887,2.29161687618363,2.30094701463164,2.30933757824363,2.30835640852583,21.98
315,1.65839373132093,-7.11984730898496e-07,-0.014958124,2.29344245317667,2.30318316515556,2.31160254120018,2.30962660746899,22.05
316,1.66386324528926,-8.47774711545313e-07,-0.015159259,2.29553426259404,2.30552782481557,2.31398727421661,2.31094256956272,22.12
317,1.66933958375514,-9.93984294963515e-07,-0.01535707,2.29788453424896,2.30797817292466,2.31648450543499,2.31230332677602,22.19
318,1.67482324146965,-1.15088466491753e-06,-0.015550388,2.30047982280349,2.31052393634183,2.31908750902707,2.31370851005618,22.26
319,1.68031467478807,-1.31870905541945e-06,-0.015738042,2.30329983846758,2.31314685152222,2.32179007358327,2.31515842450817,22.33
320,1.68581421971571,-1.49764676960038e-06,-0.01591889,2.30631912673718,2.31582558557425,2.32458640294876,2.31665399583964,22.4
321,1.69132213669522,-1.68783678253392e-06,-0.016091883,2.30950378515604,2.31854065439585,2.32747094974403,2.31819652454158,22.47
322,1.69683852804823,-1.88936092083831e-06,-0.016256029,2.31281941531449,2.32127438422721,2.33043805475485,2.31978686666,22.54
323,1.70236344565445,-2.10223661380388e-06,-0.016410382,2.31623570206745,2.32401265032579,2.33348177351638,2.32142518444745,22.61
324,1.70789699830812,-2.32640921297364e-06,-0.016554052,2.31972851051275,2.32674534453721,2.33659576327128,2.32311088575225,22.68
325,1.71343926819359,-2.5617438795612e-06,-0.016686166,2.32328039113115,2.32946436544556,2.3397731670105,2.32484262510268,22.75
326,1.71899035406907,-2.8080170418405e-06,-0.016805852,2.32687854122682,2.33216529279736,2.34300649483919,2.32661849354568,22.82
327,1.72455028708095,-3.06490742769956e-06,-0.016912272,2.33051428853141,2.33484683927507,2.34628750292993,2.32843601617893,22.89
328,1.73011907327966,-3.33198668093847e-06,-0.0170046,2.33418390690744,2.33751093812554,2.34960707034938,2.33029208448626,22.96
329,1.73569660876137,-3.60870957361129e-06,-0.017082034,2.33788644521699,2.34016295854354,2.3529550740733,2.33218288708965,23.03
330,1.74128278502871,-3.89440383080297e-06,-0.017143803,2.34162206303005,2.34281185817999,2.3563202625385,2.33410377551799,23.1
331,1.74687759401789,-4.18825958868173e-06,-0.017189212,2.34539233414535,2.34546893868031,2.35969012811813,2.33604900162058,23.17
332,1.75248104224047,-4.48931851151815e-06,-0.017217638,2.34919400643393,2.3481498407712,2.36305071543156,2.33801164439634,23.24
333,1.75809319163296,-4.79646259860301e-06,-0.01722864,2.35301110891144,2.35087279141553,2.36638611189259,2.33998251960682,23.31
334,1.76371407303985,-5.10840271765809e-06,-0.017221924,2.35681671250908,2.35365195911701,2.3696776845496,2.34194851707306,23.38
335,1.76934372640223,-5.42366690742261e-06,-0.017197294,2.36058015291886,2.35649417412958,2.37290357197715,2.34389176342436,23.45
336,1.77498211357654,-5.7405884986182e-06,-0.017154573,2.36427260241921,2.35939374101541,2.37603862248785,2.34578999191516,23.52
337,1.78062915785655,-6.05729410946284e-06,-0.017093595,2.36786571977741,2.36233582387959,2.37905484301669,2.34761792943309,23.59
338,1.78628465612566,-6.37169157934823e-06,-0.017014142,2.37132935007648,2.36529722521787,2.38192172444809,2.34934811357511,23.66
339,1.79194831771717,-6.68145791211424e-06,-0.016916027,2.37462992704326,2.36824544819729,2.38460650796942,2.35095133130543,23.73
340,1.79761967591579,-6.98402730877129e-06,-0.016798994,2.37772881681429,2.37114048955583,2.38707439361157,2.35239712486851,23.8
341,1.8032981261863,-7.2765793782587e-06,-0.016662754,2.3805846696148,2.37393428286681,2.38928843814992,2.35365392143761,23.87
342,1.80898283707261,-7.55602762410379e-06,-0.016506983,2.38315266673402,2.37657325628876,2.39120920721106,2.35468923228863,23.94
343,1.81467285138362,-7.81900831454154e-06,-0.01633135,2.38538752437758,2.37899828994964,2.39279456410653,2.35546960510859,24.01
344,1.82036718714125,-8.06186985379898e-06,-0.01613547,2.38725006553031,2.38114772815554,2.39399921578675,2.35596026715864,24.08
345,1.82606474777091,-8.28066278280202e-06,-0.015918916,2.38870796077299,2.38296097143567,2.39477395400523,2.35612477816147,24.15
346,1.83176435916511,-8.47113054853896e-06,-0.01568124,2.38973565750415,2.38438042760242,2.39506491101688,2.35592488479608,24.22
347,1.83746467958755,-8.62870119265537e-06,-0.015421983,2.39031476916998,2.38535334856797,2.39481314928289,2.35532026059697,24.29
348,1.84316430005578,-8.74848012155877e-06,-0.015140744,2.39043136843672,2.38582904528601,2.39395452371939,2.35426838679142,24.36
349,1.84886184469713,-8.82524413231093e-06,-0.014837124,2.39006853354183,2.38575453173536,2.39241937410717,2.35272432153836,24.43
350,1.85455588057564,-8.85343688090398e-06,-0.014510824,2.38920246932813,2.38507584101608,2.3901323677018,2.35064074030197,24.5
351,1.8602449546355,-8.82716599198691e-06,-0.014161566,2.38780315640823,2.38374209371723,2.38701312988508,2.34796831259085,24.57
352,1.86592750374124,-8.74020202183638e-06,-0.013789216,2.38582962047287,2.38170349151316,2.38297715757663,2.34465616279015,24.64
353,1.87160189194485,-8.58597949913823e-06,-0.013393642,2.38323233606585,2.37890711256958,2.37793689142605,2.3406523534449,24.71
354,1.87726632096489,-8.35760028098331e-06,-0.012974688,2.37995292100104,2.37529444883245,2.37180231481406,2.33590432941231,24.78
355,1.88291886801482,-8.04783947427707e-06,-0.012531993,2.37592334645943,2.37080017908378,2.36448127355149,2.33035913430371,24.85
356,1.88855739697449,-7.64915418541353e-06,-0.01206493,2.37106606240338,2.36535243407623,2.35587996433425,2.32396359177336,24.92
357,1.89417959705299,-7.15369537352154e-06,-0.011572477,2.36529351645553,2.35887620771568,2.34590321435216,2.31666432663427,24.99
358,1.89978289494972,-6.5533230946539e-06,-0.011053024,2.35851431031222,2.35129216774989,2.33445455562483,2.30840731023471,25.06
359,1.90536449467656,-5.83962543597661e-06,-0.010504249,2.35063799365552,2.34252103179222,2.32143654232096,2.29913820250305,25.13
360,1.91092129106472,-5.00394145006067e-06,-0.009923018,2.34157729216486,2.33248735037998,2.30675118769837,2.28880273049548,25.2
361,1.91644997465611,-4.03738840970393e-06,-0.009305392,2.33124783657987,2.32111920654624,2.29030046085738,2.27734704199676,25.27
362,1.92194713754127,-2.93089371319258e-06,-0.008646792,2.31956393521644,2.30834897978242,2.27198684703863,2.26471803624008,25.34
363,1.92740918971377,-1.67523177834408e-06,-0.007942258,2.30643560169649,2.29411308101682,2.25171391167947,2.25086335620369,25.41
364,1.93283240366408,-2.61066270851391e-07,-0.0071868966,2.29177433636162,2.27834996248369,2.22938674490462,2.23573104450825,25.48
365,1.93821283327547,1.3210019817475e-06,-0.0063764825,2.27549572328172,2.26100390010464,2.20491260771601,2.21926981769002,25.55
366,1.94354636123838,3.08038103494506e-06,-0.005508335,2.25752272084459,2.2420247053333,2.17820152942098,2.20142938916161,25.62
367,1.94882862105948,5.026427473137e-06,-0.004582114,2.23778850578939,2.22136438488503,2.14916730445866,2.18216122392425,25.69
368,1.95405511141531,7.16837929828911e-06,-0.0036008176,2.21623252175036,2.19898091324893,2.1177290190848,2.16141998101667,25.76
369,1.95922131246071,9.51528170526469e-06,-0.0025716107,2.19279519747519,2.17484029071294,2.08381222193063,2.13916431165302,25.83
370,1.96432261370717,1.20759053922135e-05,-0.0015064206,2.16741222631839,2.14891517349068,2.04734974151282,2.115357014772,25.9
371,1.96935437123653,1.48586570617986e-05,-0.00042214923,2.14000866339078,2.12118287206911,2.00828221704458,2.08996486916514,25.97
372,1.9743118403513,1.7871481779593e-05,0.0006596721,2.11050649933473,2.09162151198039,1.9665585991792,2.06295782601048,26.04
373,1.97919023791293,2.11217568698441e-05,0.0017138659,2.07883205705165,2.0602065175162,1.92213744868546,2.0343094051195,26.11
374,1.98398468047466,2.46161770465172e-05,0.0027133848,2.04492467523406,2.0269104681298,1.87498871739989,2.00399823252195,26.18
375,1.98869025246538,2.83606304991935e-05,0.0036314514,2.00874013904701,1.99170613790754,1.82509633061621,1.97201072038777,26.25
376,1.99330195053639,3.23600656794114e-05,0.004444322,1.97024657358316,1.95457373543205,1.77246068278168,1.93834361971319,26.32
377,1.9978147583327,3.66183485639608e-05,0.005133984,1.92942328235716,1.9155030078063,1.71710066598611,1.90300574756922,26.39
378,2.00222359780497,4.11381102074086e-05,0.005690548,1.88626170632163,1.87449236920918,1.65905573936324,1.86601939717328,26.46
379,2.00652341132768,4.59205844376412e-05,0.006113935,1.8407658999275,1.83155153326749,1.59838829274574,1.8274219385871,26.53
380,2.01070912074262,5.0965435594489e-05,0.006414235,1.79295963862671,1.78670301243722,1.53518598546298,1.7872674186261,26.6
381,2.01477578111297,5.62705762668179e-05,0.006610626,1.74288904187606,1.73998381790161,1.46956431196193,1.7456286031745,26.67
382,2.01871873882532,6.18319750408053e-05,0.0067291227,1.69062528405334,1.69144691448919,1.40166888274667,1.70259882464934,26.74
383,2.0225336036713,6.76434543407344e-05,0.006799493,1.63626936058454,1.64116916215396,1.33167709862761,1.65829331423486,26.81
384,2.02621635267905,7.36964785171343e-05,0.006852013,1.5799526817249,1.58925513435659,1.25980022901683,1.61285052347084,26.88
385,2.02976331178708,7.99799324190715e-05,0.0069145784,1.52183755532588,1.53583566705978,1.18628563342117,1.56643368486829,26.95
386,2.03317126958798,8.64798907772821e-05,0.0070105493,1.4621176806139,1.48106894713913,1.11141886399317,1.51923222515524,27.02
387,2.03643746920737,9.31793788232029e-05,0.007157325,1.40101769401426,1.42514483392038,1.03552602081059,1.47146321547829,27.09
388,2.03955979603291,0.0001000581246761,0.007365715,1.33878909186324,1.36828967649022,0.958976412505291,1.42337316892387,27.16
389,2.0425369708418,0.0001070923041472,0.0076407576,1.27571027073231,1.31077085729234,0.882186017944678,1.37524017707502,27.23
390,2.04536855785065,0.0001142542787337,0.007983954,1.21208394281652,1.25289501909421,0.8056035685727,1.32736437119532,27.3
391,2.04805510532887,0.0001215123277149,0.008394492,1.14824163412682,1.19500212477504,0.72964372879345,1.28002306861318,27.37
392,2.05059810119875,0.0001288303754018,0.008869917,1.0845413433654,1.13745794254549,0.654672480868471,1.23346097167158,27.44
393,2.05299987063872,0.0001361677147549,0.009406763,1.02133192516044,1.08063649572773,0.581009763431889,1.18789222447764,27.51
394,2.05526347915217,0.0001434787287431,0.010000909,0.958927757946568,1.02490224511899,0.508932263177258,1.14350224959396,27.58
395,2.05739264101391,0.0001507126109998,0.010647631,0.897605624837966,0.970585447390363,0.438676220468085,1.10044948353661,27.65
396,2.05939163297789,0.0001578130875146,0.011341478,0.837607407755027,0.917977480601561,0.370440174790829,1.05886706751985,27.72
397,2.06126521310538,0.0001647181412992,0.012075912,0.779143947387111,0.867332721868355,0.304387641029807,1.01886448739939,27.79
398,2.06301854455085,0.0001713597421745,0.012842913,0.722395613451934,0.818870550694712,0.240649708979934,0.980529157728874,27.86
399,2.06465712412506,0.0001776635840438,0.013632576,0.667513261286934,0.772777277707376,0.179327559849591,0.943927945747453,27.93
400,2.06618671543864,0.0001835488322451,0.014432999,0.614620203077655,0.72920799041961,0.120494894741262,0.909108631957086,28.0
401,2.06761328641745,0.0001889278838189,0.015230286,0.563814298701928,0.68828830891207,0.0642002712387773,0.876101304731932,28.07
402,2.06894295097022,0.0001937061437712,0.016008936,0.515169970921409,0.650116236064344,0.0104693452770711,0.844919687129857,28.14
403,2.07018191458156,0.0001977818206724,0.016752426,0.468740141178287,0.614764288093527,-0.0406929835702089,0.815562394751307,28.21
404,2.07133642359745,0.0002010457451991,0.017443888,0.424558083148621,0.582280377207129,-0.0893005243764919,0.788014124114102,28.28
405,2.07241271796741,0.0002033812154993,0.018066969,0.382639192023391,0.552688968045298,-0.135383844921373,0.762246771589693,28.35
406,2.07341698720513,0.0002046638735417,0.01860648,0.342982668237982,0.525992315523269,-0.17898841900895,0.738220483476972,28.42
407,2.07435532933045,0.000204761616898,0.019048981,0.305573115052894,0.502171592578695,-0.220172869892483,0.715884638277809,28.49
408,2.07523371255679,0.0002035345506988,0.019383218,0.270382050005484,0.481187907729976,-0.259007308083382,0.695178762687036,28.56
409,2.07605793949199,0.0002008349847968,0.019600272,0.23736933081069,0.462983213157732,-0.295571761320643,0.676033383220455,28.63
410,2.07683361362526,0.0001965074814704,0.019693518,0.206484496786597,0.447481104785068,-0.329954694038931,0.658370815780125,28.7
411,2.07756610787942,0.0001903889592934,0.019658424,0.177668027326284,0.434587516563957,-0.362251613294627,0.642105895799472,28.77
412,2.07826053501495,0.0001823088590978,0.019492248,0.150852519331369,0.424191311875337,-0.392563757787539,0.627146651924278,28.84
413,2.07892171968136,0.0001720893782403,0.019193528,0.125963785867664,0.416164775624065,-0.420996866346305,0.613394926471085,28.91
414,2.07955417192112,0.0001595457796735,0.01876169,0.102921878605302,0.410364011260869,-0.447660022027262,0.60074694616401,28.98
415,2.08016206194256,0.0001444867825952,0.018196428,0.0816420368637501,0.406629247596809,-0.472664567804194,0.589093846887495,29.05
416,2.08074919598995,0.0001267150417134,0.01749723,0.0620355663029775,0.404785060891532,-0.496123089698675,0.578322156406369,29.12
417,2.08131899315189,0.0001060277224155,0.01666288,0.0440106504852294,0.404640518303556,-0.518148463113818,0.568314239199141,29.19
418,2.0818744629633,8.22171793572088e-05,0.01569092,0.027473098682538,0.405989249387101,-0.538852958087064,0.558948707726343,29.26
419,2.08241818367072,5.50717461977122e-05,0.014577252,0.0123270334247478,0.408609452911684,-0.558347399165479,0.550100804614405,29.33
420,2.08295228104634,2.43766443912135e-05,0.0133157,-0.0015244786272021,0.412264037424704,-0.576740375630614,0.54164276037887,29.4
421,2.08347840765267,-1.00849809067053e-05,0.011897624,-0.0141788488321131,0.416701094565253,-0.59413749785391,0.533444131439363,29.47
422,2.08399772247706,-4.85308896367598e-05,0.010311551,-0.0257334380533032,0.421653380272892,-0.610640695649208,0.525372123293714,29.54
423,2.08451093439154,-9.11784320824521e-05,0.0085429475,-0.036285073768046,0.426842403124667,-0.626347554601493,0.517291903820213,29.61
424,2.08501853643073,-0.0001382430822731,0.0065740785,-0.0459296090942844,0.431999198478007,-0.641350750010439,0.509066975285792,29.68
425,2.08552084974819,-0.0001899368112696,0.004384076,-0.0547615200473056,0.436898178345706,-0.655737765288505,0.500559800751787,29.75
426,2.08601800426905,-0.0002464662921324,0.0019490843,-0.0628735373755796,0.441388568519822,-0.669590764246391,0.491632563038323,29.82
427,2.08650998306401,-0.000308030928503,-0.0007574628,-0.0703563093778861,0.445402353194159,-0.682986740969753,0.482148188521309,29.89
428,2.08699685747641,-0.0003748206989358,-0.003764496,-0.0772980921694912,0.448948578151445,-0.695997753599145,0.471971450452249,29.96
429,2.08747883189046,-0.0004470138093953,-0.0071028983,-0.0837844639448523,0.452097572180539,-0.708691175559031,0.460970093499508,30.03
430,2.08795622517455,-0.0005247741466913,-0.010805021,-0.0898980598749101,0.454959596293916,-0.721129897969357,0.44901592113883,30.1
431,2.08842945231072,-0.0006082485260788,-0.014904171,-0.0957183243794267,0.457666874311969,-0.733372290115295,0.435985660371177,30.17
432,2.08889900619798,-0.0006975637267919,-0.01943428,-0.101321277626405,0.460350362207468,-0.745472042615569,0.421761735685167,30.24
433,2.08936543961401,-0.0007928233099377,-0.024428984,-0.106779293232486,0.463125860577868,-0.757477764028755,0.40623282992011,30.31
434,2.08982934731639,-0.0008941042139366,-0.029921016,-0.112160884268466,0.466091624972379,-0.769432519409529,0.389294427062694,30.38
435,2.09029134826256,-0.0010014531235853,-0.03594103,-0.117530494813067,0.469328259490546,-0.781373372483726,0.370849404734627,30.45
436,2.09075206792582,-0.0011148826098324,-0.042516578,-0.122948294445191,0.472898603241676,-0.793330929803919,0.350808680350945,30.52
437,2.09121212068402,-0.0012343670385122,-0.049670774,-0.1284699732199,0.476847606593961,-0.805328885475823,0.329091914646179,30.59
438,2.09167209225707,-0.0013598382475839,-0.05742082,-0.134146534836323,0.481202194819189,-0.817383565292005,0.305628275958882,30.66
439,2.09213252217017,-0.0014911809938804,-0.06577645,-0.140024085876364,0.485971117420812,-0.829503469372756,0.280357268331619,30.73
440,2.09259388622029,-0.0016282281719926,-0.07473858,-0.146143619171788,0.491144782120179,-0.841688812694865,0.253229626120616,30.8
441,2.09305657892568,-0.0017707558097134,-0.08429768,-0.152540789543824,0.496695073168522,-0.853931063187238,0.224208277414793,30.87
442,2.09352089594027,-0.0019184778464395,-0.09443288,-0.159245680354477,0.502575154351435,-0.866212477388117,0.193269378135935,30.94
443,2.09398701641805,-0.0020710407031026,-0.105111085,-0.166282750067742,0.508719257758627,-0.878505633992026,0.160403418225822,31.01
444,2.0944549853163,-0.0022280176545637,-0.116286665,-0.173671148230069,0.515042460105214,-0.890772965965591,0.125616400822549,31.08
445,2.09492469563093,-0.0023889030179838,-0.12790215,-0.181423875491525,0.521440449112554,-0.902966292280311,0.0889310947806329,31.15
446,2.09539587056236,-0.0025531061734698,-0.13988951,-0.189547311387566,0.527789283186547,-0.915026350696947,0.0503883602984276,31.22
447,2.09586804561606,-0.0027199454363061,-0.15217231,-0.198040918833491,0.533945338925968,-0.926882333440731,0.0100485467761219,31.29
448,2.09634055064855,-0.0028886418033199,-0.1646688,-0.206896934534676,0.539745641740309,-0.938451428028895,-0.0320070386609896,31.36
449,2.09681249187651,-0.0030583125993996,-0.1772956,-0.216100045335079,0.545007060604159,-0.949638365952016,-0.0756745942839337,31.43
450,2.09728273387476,-0.0032279650538954,-0.18997185,-0.225627050801894,0.549525897608905,-0.96033498236807,-0.12082622163427,31.5
451,2.09774988159729,-0.003396489840583,-0.2026232,-0.235446512632145,0.553077688738074,-0.970419790442923,-0.167308262117381,31.57
452,2.09821226246466,-0.0035626546190656,-0.21518533,-0.245518391767613,0.555417414186262,-0.97975757446196,-0.214939577199846,31.64
453,2.0986679085711,-0.0037250976199354,-0.2276066,-0.25579367441856,0.556287240849086,-0.988199006345779,-0.263509778077821,31.71
454,2.09911460259371,-0.0038823213206988,-0.2398493,-0.266213988524556,0.555450734791382,-0.995580290725363,-0.312777411730985,31.78
455,2.0995501145154,-0.0040327497829235,-0.25188982,-0.276711212522792,0.552738499413832,-1.00172290778867,-0.362468111391921,31.85
456,2.0999722481336,-0.0041749767443533,-0.26371777,-0.287207078651061,0.548078189149593,-1.00643377773521,-0.41227303823726,31.92
457,2.10037888799486,-0.004307823413362,-0.27533448,-0.297612963939555,0.541499123105258,-1.00950674290051,-0.461850229025922,31.99
458,2.10076823739439,-0.0044303330560146,-0.2867512,-0.307830062431356,0.533117662669057,-1.01072855082531,-0.510835530890933,32.06
459,2.10113886640851,-0.0045417659392096,-0.29798603,-0.317748417563506,0.523108370026213,-1.00989156923695,-0.558865041803237,32.13
460,2.10148969706517,-0.0046415946663994,-0.30905962,-0.327246342924906,0.511681269254378,-1.00680720672949,-0.605595668035853,32.2
461,2.10181998922572,-0.0047294999341084,-0.31999063,-0.336190045029725,0.499050594232766,-1.00131648993413,-0.650718095699964,32.27
462,2.10212932721907,-0.0048053667293792,-0.3307912,-0.344433452746289,0.485414642780854,-0.993294628373713,-0.69396085545734,32.34
463,2.10241760725654,-0.0048692809803336,-0.34146288,-0.351818449037251,0.470952699730791,-0.982651859697871,-0.735089430319411,32.41
464,2.10268502564326,-0.0049215266642608,-0.35199523,-0.358174494279666,0.455825555469997,-0.969333755975172,-0.77390460910731,32.48
465,2.10293206779032,-0.004962583369969,-0.36236808,-0.363321077194447,0.440176056080433,-0.95332175668365,-0.810241047298643,32.55
466,2.10315949802001,-0.0049931243035986,-0.37255853,-0.367073317460597,0.424129678943597,-0.934634375100309,-0.84396655101026,32.62
467,2.10336835014596,-0.0050140147196302,-0.38255024,-0.369253839266072,0.407795128363319,-0.913329142307191,-0.874982408016012,32.69
468,2.10355991879892,-0.0050263107514386,-0.39233816,-0.369715623136073,0.391264946420546,-0.889506240874924,-0.903225850649866,32.76
469,2.10373568794047,-0.0050312586084282,-0.40192512,-0.368367966357369,0.374616134913397,-0.863314651747967,-0.928675607118777,32.83
470,2.10389706947858,-0.0050302305809824,-0.4113119,-0.365190757622047,0.357910784851656,-0.834956935845113,-0.95135844747113,32.9
471,2.1040453330414,-0.0050244707691057,-0.4204869,-0.360239482960353,0.341196710567097,-0.804683752074532,-0.971352278693285,32.97
472,2.10418159981875,-0.0050150315951815,-0.42941996,-0.353643059808607,0.324508086069215,-0.772782550374654,-0.988777530487192,33.04
473,2.10430683690454,-0.0050027740168001,-0.43806008,-0.345588526370296,0.307866081820106,-0.739560874929255,-1.00378260900002,33.11
474,2.10442185209729,-0.0049883678810277,-0.44633454,-0.336300203676992,0.291279500622016,-0.705328141337552,-1.01653008345219,33.18
475,2.10452728912212,-0.0049722923873013,-0.4541511,-0.326016689834346,0.274745411806699,-0.670381783356361,-1.02718709361499,33.25
476,2.10462362324331,-0.0049548366334186,-0.46140882,-0.314969933791204,0.258249783387077,-0.635000742880615,-1.03592073422488,33.32
477,2.10471115724291,-0.0049361002263573,-0.4680225,-0.303379845597234,0.241768112278857,-0.599445021497614,-1.04289675851237,33.39
478,2.10479001774746,-0.0049159939468999,-0.47395357,-0.291454334899115,0.225266053122904,-0.5639569002092,-1.04827918078186,33.46
479,2.10486015189118,-0.0048942404642659,-0.4792276,-0.279389751331096,0.208700046638194,-0.528762292960917,-1.05223000950581,33.53
480,2.10492132431079,-0.0048703751041462,-0.48392352,-0.267371337762244,0.192017948810305,-0.494072097698749,-1.05490904116565,33.6
481,2.10497311447415,-0.0048437466807038,-0.48814446,-0.255573688914515,0.175159662571547,-0.46008353633511,-1.05647370866631,33.67
482,2.10501491435158,-0.0048135184102457,-0.4919888,-0.244161208288831,0.158057773955969,-0.426981475578028,-1.05707897823525,33.74
483,2.10504592644595,-0.0047786689313762,-0.49553332,-0.233288556742327,0.140638195015579,-0.394939721098734,-1.05687728880701,33.81
484,2.10506516220468,-0.0047379934635185,-0.4988273,-0.223101086448287,0.122820816062926,-0.364122277983951,-1.05601852798743,33.88
485,2.10507144084413,-0.0046901051427185,-0.50189364,-0.213735254341717,0.104520170059453,-0.334684570841079,-1.05465003878817,33.95
486,2.10506338862401,-0.0046334365806421,-0.5047329,-0.205319009508385,0.0856461121984869,-0.306774617297914,-1.05291665141917,34.02
487,2.1050394386168,-0.0045662416996075,-0.5073282,-0.197972149314421,0.0661043273801781,-0.280534148966227,-1.05096073452333,34.09
488,2.1049978310246,-0.0044865979033783,-0.5096504,-0.191806639397835,0.0457964784552713,-0.256099737739377,-1.04892226033352,34.16
489,2.10493661410308,-0.0043924086502467,-0.5116628,-0.186926892954228,0.0246215232755373,-0.233604049052244,-1.04693887832569,34.23
490,2.10485364575953,-0.004281406501665,-0.5133256,-0.183430005048095,0.0024766798457877,-0.213176835779622,-1.04514599203303,34.3
491,2.1047465958996,-0.0041511567263036,-0.51459956,-0.181405937968611,-0.0207417660221988,-0.194945794747823,-1.04367683377481,34.37
492,2.10461294960405,-0.0039990615459332,-0.515449,-0.180937653928555,-0.0451378066418355,-0.179037344427342,-1.04266253213903,34.44
493,2.10445001122451,-0.0038223651158859,-0.5158435,-0.182101382232276,-0.0708153985771446,-0.165577382453601,-1.04223223065921,34.51
494,2.10425490949407,-0.0036181593390809,-0.51575947,-0.184968986823542,-0.0978780403702748,-0.154692081671532,-1.04251331620587,34.58
495,2.10402460375524,-0.0033833906185898,-0.51518023,-0.189614463885446,-0.126431032727076,-0.146508021197091,-1.04363111698403,34.65
496,2.10375589141478,-0.0031148676595431,-0.514096,-0.1961156106014,-0.156577778683051,-0.141151330093886,-1.04570812880243,34.72
497,2.10344541674132,-0.0028092704366969,-0.5125036,-0.204556515394451,-0.188417043278868,-0.13874558477194,-1.04886282836158,34.79
498,2.10308968112754,-0.0024631604492304,-0.51040566,-0.215034614256747,-0.222041613451385,-0.139408899944727,-1.05320800538087,34.86
499,2.10268505494496,-0.0020729923892362,-0.5078094,-0.22765687492001,-0.257537084014681,-0.143249382712653,-1.0588485455421,34.93
500,2.10222779112447,-0.0016351273548766,-0.5047255,-0.24252542276993,-0.294980575646402,-0.150361676596845,-1.06587961274205,35.0
501,2.10171404060087,-0.0011458477432343,-0.50116676,-0.259733692667686,-0.334439381626388,-0.16082617938763,-1.07438611592834,35.07
502,2.10113986976415,-0.000601373961448,-0.49714708,-0.27936586169957,-0.375969540395993,-0.174708771576705,-1.08444244059838,35.14
503,2.10050128006411,2.1169022879193e-06,-0.49268112,-0.301496192815988,-0.419614331383095,-0.192060417124377,-1.09611212413431,35.21
504,2.09979422991802,0.0006684703039415,-0.48778427,-0.326188286156023,-0.465402691966965,-0.212916634055167,-1.10944747214198,35.28
505,2.09901465907365,0.0014015312195116,-0.4824733,-0.353494235231942,-0.513347553942778,-0.237296832941818,-1.12448911337408,35.35
506,2.09815851558156,0.0022051187251309,-0.4767675,-0.383453685555042,-0.563444098394148,-0.265203521927788,-1.14126549124692,35.42
507,2.09722178553109,0.0030829980350467,-0.47069,-0.41609279372401,-0.615667928491905,-0.296621377555473,-1.15979229040629,35.49
508,2.0962005257045,0.0040388498520924,-0.46426937,-0.451423085470659,-0.669973160413985,-0.33151618130839,-1.1800717972614,35.56
509,2.09509089930181,0.0050762368873497,-0.4575407,-0.489440211674191,-0.726290433328835,-0.369833622459295,-1.20209219389351,35.63
510,2.0938892148865,0.0061985674089477,-0.45054623,-0.530122601911987,-0.78452484020314,-0.411497968535207,-1.22582678525641,35.7
511,2.09259196869808,0.0074090556844359,-0.44333503,-0.573430015721842,-0.844553782090773,-0.456410605478187,-1.25123316012406,35.77
512,2.09119589047188,0.0087106791871093,-0.43596104,-0.619301992406352,-0.906224749533661,-0.504448450397306,-1.27825228680861,35.84
513,2.08969799289928,0.0101061324440404,-0.42848057,-0.66765620092341,-0.969353035760813,-0.555462240680033,-1.30680754526994,35.91
514,2.0880956248528,0.0115977774126479,-0.42094812,-0.718386692176966,-1.03371957806798,-0.609274704164462,-1.33680369787355,35.98
515,2.0863865284895,0.0131875902834138,-0.41341138,-0.771362056857632,-1.09906912498667,-0.665678679591745,-1.36812580172276,36.05
516,2.08456890033329,0.0148771046190933,-0.40590566,-0.826423492881858,-1.16510721315833,-0.724435321143184,-1.40063806620218,36.12
517,2.08264145642201,0.0166673507554345,-0.39844918,-0.883382787450587,-1.23149799625353,-0.78527201385782,-1.43418266012009,36.19
518,2.08060343806886,0.0185587914053633,-0.3910416,-0.942020219792312,-1.29787335420917,-0.847880199601544,-1.46857853715081,36.26
519,2.07845443125018,0.0205513169462935,-0.38367003,-1.00208239177669,-1.36386961978459,-0.911915347139712,-1.5036213654149,36.33
520,2.07619438076073,0.0226444274099983,-0.37632316,-1.06327999478631,-1.42913718327002,-0.977005493443304,-1.53908761698602,36.4
521,2.07382367211503,0.0248372200669312,-0.36900637,-1.12528552251836,-1.49334223525691,-1.0427650028231,-1.57474225341921,36.47
522,2.07134321767797,0.0271283096612073,-0.3617462,-1.18773113131173,-1.55616529763521,-1.10881063612884,-1.61034880891893,36.54
523,2.06875454700939,0.029515744849629,-0.35458213,-1.25020894716171,-1.6173005572153,-1.17477594294145,-1.64567997448471,36.61
524,2.06605983786866,0.0319969844166301,-0.34755564,-1.31228482214295,-1.67645061508036,-1.24032176812449,-1.68052665938666,36.68
525,2.06326176078393,0.0345690603766844,-0.34070462,-1.37353857699408,-1.73332866835772,-1.30514117163397,-1.71470261672431,36.75
526,2.060363518215,0.0372285469488856,-0.33406383,-1.43359955856151,-1.78767207387702,-1.36895820281415,-1.74804400582301,36.82
527,2.05736888765226,0.039971526072545,-0.32766742,-1.4921530097422,-1.83926171493055,-1.4315235897737,-1.78040669338349,36.89
528,2.05428201445539,0.0427938036686873,-0.32155046,-1.54894330860334,-1.88793511250353,-1.49261224531266,-1.81166498372005,36.96
529,2.05110720836311,0.045691122721295,-0.3157488,-1.60376767328373,-1.93358376146382,-1.55202196373057,-1.84171121192166,37.03
530,2.04784893407295,0.0486591192627415,-0.3102973,-1.65647114060708,-1.97614505143896,-1.60957249136166,-1.87045582361805,37.1
531,2.04451167813418,0.0516932754999716,-0.30522773,-1.70693799876003,-2.01559055508586,-1.66510434336425,-1.89782705619413,37.17
532,2.04110000957726,0.0547890608036322,-0.3005667,-1.75508215721717,-2.05191583121324,-1.7184771195674,-1.92377028838638,37.24
533,2.03761864355286,0.0579419431388198,-0.29633424,-1.80083563264351,-2.08513358594229,-1.7695678971302,-1.94824737859276,37.31
534,2.03407231725026,0.0611475251841201,-0.29254308,-1.84415154190641,-2.1152823241554,-1.81827021352315,-1.97123618453785,37.38
535,2.03046579550899,0.0644014877182135,-0.28919837,-1.88500267625011,-2.14242717939707,-1.86449332692985,-1.99273064686059,37.45
536,2.02680375186893,0.0676995309975339,-0.28629744,-1.92338016824384,-2.16665571556926,-1.90816277442785,-2.0127398495053,37.52
537,2.0230907789521,0.0710375048455247,-0.2838309,-1.95929593662246,-2.18807092111398,-1.94922369232864,-2.03128332585653,37.59
538,2.019331273924,0.0744114100239457,-0.28178352,-1.99278052489839,-2.2067890781309,-1.98764029556852,-2.04838921622725,37.66
539,2.01552951645269,0.0778175251184559,-0.28013536,-2.02388370145177,-2.22293913603683,-2.02339405898449,-2.06409330689354,37.73
540,2.01168974844196,0.0812523414974955,-0.278863,-2.05266873678325,-2.23665901200675,-2.05648218981415,-2.07843825090573,37.8
541,2.00781606481956,0.0847124970422587,-0.27794057,-2.07920283329086,-2.24809052830476,-2.08691613806051,-2.09147258820604,37.87
542,2.00391243281195,0.0881948993374569,-0.27734074,-2.10355170855441,-2.25737545850335,-2.11471976372732,-2.10324949991478,37.94
543,1.99998258547542,0.0916966573391051,-0.2770357,-2.12577534422966,-2.26465077165607,-2.13992773216631,-2.11382561253584,38.01
544,1.99603010692561,0.0952150121931846,-0.2769978,-2.14593156751936,-2.27005113590173,-2.16258400960026,-2.12326004061757,38.08
545,1.9920585185671,0.0987474578713522,-0.27720007,-2.16407850680153,-2.273709529598,-2.1827403304734,-2.13161334812476,38.15
546,1.98807117563028,0.102291670616964,-0.27761656,-2.18027458530645,-2.27576141744071,-2.20045507959267,-2.13894661683072,38.22
547,1.98407129147465,0.105845437852923,-0.2782225,-2.19458481618246,-2.27634969165934,-2.2157918883921,-2.14532017479775,38.29
548,1.98006183545644,0.109406777195926,-0.27899444,-2.2070705300176,-2.27561080939115,-2.22881832421461,-2.15079261781109,38.36
549,1.97604562183123,0.112973864549548,-0.27991018,-2.21779587962708,-2.27367991439477,-2.23960511482446,-2.15542037554795,38.43
550,1.97202539902238,0.116544961907755,-0.28094885,-2.2268314925048,-2.27069105490682,-2.24822546095048,-2.15925731210253,38.5
551,1.96800374859187,0.120118535494351,-0.28209072,-2.23424821791616,-2.26677052341616,-2.25475487879862,-2.16235480334905,38.57
552,1.96398311140204,0.123693183192755,-0.28331718,-2.24011856060928,-2.26203773199256,-2.25927125215238,-2.16476197149655,38.64
553,1.95996568679554,0.127267561880558,-0.2846106,-2.24451798565772,-2.2566080922404,-2.26185490062737,-2.16652594783915,38.71
554,1.95595345877529,0.13084050527834,-0.28595424,-2.24752609166334,-2.25059465586346,-2.26258853407418,-2.16769216182798,38.78
555,1.95194809502636,0.13441095125205,-0.28733218,-2.24922726832446,-2.24410800328381,-2.26155747117985,-2.1683046546666,38.85
556,1.94795103629724,0.137977869169429,-0.2887292,-2.24970480107236,-2.2372524704515,-2.25884999207748,-2.16840641569669,38.92
557,1.94396358552112,0.141540377906967,-0.29013076,-2.24903750274561,-2.23012747521022,-2.2545576311546,-2.16803961285623,38.99
558,1.93998680606584,0.145097673434813,-0.29152292,-2.247301155816,-2.2228241573822,-2.24877515261961,-2.16724546149646,39.06
559,1.93602161017482,0.148648956569234,-0.29289228,-2.24456504382021,-2.21542431584189,-2.24160084052365,-2.16606442865483,39.13
560,1.93206884700219,0.152193551479281,-0.29422605,-2.24089455783456,-2.20799700225988,-2.23313665499437,-2.16453651713808,39.2
561,1.92812919965141,0.155730833866254,-0.29551202,-2.23634875959518,-2.20060197860643,-2.22348894963904,-2.16270200898229,39.27
562,1.92420327229655,0.159260159397737,-0.29673856,-2.23098052100919,-2.19328682390908,-2.21276898400401,-2.16060158694597,39.34
563,1.9202916768043,0.162780982975998,-0.29789466,-2.22484057169386,-2.18609159856079,-2.20109360814541,-2.15827691231492,39.41
564,1.91639492827746,0.166292787753459,-0.29897,-2.21797205009582,-2.17904245340973,-2.1885860515478,-2.15577114931666,39.48
565,1.91251346708986,0.169795014471992,-0.29995513,-2.21041804184696,-2.17216422640377,-2.17537668489561,-2.15312943455328,39.55
566,1.90864755331896,0.173287181701769,-0.3008412,-2.20221904644291,-2.16548299775018,-2.1616034959219,-2.15039916276776,39.62
567,1.90479735115242,0.176768815889083,-0.3016204,-2.19341663135894,-2.15902419225714,-2.1474124014,-2.14762970611043,39.69
568,1.90096301270281,0.180239381787506,-0.3022856,-2.18406219222173,-2.1528160097273,-2.13295796168375,-2.14487270843466,39.76
569,1.89714457066811,0.183698403846408,-0.302831,-2.17421766906383,-2.14688331907903,-2.11840411111964,-2.14218269866404,39.83
570,1.8933419574253,0.187145460983899,-0.30325222,-2.16396282595679,-2.14125291275211,-2.10392165899148,-2.13961713199972,39.9
571,1.88955489648182,0.190580308836401,-0.3035465,-2.15339981791249,-2.13596472134278,-2.08967442439508,-2.13723280800068,39.97
572,1.88578292036209,0.19400281190754,-0.3037123,-2.14264976994659,-2.13107431459769,-2.07581464214007,-2.13508361781435,40.04
573,1.88202526086551,0.19741287618166,-0.3037493,-2.13184117387717,-2.12665246741472,-2.06248223439051,-2.13321974544426,40.11
574,1.87828092930703,0.200810572763095,-0.3036579,-2.12110597794553,-2.12277505577219,-2.04980622724705,-2.13168825748748,40.18
575,1.87454879621348,0.204196071432902,-0.30343926,-2.11057021605387,-2.11950836143509,-2.03790506748474,-2.13053298331433,40.25
576,1.87082747995729,0.207569574676307,-0.30309507,-2.10035200239126,-2.11690553523246,-2.02688589804549,-2.12979387445301,40.32
577,1.86711542548255,0.210931442730378,-0.30262738,-2.09056059832413,-2.11499547843939,-2.01684361351654,-2.12950590503125,40.39
578,1.86341098261976,0.214282128532295,-0.30203873,-2.0813060748334,-2.11379113567888,-2.00785791299906,-2.12969636842615,40.46
579,1.85971229349288,0.217622113110469,-0.30133194,-2.07269892275441,-2.11329655467113,-1.99998968065784,-2.13038164862122,40.53
580,1.85601737019294,0.220952031957199,-0.30051014,-2.06484074996047,-2.11351461784728,-1.9932787235303,-2.13156518025091,40.6
581,1.8523242357519,0.224272611252633,-0.29957685,-2.05781755819002,-2.11444394877284,-1.98774527799262,-2.13323843875831,40.67
582,1.84863100145425,0.227584540953244,-0.29853576,-2.05169038716922,-2.11607426699386,-1.98339236150429,-2.13538248330656,40.74
583,1.84493575352445,0.230888411755006,-0.29739082,-2.04649297762664,-2.11837936564743,-1.98020934995622,-2.13797043387017,40.81
584,1.84123663037381,0.234184842942389,-0.29614624,-2.04223645088859,-2.12131781171711,-1.97817430326236,-2.14096929524937,40.88
585,1.83753189992377,0.237474419988759,-0.29480648,-2.03890588633185,-2.12483165159437,-1.97725548421452,-2.14434093846486,40.95
586,1.83381984652058,0.240757632440523,-0.29337627,-2.03647051962544,-2.1288578598296,-1.97741327827891,-2.14804344763596,41.02
587,1.83009884861902,0.244035002618659,-0.29186064,-2.03489028522788,-2.13333201672729,-1.97860226145761,-2.15203270674982,41.09
588,1.82636745674468,0.247307024007038,-0.29026493,-2.0341261994562,-2.13819768308963,-1.98077252845221,-2.15626346568671,41.16
589,1.82262428124047,0.25057409986359,-0.28859478,-2.03414239003215,-2.1434094059859,-1.98387091803773,-2.16069014125014,41.23
590,1.81886800744589,0.25383667259145,-0.2868562,-2.03491177857834,-2.14893380397557,-1.98784245513349,-2.16526786306934,41.3
591,1.81509728428787,0.257095162742771,-0.28505552,-2.03641550850651,-2.15474949573287,-1.99263093177291,-2.1699528768454,41.37
592,1.81131080392663,0.260349908194301,-0.2831995,-2.03863586525957,-2.16084072834525,-1.99817945480449,-2.17470281479675,41.44
593,1.80750738195188,0.26360129403463,-0.2812952,-2.04155291615224,-2.1671944244748,-2.00443108949987,-2.17947721608089,41.51
594,1.80368584762329,0.2668496920383,-0.27935016,-2.04514436235899,-2.173797917705,-2.01132966475131,-2.18423810824825,41.58
595,1.79984512531201,0.270095400268029,-0.27737224,-2.04939025529092,-2.18063667788216,-2.01882017035695,-2.18895039719223,41.65
596,1.7959843166319,0.273338773346843,-0.27536982,-2.05426733373745,-2.18769120120797,-2.02684843093931,-2.19358162241079,41.72
597,1.79210259274539,0.276580162276786,-0.27335164,-2.05974771886497,-2.19493300213801,-2.035360947855,-2.19810190465905,41.79
598,1.7881992144714,0.279819854346665,-0.2713269,-2.06579841093049,-2.20232771118842,-2.04430446653154,-2.2024836426009,41.86
599,1.78427342615275,0.283058203671359,-0.26930514,-2.07238476470175,-2.20984057934637,-2.0536259064582,-2.20670159478547,41.93
600,1.78032454090454,0.286295571239828,-0.2672962,-2.07946714667127,-2.217433973322,-2.06327246530541,-2.21073309392559,42.0
601,1.77635202671618,0.289532265014249,-0.26531023,-2.08700411429484,-2.2250696302045,-2.07319196271336,-2.21455833092063,42.07
602,1.77235540287705,0.292768670622453,-0.26335755,-2.0949534802262,-2.23270474775687,-2.08333304464907,-2.21816070948552,42.14
603,1.76833432785798,0.296005191520004,-0.2614486,-2.10326580052797,-2.24029099498076,-2.09364480568953,-2.22152670047213,42.21
604,1.76428868811071,0.299242125644617,-0.25959378,-2.11188216647104,-2.24777155366283,-2.10407691100526,-2.22464621281271,42.28
605,1.76021849724212,0.302479605585383,-0.25780338,-2.12073033107986,-2.25507523998574,-2.11457964831697,-2.22751284641347,42.35
606,1.75612392316096,0.305717729292839,-0.25608736,-2.12973289269362,-2.26212606525826,-2.12510384822487,-2.23012390034415,42.42
607,1.75200518912222,0.308956500212909,-0.25445536,-2.13881076935558,-2.26884823008336,-2.13560067480548,-2.23248058119718,42.49
608,1.74786266625594,0.312195767396909,-0.2529163,-2.14789416251408,-2.27517538390269,-2.14602173298103,-2.23458822116249,42.56
609,1.74369696701586,0.31543535614342,-0.2514785,-2.15692132223864,-2.28105398978441,-2.15631898637379,-2.2364563787334,42.63
610,1.73950884897763,0.318675008065846,-0.25014922,-2.16583667698958,-2.28644308362838,-2.16644524971227,-2.23809939350664,42.7
611,1.73529924655635,0.321914321148246,-0.24893476,-2.17459430104695,-2.29131627353429,-2.17635455891342,-2.23953695007888,42.77
612,1.73106917654045,0.325152880355227,-0.24784015,-2.18315268410233,-2.29566153458497,-2.18600242063663,-2.24079433289716,42.84
613,1.72681977148076,0.328390261217797,-0.24686892,-2.19147115831522,-2.29946939931119,-2.19534651472637,-2.24190313353363,42.91
614,1.72255218682194,0.331626160485047,-0.2460226,-2.19951713110556,-2.30274212937129,-2.20434766067915,-2.2429003133054,42.98
615,1.71826763580765,0.33486033626441,-0.2453008,-2.20725992463079,-2.30549896948892,-2.2129735904823,-2.24382358744875,43.05
616,1.71396729804116,0.338092548218005,-0.24470146,-2.2146754873027,-2.30777672130715,-2.22119873281228,-2.2447089731723,43.12
617,1.70965235572983,0.341322688380199,-0.24422099,-2.2217467340389,-2.30961712494031,-2.22900286815705,-2.24558922979676,43.19
618,1.70532390349414,0.344550721493627,-0.24385455,-2.22846186634865,-2.31106188097528,-2.23637037084558,-2.24649350721121,43.26
619,1.70098298577102,0.347776625423704,-0.24359627,-2.23481715180356,-2.31215493025197,-2.24328984820424,-2.24744724862187,43.33
620,1.69663050769517,0.351000522208906,-0.24343939,-2.2408149531402,-2.31293750759707,-2.24975392336408,-2.24847196537193,43.4
621,1.69226733701208,0.354222618635736,-0.24337654,-2.24646297788991,-2.31344435231215,-2.25575928919121,-2.24958551804936,43.47
622,1.68789440643171,0.357443083371118,-0.24339983,-2.2517716360433,-2.31370424979483,-2.26130677954735,-2.25080271250554,43.54
623,1.68351262583381,0.360661987682173,-0.24350102,-2.25674201028717,-2.313733215558,-2.26640126745044,-2.25213563843361,43.61
624,1.67912292188233,0.363879436774346,-0.24367169,-2.26136597127134,-2.31354566448242,-2.27105151714111,-2.25359343234748,43.68
625,1.67472615093999,0.367095510633241,-0.24390315,-2.2656305615672,-2.31315828425083,-2.27526910061123,-2.25518095635413,43.75
626,1.67032313932233,0.370310204922071,-0.24418673,-2.26952423489602,-2.31259556850086,-2.27906707697085,-2.25689721812017,43.82
627,1.66591459678414,0.373523562487606,-0.2445138,-2.27304317256295,-2.31189332495146,-2.28245856125809,-2.25873365889433,43.89
628,1.66150115728166,0.376735614362858,-0.24487583,-2.27619056342238,-2.31108866069525,-2.28545505516632,-2.26067224611612,43.96
629,1.65708329290888,0.379946320820765,-0.24526466,-2.27897234104337,-2.31022064391126,-2.28806669882895,-2.26268603872683,44.03
630,1.65266141857713,0.383155703033658,-0.24567248,-2.28139852464727,-2.30932563391312,-2.29030596766642,-2.26474419494036,44.1
631,1.64823599686364,0.386363784228053,-0.24609181,-2.28348044524971,-2.30843337585097,-2.29218884314468,-2.26681354717273,44.17
632,1.64380745245707,0.389570530889899,-0.24651578,-2.28523058960561,-2.30756900370648,-2.29373504492529,-2.26885909548085,44.24
633,1.63937621377551,0.392775984575326,-0.24693799,-2.28666461689654,-2.30675116858257,-2.2949681495372,-2.27084418299358,44.31
634,1.63494262766646,0.395980203216223,-0.24735269,-2.28779856063513,-2.30599334189749,-2.29591603944771,-2.27273098985308,44.38
635,1.63050700124698,0.399183202474983,-0.24775499,-2.2886525850219,-2.30530918202343,-2.29661098292738,-2.27448083891228,44.45
636,1.62606951679658,0.402385087702152,-0.24814124,-2.28925125919394,-2.30470614771099,-2.29708839086811,-2.27605514036857,44.52
637,1.62163033728418,0.405585995384409,-0.24850897,-2.28962034859511,-2.30418800133812,-2.2973819626657,-2.27741907291275,44.59
638,1.61718971196605,0.408786034634822,-0.24885687,-2.28978501347769,-2.30375070316486,-2.29752233392239,-2.2785421591371,44.66
639,1.61274789149219,0.411985419276075,-0.24918468,-2.28976935004659,-2.3033886559209,-2.29753655691577,-2.27939789615531,44.73
640,1.60830517010487,0.415184409400578,-0.24949308,-2.28959403384549,-2.30309014817375,-2.2974479680402,-2.27996364945032,44.8
641,1.6038618008454,0.418383189436714,-0.24978362,-2.28927790818546,-2.30283438283077,-2.29727599656098,-2.28022049336789,44.87
642,1.59941803783255,0.421581809749117,-0.25005862,-2.28883157533638,-2.30259479161069,-2.29703553268194,-2.28015274504574,44.94
643,1.59497405152856,0.424780318803361,-0.25032112,-2.28825404202604,-2.30233567847842,-2.29673725159753,-2.27974814528012,45.01
644,1.59053003457635,0.427978704781203,-0.2505747,-2.28754213719737,-2.30201769159543,-2.29638774962635,-2.27899811525969,45.08
645,1.58608630764497,0.431176837200437,-0.25082344,-2.28669504385391,-2.30160240677812,-2.29598949201859,-2.2778975814842,45.15
646,1.58164323471995,0.434374599095755,-0.25107178,-2.28571673990013,-2.30105488060151,-2.29554050866765,-2.27644487734419,45.22
647,1.57720126541932,0.437571828653633,-0.25132447,-2.28461285447392,-2.30034817626293,-2.29503421874517,-2.27464159451856,45.29
648,1.57276085024709,0.440768260861611,-0.2515864,-2.28338727519513,-2.29946319406443,-2.29446008303927,-2.27249295592121,45.36
649,1.56832248284179,0.443963659734084,-0.25186253,-2.28204644595182,-2.29838431568956,-2.29380444905747,-2.2700084560597,45.43
650,1.56388661512839,0.447157760012735,-0.2521577,-2.28059706338244,-2.29710115303028,-2.2930505729944,-2.26720213341741,45.5
651,1.55945369942949,0.450350208906541,-0.25247657,-2.27904600089667,-2.29560966918499,-2.29217896241767,-2.26409298264412,45.57
652,1.55502410344425,0.453540698437368,-0.2528234,-2.27740023683235,-2.29391076646099,-2.29116797678939,-2.26070537897992,45.64
653,1.55059815215235,0.456728907292683,-0.2532015,-2.27566164148682,-2.29201047024792,-2.28999500415503,-2.25706811677886,45.71
654,1.54617604255465,0.459914442753001,-0.2536135,-2.27383180371579,-2.28991935854134,-2.28864050148351,-2.25320983806093,45.78
655,1.5417579488314,0.463096973262282,-0.2540617,-2.27191489199795,-2.28763656411278,-2.28708791245753,-2.24915878983918,45.85
656,1.53734412735406,0.466276170544251,-0.2545481,-2.26991365896034,-2.28515175976539,-2.28532003512632,-2.244947925428,45.92
657,1.53293483098811,0.469451651833233,-0.2550741,-2.26783027663883,-2.28245496373269,-2.28331787433395,-2.24061626547565,45.99
658,1.52853035027001,0.472623112787917,-0.25564012,-2.26566279217793,-2.2795460986999,-2.2810614714379,-2.23620766078966,46.06
659,1.52413092737448,0.475790269990684,-0.25624555,-2.2634178474284,-2.27643827050825,-2.27853417296273,-2.23176632029088,46.13
660,1.5197367969356,0.478952803600031,-0.25688893,-2.2611110791029,-2.27315730726513,-2.27572354244054,-2.2273357718976,46.2
661,1.51534809963811,0.48211049072279,-0.25756788,-2.25875342071549,-2.269732095771,-2.27262132977113,-2.22295865040238,46.27
662,1.51096492264465,0.485263148406396,-0.25827935,-2.2563488402405,-2.26619559563627,-2.26922313376102,-2.21867604031365,46.34
663,1.50658721277935,0.488410576815604,-0.25901955,-2.25390236975511,-2.26258465201802,-2.26552763112088,-2.21452643555983,46.41
664,1.50221488005731,0.491552693156541,-0.2597841,-2.25141962538198,-2.25893517572142,-2.26153626135338,-2.21054545783025,46.48
665,1.49784790100605,0.494689475243761,-0.2605681,-2.24890683697274,-2.25528571058876,-2.2572532405467,-2.2067660780134,46.55
666,1.49348623122611,0.497820905269357,-0.2613662,-2.24636541657747,-2.25167255437722,-2.25268539587069,-2.20321825955892,46.62
667,1.48912984478463,0.500947104330898,-0.2621725,-2.24379630994162,-2.24813256539124,-2.24784201117159,-2.19992865769393,46.69
668,1.48477864636959,0.5040682766069,-0.26298085,-2.24119844187488,-2.24470285532025,-2.24273481044316,-2.19692030983545,46.76
669,1.48043251028007,0.50718459021261,-0.2637848,-2.23856290694732,-2.24141266650836,-2.23737763419083,-2.19421218914776,46.83
670,1.47609119218198,0.510296121766115,-0.2645776,-2.23587745133132,-2.2382892191454,-2.23178637991079,-2.1918190649993,46.9
671,1.4717544312272,0.513402991695752,-0.26535234,-2.23312936813744,-2.23535421593119,-2.22597876152733,-2.18975116144871,46.97
672,1.46742205198914,0.51650530917394,-0.266102,-2.23031201521114,-2.23262637467946,-2.21997471292483,-2.18801443894006,47.04
673,1.46309387566858,0.519603117228734,-0.26681945,-2.22742288731495,-2.23011893579592,-2.21379699026697,-2.18661111770474,47.11
674,1.45876975816954,0.522696528584871,-0.26749763,-2.22446626425752,-2.22784408541447,-2.20747178178431,-2.18554037912094,47.18
675,1.45444950097776,0.525785671120653,-0.26812947,-2.22145344801138,-2.22581864051074,-2.2010291971219,-2.18479873679362,47.25
676,1.45013288892179,0.528870633492317,-0.26870808,-2.2184042092102,-2.22406191234418,-2.19450338117169,-2.18437995034657,47.32
677,1.44581960075015,0.531951601476889,-0.2692267,-2.21533839036352,-2.22259127371249,-2.18793288642676,-2.18427518076401,47.39
678,1.44150931012568,0.53502880391818,-0.26967874,-2.21227551379246,-2.22142209875521,-2.18136066736844,-2.18447268881446,47.46
679,1.43720178649334,0.538102395306218,-0.27005798,-2.20923629575485,-2.22056000612582,-2.1748341400468,-2.18495745800713,47.53
680,1.43289680527754,0.541172402019181,-0.27035847,-2.2062376180433,-2.22000363481103,-2.16840581336514,-2.18571169530821,47.6
681,1.42859418501104,0.544238859259322,-0.27057493,-2.20329378703928,-2.21974772588355,-2.16213334692409,-2.18671443166764,47.67
682,1.42429369732967,0.547301757569895,-0.2707033,-2.20041461531259,-2.21978479522093,-2.15607789009053,-2.18794225562976,47.74
683,1.41999510391435,0.550360989487643,-0.27074063,-2.19761036115907,-2.22010387293568,-2.15029777825238,-2.18937365804433,47.81
684,1.41569806631493,0.553416486887096,-0.2706852,-2.19488821770841,-2.22068630981001,-2.14484647656166,-2.19098949355763,47.88
685,1.41140224625795,0.556468167908794,-0.2705362,-2.19224759234419,-2.22151084673531,-2.13977210117756,-2.19277241803352,47.95
686,1.40710740589518,0.559515884029925,-0.2702938,-2.18967976582202,-2.22254857468696,-2.13511813486424,-2.19470714467498,48.02
687,1.40281331744954,0.56255955783639,-0.26995888,-2.18716570629535,-2.22376411033575,-2.13092374714167,-2.19678043969045,48.09
688,1.39851979986061,0.565599130389961,-0.26953313,-2.18468721952133,-2.22511720820516,-2.12722441603432,-2.19898155679148,48.16
689,1.39422662836422,0.56863444523087,-0.26901883,-2.18222552034556,-2.22656455663863,-2.12405126195787,-2.20130158657871,48.23
690,1.38993357108753,0.57166519605583,-0.26841888,-2.17977542839036,-2.22807376409916,-2.12143087091451,-2.2037331186374,48.3
691,1.38564029859403,0.574691065114835,-0.26773673,-2.1773520043132,-2.22962628958541,-2.11938497062691,-2.20626970853598,48.37
692,1.38134642046171,0.577711734744934,-0.26697627,-2.17498657790158,-2.23121929078744,-2.11792970452548,-2.20890495945778,48.44
693,1.37705139483288,0.580727026127092,-0.26614186,-2.17271966264082,-2.23286137271406,-2.11707558258029,-2.21163229853243,48.51
694,1.37275462854358,0.583736847684765,-0.26523829,-2.17059418560572,-2.23456198285306,-2.11682772725171,-2.21444506700081,48.58
695,1.36845557729698,0.58674108016838,-0.26427066,-2.1686456011752,-2.23632169371481,-2.11718571545386,-2.21733622575986,48.65
696,1.36415365534735,0.589739525466968,-0.26324457,-2.16690470310764,-2.23813302727578,-2.11814346096625,-2.22029812117252,48.72
697,1.35984827230832,0.592732046188854,-0.26216584,-2.165401001571,-2.23998121370217,-2.11968881971806,-2.22332205733847,48.79
698,1.35553874303362,0.595718514906969,-0.26104075,-2.16417346041402,-2.24185091889334,-2.12180272762376,-2.22639761160162,48.86
699,1.35122438818583,0.598698763629891,-0.2598759,-2.16327169755979,-2.24372585655016,-2.12445755384591,-2.22951112196328,48.93
700,1.34690463496309,0.601672724059338,-0.2586782,-2.16274561443653,-2.24558960628116,-2.12761498781468,-2.23264404551173,49.0
701,1.3425789274536,0.604640377528537,-0.25745478,-2.1626346953982,-2.24743011558421,-2.13122593829284,-2.23577283988068,49.07
702,1.33824676423264,0.607601705179922,-0.2562129,-2.16295773752323,-2.24923562722686,-2.13523276353943,-2.23887062251809,49.14
703,1.33390760914921,0.610556828938755,-0.25495985,-2.16371463324098,-2.25099041695491,-2.13957218294745,-2.2419096558744,49.21
704,1.3295609929145,0.613505962171384,-0.2537029,-2.16488292802087,-2.25267002441188,-2.14417728437089,-2.24486300803724,49.28
705,1.32520661495637,0.616449297060843,-0.25244915,-2.16642617611335,-2.25424537863963,-2.14897907416962,-2.24770583448903,49.35
706,1.32084425500153,0.619386955729395,-0.25120547,-2.16829402329342,-2.25568584665867,-2.15390744547548,-2.25041621848698,49.42
707,1.3164738119901,0.622319132138077,-0.24997838,-2.17042811910628,-2.25695961825391,-2.15889252008042,-2.25297601563681,49.49
708,1.31209521625657,0.625246043646546,-0.24877396,-2.1727669369782,-2.25803733535293,-2.16386535031396,-2.25537132237897,49.56
709,1.30770846905565,0.628167819263196,-0.24759774,-2.17524899623749,-2.25889687107502,-2.16875830116108,-2.25759301370538,49.63
710,1.30331355536131,0.631084451615014,-0.24645439,-2.17781448837011,-2.25952341583579,-2.17350575043093,-2.25963709655922,49.7
711,1.2989105475322,0.633995939669577,-0.24534723,-2.18040283262031,-2.25990779320183,-2.17804549066091,-2.26150392648549,49.77
712,1.29449970928767,0.636902241097485,-0.24427825,-2.18295588156464,-2.26004186273743,-2.182323185433,-2.26319412805979,49.84
713,1.2900814094356,0.639803224831098,-0.24324828,-2.18541648894776,-2.25991393207383,-2.18629334003779,-2.26470757095963,49.91
714,1.28565616293492,0.642698814377071,-0.24225736,-2.1877364795977,-2.25951637409623,-2.18991913873565,-2.26604355962387,49.98
715,1.28122454520461,0.645588940775641,-0.24130519,-2.18988131984431,-2.25884658464557,-2.19317115035032,-2.26720179187444,50.05
716,1.27678723373405,0.648473495765449,-0.24039105,-2.19182736154339,-2.25791226972347,-2.19602268045777,-2.26818618263186,50.12
717,1.27234492289853,0.651352475712376,-0.23951356,-2.19356055363279,-2.25673394819196,-2.19844983817356,-2.26900494678593,50.19
718,1.26789836602865,0.654225935194487,-0.23867111,-2.19507223935219,-2.25533387151014,-2.20043479411109,-2.26966738570136,50.26
719,1.26344829063292,0.657093877280561,-0.23786193,-2.19634892728119,-2.25372450812965,-2.20196263910427,-2.27018709539915,50.33
720,1.25899544081925,0.659956207537852,-0.23708382,-2.19737540973896,-2.25191259844062,-2.20301997476449,-2.27058295752023,50.4
721,1.25454049281352,0.662812878806311,-0.23633374,-2.19813446015076,-2.24990823569309,-2.20359568107858,-2.27087791254696,50.47
722,1.25008409762129,0.665663845630811,-0.23560786,-2.198607048111,-2.24772969887568,-2.20368525896094,-2.27109487938549,50.54
723,1.24562679673259,0.668509018909041,-0.23490165,-2.19878228298332,-2.24540302083986,-2.20329144352658,-2.27125502897911,50.61
724,1.24116906491964,0.671348411312634,-0.23421,-2.1986552998478,-2.24295584634618,-2.20242413714124,-2.27137764886792,50.68
725,1.23671122603244,0.674182092372885,-0.23352735,-2.19822179026084,-2.24042050593141,-2.2011005514043,-2.27148020048131,50.75
726,1.23225355936732,0.677010080267915,-0.23284778,-2.19747978564056,-2.23783144118984,-2.19934479546385,-2.2715776156502,50.82
727,1.22779640603979,0.679832297346339,-0.23216513,-2.19642802231931,-2.23522282395705,-2.19718779926983,-2.27168210204827,50.89
728,1.223340084795,0.682648716424072,-0.23147307,-2.19507022557108,-2.23262986161672,-2.19466738029134,-2.27180307588332,50.96
729,1.21888493483571,0.68545931674519,-0.23076521,-2.19342080281985,-2.23008711777588,-2.19182845251904,-2.2719470943368,51.03
730,1.21443123158139,0.688264040163724,-0.23003516,-2.19150159233226,-2.22763445456968,-2.18872356686545,-2.27211848609696,51.1
731,1.2099792294202,0.691062938102996,-0.22927687,-2.18934649927356,-2.22531789153724,-2.18541289198878,-2.27231928232408,51.17
732,1.20552907736885,0.693856128182693,-0.22848509,-2.18700252141327,-2.22317985343268,-2.18196337946364,-2.27255041695752,51.24
733,1.20108086170535,0.696643687549002,-0.22765544,-2.18452144651522,-2.22125862305727,-2.17844526897369,-2.2728168005387,51.31
734,1.19663452149468,0.699425609941067,-0.22678436,-2.18195409763645,-2.21958429379553,-2.1749298691451,-2.27312769248221,51.38
735,1.19218989107852,0.702201953528113,-0.22586916,-2.1793569697684,-2.2181869730147,-2.17148473672822,-2.27349307030926,51.45
736,1.18774661545723,0.704972798405445,-0.22490788,-2.17679232732249,-2.2170911925359,-2.16817203162577,-2.27392222032849,51.52
737,1.18330419264488,0.707738204302919,-0.22389922,-2.17433293956597,-2.21631850247251,-2.16504693279583,-2.27442232624461,51.59
738,1.17886188893649,0.710498359058657,-0.2228426,-2.17205423808625,-2.21588941841021,-2.16215585859665,-2.27499686479439,51.66
739,1.17441884469989,0.713253536743684,-0.221738,-2.17001783170841,-2.21581716239147,-2.1595361409632,-2.27564520555391,51.73
740,1.16997418016378,0.71600399246762,-0.22058587,-2.16826886165142,-2.21610856844364,-2.15721708812984,-2.27636347830553,51.8
741,1.16552691067856,0.718749920892698,-0.21938713,-2.16683563422154,-2.21676179862267,-2.15522148169192,-2.27714562816826,51.87
742,1.16107605259523,0.721491605483673,-0.21814312,-2.16573299025059,-2.21776626840043,-2.1535667446576,-2.2779841504843,51.94
743,1.15662072924345,0.724229377374165,-0.21685556,-2.16496699647554,-2.21911018054036,-2.1522656525771,-2.27887063272475,52.01
744,1.15216008649021,0.726963510875899,-0.21552648,-2.16453651196728,-2.22078035985387,-2.15132728578473,-2.27979654832682,52.08
745,1.14769333550553,0.729694182655963,-0.2141582,-2.16443194696049,-2.22276391706603,-2.15075777763091,-2.28075360407422,52.15
746,1.14321966869345,0.732421621608885,-0.2127534,-2.16464080543181,-2.22504875691176,-2.15056143002032,-2.28173453060292,52.22
747,1.13873830289297,0.73514606830477,-0.21131495,-2.1651461647199,-2.22761950095041,-2.15074105268166,-2.28273349060252,52.29
748,1.13424839580536,0.737867671042035,-0.20984602,-2.16593035174719,-2.23046121169673,-2.15129822470698,-2.28374616850614,52.36
749,1.12974915327081,0.740586445533304,-0.20835008,-2.16697441572415,-2.23355865955671,-2.15223341473303,-2.28476998652045,52.43
750,1.12523993687033,0.743302425256067,-0.2068308,-2.16826165542049,-2.2368969133272,-2.15354621377789,-2.28580412956625,52.5
751,1.12072018132685,0.746015621355481,-0.2052921,-2.16978037429561,-2.24046153983626,-2.1552352996025,-2.28684950626485,52.57
752,1.11618943932301,0.748725982653804,-0.20373818,-2.17152294225548,-2.24423403051386,-2.15729800557568,-2.28790858248287,52.64
753,1.11164729968284,0.751433546321877,-0.20217346,-2.17349202615442,-2.24819877973175,-2.15972962113293,-2.2889847698095,52.71
754,1.10709343300895,0.754138398102532,-0.20060259,-2.17569772855209,-2.25233919353611,-2.1625226780092,-2.29008181350554,52.78
755,1.10252751071655,0.756840569121779,-0.19903043,-2.1781496363091,-2.25663734809643,-2.16566584131838,-2.29120298924273,52.85
756,1.09794925155139,0.759539996322228,-0.197462,-2.18085565664949,-2.26107345091247,-2.16914386669739,-2.29235112479189,52.92
757,1.09335834152987,0.762236673554819,-0.1959025,-2.18381582588782,-2.26561487898439,-2.1729376711691,-2.2935285572757,52.99
758,1.08875454490503,0.76493061221921,-0.19435713,-2.18702360370692,-2.27022013865885,-2.17702375608248,-2.29473683532308,53.06
759,1.08413781561425,0.767621738490339,-0.1928312,-2.19046677668035,-2.27484040781373,-2.18137387212022,-2.29597654714903,53.13
760,1.07950821866124,0.770309854168418,-0.19132999,-2.19412987683877,-2.27942583954551,-2.18595467319735,-2.29724708394655,53.2
761,1.07486597902729,0.772994788192451,-0.1898586,-2.1979983698043,-2.28393199232831,-2.19072786847794,-2.29854684671776,53.27
762,1.07021140403483,0.775676357712765,-0.188422,-2.20204955916689,-2.28831571739203,-2.19565081026106,-2.29987370601066,53.34
763,1.06554493322941,0.778354329284871,-0.18702476,-2.20625288382558,-2.29253759152129,-2.20067739215473,-2.30122590517498,53.41
764,1.06086706169376,0.781028570747426,-0.18567114,-2.21056538100951,-2.29655812968158,-2.20575906860187,-2.3026028990646,53.48
765,1.05617839085211,0.78369901268112,-0.18436478,-2.21493063709815,-2.30033775140682,-2.21084606102744,-2.30400631880341,53.55
766,1.05147955267106,0.786365546490802,-0.18310851,-2.21928211714412,-2.30384412300877,-2.21588849837513,-2.30544080855549,53.62
767,1.04677126130909,0.789027986151183,-0.18190382,-2.22355125633844,-2.30705188669982,-2.22083863725698,-2.30691371793564,53.69
768,1.04205423811583,0.79168622065752,-0.18075089,-2.22767675886558,-2.30994462323337,-2.22565479878739,-2.30843060099641,53.76
769,1.03732926402868,0.794340176076309,-0.17964879,-2.231609072443,-2.31251784216419,-2.23030206945187,-2.30999369913266,53.83
770,1.03259710526475,0.796989714237482,-0.17859554,-2.23531474122324,-2.31477791885368,-2.2347518637054,-2.31160156566465,53.9
771,1.027858566353,0.799634595108616,-0.17758839,-2.23877377891936,-2.31673011839823,-2.23898181055997,-2.31324913331288,53.97
772,1.02311441640285,0.802274629893687,-0.17662385,-2.24197438270474,-2.31838098668397,-2.24297609228811,-2.31492841517485,54.04
773,1.01836544265327,0.80490964375344,-0.17569792,-2.24490835516397,-2.3197385300187,-2.24672541035253,-2.31662863254078,54.11
774,1.01361237719852,0.807539438710355,-0.1748062,-2.24757009310709,-2.32081215216472,-2.25022683323858,-2.31833615096278,54.18
775,1.00885595093512,0.810163947300679,-0.17394435,-2.24995685689939,-2.32161025235633,-2.25348365358225,-2.3200344155442,54.25
776,1.00409682062776,0.81278319586896,-0.17310844,-2.25207140033324,-2.32213643673701,-2.2565041748913,-2.32170496578428,54.32
777,0.999335623140747,0.815397204544942,-0.17229514,-2.25392746927808,-2.32239247329038,-2.25929714107518,-2.32333162671333,54.39
778,0.994572902735669,0.818005950939488,-0.1715016,-2.25555048322767,-2.32238328973847,-2.2618699697926,-2.32490120755117,54.46
779,0.989809165485402,0.820609524596012,-0.17072545,-2.25696965162407,-2.32211683671554,-2.26422826485024,-2.32640312220452,54.53
780,0.985044806709396,0.823208091086213,-0.1699644,-2.25821308440975,-2.32160707343794,-2.2663757181138,-2.32782932951572,54.6
781,0.980280165485448,0.825801792783932,-0.16921592,-2.25930227517045,-2.32087715369621,-2.26831541701474,-2.32917345033343,54.67
782,0.975515452148474,0.828390713348516,-0.16847715,-2.26025548360999,-2.31995849235784,-2.27005433602212,-2.33042633042107,54.74
783,0.970750802837915,0.830975032949503,-0.16774505,-2.26109017114623,-2.31888876039323,-2.27160402489646,-2.33157421077046,54.81
784,0.965986207011313,0.833554993117358,-0.16701682,-2.26182645799091,-2.3177102681661,-2.27297984364058,-2.33259766364429,54.88
785,0.961221561993422,0.836130798250648,-0.16629027,-2.26249039417389,-2.31646638537787,-2.2741995059342,-2.33347237469329,54.95
786,0.956456600486826,0.838702580808112,-0.16556399,-2.26310586446513,-2.31519688533547,-2.27527985066156,-2.33417507484642,55.02
787,0.951691008641035,0.8412705572151,-0.16483724,-2.26369081532706,-2.31393932599334,-2.27623616013658,-2.33468509508551,55.09
788,0.946924544133935,0.843834993367224,-0.16410993,-2.26425367430725,-2.31271925272655,-2.27708256346229,-2.33498459386988,55.16
789,0.942156963721258,0.846396106760238,-0.16338255,-2.26479301009923,-2.31154853109553,-2.27783187295801,-2.33505860133073,55.23
790,0.937388077856344,0.848954032273659,-0.16265614,-2.26530653072994,-2.31042799752832,-2.27849536126504,-2.33489488091502,55.3
791,0.932617678315059,0.851508978637112,-0.16193227,-2.26579157116785,-2.30935315708088,-2.27908222456993,-2.33448341849451,55.37
792,0.927845592907623,0.854061194462138,-0.16121295,-2.26625295006524,-2.30832254709637,-2.2795993667042,-2.33381630163188,55.44
793,0.923071613210851,0.856610870868767,-0.16050062,-2.26670466624225,-2.30734070002964,-2.28005105914188,-2.33288767179379,55.51
794,0.91829554940192,0.859158107735046,-0.15979804,-2.26716384675499,-2.30641551491837,-2.28043866718947,-2.33169355925708,55.58
795,0.913517158127173,0.861703070599477,-0.1591083,-2.26764945920098,-2.30555797715957,-2.28076088683682,-2.33023210908067,55.65
796,0.908736197487723,0.864245957100452,-0.15843464,-2.26817625983955,-2.30477120499596,-2.28101392054881,-2.32850362662628,55.72
797,0.903952355076717,0.866786899983643,-0.15778056,-2.26875293295384,-2.30405429328894,-2.2811911474167,-2.32651044269847,55.79
798,0.899165303152007,0.869325933707441,-0.15714958,-2.26938251534829,-2.30339980276842,-2.28128343114942,-2.3242571699597,55.86
799,0.894374626881707,0.871863151678658,-0.1565453,-2.27005837268507,-2.30279474018011,-2.28127904985876,-2.32175090590058,55.93
800,0.889579943268174,0.874398673005053,-0.15597123,-2.27076728793947,-2.30222229831142,-2.28116394669084,-2.31900157274361,56.0
801,0.884781020209924,0.876932545798383,-0.15543076,-2.27149197646703,-2.30165838563933,-2.280922047675,-2.31602207641512,56.07
802,0.879977705159746,0.879464714061078,-0.15492706,-2.27221474316974,-2.30107761904052,-2.28053532973109,-2.31282841124345,56.14
803,0.875169980980928,0.881995175191966,-0.15446278,-2.27291758202688,-2.3004579822958,-2.27998383000303,-2.30943977340932,56.21
804,0.870357894932962,0.884523947001059,-0.15403965,-2.27357135051574,-2.29978180114142,-2.27924674053866,-2.30587760272316,56.28
805,0.865541614861921,0.887050971270755,-0.15365843,-2.2741402528256,-2.29903894292225,-2.27830662166238,-2.30216113830035,56.35
806,0.860721358519262,0.889576080900425,-0.1533191,-2.27458448294705,-2.29821858501881,-2.2771499383254,-2.2983053945677,56.42
807,0.85589745007719,0.892099157673845,-0.15302096,-2.27486458602108,-2.29730333600489,-2.27576677842808,-2.29432092169555,56.49
808,0.851070249757855,0.894620099543731,-0.15276276,-2.27494671369663,-2.29627021980058,-2.27415115103946,-2.29021452414409,56.56
809,0.846240210638529,0.897138724475128,-0.15254304,-2.27479835792983,-2.29508340606973,-2.27230148377868,-2.28599017469503,56.63
810,0.841407808544631,0.899654737889189,-0.15236057,-2.27439304843085,-2.29370352352445,-2.27022017625021,-2.28165088592578,56.7
811,0.836573599087819,0.902167890751525,-0.1522144,-2.27371563052311,-2.29209424781337,-2.26790935126218,-2.27720319044421,56.77
812,0.831738147756603,0.904677947204243,-0.15210369,-2.27275745327889,-2.29022711823015,-2.26536940968946,-2.27265794140745,56.84
813,0.826902087112806,0.907184588788388,-0.15202777,-2.27151607779887,-2.28808490218847,-2.26259930909469,-2.26803067251512,56.91
814,0.8220660469979,0.909687382303453,-0.15198593,-2.2699970287448,-2.2856617300084,-2.25959704164609,-2.26334208872776,56.98
815,0.817230711799609,0.912185938353301,-0.15197743,-2.26821034809611,-2.28295676122557,-2.25636005729437,-2.25861830600421,57.05
816,0.812396750680352,0.914679879482919,-0.15200143,-2.26617554390466,-2.27997694472405,-2.25288537820868,-2.25389102982279,57.12
817,0.807564874815953,0.917168808476589,-0.15205662,-2.263920769004,-2.27673775696674,-2.24916946808655,-2.24919773500863,57.19
818,0.802735767544674,0.919652467387611,-0.15214096,-2.26147229078655,-2.27325848805383,-2.24520938089647,-2.24458082936097,57.26
819,0.797910141474002,0.922130706202619,-0.15225154,-2.25884968604286,-2.26956839930853,-2.24100709473637,-2.24008351299131,57.33
820,0.793088668444691,0.924603388187524,-0.15238471,-2.25606548952183,-2.26570952346781,-2.23656998033691,-2.23574754030067,57.4
821,0.788272036399424,0.927070358958474,-0.15253608,-2.25312294361627,-2.26172778541917,-2.23190962727957,-2.23161135851946,57.47
822,0.78346087905607,0.929531606320247,-0.15270074,-2.25002296445117,-2.25767276786385,-2.22704093321163,-2.22770881178617,57.54
823,0.778655832433815,0.93198722976585,-0.15287325,-2.2467624119845,-2.25359786275036,-2.221981582659,-2.22406847282606,57.61
824,0.773857464133606,0.934437346675016,-0.15304779,-2.24333789224488,-2.24955680492101,-2.21675108913195,-2.22071239409272,57.68
825,0.769066329423168,0.936881998726921,-0.15321818,-2.23975058198682,-2.24560477984753,-2.21137041615196,-2.21765561118012,57.75
826,0.764282900030556,0.939321122041758,-0.1533781,-2.23600172234362,-2.24178809673419,-2.20586192238439,-2.21490601655694,57.82
827,0.759507619699586,0.941754708086813,-0.15352106,-2.23209478812846,-2.23814103587678,-2.20024994767102,-2.21246485712495,57.89
828,0.754740832414751,0.944182774237337,-0.15364055,-2.22803378864849,-2.23468758186579,-2.19456184855099,-2.21032772826046,57.96
829,0.749982837353241,0.946605271029769,-0.15373006,-2.22382163805848,-2.23143997446474,-2.18882852955822,-2.20848523854425,58.03
830,0.745233816476524,0.949022053144265,-0.1537832,-2.21946736066704,-2.22840893959179,-2.18308516795303,-2.20692366293623,58.1
831,0.740493888824638,0.951433041155658,-0.15379374,-2.21498472696461,-2.2256033683919,-2.17737155903894,-2.20562514011903,58.17
832,0.735763037431816,0.953838192946225,-0.15375566,-2.21039597651935,-2.2230342438076,-2.1717323347957,-2.2045677321248,58.24
833,0.731041162933471,0.95623741182052,-0.15366359,-2.20573370367406,-2.22071563669191,-2.16621718134787,-2.2037254739627,58.31
834,0.726328009790755,0.958630518361508,-0.1535132,-2.20103404518448,-2.21866175474228,-2.16087952912182,-2.2030696209347,58.38
835,0.721623219211028,0.96101741306887,-0.15330136,-2.19633774693341,-2.2168886822565,-2.15577066491722,-2.20257344480642,58.45
836,0.716926254699567,0.963398048674216,-0.153026,-2.19168773852182,-2.21540829701,-2.1509381564866,-2.20221302119444,58.52
837,0.71223651784925,0.965772339174167,-0.15268606,-2.18711514734774,-2.21422357386521,-2.14642515767844,-2.20196654992435,58.59
838,0.707553463832378,0.968140132620756,-0.15228137,-2.1826416352551,-2.21332838709779,-2.14227084640944,-2.20181462297947,58.66
839,0.702876526061141,0.970501374709619,-0.1518126,-2.17827855636641,-2.21270539595699,-2.13851072344804,-2.20174017049887,58.73
840,0.698205167630572,0.972856082059614,-0.15128118,-2.17403589305669,-2.21232982648492,-2.13517657995882,-2.20172846667595,58.8
841,0.693538805491181,0.975204252223163,-0.15068935,-2.1699239466163,-2.21217489449093,-2.13229581486228,-2.20176643398567,58.87
842,0.688876861446276,0.977545837464268,-0.15004002,-2.16595705591517,-2.21222045855361,-2.12989118061766,-2.2018425166767,58.94
843,0.684218685921816,0.979880909341513,-0.14933677,-2.16215527846702,-2.21245296253481,-2.12798108342305,-2.20194686995334,59.01
844,0.679563608605359,0.982209632985719,-0.14858374,-2.15854085741043,-2.21286346485521,-2.12657980177887,-2.20207123010146,59.08
845,0.674910861904495,0.984532178106703,-0.14778572,-2.15514236792429,-2.21345207598638,-2.12569787678563,-2.20220916463801,59.15
846,0.670259631324853,0.986848630241963,-0.14694802,-2.15199339386987,-2.21421879613876,-2.125342356037,-2.20235632168648,59.22
847,0.665608978722548,0.989158965759871,-0.14607649,-2.14912528894963,-2.21515440968089,-2.12551625551943,-2.20251010715509,59.29
848,0.660957956055182,0.991463217651337,-0.1451775,-2.14656755059299,-2.21624045597731,-2.12621774740163,-2.20266891692274,59.36
849,0.656305719110894,0.993761450998661,-0.14425792,-2.1443413866683,-2.21744690718201,-2.12743920064087,-2.20283124172899,59.43
850,0.651651450695279,0.996053675157523,-0.143325,-2.14246648227073,-2.21874082907564,-2.12916670966717,-2.2029954705757,59.5
851,0.646994410901471,0.998339819687213,-0.14238642,-2.14096476851297,-2.22009008288819,-2.13137992088364,-2.20315982103234,59.57
852,0.642333860420104,1.00061990106594,-0.14145008,-2.13986017624796,-2.22146588044953,-2.13405177640298,-2.20332214243282,59.64
853,0.63766911099193,1.00289399908176,-0.14052409,-2.13918053518595,-2.22284336813594,-2.13714862042688,-2.20348003666261,59.71
854,0.632999448956881,1.00516216993559,-0.13961665,-2.13895139100015,-2.22419814459478,-2.14063022466955,-2.20363078846921,59.78
855,0.628324186000341,1.007424423091,-0.13873594,-2.13920098551072,-2.22551046414261,-2.14444992466303,-2.20377180409149,59.85
856,0.62364258304946,1.00968088890573,-0.1378899,-2.13995194431249,-2.22676150118456,-2.14855474143998,-2.20390085960494,59.92
857,0.618953964938789,1.01193179593235,-0.1370862,-2.14121434360037,-2.22793317328288,-2.15288625259342,-2.20401679426522,59.99
858,0.614257835317145,1.01417738492044,-0.13633198,-2.14298021889285,-2.22900631507485,-2.15738202417165,-2.20412071244894,60.06
859,0.609553801265134,1.01641782303044,-0.1356337,-2.14521957882302,-2.22995752133343,-2.16197754210725,-2.20421763070973,60.13
860,0.604841625235327,1.01865318176929,-0.13499703,-2.14788624525184,-2.2307681893654,-2.16660807388063,-2.20431787119334,60.2
861,0.600121150255659,1.02088360567838,-0.13442639,-2.15092894747623,-2.23142708713729,-2.1712104628649,-2.20443858232288,60.27
862,0.595392352479656,1.0231092906592,-0.1339246,-2.15429058573985,-2.23193521337717,-2.17572492132649,-2.20460322672144,60.34
863,0.590655267015056,1.02533039896814,-0.13349277,-2.15791287952403,-2.23231422041994,-2.18009904762491,-2.20483693961078,60.41
864,0.585910041106285,1.02754703791068,-0.13313048,-2.16173636683912,-2.23260023340827,-2.18428746393905,-2.20516353700653,60.48
865,0.581156860595045,1.02975942926581,-0.13283591,-2.16570045710818,-2.232831004878,-2.18825025244517,-2.20560347406729,60.55
866,0.576396003727919,1.03196788832466,-0.13260604,-2.16974760509371,-2.23304075861807,-2.19195203372305,-2.2061730067769,60.62
867,0.571627768229529,1.03417273957172,-0.13243684,-2.17382195333544,-2.23325211380632,-2.19536187947293,-2.20688449266737,60.69
868,0.566852525705145,1.03637423251601,-0.13232335,-2.17786911474529,-2.23347880816818,-2.19845399737376,-2.20774725829406,60.76
869,0.562070649287011,1.03857252117864,-0.13225988,-2.1818404004527,-2.23373007261221,-2.2012081094421,-2.20876808020909,60.83
870,0.557282568584729,1.04076783426458,-0.1322401,-2.18569349161281,-2.23401475123556,-2.20360965190952,-2.20995153314846,60.9
871,0.552488697851086,1.04296045490052,-0.13225727,-2.18939775091769,-2.23434580150669,-2.20564973387132,-2.21130026869094,60.97
872,0.547689491421457,1.04515063696724,-0.13230418,-2.19293204335287,-2.23473501129657,-2.20732517285462,-2.21281516069401,61.04
873,0.542885372336588,1.04733852153475,-0.13237344,-2.19627703645432,-2.23519152526123,-2.2086389252369,-2.21449576203473,61.11
874,0.538076788205958,1.04952411690972,-0.13245744,-2.1994172888837,-2.23572602217262,-2.20960014941142,-2.21634037391537,61.18
875,0.533264140221182,1.0517074693267,-0.13254844,-2.20234048785978,-2.23634853782295,-2.21022415566052,-2.21834598182456,61.25
876,0.528447839376907,1.05388864317095,-0.13263875,-2.20503929863222,-2.23707111236842,-2.2105323059065,-2.22050818525635,61.32
877,0.52362823580949,1.056067637768,-0.13272074,-2.2075162075663,-2.23790935449095,-2.21055179923881,-2.22282112130207,61.39
878,0.518805675312316,1.05824436777524,-0.1327869,-2.20977624167975,-2.23887663357573,-2.2103158505529,-2.22527744580225,61.46
879,0.513980428939969,1.0604188342126,-0.13282992,-2.2118234442132,-2.23998608027258,-2.20986368959633,-2.22786837228165,61.53
880,0.509152749762618,1.06259110502351,-0.13284276,-2.2136616142127,-2.24124527751138,-2.20924037915627,-2.23058319728074,61.6
881,0.504322802685833,1.0647612322031,-0.13281874,-2.21529124311415,-2.2426538679865,-2.20849695904273,-2.23340926519911,61.67
882,0.49949072140072,1.0669291690102,-0.13275187,-2.21671713042617,-2.24420572931783,-2.20769034248231,-2.23633180139235,61.74
883,0.494656538383644,1.06909475078025,-0.13263728,-2.21795149751857,-2.24589304911039,-2.20688188316335,-2.23933507493167,61.81
884,0.489820242014976,1.07125786637791,-0.13247131,-2.21901107486928,-2.24771230012006,-2.20613092669843,-2.24240571732272,61.88
885,0.484981706741177,1.07341843918355,-0.13225137,-2.21991883343347,-2.24966207985926,-2.20549338013274,-2.24553337035465,61.95
886,0.480140750355188,1.075576344655,-0.13197589,-2.22070356300484,-2.25174069108698,-2.20502142261613,-2.24871025154767,62.02
887,0.475297064325468,1.07773139150504,-0.13164428,-2.22139659799266,-2.25394498769647,-2.20476289418415,-2.25193065389313,62.09
888,0.470450271255142,1.07988349353653,-0.13125676,-2.22203445509358,-2.25626927922078,-2.2047606782558,-2.25519031666703,62.16
889,0.465599855408582,1.08203265103019,-0.13081442,-2.22265728220287,-2.25871077297176,-2.20505169491763,-2.25848554050186,62.23
890,0.460745220394317,1.08417886872566,-0.13031904,-2.22330718236857,-2.26126630955058,-2.20566683725519,-2.26181306318067,62.3
891,0.455885619949481,1.08632207391465,-0.12977314,-2.22402825330585,-2.26392737889386,-2.20663057895471,-2.26516955296203,62.37
892,0.45102027944157,1.08846209816521,-0.12917982,-2.22486414864484,-2.26668281774813,-2.20796012496314,-2.26855065604492,62.44
893,0.446148517559616,1.09059884971691,-0.1285428,-2.22585404850585,-2.26951413499114,-2.2096649935385,-2.27195061460269,62.51
894,0.441269677667978,1.09273229544125,-0.12786625,-2.22703510461585,-2.27240353710687,-2.21174633033377,-2.27536194740652,62.58
895,0.436383186441725,1.09486237940793,-0.12715486,-2.22844614993885,-2.27533744094939,-2.21419722452627,-2.27877551085231,62.65
896,0.431488485734222,1.09698900509567,-0.1264136,-2.2301259384179,-2.27830591908124,-2.21700294713208,-2.28218043252755,62.72
897,0.426585091773242,1.09911220828709,-0.12564777,-2.23210349965617,-2.28130449357771,-2.22014111176742,-2.2855642987783,62.79
898,0.421672527632449,1.10123213953891,-0.12486279,-2.23439508934352,-2.28433160921953,-2.22358353693565,-2.28891448594864,62.86
899,0.416750383071186,1.10334898326335,-0.1240642,-2.23699998508252,-2.28738458107566,-2.22729790512589,-2.29221936538679,62.93
900,0.411818247686279,1.10546287693404,-0.12325752,-2.23990878350242,-2.29046157526465,-2.23124928330515,-2.29546944621003,63.0
901,0.406875771466009,1.1075738939284,-0.12244819,-2.24310425382127,-2.29356104798455,-2.23540093435921,-2.29865788459754,63.07
902,0.401922598687417,1.1096822170384,-0.12164152,-2.24656414894956,-2.29668359732914,-2.2397149289569,-2.30178099515483,63.14
903,0.396958429244792,1.11178812153472,-0.12084256,-2.25026788033018,-2.29983540219676,-2.2441526862706,-2.30483857405188,63.21
904,0.391982953348417,1.11389189481445,-0.12005608,-2.25419098713465,-2.30301914713615,-2.24867519092131,-2.30783409759181,63.28
905,0.386995913679515,1.11599375614095,-0.11928645,-2.25830645619108,-2.30623650646993,-2.25324288761713,-2.31077466917958,63.35
906,0.381997040938723,1.11809383998377,-0.11853756,-2.26258177782699,-2.30948694313299,-2.25781563608388,-2.31367096863266,63.42
907,0.376986116872389,1.12019236998768,-0.117812544,-2.26697504163813,-2.31276104365143,-2.26235304538819,-2.31653739411883,63.49
908,0.37196291071248,1.12228964245315,-0.11711334,-2.27143877548406,-2.31604979506533,-2.26681537973637,-2.31939087186871,63.56
909,0.366927243112891,1.12438594635723,-0.116440706,-2.27592365298719,-2.31934306279895,-2.2711671969122,-2.32224610997371,63.63
910,0.361878923516482,1.12648148342231,-0.115794376,-2.28038912187638,-2.32263530909088,-2.2753781312153,-2.32511415565456,63.7
911,0.356817815034137,1.12857635174086,-0.11517319,-2.28480666332083,-2.32592959622279,-2.27942272780145,-2.32800247693037,63.77
912,0.351743772768628,1.13067071998567,-0.11457518,-2.28915682711246,-2.32923212547327,-2.28328034587935,-2.33091498030381,63.84
913,0.346656709662967,1.13276481108952,-0.113997705,-2.29342614158018,-2.33255350893693,-2.28693525877182,-2.33385215473327,63.91
914,0.341556535804275,1.13485882242506,-0.11343762,-2.29760237455254,-2.33590769081611,-2.2903765069975,-2.336810960631,63.98
915,0.336443225260938,1.13695284599544,-0.11289133,-2.3016694798012,-2.33930070500999,-2.29359756849215,-2.33978452738786,64.05
916,0.331316756381999,1.13904685214711,-0.11235496,-2.30561055038939,-2.34273289742985,-2.29659641805586,-2.34276229472769,64.12
917,0.326177179634194,1.14114086383854,-0.11182439,-2.3094047419255,-2.34620178205568,-2.29937546812617,-2.34573015352252,64.19
918,0.321024558902992,1.14323494035371,-0.11129548,-2.31302909157104,-2.34970083033249,-2.30194145447325,-2.34867014184058,64.26
919,0.315859040330125,1.14532909749658,-0.1107643,-2.31646999747449,-2.35322619900876,-2.30430533024446,-2.35156033195203,64.33
920,0.310680794610695,1.14742322778342,-0.11022766,-2.31972174684081,-2.35677310328969,-2.30648102476882,-2.35437592527388,64.4
921,0.305490086818696,1.14951708415139,-0.109682955,-2.32277761927545,-2.36033377695633,-2.30848078004531,-2.35709301700873,64.47
922,0.300287219679963,1.15161045422449,-0.10912811,-2.32562684104741,-2.36390241871993,-2.31031405145065,-2.35968950528756,64.54
923,0.295072604356846,1.15370314403429,-0.10856125,-2.32824989536161,-2.36746508415012,-2.31198895591077,-2.36214416201799,64.61
924,0.289846704658575,1.15579489824049,-0.107981086,-2.33062438463661,-2.37099548457347,-2.31351525087018,-2.36443329461959,64.68
925,0.284610108736065,1.15788532037777,-0.10738701,-2.33273013919777,-2.37445872609285,-2.31490064984195,-2.36653357447659,64.75
926,0.27936347416894,1.15997385665779,-0.106778994,-2.33454728487425,-2.37780920618764,-2.31614917622691,-2.36842258502976,64.82
927,0.274107600496821,1.16205997037848,-0.10615758,-2.33606238768705,-2.38100223294126,-2.31726022122981,-2.37007817020821,64.89
928,0.268843375095232,1.16414312584949,-0.10552382,-2.33726876579214,-2.38399288133821,-2.31822786109521,-2.37147810850371,64.96
929,0.263571846440127,1.1662227088915,-0.10487922,-2.33815696752142,-2.38672983760045,-2.31903986202424,-2.37259941483054,65.03
930,0.258294170652622,1.16829801096728,-0.1042257,-2.33871459842924,-2.38915884257336,-2.31967630948552,-2.37341714398484,65.1
931,0.25301168535844,1.17036840400502,-0.10356553,-2.3389240008542,-2.39121864961385,-2.32010684609915,-2.37390212492077,65.17
932,0.247725793224901,1.1724333248288,-0.10290124,-2.3387668696311,-2.39284614092579,-2.32028975831451,-2.37402016754896,65.24
933,0.242437845680811,1.17449219625717,-0.102235556,-2.33823262867126,-2.39398234723723,-2.32017183323,-2.37373191743353,65.31
934,0.237149217322056,1.17654434841038,-0.10157133,-2.33731468942538,-2.39457060763084,-2.31968797084892,-2.37299253395065,65.38
935,0.231861253358363,1.17858900376731,-0.10091145,-2.33600151517494,-2.39455786049074,-2.31876087139464,-2.37175157452198,65.45
936,0.226575344123211,1.18062545303464,-0.10025875,-2.33427494108906,-2.39389532012384,-2.31730213405691,-2.36995391237291,65.52
937,0.221292872521115,1.18265304074581,-0.09961592,-2.33209809234942,-2.39252964848163,-2.31521362677513,-2.36754099102906,65.59
938,0.216015288433675,1.18467108765386,-0.0989854,-2.32941932481578,-2.39040272667488,-2.31238919393717,-2.36445222708788,65.66
939,0.210744055957159,1.18667881346207,-0.098369345,-2.32617650053835,-2.38745488331613,-2.30871594350091,-2.36062592830346,65.73
940,0.205480791009274,1.18867532343747,-0.097769596,-2.32229842413214,-2.38362567466162,-2.30407518109422,-2.3559999198426,65.8
941,0.200227398692913,1.19065978597393,-0.0971876,-2.31770356940948,-2.37885348919286,-2.29834337650144,-2.3505123892081,65.87
942,0.194986019798851,1.19263142002673,-0.09662439,-2.31230397528819,-2.37307258153571,-2.29139329409026,-2.34410269811878,65.94
943,0.189759103967735,1.19458941948747,-0.09608069,-2.30600745405798,-2.36620931660345,-2.28309459317661,-2.33671171906761,66.01
944,0.184549355355218,1.19653287804798,-0.09555691,-2.2987166544171,-2.35818448649208,-2.27331396669067,-2.32828207997772,66.08
945,0.179359804781318,1.19846077810314,-0.09505322,-2.29033031835459,-2.3489143347726,-2.26191558533369,-2.31875844624531,66.15
946,0.17419369066788,1.20037217076397,-0.0945697,-2.28074362317225,-2.33831696063575,-2.24876140767245,-2.30808790587242,66.22
947,0.169054339204957,1.20226616590782,-0.09410647,-2.26985447250395,-2.32631642030084,-2.23371218708798,-2.29622065035203,66.29
948,0.163945234178988,1.2041418593387,-0.09366398,-2.25756456102733,-2.31283830396825,-2.21662854564685,-2.28311069924302,66.36
949,0.158869958742993,1.20599826061077,-0.09324301,-2.24377540730805,-2.29780720827563,-2.19737142149191,-2.26871641625515,66.43
950,0.15383226307045,1.20783422154986,-0.09284475,-2.22839123651146,-2.28115258599859,-2.1758037370988,-2.25299992933356,66.5
951,0.148836003681779,1.20964842902979,-0.09247117,-2.21131798208608,-2.26280773138726,-2.15179545331583,-2.23592336022199,66.57
952,0.143885208374993,1.21143958908425,-0.09212568,-2.19246323748413,-2.24271117753878,-2.12522540845517,-2.21744821682455,66.64
953,0.138984012539034,1.21320642129209,-0.09181376,-2.1717442120585,-2.22081006370797,-2.09598197997015,-2.19753553610889,66.71
954,0.134136720770782,1.21494759052234,-0.091543615,-2.14908616349756,-2.19705677284157,-2.06396403426042,-2.17614652494352,66.78
955,0.129347739563655,1.21666163960676,-0.09132685,-2.12441721718381,-2.17140678118599,-2.02908197829456,-2.15324350979417,66.85
956,0.124621634978256,1.21834698650974,-0.091178924,-2.09766827739655,-2.14382007198279,-1.99125872634541,-2.12879049804796,66.92
957,0.119963061052699,1.22000211308805,-0.091119446,-2.06877041087424,-2.11425449104996,-1.95043096635433,-2.1027537335087,66.99
958,0.115376812853097,1.22162556438863,-0.09117219,-2.03765821686969,-2.08266876748431,-1.90655060182009,-2.07510256502444,67.06
959,0.110867749912467,1.22321588557906,-0.09136478,-2.00427664556165,-2.04902719773743,-1.85958630809526,-2.04581050249045,67.13
960,0.106440843949831,1.22477156008531,-0.091727816,-1.96857602282881,-2.01330097664678,-1.80952520491501,-2.01485646139006,67.2
961,0.102101096609975,1.22629094899245,-0.0922936,-1.9305149742551,-1.97546998788417,-1.75637458282135,-1.98222556168877,67.27
962,0.0978535811089343,1.22777229528507,-0.09309436,-1.89006064265013,-1.93551438379803,-1.70016362044605,-1.94790986299227,67.34
963,0.0937033535202978,1.22921392002695,-0.09416013,-1.84718912250992,-1.89341475694963,-1.64094566402816,-1.9119100528262,67.41
964,0.0896554875835798,1.23061422943449,-0.09551648,-1.80189475118797,-1.84915982428567,-1.57880075044895,-1.87423726258943,67.48
965,0.0857149787677183,1.23197165994489,-0.097182244,-1.75419434707136,-1.80275279556181,-1.51383818117774,-1.83491507466118,67.55
966,0.0818867714709562,1.23328462485873,-0.09916786,-1.7041349699524,-1.75421756974237,-1.4461978736937,-1.79398235541077,67.62
967,0.0781756550925516,1.23455152613542,-0.10147312,-1.65180132827432,-1.70360024939717,-1.37604826305866,-1.75149869171085,67.69
968,0.0745862828625395,1.23577095843884,-0.10408492,-1.59731228733801,-1.6509718794002,-1.3035866555472,-1.70754614110613,67.76
969,0.0711230591728735,1.23694172438177,-0.10697447,-1.54081377989176,-1.59643170944868,-1.22904120216855,-1.66223040576199,67.83
970,0.0677901493073705,1.23806278805959,-0.11009496,-1.48247859517597,-1.5401063408257,-1.15267378584745,-1.61568244335533,67.9
971,0.0645912938099786,1.23913323043767,-0.11338067,-1.4225090391941,-1.48215275695973,-1.07478292428876,-1.56806019327544,67.97
972,0.0615296178893035,1.24015227015073,-0.1167523,-1.36114608016541,-1.42276440719853,-0.995706615010365,-1.51955034961571,68.04
973,0.0586076262736778,1.24111947678614,-0.12013256,-1.2986727123152,-1.36217239795917,-0.915824920591993,-1.47037011140581,68.11
974,0.0558270658050386,1.24203479556843,-0.12346933,-1.23541019491023,-1.30064813572728,-0.835562408280695,-1.42076871240373,68.18
975,0.0531889097511313,1.24289851049832,-0.12675296,-1.17171344411059,-1.23850639678436,-0.755373724081634,-1.37101760641875,68.25
976,0.0506932096955277,1.2437112094671,-0.13001429,-1.10796118264594,-1.1761030331142,-0.675677286541415,-1.32136674965528,68.32
977,0.0483391325618142,1.24447375133576,-0.13330878,-1.04451441014918,-1.11381555158164,-0.596841063133227,-1.27203468075075,68.39
978,0.046125055732804,1.24518723495669,-0.13669717,-0.981696344977324,-1.05201747812945,-0.519185859313421,-1.22320939534044,68.46
979,0.0440486567773179,1.24585297010535,-0.14022863,-0.919794713148435,-0.991061229065735,-0.442988321019858,-1.1750491451485,68.53
980,0.0421069978458894,1.24647245028031,-0.14392737,-0.859060901135915,-0.931262869389079,-0.368483638366808,-1.127683599065,68.6
981,0.0402966048232737,1.24704732732189,-0.147782,-0.799711233596774,-0.872900686298646,-0.295868384605224,-1.08121555072583,68.67
982,0.0386135413493138,1.24757938779254,-0.15173809,-0.74192928663072,-0.816217466408601,-0.225303354330538,-1.03572272301339,68.74
983,0.0370534778400164,1.24807053105631,-0.15569556,-0.685868148495837,-0.761422718453505,-0.156916329909234,-0.991259538511864,68.81
984,0.0356117556584842,1.24852274898937,-0.15951289,-0.631652620770446,-0.708694832218101,-0.0908047699789478,-0.947858852943761,68.88
985,0.0342834466002504,1.24893810724937,-0.16301885,-0.579381544668102,-0.658183165692845,-0.0270384151347797,-0.905533649502508,68.95
986,0.0330634078702275,1.24931872802773,-0.16603,-0.529130438290576,-0.6100100536437,0.0343381929284121,-0.864278756336987,69.02
987,0.0319463327386967,1.24966677420644,-0.16837044,-0.480952916590149,-0.564272731890597,0.0933032814926116,-0.824072713718827,69.09
988,0.0309267970720568,1.24998443483845,-0.16988961,-0.434882415599148,-0.521045172620858,0.149855507823958,-0.784879409967215,69.16
989,0.0299993019402404,1.25027391186929,-0.17047475,-0.390934028316297,-0.480379827019234,0.204011711956418,-0.746649613975077,69.23
990,0.0291583125072911,1.25053740801673,-0.17005663,-0.349106260408957,-0.442309272385465,0.255804761316493,-0.709322469222254,69.3
991,0.0283982934143829,1.25077711572449,-0.16860865,-0.3093827051444,-0.406850620061631,0.305281486561512,-0.672826951141978,69.37
992,0.0277137408660263,1.25099520710615,-0.16614136,-0.271733637596864,-0.374018209012993,0.352500770909751,-0.637083099595508,69.44
993,0.0270992116301938,1.25119382479587,-0.16269441,-0.236117528744918,-0.343824385438315,0.397531918227875,-0.602002521005416,69.51
994,0.0265493491619598,1.25137507362305,-0.15832789,-0.202482480583461,-0.316269892304895,0.440452916529495,-0.567489052451297,69.58
995,0.0260589070579066,1.25154101302942,-0.1531144,-0.17076758382235,-0.291342352285775,0.481348721293069,-0.533439972203332,69.65
996,0.025622770045332,1.25169365014838,-0.14713247,-0.140904200142899,-0.269017317971337,0.52030961915501,-0.499747315721444,69.72
997,0.0252359727060219,1.25183493346809,-0.14046183,-0.112817171323266,-0.2492592220401,0.55742966875201,-0.46629917398933,69.79
998,0.0248937161294638,1.25196674700195,-0.13317987,-0.0864259578430348,-0.232022228317269,0.592805215280145,-0.432980978289858,69.86
999,0.0245913826846003,1.25209090489216,-0.1253597,-0.0616457098222971,-0.217250985068064,0.626533475196835,-0.399676775678659,69.93
1000,0.024324549092942,1.25220914637462,-0.11706897,-0.0383882733593457,-0.204881282270968,0.65871118740173,-0.366270499514071,70.0
1001,0.0240889979789247,1.25232313103612,-0.10836957,-0.0165631354933499,-0.194840614973806,0.68943332720096,-0.33264723945455,70.07
1002,0.0238807280660213,1.25243443429744,-0.09931772,0.0039216888541336,-0.187048655177228,0.718791879375422,-0.298694515338925,70.14
1003,0.0236959631792752,1.25254454305932,-0.089964315,0.0231588245144283,-0.181417635006297,0.746874666741554,-0.264303559320531,70.21
1004,0.0235311602066804,1.25265485145106,-0.08035548,0.0412407547841534,-0.177852644227827,0.77376423070664,-0.229370610534281,70.28
1005,0.0233830161632842,1.25276665662536,-0.07053314,0.058259087689007,-0.176251845458035,0.799536760478097,-0.193798226433147,70.35
1006,0.0232484744929911,1.25288115454604,-0.060535617,0.0743038662795902,-0.176506610674906,0.82426106778848,-0.157496614740708,70.42
1007,0.0231247307339117,1.25299943571948,-0.05039818,0.0894629194717182,-0.178501582916588,0.847997604238605,-0.120384989724448,70.49
1008,0.0230092376637077,1.25312248082402,-0.04015349,0.103821250004383,-0.182114667304519,0.870797518642788,-0.0823929562038179,70.56
1009,0.0228997100317856,1.25325115619592,-0.029831901,0.117460456171311,-0.18721695578858,0.892701752078092,-0.0434619243624182,70.63
1010,0.0227941289753799,1.25338620913446,-0.019461725,0.130458184090903,-0.193672590267005,0.913740168694407,-0.003546558039094,70.7
1011,0.0226907462065971,1.25352826299324,-0.009069216,0.14288760740756,-0.201338568995691,0.933930720729853,0.0373837412795666,70.77
1012,0.0225880880473317,1.25367781202918,0.0013216224,0.154816931469158,-0.210064501464906,0.953278646599427,0.0793433130456512,70.84
1013,0.0224849593786593,1.25383521598558,0.0116894115,0.166308919194617,-0.219692317195762,0.971775701377343,0.122328677659902,70.91
1014,0.0223804475608436,1.25400069439036,0.022016196,0.177420436035494,-0.23005593418912,0.989399419478434,0.166316937367683,70.98
1015,0.0222739263694825,1.25417432055579,0.032288447,0.188202011642345,-0.240980893053841,1.00611240985759,0.21126413818451,71.05
1016,0.0221650599825463,1.25435601527149,0.042498454,0.198697416071488,-0.252283963146022,1.02186168458764,0.257103593733908,71.12
1017,0.0220538070421525,1.25454554018781,0.05264605,0.20894324860921,-0.263772727370386,1.03657802224553,0.303744172682953,71.19
1018,0.021940424803847,1.25474249089282,0.06274027,0.218968537547726,-0.275245152630035,1.05017536812939,0.35106855232882,71.26
1019,0.0218254733749436,1.25494628969181,0.07280088,0.22879434952076,-0.286489153260131,1.06255027394939,0.398931441819495,71.33
1020,0.021709820032089,1.25515617810498,0.082858905,0.238433407294804,-0.297282155148138,1.07358138027465,0.447157779492129,71.4
1021,0.021594643596681,1.25537120910525,0.09295509,0.247889715215722,-0.307390668626303,1.08312894568296,0.495540909876965,71.47
1022,0.0214814388350578,1.25559023912521,0.10313492,0.257158191828092,-0.316570069176853,1.09103442724033,0.543840747050759,71.54
1023,0.0213720208385058,1.2558119198693,0.11343813,0.266224309517097,-0.324567072072682,1.09712011764008,0.591781932226866,71.61
1024,0.0212685293260895,1.25603475349339,0.12388138,0.275063931924398,-0.331135771926581,1.10118897208158,0.639052185299375,71.68
1025,0.021173369282583,1.25625733823994,0.13443632,0.283643540248314,-0.336080087441691,1.10302539388605,0.685302194734882,71.75
1026,0.0210889608132971,1.2564784234729,0.14501438,0.291919324902194,-0.339301024168173,1.10239965413055,0.730151758084107,71.82
1027,0.0210176157183238,1.25669690120278,0.15548337,0.299836668258797,-0.340813954291457,1.09908179719341,0.773211015461481,71.89
1028,0.0209612866206796,1.25691179766781,0.1657344,0.30732982959778,-0.340738140262441,1.09286250013631,0.814112026458405,71.96
1029,0.0209215061544259,1.25712226501377,0.17575528,0.314321643784569,-0.33924173286203,1.08357047751816,0.85253145903669,72.03
1030,0.0208993891016953,1.25732757310935,0.18562153,0.32072342674337,-0.336490767652136,1.07107894432263,0.888198370021889,72.1
1031,0.0208956339016925,1.25752710152974,0.19540903,0.326435281221271,-0.33263854983954,1.05530679663279,0.920894267060948,72.17
1032,0.0209105234891594,1.25772033173597,0.20512427,0.331345281777137,-0.32782556758906,1.03621934228737,0.950451814223678,72.24
1033,0.0209439254356967,1.25790683947398,0.21469451,0.335329067251758,-0.322179637943345,1.01382896571288,0.976753586987953,72.31
1034,0.0209952913831427,1.25808628741311,0.22399598,0.338249654432357,-0.315816089439243,0.988195855289789,0.999730946515041,72.38
1035,0.021063655774074,1.25825841804022,0.23289445,0.339957477651481,-0.308838484695892,0.959428856291738,1.0193630376955,72.45
1036,0.021147633900323,1.25842304682235,0.24128325,0.340292946208304,-0.301340386723415,0.927686447101085,1.03567597710802,72.52
1037,0.0212454193063324,1.25858005564783,0.24910487,0.339097559554299,-0.29340409980834,0.893177961580965,1.04874254928162,72.59
1038,0.0213548441186466,1.25872938655281,0.25634885,0.336235301255823,-0.285100446603569,0.856165305632888,1.05868272786308,72.66
1039,0.0214736294070468,1.25887103573789,0.26303262,0.331623745970948,-0.276489070139181,0.816963190874482,1.06566400261349,72.73
1040,0.0215994445472425,1.25900504787692,0.26918045,0.325256209983085,-0.267618749905102,0.775933302123339,1.0698970613654,72.8
1041,0.0217299027086371,1.25913151071838,0.2748114,0.317211518290861,-0.258527729730326,0.733470862283519,1.07162504206461,72.87
1042,0.0218626195930515,1.2592505499774,0.27993628,0.307645671781694,-0.24924405559782,0.689982818715345,1.07110704564022,72.94
1043,0.0219954625520381,1.25936232451537,0.2845601,0.296761473388215,-0.239785921935195,0.645864242089132,1.06860301461426,73.01
1044,0.022126609060957,1.2594670218022,0.2886852,0.2847771321062,-0.230162025310336,0.601485117920337,1.06436498563703,73.08
1045,0.0222545416677602,1.25956485365527,0.2923143,0.271905334194959,-0.220371924836089,0.557186626553198,1.05863375331704,73.15
1046,0.0223780430044909,1.25965605224796,0.29545248,0.258348299489074,-0.21040640895051,0.513282070109225,1.05163852205983,73.22
1047,0.0224961909193617,1.25974086637969,0.29810807,0.24429788956118,-0.200247868586929,0.470058558761807,1.04359712303536,73.29
1048,0.0226083537758398,1.25981955799868,0.30029264,0.229936123177062,-0.189870677082731,0.427778682163992,1.03471627939067,73.36
1049,0.0227141859539098,1.2598923989679,0.30202046,0.215435710616138,-0.179241577495346,0.386682155076615,1.02519191140332,73.43
1050,0.0228136235776188,1.25995966806431,0.30330753,0.200960599917379,-0.168320078299847,0.346987427178687,1.01520947369581,73.5
1051,0.0229068804820988,1.26002164820108,0.3041707,0.186666528464687,-0.157058858732852,0.308893247914229,1.00494431704178,73.57
1052,0.0229944444225328,1.26007862386206,0.3046265,0.172701573660348,-0.145404185323717,0.272580178039853,0.994562067694145,73.64
1053,0.0230770735169297,1.26013087873787,0.30469033,0.159206696747313,-0.133296341413286,0.238212040289619,0.984219017549437,73.71
1054,0.023155792904151,1.26017869355263,0.30437586,0.146316274133779,-0.120670071705842,0.205937302265674,0.974062518834176,73.78
1055,0.0232318915883124,1.26022234407077,0.30369446,0.134158610844484,-0.107455044126905,0.175890385303322,0.96423137735406,73.85
1056,0.023306919430513,1.26026209927295,0.30265516,0.122856430973967,-0.0935763314711989,0.148192893643208,0.954856238687715,73.92
1057,0.0233826842387855,1.26029821969077,0.3012646,0.112527340249144,-0.0789549155179941,0.122954758780233,0.946059962032588,73.99
1058,0.0234612488972187,1.26033095589006,0.29952732,0.103284256020958,-0.0635082164660755,0.100275294347708,0.937957976721536,74.06
1059,0.0235449284653734,1.26036054709263,0.29744595,0.0952358002001505,-0.047150650696831,0.0802441573395085,0.930658616725456,74.13
1060,0.0236362871693912,1.26038721992719,0.29502168,0.0884866508316884,-0.0297942200085236,0.0629422118806212,0.924263428740927,74.2
1061,0.023738135196585,1.26041118730013,0.2922547,0.0831378481653082,-0.0113491355805205,0.0484422921219039,0.918867449731756,74.27
1062,0.0238535251958088,1.26043264737765,0.28914464,0.0792870512314295,0.0082755199838136,0.0368098611744287,0.914559450053249,74.34
1063,0.0239857483765235,1.26045178267105,0.2856911,0.0770287410694799,0.0291710891167297,0.0281035633010268,0.911422138534901,74.41
1064,0.0241383300902544,1.26046875921775,0.281894,0.076454366886224,0.0514285907886187,0.0223756668692917,0.9095323261379,74.48
1065,0.0243150247690224,1.26048372585093,0.27775392,0.0776524315411883,0.0751379235763717,0.0196723958257717,0.908961045033466,74.55
1066,0.0245198100864415,1.2604968135516,0.27327263,0.080708512874936,0.10038701683446,0.0200341476993043,0.909773620174648,74.62
1067,0.0247568801984191,1.26050813487738,0.2684534,0.0857052175055444,0.127260926547122,0.0234955963686451,0.912029690653501,74.69
1068,0.025030637911923,1.26051778346299,0.26330116,0.0927220638337329,0.155840872517456,0.0300856780558372,0.915783178354192,74.76
1069,0.0253456856220052,1.2605258335882,0.25782317,0.101835291107219,0.186203213656493,0.0398274592223676,0.921082201628961,74.83
1070,0.0257068148493643,1.26053233980961,0.2520289,0.113117591517137,0.218418358285204,0.0527378852677568,0.92796893194313,74.9
1071,0.0261189942030846,1.26053733665354,0.2459305,0.126637762420728,0.252549606544215,0.0688274091513758,0.936479391655346,74.97
1072,0.0265873555860479,1.26054083836784,0.23954283,0.142460275923696,0.288651922237241,0.0880994992957774,0.946643191328065,75.04
1073,0.0271171784537118,1.26054283873135,0.23288366,0.160644763201551,0.326770631701796,0.110550026374654,0.958483205196137,75.11
1074,0.0277138719308211,1.26054331092049,0.22597362,0.181245411107746,0.366940047622233,0.136166528858759,0.972015183668098,75.18
1075,0.0283829545848896,1.26054220743321,0.21883616,0.20431026879801,0.409182016065085,0.164927357479929,0.987247301989723,75.25
1076,0.0291300316505163,1.26053946007128,0.21149723,0.229880462311921,0.453504385439595,0.196800699095899,1.00417964447365,75.32
1077,0.029960769494279,1.26053497998279,0.20398492,0.257989315284004,0.49989939655913,0.231743480784497,1.02280362398566,75.39
1078,0.0308808671068249,1.26052865776741,0.19632888,0.288661374224013,0.548341993516147,0.269700155389558,1.04310133668913,75.46
1079,0.03189602440631,1.26052036364783,0.18855956,0.3219113371008,0.598788246231006,0.310601370164776,1.06504485237778,75.53
1080,0.0330119071362696,1.26050994771153,0.18070737,0.357742884303377,0.651174076196985,0.35436252064383,1.08859544108512,75.6
1081,0.0342341081408465,1.26049724022782,0.17280175,0.396147411424077,0.705412762657514,0.400882192386609,1.11370273703848,75.67
1082,0.0355681048017302,1.26048205204591,0.16487014,0.43710266373303,0.761396313156256,0.450040493837337,1.14030384143972,75.74
1083,0.037019212423947,1.26046417508039,0.156937,0.480571272680867,0.819006164349085,0.501697919355245,1.16832274710921,75.81
1084,0.0385925333619822,1.26044338289136,0.14902315,0.526499195285223,0.878106666383689,0.555696398474566,1.19767116720773,75.88
1085,0.0402929016840634,1.26041943136725,0.14114559,0.574814057837635,0.938533042815646,0.611859487816841,1.22824911944732,75.95
1086,0.0421248231804293,1.26039205951871,0.13331771,0.625423405998672,1.00008704315796,0.669990695380259,1.25994412581788,76.02
1087,0.0440924105318043,1.26036099039313,0.12555005,0.678212864052394,1.06253464122416,0.729871341350419,1.29263004794205,76.09
1088,0.0461993134666838,1.26032593211958,0.117851585,0.733044206853981,1.1256038812788,0.791258344044056,1.32616587994426,76.16
1089,0.0484486437512438,1.26028657909469,0.11023144,0.789753348843256,1.18898605685476,0.853882002853956,1.36039450364988,76.23
1090,0.0508428948731349,1.26024261332076,0.10270098,0.84814825540314,1.25234734666775,0.917444549694178,1.39514185612473,76.3
1091,0.0533838563011901,1.26019370590753,0.09527583,0.908006782831397,1.31534304302347,0.98162182941965,1.43021816703082,76.37
1092,0.0560725222264682,1.26013951874987,0.08797759,0.969074454256511,1.37763139997874,1.04606996259374,1.46542159001574,76.44
1093,0.0589090582356168,1.26007970639383,0.080835626,1.03106217997939,1.43887872986133,1.11043757458308,1.50054525164221,76.51
1094,0.0618929529158195,1.260013918104,0.07388805,1.09364501176744,1.49876325632599,1.17437966585867,1.53538632809747,76.58
1095,0.0650229732730585,1.2599418001452,0.067181386,1.15646391120132,1.55698358034244,1.23757027847344,1.56975544250947,76.65
1096,0.0682970510203664,1.25986299829203,0.060768347,1.21912476426154,1.61326364095534,1.29971289196934,1.60348461202138,76.72
1097,0.0717122268209657,1.25977716057962,0.05470369,1.28120507288197,1.66735856504819,1.36054722718141,1.63643165568004,76.79
1098,0.0752647796023671,1.25968394030906,0.04903862,1.34228091511431,1.71905976511435,1.41984967438194,1.66847802062378,76.86
1099,0.0789502234609276,1.25958299932099,0.043814674,1.40196917187117,1.76819453044559,1.47742875308841,1.69952244570539,76.93
1100,0.0827634898911753,1.2594740115505,0.03905853,1.45995829483967,1.8146339032096,1.53312202745695,1.72947866099809,77.0
1101,0.0866991684727769,1.25935666687613,0.03477871,1.51601498978544,1.85830039798456,1.58679518328175,1.75827592020584,77.07
1102,0.0907516791696566,1.25923067527551,0.030965189,1.56997203559746,1.89916547017336,1.63834079557509,1.78585938389258,77.14
1103,0.0949152494094152,1.25909577129934,0.027591875,1.62170912600402,1.93723997570953,1.68767653777975,1.81218959400166,77.21
1104,0.099184013748361,1.25895171887475,0.024621105,1.67113919008527,1.97255895709411,1.73474277320215,1.8372407241663,77.28
1105,0.103551982267536,1.25879831644812,0.02200917,1.71819663921629,2.0051697115551,1.77950048459546,1.86099906825196,77.35
1106,0.108013131997475,1.25863540247641,0.019711792,1.76283129142683,2.03512479155381,1.82192922658682,1.88346170460582,77.42
1107,0.11256136752536,1.25846286127447,0.017688647,1.80500727701225,2.06247752217436,1.86202542004122,1.90463540006302,77.49
1108,0.117190668606974,1.25828062922463,0.015906937,1.84470762601816,2.08728867194111,1.89980098915153,1.92453619845709,77.56
1109,0.121895234459206,1.25808870135285,0.014343132,1.88193964801201,2.10963449313836,1.93528183325273,1.94318867708369,77.63
1110,0.126669434406139,1.25788713827381,0.012983476,1.9167388816044,2.12960901518942,1.96850619643239,1.96062499754726,77.7
1111,0.131507882692646,1.25767607350508,0.011823118,1.94917015249228,2.1473254791025,1.9995235056295,1.97688438524574,77.77
1112,0.136405383605583,1.25745572114812,0.010864268,1.97932103829086,2.16291201846263,2.02839316762113,1.99201252812221,77.84
1113,0.141357001182218,1.25722638393079,0.010113646,2.00729332735609,2.17650482212771,2.05518338654124,2.00606095671156,77.91
1114,0.146357999629421,1.25698846160332,0.009579756,2.03319405627655,2.18824652304667,2.07996987263697,2.01908621318861,77.98
1115,0.151403908716174,1.25674245967606,0.009270514,2.05713279165701,2.19828015320542,2.1028340585603,2.03114823579293,78.05
1116,0.156490460245394,1.25648899848375,0.009191384,2.07921625953921,2.20674177171086,2.12386190013657,2.04230929037456,78.12
1117,0.161613649849909,1.256228822557,0.009344234,2.09954832165149,2.2137597004225,2.14314275036461,2.05263319270881,78.19
1118,0.166769670200808,1.25596281027723,0.009726929,2.1182269099753,2.2194521045447,2.16076849393644,2.06218481921211,78.26
1119,0.17195496985525,1.25569198378671,0.010333312,2.13534598254193,2.22392882052596,2.17683281183878,2.07102971307459,78.33
1120,0.177166183814393,1.25541751912005,0.011153751,2.15099474745554,2.2272922182325,2.19143044550302,2.07923365630217,78.4
1121,0.182400190001309,1.25514075651828,0.012175655,2.16525834378853,2.22963766487044,2.20465632990028,2.08686207813587,78.47
1122,0.187654037712696,1.25486321088045,0.013384212,2.17822010298225,2.23105682619722,2.21660497308791,2.09397967845637,78.54
1123,0.192925002237908,1.25458651878324,0.0147630405,2.1899593532347,2.23163744951478,2.22736988803744,2.1006500096083,78.61
1124,0.198210511683328,1.25431219497404,0.01629476,2.20055359278731,2.23146616735965,2.23704281907186,2.10693463307026,78.68
1125,0.203508200180455,1.25404157938789,0.01796148,2.21007842314799,2.23062879241712,2.24571294990908,2.11289242022047,78.75
1126,0.208815833501335,1.25377584759374,0.01974522,2.21861209929719,2.22921140331875,2.25346628037513,2.11857905837471,78.82
1127,0.21413136124603,1.2535160211004,0.021628108,2.22623516618889,2.22730170989777,2.26038548598516,2.12404695041184,78.89
1128,0.219452841612883,1.25326297747747,0.023592776,2.23302803689992,2.22498732813168,2.26654962193019,2.12934480716116,78.96
1129,0.224778556422766,1.25301746025196,0.025622426,2.23907559252171,2.22235966347742,2.27203360480234,2.13451737518718,79.03
1130,0.230107125915063,1.2527800885474,0.027700951,2.24446552532985,2.21951272812407,2.27690791367841,2.1396052345981,79.1
1131,0.235437432824557,1.2525513664368,0.029813042,2.24928543997018,2.21653892127966,2.28123844419,2.14464466517431,79.17
1132,0.240768673384904,1.25233169198598,0.03194428,2.25362334618972,2.21352793023221,2.28508663993217,2.14966776982651,79.24
1133,0.246100281226854,1.25212136596786,0.03408108,2.25756347291874,2.21056544570782,2.2885096446245,2.15470266344466,79.31
1134,0.251431978276414,1.25192060023264,0.036210835,2.26118699167254,2.20773708718966,2.29156021860762,2.15977353535734,79.38
1135,0.256763698600161,1.25172952572215,0.03832179,2.26456665735473,2.2051264826851,2.29428654453501,2.16490013970014,79.45
1136,0.262095639282835,1.25154820012047,0.040403176,2.26776222340249,2.20281035802346,2.29673172969512,2.1700969033299,79.52
1137,0.267428184265338,1.25137661513561,0.042445194,2.2708222816783,2.200854507158,2.29893319368604,2.17537215868585,79.59
1138,0.272761955210181,1.25121470341006,0.044439036,2.27378363222654,2.19930873501805,2.30092282906326,2.18072826327478,79.66
1139,0.278097671786845,1.25106234506058,0.04637692,2.27667396123236,2.1982106158064,2.30272755242195,2.18616228786954,79.73
1140,0.283436011909788,1.2509193738495,0.048252117,2.27951293483729,2.19758459889404,2.30436973654696,2.19166651110425,79.8
1141,0.288777662458131,1.25078558299242,0.050058976,2.28231501071255,2.19744649681154,2.30586777667587,2.19722941927844,79.87
1142,0.29412324285825,1.25066073060822,0.05179285,2.28508570921522,2.19780033308096,2.30723653594488,2.20283638591741,79.94
1143,0.299473355577682,1.25054454481961,0.053450048,2.2878206808222,2.19864044356467,2.30848785986904,2.20847009504171,80.01
1144,0.304828509432332,1.25043672851305,0.05502782,2.29050572760045,2.1999470167199,2.30963077817616,2.21411064518196,80.08
1145,0.310189169758567,1.25033696376863,0.05652428,2.2931196844348,2.20169069855889,2.31067196520827,2.21973616053915,80.15
1146,0.315555681356437,1.25024491597109,0.05793842,2.29563876312852,2.20383330526259,2.3116159503954,2.22532327485959,80.22
1147,0.320928318260838,1.25016023761409,0.05926992,2.29803708811882,2.20633188567327,2.31246565021271,2.23084806052208,80.29
1148,0.326307206253085,1.25008257181048,0.060519144,2.30029231730298,2.20913946565094,2.31322284033374,2.23628651446244,80.36
1149,0.331692435695552,1.25001155552169,0.06168706,2.30239336355522,2.21221047925922,2.31388875842135,2.24161542758503,80.43
1150,0.337084174128283,1.24994682252006,0.06277517,2.3043405629219,2.2155079031658,2.31446451989212,2.24681344801511,80.5
1151,0.342482588067894,1.24988800609759,0.063785374,2.30614521343507,2.21900364798608,2.31495141012299,2.25186144981024,80.57
1152,0.347887891595441,1.24983474153536,0.06471989,2.30782740471967,2.22267620964488,2.31535098953719,2.25674277960913,80.64
1153,0.353300267652552,1.24978666834741,0.06558117,2.30940686594051,2.22650685221236,2.31566532911252,2.26144357250053,80.71
1154,0.358719916112209,1.24974343231297,0.06637182,2.31089959860387,2.23047794361305,2.31589705865826,2.26595243904146,80.78
1155,0.36414697454285,1.24970468731087,0.067094505,2.31232200848301,2.23457452474785,2.31604935481866,2.27026022265851,80.85
1156,0.369581565732748,1.24967009696948,0.06775197,2.31368735510575,2.23878307843155,2.31612586870277,2.27435976434962,80.92
1157,0.375023717895041,1.24963933614548,0.068346955,2.31500690431251,2.24308502150156,2.31613052950149,2.27824561151806,80.99
1158,0.380473411623317,1.24961209224419,0.06888227,2.3162884152239,2.24745476602478,2.31606766858368,2.28191430639862,81.06
1159,0.385930499522308,1.24958806639391,0.06936072,2.31753361267978,2.25185917439715,2.31594176521687,2.28536430150415,81.13
1160,0.391394752589017,1.24956697448607,0.06978512,2.31873915468476,2.25625910801838,2.31575706782346,2.2885955657433,81.2
1161,0.396865779275528,1.24954854809274,0.07015826,2.31989404423283,2.26061116523916,2.31551728115942,2.29160938941895,81.27
1162,0.402343134835332,1.2495325352721,0.07048295,2.32098352158082,2.26486910191348,2.31522550981129,2.29440826107306,81.34
1163,0.407826430411831,1.24951870127238,0.070761956,2.32199289495769,2.26898887434911,2.31488426731496,2.29699575261065,81.41
1164,0.413315251329744,1.24950682914355,0.07099798,2.32290889654399,2.27293152620159,2.31449548725948,2.29937641260898,81.48
1165,0.418809202197331,1.24949672026593,0.0711937,2.32372193075453,2.27666468319402,2.31406053627987,2.30155566767651,81.55
1166,0.424307824760872,1.24948819480397,0.071351714,2.32442362568576,2.28016183139722,2.31358029238383,2.30353973168883,81.62
1167,0.429810642601081,1.24948109209257,0.0714745,2.32500356273888,2.28339918975295,2.3130554791152,2.30533558621386,81.69
1168,0.435317078614553,1.24947527096309,0.071564466,2.3254547125362,2.28635799064857,2.31248693792605,2.30695109540821,81.76
1169,0.440826562891528,1.24947061001488,0.07162395,2.32577595360452,2.28902899350863,2.31187552113557,2.30839481048813,81.83
1170,0.446338640455696,1.24946700783796,0.07165514,2.32597408778102,2.29141288023868,2.31122230414788,2.30967609866193,81.9
1171,0.451852888331568,1.24946438319122,0.07166019,2.32606706737164,2.29351812083335,2.31052860874705,2.31080508804892,81.97
1172,0.457368959549829,1.24946267514032,0.071641065,2.32607788970816,2.29535986617371,2.30979577390936,2.31179236470962,82.04
1173,0.462886500032466,1.24946184315799,0.07159963,2.32602436697709,2.296958152698,2.30902524575092,2.31264892955155,82.11
1174,0.468405192445493,1.2494618671895,0.071537524,2.3259144253237,2.29833770504634,2.30821905007716,2.3133862241516,82.18
1175,0.473924672958402,1.2494627476844,0.07145614,2.32574566221187,2.29952412739861,2.3073796311802,2.31401520877952,82.25
1176,0.479444574997048,1.24946450559564,0.07135667,2.32551113081451,2.30054042073555,2.30650956495564,2.31454538145134,82.32
1177,0.484964445929477,1.2494671823459,0.07124018,2.32520296704502,2.30140471432867,2.30561152735893,2.31498469037929,82.39
1178,0.490483854291801,1.2494708397603,0.07110756,2.32481417706399,2.30213156078186,2.30468839106608,2.31534008538245,82.46
1179,0.496002497015112,1.24947555996401,0.0709596,2.32434055462366,2.30273482485165,2.30374351375467,2.31561794572971,82.53
1180,0.501520116113655,1.24948144524231,0.07079698,2.3237785362822,2.30322918010267,2.30278083678281,2.31582438414734,82.6
1181,0.507036542438941,1.2494886178601,0.07062028,2.32312032855075,2.30362805323075,2.30180492117443,2.31596523619063,82.67
1182,0.512551612435262,1.24949721983679,0.070429966,2.32235558084346,2.30393947643356,2.30082104779749,2.31604592530212,82.74
1183,0.51806521197767,1.24950741267206,0.07022644,2.32146956859131,2.30416670734323,2.29983544507926,2.31607183852029,82.81
1184,0.523577193224286,1.24951937701697,0.07001009,2.32044862155505,2.30430796306292,2.29885519942621,2.31604832337017,82.88
1185,0.529087418561913,1.24953331228442,0.0697813,2.31928752582713,2.30435863466627,2.2978882927414,2.3159810679529,82.95
1186,0.534595677576221,1.24954943619183,0.06954052,2.31799057907049,2.30431490239881,2.29694281399133,2.31587591125026,83.02
1187,0.540101794644861,1.24956798422872,0.06928826,2.31657258751971,2.30417945043775,2.29602623378216,2.31573852805811,83.09
1188,0.5456057366053,1.24958920904071,0.06902505,2.31505935994469,2.30396502557864,2.29514505923446,2.31557430592103,83.16
1189,0.551107529947837,1.24961337972099,0.06875144,2.31348255300944,2.30368999602035,2.29430480535521,2.31538809625976,83.23
1190,0.556607305128157,1.24964078099977,0.06846807,2.31187572707505,2.3033741036796,2.29350996506681,2.31518415708062,83.3
1191,0.56210521392409,1.24967171232124,0.068175584,2.3102704044138,2.30304012602876,2.29276385064599,2.31496622356361,83.37
1192,0.567601473906169,1.24970648679744,0.0678746,2.30869263672831,2.3027110296568,2.29206894158759,2.31473776988513,83.44
1193,0.573096285941879,1.24974543002736,0.06756575,2.3071635743148,2.30240775970359,2.29142754820929,2.31450214453861,83.51
1194,0.578589878799878,1.24978887876966,0.06724964,2.30570238439265,2.30214607634309,2.29084209219472,2.31426276957542,83.58
1195,0.584082426772189,1.24983717945632,0.06692689,2.30432071962718,2.30193300920419,2.29031468639268,2.31402295900757,83.65
1196,0.58957409438024,1.24989068653455,0.06659812,2.30302480633589,2.30176616859542,2.28984696656057,2.3137858008724,83.72
1197,0.595064954083748,1.24994976062377,0.06626398,2.30181543358712,2.30163584975144,2.28943985737988,2.31355391227839,83.79
1198,0.600555031060778,1.25001476647411,0.06592518,2.30068965406525,2.301524531105,2.28909339972016,2.31332938490835,83.86
1199,0.606044220981861,1.25008607071269,0.06558247,2.29964533999473,2.3014127230686,2.28880619448744,2.31311373032517,83.93
1200,0.611532398370311,1.25016403936386,0.06523665,2.29867773253985,2.30127922647476,2.28857509824439,2.31290769796362,84.0
1201,0.617019524996486,1.25024903512937,0.06488858,2.29778126015337,2.30110253437925,2.2883954247316,2.31271147390001,84.07
1202,0.622505567754534,1.25034141441463,0.0645391,2.29694900382191,2.300861154878,2.28826101722316,2.31252475222165,84.14
1203,0.627990543616185,1.25044152408716,0.06418906,2.29617215960878,2.30053495186639,2.28816431893187,2.31234674250707,84.21
1204,0.633474437588491,1.25054969795366,0.0638393,2.29544089616882,2.30010572603313,2.28809669577222,2.31217617694726,84.28
1205,0.638957247749472,1.25066625294266,0.06349054,2.29474203423208,2.29955608407442,2.28804882121166,2.31201138065637,84.35
1206,0.644438903287876,1.25079148497984,0.06314346,2.29406377492718,2.29887263108868,2.28801106001812,2.31185053225684,84.42
1207,0.649919309621712,1.25092566454414,0.06279869,2.29340029982396,2.29805005679422,2.28797378773837,2.31169173369012,84.49
1208,0.655398266523909,1.25106903189328,0.062456798,2.29275249552339,2.29709128864723,2.28792745571677,2.31153307987728,84.56
1209,0.660875576851797,1.25122179194852,0.0621183,2.2921300750488,2.29600733261681,2.28786259257646,2.31137291885725,84.63
1210,0.666351155331825,1.25138410882948,0.061783597,2.29154950636162,2.29481673798813,2.28776980604522,2.31120985784371,84.7
1211,0.671824946850755,1.2515561000312,0.061452992,2.29102209449644,2.29354265318498,2.28763997604274,2.31104264230087,84.77
1212,0.677296971849706,1.25173783023737,0.06112662,2.29054803287458,2.29220950451617,2.28746502049694,2.31087047975847,84.84
1213,0.682767244748781,1.25192930476511,0.06080439,2.29012207655125,2.29084202828086,2.28723809089885,2.3106926015599,84.91
1214,0.688235819476103,1.25213046263899,0.06048612,2.2897360375381,2.28946316178957,2.28695357901385,2.31050788831734,84.98
1215,0.693702708026325,1.25234116929415,0.060171448,2.28938375553337,2.28809142755676,2.28660718908434,2.31031494021647,85.05
1216,0.699167926121175,1.25256120891076,0.059859917,2.28905939767337,2.28674479684443,2.28619620277419,2.31011259221319,85.12
1217,0.704631411897191,1.25279027638515,0.05955094,2.28875575699537,2.28544124997441,2.28571949238728,2.30989998491296,85.19
1218,0.710093071694655,1.25302796894579,0.059243836,2.28846490003027,2.28419812883206,2.28517734598228,2.30967638173243,85.26
1219,0.715552698875714,1.25327377742584,0.058937844,2.28817601879536,2.28303148773205,2.2845716125758,2.30944124052534,85.33
1220,0.721010083268361,1.25352707720764,0.058632143,2.28787963417013,2.28195175791527,2.28390559575543,2.30919396803365,85.4
1221,0.726465120687903,1.25378711885864,0.05832591,2.28756659066977,2.28096455416687,2.28318420378094,2.30893456403798,85.47
1222,0.731917731987677,1.25405301848266,0.05801834,2.28722571761366,2.28007122407837,2.28241378438023,2.30866382133702,85.54
1223,0.737367909236087,1.25432374781497,0.05770865,2.28684917668231,2.27926977492184,2.28160196164644,2.30838327211012,85.61
1224,0.742815634948625,1.25459812409517,0.057396103,2.28643387236565,2.27855833770835,2.28075709368447,2.3080949441518,85.68
1225,0.748260928449738,1.25487479975682,0.057080038,2.28598318133304,2.27793640459578,2.27988785886767,2.3078012445139,85.75
1226,0.753703765290863,1.25515225197927,0.056759857,2.28550881027661,2.27740790489466,2.27900290687049,2.30750465288615,85.82
1227,0.759144123798471,1.25542883567144,0.056435052,2.28502782764281,2.27698065707904,2.27811051062993,2.30720741518108,85.89
1228,0.764581904678685,1.25570302698228,0.0561052,2.28455988678804,2.2766634035082,2.27721821890836,2.30691149130467,85.96
1229,0.770017041272394,1.25597347628811,0.05576994,2.28412584677717,2.27646735109848,2.27633263618175,2.30661856647195,86.03
1230,0.775449609908396,1.25623899775142,0.055428963,2.28374315323293,2.27640523056515,2.275459710678,2.30633006247428,86.1
1231,0.780879749800857,1.25649855902131,0.055082012,2.28342153550761,2.2764898428874,2.27460521271932,2.30604727587107,86.17
1232,0.786307710081275,1.25675127112069,0.05472879,2.28316429157649,2.27673044103903,2.27377533962042,2.30577189712487,86.24
1233,0.791733769885268,1.25699637855982,0.054369066,2.28296645823705,2.27712732763085,2.27297693877056,2.305506148405,86.31
1234,0.797158285559279,1.25723324970988,0.05400263,2.28282060112958,2.27767095648006,2.27221760273598,2.30525266703139,86.38
1235,0.802581610902178,1.25746136746576,0.05362933,2.28271472621288,2.27834337847105,2.27150493741736,2.30501400743766,86.45
1236,0.808004144502777,1.25768032022185,0.05324915,2.28263736688076,2.27912057113626,2.27084601927402,2.30479246025976,86.52
1237,0.813426250085372,1.25788979318087,0.05286215,2.28258222492167,2.27997749466353,2.27024672373568,2.30458974382446,86.59
1238,0.818848303922731,1.25808956001134,0.052468516,2.28254760184036,2.28088945984286,2.26971105157362,2.30440663147072,86.66
1239,0.82427061522827,1.25827947486574,0.052068554,2.28253481300719,2.28183508093528,2.2692407706039,2.3042426416779,86.73
1240,0.829693473587671,1.25845946476813,0.051662702,2.28254488600632,2.28279509771939,2.26883537257272,2.30409604504749,86.8
1241,0.835117069343767,1.25862952237672,0.051251423,2.2825740513018,2.28375043401945,2.26849221811958,2.30396418815646,86.87
1242,0.840541540998249,1.25878969912436,0.050835244,2.28261393243315,2.28468279642442,2.26820718742943,2.30384381675373,86.94
1243,0.845966895548567,1.25894009873703,0.050414737,2.28265275180893,2.28557228781007,2.26797532852202,2.30373120784303,87.01
1244,0.851393119347833,1.25908087112876,0.04999047,2.28268015666899,2.28640105600604,2.26779099518321,2.30362242836815,87.08
1245,0.856820288931212,1.25921220666875,0.049563054,2.2826926167449,2.28716088223195,2.26764791935575,2.30351340304809,87.15
1246,0.862248491253051,1.25933433081513,0.049133074,2.28269329620087,2.28785346715698,2.26753953579686,2.30339998206713,87.22
1247,0.867677870924945,1.25944749910825,0.04870113,2.28269453036107,2.28848728952374,2.26745924164677,2.30327813581189,87.29
1248,0.873108550377023,1.25955199251474,0.048267815,2.28271420504973,2.28907599173636,2.26740014652718,2.30314376866389,87.36
1249,0.878540677011564,1.25964811311272,0.04783369,2.28276356087503,2.28963600543294,2.26735494860815,2.30299272366934,87.43
1250,0.883974343269864,1.2597361801076,0.047399156,2.28283868092635,2.29018316246357,2.26731688968436,2.30282116879747,87.5
1251,0.889409633681339,1.25981652616671,0.046964493,2.28292372836261,2.29073051381747,2.26728102731103,2.30262611086954,87.57
1252,0.894846544816969,1.25988949406091,0.04652987,2.28299608864992,2.29128551387244,2.26724474443387,2.30240527507899,87.64
1253,0.900285032218439,1.25995543360032,0.04609531,2.28303265479735,2.29185076170961,2.267207814291,2.30215711243969,87.71
1254,0.905724930228735,1.26001469885119,0.04566086,2.28301401696817,2.2924269653156,2.26717233827866,2.30188106228624,87.78
1255,0.911166062318983,1.26006764562065,0.045226473,2.28292814528364,2.29301431744325,2.26714236623417,2.3015775617352,87.85
1256,0.916608351361612,1.26011462919577,0.044792134,2.28276835801713,2.2936148873543,2.26712326257709,2.3012478021289,87.92
1257,0.922051739300292,1.26015600232346,0.044357847,2.2825280528722,2.2942307563846,2.2671213898248,2.30089367707601,87.99
1258,0.927496233812695,1.26019211341761,0.04392364,2.282201792929,2.29486024744987,2.26714417279867,2.30051773148858,88.06
1259,0.932941827893913,1.26022330498011,0.04348952,2.28178487120753,2.29549929899234,2.26719965401862,2.30012292098784,88.13
1260,0.938388546434846,1.26024991222244,0.043055564,2.28127478405752,2.29614118694187,2.26729630222825,2.29971249917614,88.2
1261,0.943836365721447,1.26027226187482,0.04262196,2.28067607447111,2.29677891410737,2.26744256559691,2.29928971507032,88.27
1262,0.949285259928441,1.26029067117005,0.042188965,2.2799999068644,2.29740779001749,2.26764604224196,2.29885751113012,88.34
1263,0.954735120534081,1.26030544698978,0.041756943,2.27926370871286,2.29802661349771,2.26791322053216,2.29841847583378,88.41
1264,0.960185866250022,1.26031688516092,0.041326392,2.27849297472866,2.29863974482199,2.26824915369914,2.29797479661478,88.48
1265,0.965637552914185,1.26032526989066,0.040897902,2.27771754716348,2.29925498598985,2.26865713203028,2.29752802250606,88.55
1266,0.971090292793465,1.26033087332877,0.04047215,2.27696929480729,2.29988355730976,2.26913860652646,2.29707901752077,88.62
1267,0.976544300887252,1.26033395524624,0.04004982,2.27627953807909,2.30054197943583,2.26969336389992,2.29662804119229,88.69
1268,0.981999814153128,1.26033476282015,0.039631665,2.27567704475207,2.30124868282591,2.27032033396682,2.29617508327733,88.76
1269,0.987457137721131,1.26033353051464,0.039218426,2.27518837365091,2.3020206795683,2.27101807665978,2.29572019853575,88.83
1270,0.99291656401318,1.26033048004859,0.038810886,2.27483859614843,2.3028708050442,2.27178494869803,2.29526358751149,88.9
1271,0.998378418830623,1.26032582044122,0.0384099,2.27464483574129,2.30380432194301,2.272618695895,2.29480561386742,88.97
1272,1.00384298032441,1.26031974812703,0.038016338,2.27461869497532,2.30481742690375,2.27351648746483,2.29434682178504,89.04
1273,1.00931052491003,1.26031244713208,0.037631128,2.27476638979328,2.30589683385075,2.27447469370971,2.29388788989633,89.11
1274,1.01478124604232,1.26030408930431,0.03725529,2.27509008438054,2.3070207517638,2.27548872479015,2.29342939469048,89.18
1275,1.02025529991404,1.26029483459065,0.036889832,2.27558985459655,2.30816487793839,2.27655274016166,2.2929717644821,89.25
1276,1.02573272399673,1.26028483135455,0.03653586,2.27625884823065,2.30930095789894,2.27765960996606,2.29251536040078,89.32
1277,1.03121348249224,1.26027421672772,0.0361945,2.27708599729503,2.31039737715949,2.27880112860002,2.29206074790367,89.39
1278,1.03669738461927,1.26026311699055,0.035866886,2.27805415056198,2.31141988034952,2.27996816313869,2.29160884120301,89.46
1279,1.0421841933294,1.26025164797579,0.035554115,2.27914290048251,2.3123330540902,2.28115118155583,2.29116117466012,89.53
1280,1.04767373390353,1.26023991549084,0.03525722,2.28032670438161,2.31310098695427,2.28234065293704,2.29071998351692,89.6
1281,1.05316581188175,1.26022801575422,0.03497712,2.28157134960847,2.31368888637361,2.28352751060223,2.2902883479798,89.67
1282,1.05866025792605,1.26021603584204,0.034714647,2.28284311882289,2.31406609848232,2.28470393257195,2.28987071816246,89.74
1283,1.06415684554933,1.26020405414099,0.034470465,2.2841145864784,2.3142118660911,2.28586355045863,2.28947305754486,89.81
1284,1.06965533579138,1.26019214080443,0.03424511,2.2853685721945,2.31411880796172,2.28700159522786,2.28910273181457,89.88
1285,1.07515539477647,1.26018035820852,0.034038924,2.2866008237051,2.31379272274287,2.28811472599735,2.28876807934568,89.95
1286,1.08065670175441,1.26016876140591,0.033852093,2.2878136807614,2.31324973414663,2.28920111372295,2.28847842525938,90.02
1287,1.08615905708187,1.26015739857441,0.03368459,2.28901329685824,2.31251579512534,2.29026014471364,2.28824358597049,90.09
1288,1.09166229959972,1.26014631145868,0.033536125,2.2902013355643,2.31162359599325,2.29129199812083,2.28807324497902,90.16
1289,1.09716635100731,1.26013553580296,0.03340621,2.29137244757058,2.31060700256048,2.29229716094671,2.2879757549068,90.23
1290,1.10267113316526,1.26012510177345,0.033294093,2.29251676618766,2.30949823158727,2.29327575353097,2.287957254677,90.3
1291,1.10817661240457,1.26011503436874,0.033198863,2.29362488073897,2.30832299839693,2.29422723716803,2.28802122856101,90.37
1292,1.11368271677045,1.26010535381734,0.03311943,2.29468823763891,2.30710462415417,2.29515082144486,2.28816914204653,90.44
1293,1.11918938027696,1.2600960759612,0.033054575,2.29569890766017,2.30586458865458,2.29604555502093,2.28840069346423,90.51
1294,1.1246964601007,1.26008721262457,0.03300299,2.29664884675467,2.30462213199213,2.29691035395396,2.28871406242659,90.58
1295,1.13020378079073,1.26007877196749,0.03296323,2.29752763443875,2.30339493688129,2.29774415816308,2.2891059010148,90.65
1296,1.13571105142576,1.26007075882358,0.032933787,2.29832415265613,2.30219555534058,2.29854577144004,2.28957119482011,90.72
1297,1.14121797331855,1.26006317502161,0.032913182,2.29902712402362,2.30103323390107,2.29931402023519,2.29010375619047,90.79
1298,1.1467243477221,1.26005601969098,0.03289987,2.29962457339839,2.29991503907232,2.30004778663309,2.29069652412951,90.86
1299,1.15222999299314,1.26004928955064,0.032892354,2.30010888264453,2.29884564752067,2.30074604259927,2.29134154404495,90.93
1300,1.15773478881323,1.26004297918192,0.032889128,2.30047797476383,2.29783183495159,2.30140813961474,2.29203064391172,91.0
1301,1.16323859340033,1.26003708128496,0.032888755,2.3007358035995,2.29688620089632,2.30203409966138,2.29275560029703,91.07
1302,1.16874128778992,1.26003158691933,0.032889873,2.3008963414113,2.29602892226941,2.30262465350705,2.29350817566877,91.14
1303,1.17424269311664,1.2600264857288,0.03289116,2.30098077414576,2.29528404168714,2.30318121684496,2.29428040841151,91.21
1304,1.17974267849423,1.26002176615086,0.032891445,2.30101438277596,2.29467791202368,2.30370586777794,2.2950649017882,91.28
1305,1.1852412689443,1.26001741561114,0.032889586,2.30102438029348,2.29423808129854,2.30420138911259,2.29585492159353,91.35
1306,1.19073856282267,1.26001342070343,0.032884553,2.30103546395841,2.29399509412045,2.30467143890208,2.29664449333582,91.42
1307,1.19623477633537,1.26000976735549,0.032875303,2.30106733753923,2.29397672807059,2.3051203409825,2.2974278640183,91.49
1308,1.20173016106638,1.26000644098149,0.032860953,2.30113725150597,2.29420088871255,2.30555306703129,2.29819928152865,91.56
1309,1.20722504858328,1.26000342662122,0.032840747,2.30125631763183,2.29467503851188,2.30597547350158,2.2989536635241,91.63
1310,1.21271976803697,1.26000070906706,0.032814056,2.30143319033219,2.29539275824574,2.30639422157475,2.29968675861967,91.7
1311,1.21821469081737,1.25999827297888,0.03278049,2.30167253762744,2.29633322082509,2.30681606231612,2.30039505414637,91.77
1312,1.22371014817826,1.25999610298775,0.032739937,2.30197293826142,2.29746256148133,2.30724686789527,2.30107549416033,91.84
1313,1.22920647589161,1.25999418378889,0.032692492,2.30233036610713,2.29873981288002,2.30769104380527,2.30172532543123,91.91
1314,1.23470393184451,1.25999250022441,0.03263844,2.30273601911412,2.30012080048887,2.3081510042681,2.30234181745346,91.98
1315,1.24020274064046,1.25999103735661,0.032578237,2.3031759246313,2.30155593455122,2.30862728232827,2.30292217417906,92.05
1316,1.24570301112082,1.2599897805322,0.03251253,2.30363143218395,2.30299307962189,2.30911857583838,2.30346351054036,92.12
1317,1.25120478087246,1.25998871543817,0.03244205,2.30408180108616,2.304385122426,2.30962185635292,2.30396289386875,92.19
1318,1.25670793364316,1.25998782814976,0.03236757,2.30450799432377,2.30569220405374,2.31013292209046,2.30441757735644,92.26
1319,1.26221230725639,1.25998710517114,0.032289933,2.30489196280755,2.30688408086489,2.31064695044638,2.30482517159746,92.33
1320,1.26771780147364,1.25998653346934,0.032209985,2.30522336220809,2.3079422980148,2.31115930428703,2.30518413542242,92.4
1321,1.27322429525431,1.25998610050185,0.032128565,2.30550284135102,2.3088610969256,2.31166570294448,2.30549388741154,92.47
1322,1.27873169101007,1.25998579423851,0.032046493,2.30574012402733,2.3096461046226,2.31216226623588,2.30575479221777,92.54
1323,1.28423983178389,1.25998560317806,0.031964563,2.30595164809513,2.31031061460799,2.31264574926278,2.30596814875953,92.61
1324,1.28974854543217,1.25998551635994,0.03188354,2.30615763448034,2.31087206334042,2.31311358702565,2.30613618026906,92.68
1325,1.29525756174146,1.25998552337158,0.031804126,2.30637509194975,2.31135073442862,2.31356381249562,2.30626196262853,92.75
1326,1.30076662007964,1.25998561435182,0.031726934,2.30661107618964,2.31176586247553,2.31399472120451,2.30634897331701,92.82
1327,1.30627557703537,1.25998577999066,0.03165247,2.30686465054756,2.31212977100969,2.31440460002305,2.30640026085393,92.89
1328,1.31178432349972,1.25998601152592,0.031581126,2.30712916371123,2.31244950806749,2.31479183778635,2.30641818738958,92.96
1329,1.31729282878851,1.2599863007369,0.031513248,2.30739751212391,2.31272537135353,2.31515478264615,2.30640429969842,93.03
1330,1.32280105773503,1.25998663993567,0.0314491,2.30766149476339,2.31295673975684,2.31549191787885,2.30635977311571,93.1
1331,1.32830901482913,1.25998702195609,0.0313889,2.30790951630037,2.31314295210068,2.31580184806288,2.30628547557783,93.17
1332,1.33381666132946,1.25998744014088,0.031332802,2.30812924488926,2.31328272666236,2.31608309568341,2.30618171523964,93.24
1333,1.33932395942347,1.25998788832718,0.03128086,2.30830601483108,2.31337364593643,2.316334216367,2.30604811626706,93.31
1334,1.34483078936213,1.25998836083057,0.031233117,2.30842548607041,2.31340961058239,2.31655366113508,2.30588349575684,93.38
1335,1.35033699364551,1.25998885242808,0.031189594,2.30847452680872,2.31338407544282,2.31673995739883,2.3056863134653,93.45
1336,1.35584229418943,1.25998935834022,0.031150255,2.30844190773838,2.31329233488094,2.31689176412381,2.30545474161052,93.52
1337,1.36134640007227,1.25998987421223,0.031115122,2.30832147617089,2.31312955470964,2.31700786473849,2.30518654536171,93.59
1338,1.36684911531624,1.25999039609485,0.031084193,2.3081138088006,2.3128945233111,2.31708722487497,2.30487959982709,93.66
1339,1.37235025615811,1.25999092042471,0.031057488,2.30782539055006,2.31259327840376,2.31712917850642,2.30453221788113,93.73
1340,1.37784969540985,1.25999144400443,0.031035075,2.30747217948035,2.31223994170201,2.31713323437119,2.30414297131785,93.8
1341,1.38334727984186,1.25999196398265,0.031017024,2.30707853786679,2.31185279215918,2.3170990743771,2.30371076761746,93.87
1342,1.38884287466835,1.25999247783413,0.031003455,2.30667095717216,2.31145231024333,2.31702680752291,2.30323530941757,93.94
1343,1.39433628106608,1.25999298333994,0.030994458,2.30627515102867,2.31106081145082,2.31691703471804,2.30271698394978,94.01
1344,1.39982734432507,1.25999347856786,0.030990163,2.30591651523766,2.31070379531623,2.31677078801441,2.30215675412048,94.08
1345,1.40531606208232,1.25999396185315,0.030990677,2.30561671269284,2.31040570443012,2.31658928070936,2.30155586066602,94.15
1346,1.41080250208835,1.25999443177969,0.030996094,2.30539362339226,2.31018225214929,2.31637384939306,2.30091558942182,94.22
1347,1.41628684709971,1.25999488716157,0.031006554,2.3052591326023,2.31003922700573,2.31612602437598,2.30023754828894,94.29
1348,1.42176931282052,1.25999532702518,0.031022208,2.30521761484,2.30997192951917,2.31584779196357,2.29952400921791,94.36
1349,1.4272501929607,1.25999575059187,0.031043269,2.30526886082267,2.30996587638149,2.31554160388855,2.29877806107226,94.43
1350,1.43272977732829,1.25999615726117,0.031069973,2.30540458553302,2.31000023311352,2.31521019734347,2.29800389087673,94.5
1351,1.43820839701926,1.25999654659468,0.031102592,2.30561280909648,2.31004959294654,2.3148567336696,2.29720687573811,94.57
1352,1.44368634261933,1.25999691830055,0.031141376,2.30587848686989,2.31008962882249,2.31448468393005,2.29639354879705,94.64
1353,1.44916390948002,1.25999727221867,0.031186553,2.30618623289775,2.31009975944507,2.31409796939563,2.29557131196907,94.71
1354,1.45464131598313,1.25999760830649,0.031238327,2.3065233587735,2.31006556158837,2.31370078514367,2.29474814930183,94.78
1355,1.46011874885729,1.25999792662552,0.03129683,2.3068773847694,2.30997934146909,2.31329748773242,2.29393246770513,94.85
1356,1.4655962814638,1.25999822732852,0.031362128,2.3072365987342,2.30983734128387,2.31289235623642,2.29313255660253,94.92
1357,1.47107398263766,1.25999851064743,0.031434223,2.30759544174931,2.30963948844505,2.31248954407098,2.29235630137263,94.99
1358,1.47655202552489,1.2599987768818,0.031513046,2.30795462151106,2.30939403784478,2.31209309440574,2.29161134082153,95.06
1359,1.48203060585717,1.25999902638809,0.03159846,2.30831957420589,2.30911738878741,2.31170689197211,2.29090484264416,95.13
1360,1.48750998725042,1.25999925956947,0.031690255,2.30870203875005,2.30882888572119,2.31133448759221,2.290243277696,95.2
1361,1.49299041944532,1.2599994768663,0.031788174,2.30911737502846,2.30855038402918,2.31097930343043,2.2896326374329,95.27
1362,1.49847218355452,1.2599996787473,0.03189191,2.30958124625807,2.30830422829303,2.31064471068299,2.28907852260457,95.34
1363,1.5039555102325,1.25999986570118,0.032001037,2.31010560139279,2.30811307220945,2.31033404309295,2.28858616649114,95.41
1364,1.50944062483211,1.26000003822901,0.032115072,2.31069147977631,2.30800134875358,2.31005041912524,2.2881601383953,95.48
1365,1.51492766546445,1.26000019683709,0.032233424,2.31133375504064,2.30798848082741,2.30979605508296,2.28780309200714,95.55
1366,1.52041672802829,1.26000034203031,0.03235541,2.31202301836581,2.30808799613514,2.30957233942111,2.28751552754957,95.62
1367,1.52590778412926,1.26000047430617,0.03248036,2.3127493016543,2.3083086709209,2.30937990595037,2.28729612297525,95.69
1368,1.53140078947836,1.26000059414921,0.032607567,2.31350319465917,2.30865458963898,2.30921870587761,2.28714218956396,95.76
1369,1.53689579221459,1.26000070202597,0.03273634,2.31427187921623,2.30912818540655,2.30908826921418,2.28705012493107,95.83
1370,1.54239285059713,1.26000079838044,0.032865927,2.31504087911221,2.30972774958265,2.30898777444087,2.28701510132443,95.9
1371,1.54789207765839,1.2600008836299,0.032995656,2.31579441199247,2.3104443013224,2.3089161170028,2.28703132323776,95.97
1372,1.55339355874135,1.26000095816129,0.033124927,2.31651472496858,2.31126251756173,2.30887216722041,2.28709266396746,96.04
1373,1.55889739599139,1.26000102232795,0.03325317,2.3171847337909,2.31216248432466,2.30885490006468,2.28719310966292,96.11
1374,1.56440362572516,1.26000107644674,0.03337989,2.31778767791256,2.31312284159261,2.30886365091264,2.28732707461952,96.18
1375,1.56991226274707,1.26000112079566,0.03350472,2.31831077913526,2.31412030451166,2.3088982432467,2.2874895880416,96.25
1376,1.57542321753766,1.26000115561171,0.03362735,2.31874890278558,2.31513299342172,2.3089592423964,2.28767686063513,96.32
1377,1.58093640390654,1.26000118108927,0.033747625,2.31910352151536,2.31614522338842,2.30904801773492,2.28788665954934,96.39
1378,1.58645184655688,1.26000119737871,0.033865485,2.31938625563201,2.31714778330068,2.30916667682714,2.28811836477222,96.46
1379,1.59196959800864,1.26000120458546,0.03398102,2.31962152728755,2.31813751624088,2.30931768092182,2.28837289762033,96.53
1380,1.59748978247268,1.26000120276937,0.034094434,2.31984070584446,2.31911620148145,2.30950326874708,2.28865245782826,96.6
1381,1.60301251259933,1.26000119194444,0.03420595,2.32007149111739,2.32008937342038,2.30972545074121,2.28896051383417,96.67
1382,1.60853793317144,1.2600011720789,0.034315813,2.32033650743668,2.32106634776579,2.30998657363366,2.28930198265896,96.74
1383,1.61406613766307,1.26000114309559,0.034424283,2.32065272304246,2.32205605568446,2.31028962955507,2.28968296406061,96.81
1384,1.61959721173307,1.26000110487275,0.03453156,2.32103194802498,2.32306205206701,2.31063805551106,2.29011040988905,96.88
1385,1.62513114957557,1.26000105724511,0.03463788,2.32148374405013,2.32407993704573,2.3110357218106,2.29059217304097,96.95
1386,1.63066789719869,1.26000100000536,0.034743417,2.32201039188304,2.32509776231255,2.31148717283659,2.29113743574905,97.02
1387,1.63620726855741,1.26000093290594,0.03484838,2.32260903378476,2.32609535721695,2.31199767537998,2.29175662764458,97.09
1388,1.64174905213573,1.26000085566128,0.03495292,2.32327279679263,2.32704879991853,2.31257320140109,2.29246159546638,97.16
1389,1.64729311742905,1.26000076795027,0.035057105,2.32398753050462,2.32793234859353,2.3132204085358,2.29326557938726,97.23
1390,1.65283933077843,1.26000066941929,0.035160977,2.32473635520572,2.32872151766897,2.31394655460082,2.2941828684703,97.3
1391,1.65838759815511,1.26000055968551,0.035264436,2.32550249306924,2.32939558504595,2.31475921880772,2.29522838882623,97.37
1392,1.66393778082573,1.26000043834067,0.0353673,2.32627501991005,2.32993997585882,2.31566621052207,2.29641735096714,97.44
1393,1.66948973797667,1.26000030495523,0.035469253,2.32704953475922,2.3303471261376,2.31667553824227,2.2977651463454,97.51
1394,1.67504324222838,1.26000015908305,0.035569843,2.32782336656135,2.33061970155307,2.31779531146372,2.2992871113877,97.58
1395,1.6805980856381,1.26000000026642,0.03566849,2.32859821245157,2.33076829521631,2.31903338456809,2.30099771380939,97.65
1396,1.68615418564362,1.25999982804166,0.035764437,2.32938239491993,2.33081141722317,2.32039699650506,2.30291030396325,97.72
1397,1.69171150039954,1.25999964194518,0.035856828,2.33018816445048,2.33077567942927,2.32189266004347,2.30503692252474,97.79
1398,1.69727007110249,1.25999944152001,0.035944596,2.33103224122405,2.33069280826708,2.32352604624268,2.30738765585787,97.86
1399,1.70282993723247,1.25999922632293,0.036026575,2.33193527615516,2.33059570775832,2.32530173685958,2.3099703008293,97.93
1400,1.70839117878333,1.25999899593209,0.036101434,2.33291368822173,2.33052074912992,2.32722328910636,2.31279059276232,98.0
1401,1.71395383140669,1.25999874995522,0.036167633,2.33397073735259,2.33050599576509,2.32929278684325,2.31585134475072,98.07
1402,1.71951792854061,1.25999848803843,0.03622346,2.33509801156279,2.33058409174421,2.33150987807358,2.31915056163799,98.14
1403,1.72508341644761,1.25999820987556,0.036267042,2.33628205616617,2.33078156349607,2.33387125144546,2.32268043412203,98.21
1404,1.73065025975365,1.25999791521818,0.036296498,2.33751061923253,2.33111437035672,2.3363706152956,2.32642734010501,98.28
1405,1.73621854693402,1.25999760388618,0.036309887,2.33877368635495,2.33159132694228,2.33899917936131,2.3303728535858,98.35
1406,1.74178840519125,1.25999727577902,0.036305346,2.34006248111376,2.33221536077964,2.34174600421245,2.33449449123759,98.42
1407,1.74736004231472,1.25999693088759,0.036281075,2.34136706681018,2.33298177911055,2.34459828225457,2.338766324405,98.49
1408,1.75293366144296,1.25999656930668,0.036235347,2.34267172407875,2.33388021421285,2.34754155071823,2.34315939385523,98.56
1409,1.75850950279509,1.2599961912482,0.036166597,2.34395782311975,2.33489281573877,2.35055971008449,2.3476415471577,98.63
1410,1.76408775828952,1.25999579705486,0.036073387,2.3452032659475,2.33599739251389,2.35363516608998,2.35217771609315,98.7
1411,1.76966861311535,1.25999538721467,0.03595446,2.34638447010864,2.33717029593853,2.35674877833177,2.35672987309364,98.77
1412,1.77525216017465,1.2599949623759,0.035808764,2.34748241914449,2.33838758489324,2.3598797431799,2.36125692212406,98.84
1413,1.78083844146341,1.25999452336272,0.03563549,2.34848687343557,2.33962815711607,2.36300553876482,2.36571490656663,98.91
1414,1.78642736231309,1.25999407119138,0.03543417,2.34939797990405,2.34087611664811,2.36610205986999,2.37005747215435,98.98
1415,1.79201879608446,1.25999360708691,0.035204615,2.35022610669496,2.34212098072897,2.36914362599445,2.37423614199635,99.05
1416,1.79761268876101,1.25999313250041,0.034946974,2.35098647283145,2.3433538847096,2.37210311757818,2.37820053249695,99.12
1417,1.80320897289055,1.25999264912665,0.034661736,2.35169244711285,2.34456461281363,2.37495192377541,2.38189851201445,99.19
1418,1.80880760847029,1.25999215892222,0.03434969,2.35235202553287,2.34574002677046,2.37765982984683,2.38527605010501,99.26
1419,1.81440849670348,1.25999166412387,0.03401198,2.35296843950849,2.34686567123798,2.38019484526183,2.38827675933913,99.33
1420,1.82001152070391,1.25999116726723,0.033650104,2.35353574794444,2.34792013946849,2.3825228466263,2.39084144934545,99.4
1421,1.82561645907762,1.25999067120564,0.033265863,2.3540414180379,2.34887039369317,2.38460748128715,2.39290807634493,99.47
1422,1.83122302646091,1.25999017912903,0.032861464,2.35446192095967,2.34967178866357,2.38641033291457,2.39441209043137,99.54
1423,1.83683078694874,1.25998969458286,0.032439444,2.35476264921335,2.35026740053474,2.38789090581677,2.39528629370139,99.61
1424,1.84243919449909,1.25998922148682,0.03200268,2.35489599527386,2.35058863186987,2.38900655648857,2.39546091039872,99.68
1425,1.84804750625546,1.25998876415328,0.031554412,2.35480108635463,2.35055544345077,2.389712437456,2.39486336348503,99.75
1426,1.85365482288303,1.2599883273053,0.031098165,2.35440981397156,2.35008104291407,2.38996145504243,2.39341820492744,99.82
1427,1.85926000187243,1.25998791609399,0.03063785,2.35364791780751,2.34907474490072,2.38970417924734,2.39104707543257,99.89
1428,1.86486169791995,1.25998753611519,0.030177712,2.35244249628105,2.34744643600823,2.38888864401431,2.38766856946517,99.96
1429,1.8704582763536,1.25998719342505,0.029722363,2.35072356049066,2.34511048834384,2.38746048440329,2.38319845316868,100.03
1430,1.87604791724917,1.25998689455452,0.029276779,2.34842465226585,2.34198690193988,2.38536277746129,2.37754960310336,100.1
1431,1.88162871974257,1.25998664652232,0.028846396,2.34548240195177,2.33799974280603,2.38253603349418,2.37063211364225,100.17
1432,1.88719861605154,1.25998645684631,0.028437065,2.34183350401819,2.33307592856594,2.37891827639042,2.36235344930754,100.24
1433,1.89275541287225,1.25998633355292,0.028055193,2.33741374977932,2.32714671476563,2.37444508822668,2.35261839139914,100.31
1434,1.89829670615532,1.25998628518429,0.027707791,2.33216102519851,2.32014902629543,2.36904949347963,2.34132897299749,100.38
1435,1.90381992341951,1.25998632080291,0.027402675,2.32601503509482,2.31202339709276,2.36266206641105,2.32838446948843,100.45
1436,1.90932223962021,1.25998644999344,0.027148576,2.3189185835281,2.30271334795039,2.35521107362226,2.31368151186272,100.52
1437,1.91480068426405,1.25998668286129,0.026955402,2.31081920580011,2.29216391803339,2.34662252738631,2.2971145807021,100.59
1438,1.92025224932096,1.25998703002759,0.026834311,2.30166200757487,2.2803243702298,2.33682059712057,2.27857669423265,100.66
1439,1.92567380749073,1.25998750262028,0.026797911,2.29138197057024,2.26714637037521,2.32572761959481,2.25795934168475,100.73
1440,1.9310621585317,1.25998811226082,0.02686027,2.27990601696181,2.25257961137056,2.31326383780168,2.23515198362973,100.8
1441,1.93641394969659,1.25998887104608,0.027036872,2.2671586736679,2.23657002906343,2.29934744311804,2.21004226676582,100.87
1442,1.94172572447174,1.25998979152502,0.027344307,2.2530692431532,2.21905730885786,2.28389517787019,2.1825168938455,100.94
1443,1.94699384567347,1.25999088666974,0.027799645,2.23756885969325,2.19998032364785,2.26682362845417,2.15246378820613,101.01
1444,1.95221454710756,1.25999216984026,0.028419433,2.220587152146,2.17927487978283,2.24805000532405,2.11977346109686,101.08
1445,1.9573838598563,1.25999365474275,0.029218253,2.20205334328395,2.15687184026155,2.22749285765217,2.08434028476864,101.15
1446,1.96249766741102,1.2599953553805,0.030207086,2.1818912442872,2.13269664390817,2.20507297988571,2.04606418363949,101.22
1447,1.96755163572703,1.25999728599724,0.031391483,2.1600188817567,2.10666787298396,2.18071406866843,2.00485198532767,101.29
1448,1.97254127243231,1.25999946101229,0.03277,2.13635034644955,2.07870217671451,2.15434370480866,1.96061926109919,101.36
1449,1.97746186128078,1.26000189494681,0.03433322,2.11080424962708,2.04871716936039,2.12589415504768,1.91329183352857,101.43
1450,1.98230852609569,1.26000460234088,0.0360637,2.0833109139396,2.01663808617379,2.09530363156799,1.86280771680253,101.5
1451,1.98707617030854,1.26000759766062,0.0379371,2.05381449079181,1.98240146737583,2.0625176942218,1.809119301925,101.57
1452,1.99175960987229,1.26001089519492,0.039924186,2.02227699387016,1.94595898538895,2.02749048023486,1.75219572565575,101.64
1453,1.9963537091866,1.2600145089412,0.04199372,1.98868075741402,1.90728211642031,1.99018601752427,1.6920254884975,101.71
1454,2.00085332967645,1.26001845247964,0.044115562,1.95302576362755,1.86636143339578,1.95057981392733,1.62861875122721,101.78
1455,2.00525340881262,1.26002273883536,0.04626372,1.91532685788438,1.8232049041122,1.90866034259013,1.56200969150455,101.85
1456,2.00954891569532,1.26002738032808,0.048418634,1.87561186804046,1.77783881553439,1.86443055147724,1.49225911071155,101.92
1457,2.01373493746836,1.26003238840865,0.050568957,1.83391929341171,1.73030751281554,1.81790939743182,1.41945671803739,101.99
1458,2.01780664268079,1.2600377734821,0.052712116,1.79030248588969,1.68067652537533,1.7691332776278,1.34372340706988,102.06
1459,2.02175937585779,1.2600435447167,0.05485443,1.7448344144792,1.62903171017684,1.71815773879337,1.26521377553364,102.13
1460,2.02558862939003,1.2600497098387,0.057010114,1.69760627823069,1.57547853841358,1.66505933576978,1.18411920114414,102.2
1461,2.02929021051182,1.26005627491227,0.0592001,1.64872841275886,1.52014393604387,1.60993763727808,1.10067095951809,102.27
1462,2.03286041298329,1.26006324410459,0.061450332,1.59832719853286,1.46317425877061,1.5529175030001,1.01514356738338,102.34
1463,2.03629600307954,1.26007061943553,0.06379009,1.54654616064111,1.40473701886358,1.49415124705302,0.927858024658998,102.41
1464,2.0395943376209,1.26007840051212,0.06624996,1.49355189039243,1.34502737453237,1.43382081012259,0.839185071959844,102.48
1465,2.0427533600926,1.26008658424739,0.06885847,1.43953531898706,1.28427111801698,1.37213993443594,0.749548451272369,102.55
1466,2.0457717290287,1.26009516456389,0.07163812,1.38471951615968,1.22273107845844,1.30934528240503,0.659409481206339,102.62
1467,2.04864882466381,1.26010413208186,0.07460452,1.32936498683857,1.16071178590295,1.24565502159073,0.569196217067803,102.69
1468,2.05138488797769,1.26011347379221,0.07776625,1.27376972598934,1.09855679676377,1.18126029130583,0.479288336028893,102.76
1469,2.05398097456292,1.2601231727149,0.08112559,1.21825068282625,1.03661446859657,1.11632762870744,0.390020572843921,102.83
1470,2.05643885034381,1.26013320754303,0.08467916,1.16311799296655,0.975200373534185,1.05100135837551,0.301686080693938,102.9
1471,2.05876089262541,1.26014355227329,0.08841903,1.10866356290854,0.914590764380616,0.985405748459407,0.214539577344297,102.97
1472,2.06094999640605,1.26015417582372,0.09233389,1.05515567416029,0.855024722860068,0.919647054915727,0.128800583015166,103.04
1473,2.06300948586336,1.26016504163966,0.09641015,1.00282441500255,0.796706467997933,0.853815449088177,0.0446564861633659,103.11
1474,2.0649430309039,1.26017610728909,0.10063323,0.951859653087129,0.739807624951623,0.787987396234723,-0.0377342536182098,103.18
1475,2.06675456865053,1.26018732404882,0.104988866,0.902413028633315,0.684469446493903,0.722228163957568,-0.118238899781986,103.25
1476,2.06844822972776,1.26019863648302,0.109464325,0.854599895788407,0.630804980593832,0.656594330568786,-0.196747299666363,103.32
1477,2.07002826919583,1.26020998201616,0.11404971,0.80850120636094,0.57890117869826,0.591136290888332,-0.27316881707355,103.39
1478,2.07149900197638,1.26022129050222,0.11873906,0.764165331517865,0.528820940391799,0.52590075730229,-0.347429340803293,103.46
1479,2.07286474260799,1.26023248379279,0.12353131,0.72160981834966,0.48060509110888,0.46093325414476,-0.419468372614432,103.53
1480,2.0741297491675,1.26024347530653,0.12843081,0.680823270003966,0.434274290488014,0.396280603607414,-0.489236197458282,103.6
1481,2.07529817119306,1.2602541696032,0.13344713,0.641769127225362,0.389830869800084,0.331993401425767,-0.556691138306727,103.67
1482,2.07637400144699,1.26026446196532,0.13859425,0.604393384304775,0.347260597652025,0.26812841702365,-0.621796897487554,103.74
1483,2.07736103136057,1.26027423799127,0.14388886,0.56862722115241,0.30653437386514,0.204750725616717,-0.684520049650961,103.81
1484,2.0782628100088,1.26028337320378,0.14934747,0.534381504647515,0.2676098520603,0.141935824172044,-0.744827814803128,103.88
1485,2.07908266998967,1.26029173267814,0.15498327,0.501546881922429,0.23043299204878,0.0797719828043176,-0.802685731583851,103.95
1486,2.0798239471092,1.26029917069488,0.16080277,0.470002073236498,0.194939543632101,0.0183625746422765,-0.858055359089374,104.02
1487,2.08049001263301,1.26030553042216,0.16680323,0.439627764295575,0.161056463861671,-0.0421720003244505,-0.910892199124318,104.09
1488,2.08108424501406,1.26031064363321,0.17297164,0.410325784958288,0.128703270197418,-0.101693309518197,-0.961144348508462,104.16
1489,2.08161000448663,1.26031433046513,0.1792859,0.382038624310145,0.0977933323408702,-0.160046329205238,-1.00875232777283,104.23
1490,2.08207061039817,1.26031639922508,0.18571776,0.354751182945102,0.0682351058016752,-0.217066069649814,-1.05365135859409,104.3
1491,2.08246932115088,1.260316646251,0.19223647,0.328482767968286,0.0399333104909588,-0.272588437078616,-1.09577615573949,104.37
1492,2.08280931662688,1.2603148558341,0.19881217,0.303273968198551,0.0127900578235169,-0.326462035711458,-1.13506690207011,104.44
1493,2.08309368297266,1.26031080021078,0.20541824,0.279161930029046,-0.013294070047628,-0.37855672381491,-1.17147386831287,104.51
1494,2.08332539962186,1.26030423963233,0.212033,0.256174775519418,-0.0384189851400715,-0.428764292642409,-1.20495750392492,104.58
1495,2.08350732843888,1.26029492252099,0.21864067,0.23433048856094,-0.0626840989124857,-0.476997370994541,-1.23548762150227,104.65
1496,2.08364220486967,1.26028258572163,0.22523193,0.213637282680267,-0.0861873640946433,-0.523187702863412,-1.26304224790966,104.72
1497,2.08373263099087,1.26026695485844,0.23180388,0.19409443349719,-0.109024349294823,-0.56728430964981,-1.28760646088345,104.79
1498,2.08378107035299,1.26024774480691,0.2383603,0.175693067370508,-0.131287850805312,-0.609251730122148,-1.3091713389889,104.86
1499,2.0837898445185,1.2602246602913,0.2449115,0.158416906253927,-0.153068546114591,-0.649068467108118,-1.32773308902601,104.93
1500,2.08376113120106,1.26019739661866,0.2514745,0.142242969095976,-0.174452620400164,-0.686725896354495,-1.34329247826628,105.0
1501,2.08369696391724,1.26016564056051,0.25807276,0.127142230399689,-0.195520427746436,-0.722226876158743,-1.35585419055743,105.07
1502,2.08359923306791,1.26012907139393,0.26473537,0.113080236813797,-0.216345675663474,-0.755584312184203,-1.36542623330782,105.14
1503,2.08346968837174,1.26008736211382,0.27149457,0.100017682857322,-0.236994621701318,-0.786819804396708,-1.37201945869504,105.21
1504,2.08330994257871,1.26004018082865,0.27838206,0.0879109470875378,-0.257525279355766,-0.815962375638144,-1.37564719879561,105.28
1505,2.08312147639694,1.2599871923522,0.2854242,0.0767125902054882,-0.277986630745602,-0.843047281022931,-1.37632501422525,105.35
1506,2.08290564457141,1.25992806000382,0.29263836,0.0663718167584215,-0.298417843855295,-0.868114897058345,-1.37407055578299,105.42
1507,2.08266368305796,1.25986244762995,0.30003247,0.0568349022443786,-0.318847492481387,-0.891209689152004,-1.36890353850631,105.49
1508,2.08239671724108,1.25979002185995,0.30760717,0.0480455875516532,-0.339292777394749,-0.9123792559749,-1.36084582746617,105.56
1509,2.08210577114816,1.25971045460871,0.3153591,0.0399454427786335,-0.359758747634714,-0.931673448990864,-1.34992163454889,105.63
1510,2.08179177761734,1.25962342583897,0.32328236,0.032474202575484,-0.380237521284488,-0.949143565344229,-1.33615782539063,105.7
1511,2.08145558937989,1.25952862659579,0.3313676,0.0255700752324765,-0.400707505540353,-0.964841612210719,-1.31958433553966,105.77
1512,2.08109799102141,1.25942576232522,0.33959845,0.0191700278096875,-0.421132616380003,-0.978819640661694,-1.30023469482062,105.84
1513,2.08071971178938,1.25931455648913,0.3479471,0.0132100496614093,-0.441461498657904,-0.991129147063473,-1.2781466587553,105.91
1514,2.08032143921697,1.25919475448717,0.35637027,0.0076253967555615,-0.461626748007774,-1.00182054003217,-1.25336294575985,105.98
1515,2.07990383353533,1.25906612789665,0.364807,0.0023508192264363,-0.481544136514509,-1.01094267098423,-1.22593207867205,106.05
1516,2.07946754284801,1.25892847903971,0.37317953,-0.0026792253735784,-0.501112035284641,-1.01854242636554,-1.19590932897851,106.12
1517,2.07901321904226,1.25878164588669,0.38139892,-0.0075303706376822,-0.520211227684756,-1.02466444321757,-1.16335782540296,106.19
1518,2.0785415344124,1.25862550730315,0.3893765,-0.0122681491871539,-0.538703592677695,-1.02935107333272,-1.1283499517796,106.26
1519,2.07805319897033,1.25845998864657,0.3970394,-0.0169578073725625,-0.556431187252836,-1.03264221318684,-1.09096865068553,106.33
1520,2.0775489784175,1.25828506771745,0.40434614,-0.0216641242973396,-0.573215542664826,-1.03457512507338,-1.05130875710319,106.4
1521,2.07702971275095,1.25810078106757,0.41129547,-0.0264512326782177,-0.588856989948843,-1.0351843114376,-1.00947842246106,106.47
1522,2.0764963354745,1.25790723066616,0.41792464,-0.0313824390749065,-0.603134021518408,-1.034501440992,-0.965600625428997,106.54
1523,2.0759498933825,1.25770459092265,0.42429554,-0.0365200410459702,-0.61580269645937,-1.03255532529829,-0.919814765337504,106.61
1524,2.07539156688088,1.25749311606195,0.4304744,-0.0419251388193434,-0.626596288521495,-1.02937194460948,-0.87227833352428,106.68
1525,2.07482269080508,1.2572731478457,0.43651232,-0.0476574391045269,-0.635225376662103,-1.024974585392,-0.823168657283627,106.75
1526,2.07424477569008,1.25704512362961,0.44243225,-0.053775048719041,-0.641379849232292,-1.01938421557398,-0.772684710406457,106.82
1527,2.07365952944129,1.25680958474393,0.44822487,-0.0603342557550697,-0.644750808563793,-1.01262054125954,-0.721049555207186,106.89
1528,2.07306887934864,1.25656718518025,0.45385185,-0.0673894866284982,-0.645082169488906,-1.00470869854779,-0.668516901958302,106.96
1529,2.07247493086029,1.25631870056403,0.45925367,-0.0749936274212306,-0.642212200643816,-0.995696152996122,-0.615385588299987,107.03
1530,2.07187973600544,1.25606503738776,0.4643588,-0.0831971829959358,-0.636094219904627,-0.985669896773798,-0.562012695160544,107.1
1531,2.07128518898033,1.25580724247522,0.46909133,-0.0920477963173918,-0.626798419061633,-0.97476168251343,-0.508808391789014,107.17
1532,2.07069279474566,1.25554651264226,0.4733777,-0.101589935503338,-0.61450498246198,-0.963132270882069,-0.456213512620489,107.24
1533,2.07010362815737,1.25528414099548,0.47715166,-0.111864556235216,-0.599487734768581,-0.950949486765841,-0.40466671048442,107.31
1534,2.06951835653661,1.25502127278667,0.48035643,-0.122908737836505,-0.582087866440907,-0.938374623821134,-0.354580225119553,107.38
1535,2.0689372621193,1.2547588518863,0.4829452,-0.134755291460048,-0.562676075188115,-0.925557699230987,-0.306331428024284,107.45
1536,2.06836026435967,1.25449763079571,0.48488104,-0.147432338973593,-0.541617465816608,-0.912636725142328,-0.260262251689092,107.52
1537,2.06778694207695,1.25423818064347,0.48613587,-0.160962861295807,-0.519257678456886,-0.899738069219576,-0.216680518091667,107.59
1538,2.06721655544805,1.25398090113722,0.48668927,-0.17536421511394,-0.495921719860974,-0.88697694627465,-0.175861628970579,107.66
1539,2.06664806786223,1.25372603044902,0.4865272,-0.190647807665916,-0.471914813494268,-0.874457909117241,-0.138050225024498,107.73
1540,2.06608016766574,1.25347365501907,0.48564067,-0.206819119482994,-0.447523286956109,-0.862275334231287,-0.103461740011399,107.8
1541,2.06551128983583,1.25322371926856,0.48402452,-0.223876550213535,-0.42301548509104,-0.850513898289909,-0.0722838404145966,107.87
1542,2.06493963763403,1.25297603521833,0.4816766,-0.241810802326461,-0.398642697872461,-0.839249041909049,-0.0446777424565713,107.94
1543,2.0643632042981,1.25273029201541,0.47859725,-0.260612742574227,-0.374640092826018,-0.828547417409626,-0.0207793992989538,108.01
1544,2.06377979484112,1.25248606537446,0.47478893,-0.280299523371412,-0.351227642409879,-0.818467381228959,-0.0007007428342389,108.08
1545,2.06318704803389,1.25224282694607,0.4702567,-0.300901225937672,-0.32861103738338,-0.809059718993421,0.0154685169740589,108.15
1546,2.06258245865433,1.25199995362784,0.46500868,-0.32244410315491,-0.306982577775109,-0.800368346949845,0.0276594287375342,108.22
1547,2.06196340009367,1.25175673683841,0.45905685,-0.344945856098623,-0.286522033605346,-0.792430733741579,0.0358229932967496,108.29
1548,2.06132714741466,1.25151239177815,0.45241815,-0.368413161421044,-0.267397468028802,-0.785278231408315,0.0399294453490652,108.36
1549,2.06067090096191,1.25126606670342,0.4451153,-0.392839733927025,-0.249766016041202,-0.778936377698201,0.039967878996976,108.43
1550,2.05999181062795,1.2510168522442,0.43717757,-0.418205241693389,-0.233774612339584,-0.77342516849544,0.0359460913157866,108.5
1551,2.05928700088166,1.25076379079763,0.4286414,-0.444474375274182,-0.219560662343212,-0.768759299388355,0.0278905808394759,108.57
1552,2.05855359666737,1.25050588603191,0.41955015,-0.471595881217419,-0.207252650771184,-0.764948375614447,0.0158467006665296,108.64
1553,2.05778875028423,1.25024211253711,0.40995365,-0.499501561244596,-0.196970682535404,-0.76199708982071,-0.0001210348226611,108.71
1554,2.05698966935515,1.24997142566066,0.39990717,-0.528105239053253,-0.188826951049927,-0.759905367272423,-0.0199284913706841,108.78
1555,2.05615364599366,1.24969277156676,0.3894696,-0.557301697347856,-0.18292612937553,-0.758668478330451,-0.0434713068290498,108.85
1556,2.05527808727501,1.24940509755919,0.3787017,-0.586965588390095,-0.179365679921161,-0.758277118198988,-0.0706241369367033,108.92
1557,2.05436054711439,1.24910736270786,0.367664,-0.616950322085788,-0.178236078712313,-0.758717454124097,-0.101239758874061,108.99
1558,2.05339875965098,1.24879854881897,0.3564152,-0.647087126947569,-0.179620950508672,-0.759971140396617,-0.135148037373164,109.06
1559,2.05239067423084,1.24847767178849,0.34501076,-0.67718448008208,-0.183597111323236,-0.762015301686981,-0.172154759002624,109.13
1560,2.05133449207471,1.24814379337764,0.3335026,-0.70702689634086,-0.190234515155593,-0.764822485411199,-0.212040341119731,109.2
1561,2.05022870470869,1.24779603344788,0.32193965,-0.736377974867753,-0.199596102011727,-0.768360647518508,-0.254558422897654,109.27
1562,2.04907207070759,1.2474335826909,0.31036913,-0.764993427902463,-0.211737544545204,-0.772593363302568,-0.299434473843397,109.34
1563,2.04786340377151,1.24705571588734,0.29883868,-0.792646006322574,-0.22670689092301,-0.77748020093766,-0.346365191426544,109.41
1564,2.04660155329546,1.24666180572478,0.2873982,-0.819156423853703,-0.244544101796659,-0.782978211903543,-0.395020667359347,109.48
1565,2.04528545044035,1.24625133720262,0.2761021,-0.844404753967333,-0.265280479550144,-0.789046953533963,-0.445053272221646,109.55
1566,2.04391409271173,1.24582385912922,0.26501146,-0.868335264004871,-0.288937988304714,-0.79565856973819,-0.496115176502664,109.62
1567,2.04248634005027,1.24537874569412,0.25419563,-0.890949419030549,-0.315528463493177,-0.802812359706271,-0.547881091197415,109.69
1568,2.0410009035844,1.24491514924511,0.24373262,-0.912290995729633,-0.345052710170735,-0.810549452789343,-0.600067030884122,109.76
1569,2.0394564000518,1.24443201725739,0.23370643,-0.932439122501903,-0.377499489617713,-0.818962889118038,-0.652441427486363,109.83
1570,2.03785140841977,1.24392811000849,0.22420178,-0.951502003015443,-0.412844394208561,-0.828202469142214,-0.70483222602785,109.9
1571,2.0361844652385,1.24340201899877,0.21529834,-0.969627326911049,-0.451048610984203,-0.838470874997018,-0.757131178012208,109.97
1572,2.03445387174431,1.24285218616486,0.20706567,-0.987006496800978,-0.492057574865015,-0.850015059677447,-0.809287716735334,110.04
1573,2.03265769388099,1.2422769239395,0.19955976,-1.0038830829436,-0.535799512992501,-0.86311238820348,-0.861296166287266,110.11
1574,2.03079382826688,1.24167443621692,0.19282125,-1.02055425546797,-0.582183882287865,-0.878048282007728,-0.913178128289041,110.18
1575,2.02886000714411,1.24104284028824,0.18687558,-1.03735489485631,-0.631099702972889,-0.895089548338871,-0.964964492988981,110.25
1576,2.02685361535286,1.2403801898148,0.18173392,-1.05463815297859,-0.682413791515653,-0.914464944343799,-1.01668342586141,110.32
1577,2.02477170052957,1.23968449891141,0.17739454,-1.07273974833597,-0.735968897239612,-0.936354744300767,-1.06835362990287,110.39
1578,2.02261104959149,1.23895376741328,0.17384396,-1.09195882135546,-0.791581938241594,-0.960887141723477,-1.11998110407706,110.46
1579,2.02036826810118,1.23818600740232,0.17105803,-1.11255381261769,-0.849042533176272,-0.988137096709141,-1.17155704703072,110.53
1580,2.01803986263287,1.23737927106869,0.16900302,-1.13474153819989,-0.908110311451522,-1.01812540050606,-1.22305588956918,110.6
1581,2.01562232626958,1.23653167998342,0.16763693,-1.15869640340031,-0.968512724867669,-1.05081763685485,-1.27443332920225,110.67
1582,2.01311222736346,1.23564145585592,0.1669109,-1.18454955603195,-1.02994851487703,-1.08612310283861,-1.32562436774754,110.74
1583,2.01050630169263,1.23470695284794,0.16677102,-1.21238797264257,-1.09210967656819,-1.12389426222469,-1.37654154424754,110.81
1584,2.00780154814456,1.23372669151142,0.16716048,-1.24225347267035,-1.15470268460674,-1.16392844976068,-1.42707431846671,110.88
1585,2.00499532804983,1.2326993944129,0.16802166,-1.27414165722472,-1.21745635255007,-1.20597386462711,-1.47709075163898,110.95
1586,2.0020854682801,1.23162402350039,0.16929811,-1.30800077090736,-1.28011830574768,-1.24974062295653,-1.52644218737159,111.02
1587,1.99907030469152,1.23049981926149,0.17093599,-1.34373048684663,-1.34244471503578,-1.2949148463512,-1.57496985788895,111.09
1588,1.99594853895923,1.22932634171174,0.17288466,-1.38118061692631,-1.40418654035461,-1.34117185921026,-1.62251176975862,111.16
1589,1.99271928997834,1.2281035132421,0.17509694,-1.42014975104048,-1.46508887200163,-1.38818558489308,-1.66890847769901,111.23
1590,1.98938221284344,1.22683159982344,0.17752925,-1.46038402166246,-1.52489721771959,-1.43563694784729,-1.71400902297636,111.3
1591,1.98593762192112,1.22551100353418,0.18014118,-1.50157777992975,-1.58335562788714,-1.48322231037149,-1.75767729650391,111.37
1592,1.98238655450912,1.22414224751319,0.1828954,-1.54338330699059,-1.64021623222653,-1.53065935186058,-1.79979667272639,111.44
1593,1.97873064803288,1.2227260262859,0.18575723,-1.58544170423563,-1.69524609661125,-1.5776909102161,-1.8402729194477,111.51
1594,1.97497214833323,1.22126325792469,0.18869421,-1.62742665454484,-1.74824512937649,-1.62408571634211,-1.87903443525019,111.58
1595,1.97111373139017,1.2197551380168,0.19167596,-1.66906562461604,-1.79905821348917,-1.66963692078177,-1.91603089791049,111.65
1596,1.96715832895389,1.218203131886,0.1946739,-1.71014391975104,-1.84758036527369,-1.71416000928107,-1.95123146988196,111.72
1597,1.96310914853768,1.21660877798527,0.19766125,-1.75049077571934,-1.89375479853561,-1.75749087739822,-1.98462313444023,111.79
1598,1.95896957006826,1.21497368351723,0.20061314,-1.78996718671076,-1.93756167494867,-1.79948470638828,-2.01620967182548,111.86
1599,1.954743173146,1.21329958518651,0.20350707,-1.82845750855483,-1.97900484756974,-1.84001501143926,-2.0460109582918,111.93
1600,1.95043364071211,1.21158834798549,0.2063236,-1.86585493366926,-2.01809710647104,-1.87897343945155,-2.07406080940513,112.0
1601,1.94604479306084,1.20984177491009,0.20904645,-1.9020557055701,-2.05485434347267,-1.91627229025613,-2.10040146129038,112.07
1602,1.94158049798224,1.20806160864699,0.21166241,-1.93695788482891,-2.08929717459972,-1.95184366760817,-2.12508097690795,112.14
1603,1.9370447109644,1.20624959812638,0.21416116,-1.97046447988344,-2.12144896742537,-1.98563748645066,-2.14815141613594,112.21
1604,1.93244139123348,1.20440756635494,0.21653509,-2.00249196286329,-2.15134176937929,-2.017619990531,-2.16966764080184,112.28
1605,1.92777454755547,1.20253741594356,0.2187792,-2.03297083518388,-2.17901431998083,-2.04777240117673,-2.18968618101971,112.35
1606,1.92304815957419,1.20064094522295,0.22089086,-2.06185133090355,-2.20451364264199,-2.07608950797082,-2.20826441482416,112.42
1607,1.91826622860766,1.19871985598728,0.22286959,-2.08910657471502,-2.22789996047724,-2.102578710198,-2.22546005895088,112.49
1608,1.91343270367647,1.19677582575997,0.22471686,-2.11472881367088,-2.24924413615093,-2.12725900112033,-2.24133052395162,112.56
1609,1.90855153668634,1.19481058099787,0.22643577,-2.13872710813446,-2.26862760588903,-2.15015995832323,-2.25593225848422,112.63
1610,1.90362661253999,1.19282590765089,0.22803058,-2.1611232428232,-2.2861398505119,-2.17132073941604,-2.26932008059474,112.7
1611,1.89866180810211,1.19082347197433,0.22950606,-2.18194477780914,-2.30186711206607,-2.19078812918746,-2.28154770069551,112.77
1612,1.89366092579498,1.18880483263779,0.2308673,-2.20122559220979,-2.3158934408655,-2.20861230284753,-2.29267248303636,112.84
1613,1.88862775575149,1.18677151703039,0.23211972,-2.21900655136702,-2.32830752724078,-2.22484500397025,-2.30275631322095,112.91
1614,1.8835659487877,1.18472503466509,0.23326938,-2.23533515288527,-2.33920407197254,-2.23953886486581,-2.31186523735434,112.98
1615,1.87847889060669,1.18266670058698,0.23432317,-2.25026522978891,-2.34868915627884,-2.25274812148886,-2.32006825157671,113.05
1616,1.87336976765119,1.1805976498401,0.23528889,-2.26385321547175,-2.35687766623242,-2.26453237235404,-2.32743257169626,113.12
1617,1.8682415068826,1.17851891590563,0.23617487,-2.27615115896639,-2.36388372035866,-2.27495677344158,-2.33402166865469,113.19
1618,1.86309684343983,1.17643150954918,0.23698986,-2.28720855694559,-2.36981972165228,-2.28409101700594,-2.33989454283204,113.26
1619,1.85793826199147,1.17433643451867,0.23774287,-2.29707366323801,-2.37479723318821,-2.29200874329195,-2.34510502792439,113.33
1620,1.85276806575187,1.17223451301727,0.238443,-2.30579865674169,-2.37892433748165,-2.29878700139541,-2.34970105863215,113.4
1621,1.84758831899169,1.17012640202532,0.23909923,-2.31344053549287,-2.38230652591788,-2.30450620109452,-2.35372472585221,113.47
1622,1.84240091702967,1.16801267340268,0.23972033,-2.32006040267357,-2.38505079653441,-2.30925010808605,-2.35721260939891,113.54
1623,1.83720752955242,1.16589389422758,0.24031469,-2.32572203164959,-2.38725694944235,-2.31310549845132,-2.36019562442522,113.61
1624,1.83200967126444,1.16377064383104,0.24089004,-2.33049409049724,-2.38901767216085,-2.31616223138345,-2.36269939644746,113.68
1625,1.82680864573019,1.16164334046813,0.24145298,-2.33444630524075,-2.3904130558754,-2.31851246649826,-2.36474567194097,113.75
1626,1.82160561642493,1.15951225871626,0.24200892,-2.3376511195777,-2.39150665319634,-2.32024654508666,-2.36635673259516,113.82
1627,1.81640155087008,1.15737761054729,0.24256223,-2.34018799009209,-2.3923541901311,-2.32145074034119,-2.36755582533444,113.89
1628,1.81119729188335,1.15523962654409,0.24311621,-2.34213602249937,-2.39300117386688,-2.32220604738692,-2.36836633854888,113.96
1629,1.80599350183193,1.15309857373439,0.2436732,-2.34357215946109,-2.39348768758839,-2.32258737465167,-2.36881112106183,114.03
1630,1.80079073393142,1.15095458299593,0.24423468,-2.34456672307666,-2.39384582482525,-2.32266313349339,-2.3689123240581,114.1
1631,1.79558937649042,1.14880766713505,0.2448013,-2.34517732544471,-2.394092493114,-2.32249515971438,-2.36869132047365,114.17
1632,1.79038978767283,1.14665780259642,0.24537301,-2.34545359428201,-2.39423505338978,-2.32213871028122,-2.36816844692875,114.24
1633,1.78519243020655,1.14450501128458,0.24594909,-2.34543251248576,-2.39426876979811,-2.32164246937544,-2.36736301202154,114.31
1634,1.77999781546859,1.142349378979,0.24652815,-2.34514768107338,-2.39418607799545,-2.321048561669,-2.36629357020671,114.38
1635,1.77480657452184,1.14019088330474,0.24710833,-2.34463065366151,-2.39397817187534,-2.32039257096903,-2.36497801589221,114.45
1636,1.76961933849103,1.13802941236758,0.2476873,-2.34390935915779,-2.39363468918314,-2.31970362614474,-2.36343362408321,114.52
1637,1.76443661881006,1.13586484701744,0.2482623,-2.34301460017687,-2.39315032543135,-2.31900468001708,-2.36167716392808,114.59
1638,1.75925887787306,1.13369714322518,0.24883032,-2.34197525292669,-2.39252275091272,-2.31831272602491,-2.35972527506303,114.66
1639,1.75408647247659,1.13152635105835,0.24938808,-2.34081029779199,-2.3917464043598,-2.31763939642135,-2.3575949155581,114.73
1640,1.74891972410977,1.12935244322039,0.24993217,-2.33952923993549,-2.39081702671269,-2.3169915602377,-2.35530388082779,114.8
1641,1.74375886200433,1.12717533426361,0.25045913,-2.33813024807976,-2.38972521184465,-2.31637230167894,-2.35287151989351,114.87
1642,1.73860409300657,1.12499496343974,0.2509655,-2.33660896889692,-2.38845625148588,-2.31578157997905,-2.35031914016723,114.94
1643,1.73345554418824,1.12281137767241,0.25144795,-2.33496372535341,-2.38699646526055,-2.31521612596488,-2.34766990946052,115.01
1644,1.72831333226259,1.12062475113462,0.25190324,-2.33319493951312,-2.38533096246853,-2.31466940107147,-2.34494888959287,115.08
1645,1.72317750572652,1.11843521439251,0.25232843,-2.33131027671824,-2.38345157411034,-2.31413161893364,-2.34218313719769,115.15
1646,1.71804811379866,1.11624287422072,0.25272092,-2.32932630091392,-2.38136117215396,-2.31358982980299,-2.3394018072515,115.22
1647,1.71292514807697,1.11404789704744,0.25307873,-2.32725933618448,-2.3790660554014,-2.31302825871818,-2.33663632181317,115.29
1648,1.70780861098867,1.1118505289873,0.25340086,-2.32512376374271,-2.37657456819031,-2.31242966014225,-2.33391965008315,115.36
1649,1.70269845695798,1.1096509254188,0.25368735,-2.32293362505732,-2.37390068132895,-2.31177940465941,-2.33128203081203,115.43
1650,1.69759466036635,1.10744917120893,0.25393906,-2.32070048000461,-2.37106078399786,-2.31106613706645,-2.32874942416233,115.5
1651,1.69249715623217,1.10524536454194,0.25415763,-2.31844155711552,-2.36807511943938,-2.31028129307861,-2.32634323095514,115.57
1652,1.68740590768551,1.10303963731152,0.25434545,-2.31618339561089,-2.36497240287561,-2.30941919008599,-2.32408026201753,115.64
1653,1.68232084616583,1.10083198503543,0.2545054,-2.31395634169328,-2.3617874578907,-2.30847680302678,-2.32197244866745,115.71
1654,1.6772419384185,1.09862228739969,0.25464088,-2.31178987052643,-2.35856006408735,-2.30745335263261,-2.3200262301784,115.78
1655,1.67216906269979,1.09641039239542,0.25475565,-2.30971038425682,-2.35533552284547,-2.30634957912666,-2.31824168129195,115.85
1656,1.66710188474783,1.09419620053388,0.25485352,-2.3077423107089,-2.35216033373777,-2.3051667649275,-2.3166109984268,115.92
1657,1.66203998759921,1.09197968562632,0.25493807,-2.30590265637038,-2.34907634638447,-2.30390569689215,-2.31511958403577,115.99
1658,1.65698300118881,1.08976072509541,0.25501296,-2.30419746073405,-2.34612018249376,-2.3025660762043,-2.31375315940127,116.06
1659,1.65193054119266,1.08753912093133,0.25508198,-2.30263050488931,-2.34332475057083,-2.30115031402946,-2.31249540786172,116.13
1660,1.64688227472071,1.08531468426008,0.2551489,-2.30119727870717,-2.34071757985291,-2.29966478940597,-2.31132707421335,116.2
1661,1.6418378587997,1.08308732001249,0.25521734,-2.29988764484667,-2.33832238759746,-2.29811964908663,-2.3102257586928,116.27
1662,1.63679700573338,1.08085704818207,0.25529087,-2.29868563936696,-2.33615066681213,-2.29652861001521,-2.30916570757174,116.34
1663,1.63175942127853,1.0786238346381,0.2553725,-2.29756996637003,-2.33420057061341,-2.2949092722004,-2.30811810936697,116.41
1664,1.62672486972235,1.07638761260549,0.25546438,-2.29652192024193,-2.33245959926425,-2.29328235349954,-2.30705246931198,116.48
1665,1.62169311179777,1.07414836777547,0.25556773,-2.29552574588381,-2.33090778698123,-2.29166711434992,-2.30594071466102,116.55
1666,1.61666396952033,1.07190616001202,0.25568295,-2.29457452245783,-2.32952316748582,-2.29007964113162,-2.30475787066525,116.62
1667,1.61163726388107,1.06966095461758,0.25580966,-2.29367204343351,-2.32828621606296,-2.28853214540167,-2.30348146791646,116.69
1668,1.6066128794769,1.06741264426773,0.25594676,-2.29282783485286,-2.32718301486184,-2.28703238913165,-2.30209120645817,116.76
1669,1.60159070201053,1.0651611345792,0.25609252,-2.292054458368,-2.32620587179263,-2.28558368011669,-2.30056900455965,116.83
1670,1.59657068273909,1.06290642979601,0.2562447,-2.29136468500182,-2.32534701076766,-2.28418518318583,-2.29889930588935,116.9
1671,1.59155277580106,1.06064865507852,0.2564006,-2.290764410467,-2.32459397213899,-2.28283210245638,-2.29706920114492,116.97
1672,1.58653700249811,1.05838788835782,0.25655714,-2.29025255437956,-2.32392958199115,-2.28151605225516,-2.29506855528792,117.04
1673,1.58152338845885,1.05612418286305,0.25671104,-2.28982356036505,-2.32333045650499,-2.28022536281328,-2.29289026791095,117.11
1674,1.57651202775833,1.05385765328138,0.25685874,-2.28946411263835,-2.32276899650087,-2.27894500345938,-2.29053022249265,117.18
1675,1.57150301991781,1.0515884985111,0.2569966,-2.28915512151167,-2.32221144137322,-2.27765682246023,-2.28798755999631,117.25
1676,1.56649653385554,1.04931683396624,0.257121,-2.28887186425188,-2.32162157477698,-2.27633972296903,-2.28526489585634,117.32
1677,1.56149274471055,1.04704271453731,0.25722837,-2.28858590256902,-2.32096747906962,-2.27497009336448,-2.28236873445793,117.39
1678,1.55649189760718,1.04476622116666,0.2573156,-2.28826477599965,-2.32021793743876,-2.2735224927821,-2.27930989045205,117.46
1679,1.55149424427947,1.04248754751714,0.2573803,-2.28786782078912,-2.31933794921401,-2.27197116439986,-2.2761027098035,117.53
1680,1.54650010662031,1.04020702321205,0.2574207,-2.2873515814624,-2.31828913976623,-2.27029447354921,-2.27276137516456,117.6
1681,1.54150981307148,1.03792494660178,0.2574351,-2.28667052493222,-2.3170252844738,-2.26847496697538,-2.26930009153266,117.67
1682,1.53652376191664,1.03564160815667,0.2574221,-2.28578639768498,-2.31550238491345,-2.26649505407096,-2.26573721516878,117.74
1683,1.53154235739039,1.0333573774377,0.2573804,-2.28467428623879,-2.31368405286223,-2.26433567892371,-2.26209608409797,117.81
1684,1.52656607266256,1.03107272659612,0.2573091,-2.2833205548857,-2.31154811097542,-2.26197614182015,-2.25840489967214,117.88
1685,1.52159538560806,1.028788063351,0.25720793,-2.28171825131026,-2.3090873609298,-2.25939449926585,-2.25469711923263,117.95
1686,1.51663084141848,1.0265037545387,0.25707754,-2.27986334711474,-2.30630331302056,-2.25656917849383,-2.25101077083201,118.02
1687,1.51167298796302,1.02422021318155,0.25691965,-2.27775035261403,-2.30319560882261,-2.25348307765753,-2.24738414800397,118.09
1688,1.50672243795221,1.02193792202432,0.25673684,-2.2753721334889,-2.29976492211076,-2.25012481694884,-2.24385493371451,118.16
1689,1.50177980380931,1.0196572664853,0.25653252,-2.27272824876725,-2.29601536396021,-2.24648866572966,-2.2404599572262,118.23
1690,1.49684575930028,1.01737855811608,0.2563108,-2.26982662942648,-2.29195925031952,-2.24257460703669,-2.23723545540348,118.3
1691,1.49192091030625,1.01510212151779,0.25607637,-2.26668215466005,-2.28762334261004,-2.2383884126409,-2.23421713835035,118.37
1692,1.48700566526894,1.01282831766471,0.25583455,-2.26331479329283,-2.28304989139818,-2.23394141106884,-2.23143967688767,118.44
1693,1.48210035936106,1.01055737658539,0.25559115,-2.25973568590109,-2.27828466933621,-2.22924988484897,-2.22893592810514,118.51
1694,1.47720537829109,1.00828942049984,0.25535235,-2.25595533992748,-2.27338089276346,-2.22433422359211,-2.22673570711581,118.58
1695,1.47232102765489,1.0060245503669,0.25512466,-2.2519888474995,-2.26839965705028,-2.21921834043899,-2.22486473895401,118.65
1696,1.46744740189434,1.00376286879936,0.2549149,-2.24785723625873,-2.26340955143168,-2.21392935110154,-2.2233439165241,118.72
1697,1.46258444340777,1.00150431230597,0.25473005,-2.24359270187616,-2.25848818230094,-2.20849713347745,-2.22218867306872,118.79
1698,1.45773187421546,0.999248673968523,0.2545772,-2.23923565290051,-2.25371620159891,-2.20295414791851,-2.22140859540139,118.86
1699,1.45288931777573,0.996995689519256,0.25446343,-2.2348221693241,-2.24916269404568,-2.19733558053379,-2.22100715028058,118.93
1700,1.44805642040554,0.994745123307423,0.2543958,-2.23038251692413,-2.24488415171542,-2.1916795542155,-2.22098171411734,119.0
1701,1.44323278176395,0.992496790646009,0.25438127,-2.22594029897688,-2.24092509184647,-2.18602734252663,-2.2213237788471,119.07
1702,1.43841801200463,0.990250389510409,0.2544265,-2.22151815141901,-2.23732234832218,-2.18042352147775,-2.22201869887892,119.14
1703,1.43361166153854,0.988005522708282,0.25453767,-2.21714458144609,-2.23410687380268,-2.17491593058187,-2.22304542407809,119.21
1704,1.42881327749597,0.98576178349492,0.25471985,-2.21285553327187,-2.23130368627724,-2.16955467926654,-2.22437818841558,119.28
1705,1.42402233283069,0.98351877761168,0.254977,-2.20869538032233,-2.2289389784877,-2.16438771960412,-2.2259925687799,119.35
1706,1.41923828215801,0.981275954725809,0.25531197,-2.20471187989569,-2.22703101440952,-2.15945927181197,-2.22786638711683,119.42
1707,1.4144604902724,0.979032630398864,0.25572678,-2.20095017011086,-2.2255997470352,-2.1548086870012,-2.2299785692297,119.49
1708,1.40968828743997,0.976788071567539,0.25622255,-2.19745304847333,-2.22465996744359,-2.15047114290349,-2.23230964516658,119.56
1709,1.40492089741559,0.974541582043897,0.2567997,-2.19426047978112,-2.22421919962359,-2.14647743977553,-2.23484128773524,119.63
1710,1.40015749228477,0.972292524543908,0.25745794,-2.19141061840936,-2.22428167439047,-2.14285353032677,-2.23755558859447,119.7
1711,1.39539712008536,0.970040152233634,0.25819644,-2.18893237103663,-2.22484174023132,-2.13962041768501,-2.24043477132861,119.77
1712,1.39063882283374,0.967783630929536,0.2590139,-2.18684607673929,-2.22589230892278,-2.13679403930011,-2.24346102459686,119.84
1713,1.38588175443544,0.965522124944179,0.2599085,-2.18517096945934,-2.22742483423148,-2.13438615228249,-2.24661702770283,119.91
1714,1.38112510796047,0.963254883090082,0.26087815,-2.1839246222079,-2.22943092341138,-2.13240425048929,-2.24988577185204,119.98
1715,1.37636816990857,0.960981261354471,0.26192042,-2.18312129579394,-2.23190361273976,-2.13085191031819,-2.25325043998132,120.05
1716,1.37161024742072,0.958700555236401,0.26303264,-2.18276525327032,-2.23483297184789,-2.12972956492077,-2.25669466340115,120.12
1717,1.3668507225387,0.956412022882969,0.26421195,-2.18284977422608,-2.23820175380643,-2.12903532558342,-2.26020309237216,120.19
1718,1.36208897946469,0.954114972014267,0.26545522,-2.1833569778428,-2.24197543822349,-2.12876546914284,-2.26376177308758,120.26
1719,1.3573244589189,0.951808847146287,0.26675916,-2.18425769274991,-2.24610775622403,-2.12891389280121,-2.26735769645912,120.33
1720,1.35255658554438,0.949493253619095,0.26812032,-2.18551543954659,-2.25054061044293,-2.12947206093099,-2.2709786625744,120.4
1721,1.3477848859733,0.947167791414247,0.26953512,-2.18708614263209,-2.25520734790682,-2.1304286183614,-2.2746126991001,120.47
1722,1.34300910702042,0.94483207988865,0.27099985,-2.18892849958869,-2.26004186522012,-2.13176936917815,-2.27824773280346,120.54
1723,1.33822914346539,0.942485846402928,0.27251068,-2.19100474732348,-2.26498344909338,-2.13347692276561,-2.28187126057622,120.61
1724,1.33344509302663,0.940128951821198,0.27406365,-2.19328700746437,-2.26998097525782,-2.13553102393082,-2.28547046505293,120.68
1725,1.3286571209378,0.937761225855448,0.27565467,-2.19575625463127,-2.27498795657198,-2.13790848795537,-2.28903226715129,120.75
1726,1.32386532467969,0.935382493371964,0.2772796,-2.19839714809596,-2.27996273396676,-2.140582677829,-2.29254280787437,120.82
1727,1.31906978941747,0.932992664629115,0.27893412,-2.20119920814418,-2.28487330385146,-2.14352360436655,-2.29598750321002,120.89
1728,1.31427051654675,0.930591762415543,0.28061396,-2.20415512753185,-2.28969674761157,-2.14669833263022,-2.29935135506251,120.96
1729,1.30946747941974,0.928179759054971,0.28231478,-2.20726390418627,-2.29441415368124,-2.15007163227904,-2.30261932821475,121.03
1730,1.30466055217694,0.925756604388909,0.28403226,-2.21052717152212,-2.29901221235502,-2.15360585680021,-2.30577615870518,121.1
1731,1.29984962927849,0.923322317701108,0.28576204,-2.21393339087805,-2.30347471516099,-2.15726119629914,-2.3088065469712,121.17
1732,1.29503474518371,0.920877016548026,0.28749996,-2.21745397963065,-2.30778218917093,-2.16099662287392,-2.31169579985828,121.24
1733,1.29021600362638,0.918420755457389,0.28924197,-2.22104515063526,-2.31191795186799,-2.16477127601129,-2.31443085855513,121.31
1734,1.28539363407765,0.915953555602456,0.2909845,-2.22465355851575,-2.31586667671957,-2.16854597196646,-2.31700145893441,121.38
1735,1.28056792131808,0.913475498412738,0.29272503,-2.22821844980651,-2.31961874547102,-2.17228496571125,-2.3193994557151,121.45
1736,1.27573926218468,0.91098675608268,0.2944619,-2.23167857637344,-2.32317428993869,-2.17596012656263,-2.32161427824953,121.52
1737,1.27090809540759,0.908487431938013,0.29619434,-2.23497771308922,-2.32653294956907,-2.17955136753077,-2.32363099716318,121.59
1738,1.26607495859579,0.905977591765308,0.2979223,-2.23806763872853,-2.32968840037982,-2.18304650538223,-2.32543024004011,121.66
1739,1.26124041828079,0.903457359063585,0.29964593,-2.24090858220728,-2.33262962440512,-2.18644169551783,-2.32698894042741,121.73
1740,1.25640512707217,0.900926947177801,0.30136505,-2.24346561155621,-2.3353381852486,-2.18974053657121,-2.32828173033643,121.8
1741,1.25156975382909,0.898386501272295,0.30307904,-2.24570566753791,-2.33779218129234,-2.19294949469525,-2.32928507322241,121.87
1742,1.24673504089729,0.895836131248153,0.30478677,-2.24760273844264,-2.33996506279494,-2.1960767615022,-2.32997835819758,121.94
1743,1.24190173431181,0.893276008561729,0.30648664,-2.24914158599359,-2.34183011186892,-2.19913156004801,-2.3303433537755,122.01
1744,1.23707064101142,0.890706399902467,0.30817643,-2.25031875295907,-2.34336283706176,-2.2021232633679,-2.33036373693526,122.08
1745,1.23224255896218,0.888127510686258,0.30985343,-2.25114174230499,-2.34454522169161,-2.20506057929141,-2.33002469820376,122.15
1746,1.22741833423359,0.885539519466257,0.3115144,-2.25162382728415,-2.3453663642516,-2.20795111877726,-2.32931262338034,122.22
1747,1.22259879092279,0.882942676216083,0.31315553,-2.25177735054238,-2.34582109952821,-2.21080160151335,-2.32821517006289,122.29
1748,1.21778478796879,0.880337337440932,0.31477246,-2.2516145949266,-2.34590876048749,-2.21361838089746,-2.32672186653089,122.36
1749,1.21297714875113,0.877723811069816,0.31636035,-2.25114911144477,-2.34562769835635,-2.21640771647305,-2.32482453474818,122.43
1750,1.20817671751461,0.875102392227456,0.3179138,-2.25039661464192,-2.34497718484766,-2.21917573005737,-2.32251741084495,122.5
1751,1.20338428851429,0.872473462836791,0.3194269,-2.24937652468479,-2.34395970954316,-2.22192829939791,-2.3197972174637,122.57
1752,1.19860066192323,0.869837528003219,0.3208933,-2.24810831184294,-2.3425784639287,-2.22467095264299,-2.31666325170715,122.64
1753,1.1938265723981,0.867195062128739,0.32230613,-2.24661394894549,-2.34084093718807,-2.22740838229205,-2.31311723473817,122.71
1754,1.18906274434678,0.864546545848824,0.3236581,-2.2449195475376,-2.33875312509263,-2.23014268915883,-2.30916228787453,122.78
1755,1.18430981979559,0.861892503218155,0.32494166,-2.2430455057775,-2.33631489581181,-2.23287245229078,-2.30480236900793,122.85
1756,1.17956841290291,0.859233348571125,0.326149,-2.24100390510467,-2.33352153040885,-2.23559294236318,-2.3000426773804,122.92
1757,1.17483903702047,0.856569424149193,0.32727215,-2.23880118584417,-2.33035835320165,-2.23829671637864,-2.29489032786074,122.99
1758,1.17012215835332,0.853901101442055,0.32830325,-2.23644381460306,-2.32680954035144,-2.24097325995934,-2.28935440525948,123.06
1759,1.16541812212457,0.851228819191881,0.32923454,-2.23394662558477,-2.32286414773759,-2.24360894788854,-2.28344609711433,123.13
1760,1.16072720530165,0.848552931009203,0.3300586,-2.23133043311474,-2.31851573812826,-2.24618681515403,-2.27717890459942,123.2
1761,1.15604954179652,0.845873743695788,0.3307684,-2.228626191864,-2.31376862936229,-2.24868671068094,-2.27056893113009,123.27
1762,1.15138517420385,0.843191619223772,0.3313576,-2.22587122172893,-2.30863431245198,-2.25108551680702,-2.26363537518446,123.34
1763,1.14673397799759,0.840507013321633,0.33182055,-2.22309800435958,-2.30312267631651,-2.25335718119262,-2.25640090913192,123.41
1764,1.14209577577752,0.837820323615983,0.33215246,-2.22033289054088,-2.29724302913444,-2.25547300667619,-2.24889226092722,123.48
1765,1.13747045101408,0.835131928423822,0.33234957,-2.21759963571569,-2.29100710315395,-2.25740226358457,-2.24114087076536,123.55
1766,1.13285787074209,0.832442289142876,0.33240917,-2.21492001336359,-2.28442915166116,-2.25911280799545,-2.23318355815592,123.62
1767,1.12825793480084,0.82975198918787,0.33232984,-2.21232135069665,-2.27753107747366,-2.26057145304505,-2.22506319821443,123.69
1768,1.12367049755118,0.827061582417891,0.33211175,-2.20983358172034,-2.27034173071654,-2.26174530135555,-2.21682826242975,123.76
1769,1.11909541614809,0.824371632144673,0.33175662,-2.20748324830352,-2.26289450375471,-2.26260600891272,-2.20852880857294,123.83
1770,1.11453247129984,0.821682750144889,0.3312675,-2.20529003778446,-2.25522982812288,-2.26313037569454,-2.20021520625886,123.9
1771,1.10998141459382,0.818995445099189,0.3306486,-2.20325842445667,-2.24738923327613,-2.26329929671966,-2.19193705552026,123.97
1772,1.10544188832287,0.816310161546727,0.32990503,-2.20138003979279,-2.23941690880566,-2.26309653533279,-2.18374166129626,124.04
1773,1.1009134718964,0.813627382298522,0.32904273,-2.19964264251744,-2.23136565612013,-2.26250725594405,-2.1756724430659,124.11
1774,1.09639560077536,0.810947667255007,0.32806826,-2.19803362027223,-2.22328956972216,-2.26151669796182,-2.16776753190789,124.18
1775,1.0918876755403,0.808271501572105,0.3269887,-2.19653167146563,-2.21523170352172,-2.26010969019648,-2.16005925204453,124.25
1776,1.0873891705577,0.805599334266539,0.32581148,-2.19510801006319,-2.20722279038836,-2.25827062518945,-2.15257429486434,124.32
1777,1.08289955171136,0.802931680204632,0.32454434,-2.19372426338173,-2.19927595942056,-2.25598363997202,-2.14533420307918,124.39
1778,1.07841832081169,0.80026915841978,0.32319522,-2.19233500381258,-2.19139371053539,-2.25323313088455,-2.13835635455111,124.46
1779,1.07394493262922,0.797612339701711,0.3217722,-2.19089199406852,-2.18357272712998,-2.25000377731666,-2.13165423811,124.53
1780,1.06947890216421,0.794961784545997,0.32028344,-2.18934932191782,-2.17580982965203,-2.24628077366643,-2.12523784643841,124.6
1781,1.06501991161701,0.792318080886298,0.31873727,-2.18767031547063,-2.1681015114641,-2.24204995250882,-2.11911393143326,124.67
1782,1.06056772652139,0.789681691032147,0.31714204,-2.185828110353,-2.16044817286673,-2.23729862527705,-2.11328701092095,124.74
1783,1.05612223864608,0.787052988901985,0.3155061,-2.18380387182927,-2.15285562172031,-2.23201593414019,-2.10776004664749,124.81
1784,1.0516833815991,0.78443236049653,0.31383798,-2.18158413383388,-2.14533555564095,-2.22619303315029,-2.10253472984869,124.88
1785,1.04725117321363,0.781820240560563,0.31214613,-2.17915712861033,-2.13790540665715,-2.21982316259098,-2.09761150132252,124.95
1786,1.04282563064358,0.779216958381159,0.31043917,-2.17651344304923,-2.13058399084527,-2.21290136278929,-2.09298898834677,125.02
1787,1.03840681224285,0.776622773817866,0.30872574,-2.17364750865142,-2.1233905845294,-2.20542465339164,-2.08866412879896,125.09
1788,1.03399473215325,0.774037976515028,0.30701458,-2.17055274787262,-2.11634463151957,-2.19739248773567,-2.08463272845598,125.16
1789,1.02958940167339,0.771462921248692,0.30531448,-2.16722238209294,-2.10946442917394,-2.18880684724398,-2.08088930825337,125.23
1790,1.02519074333385,0.768897872359768,0.30363432,-2.16364751701204,-2.10276873070061,-2.17967242048917,-2.07742725796126,125.3
1791,1.02079869527121,0.766343038372052,0.30198306,-2.15981498296292,-2.09627383132471,-2.16999661277984,-2.07423840722556,125.37
1792,1.01641331534765,0.763798669747768,0.30036968,-2.15570994845993,-2.08999166373578,-2.15978957664405,-2.07131258589583,125.44
1793,1.01203469446234,0.761265092735017,0.29880324,-2.15131339857726,-2.08392864813239,-2.14906451700214,-2.06863780913902,125.51
1794,1.00766299664554,0.758742552260347,0.29729268,-2.14659981429492,-2.07808199345364,-2.13783814360281,-2.06620032550336,125.58
1795,1.00329837185759,0.756231244966114,0.2958469,-2.1415335926257,-2.07243910272436,-2.12613120669801,-2.06398503653705,125.65
1796,0.9989410590797,0.753731415346052,0.29447463,-2.13607202129605,-2.06697417540208,-2.11396860716811,-2.06197533570525,125.72
1797,0.994591489134609,0.751243387933916,0.29318428,-2.1301709982078,-2.06165236074591,-2.10138028715773,-2.06015370107088,125.79
1798,0.990250196671808,0.748767408498627,0.29198387,-2.12379013079076,-2.05643638168275,-2.0884021380453,-2.05850247070154,125.86
1799,0.985917858894048,0.746303675345682,0.290881,-2.11690058337607,-2.05129493175318,-2.07507686108114,-2.0570042933173,125.93
1800,0.981595206930453,0.743852433678227,0.28988266,-2.10948748019102,-2.04620541483783,-2.06145477932049,-2.05564231836821,126.0
1801,0.977283063905032,0.741414005972582,0.28899515,-2.1015525817254,-2.04115414124731,-2.04759447218196,-2.0544005073126,126.07
1802,0.972982255598459,0.738988631321666,0.2882241,-2.0931158376124,-2.03613398103552,-2.03356361182077,-2.05326393969939,126.14
1803,0.96869364774634,0.736576494846149,0.28757405,-2.08420609761331,-2.03113922099906,-2.01943987204169,-2.05221968633043,126.21
1804,0.964418055868236,0.734177756608477,0.28704804,-2.07486054370883,-2.02617058344479,-2.00530917587067,-2.05125748784363,126.28
1805,0.960156281669044,0.731792389466988,0.28664744,-2.06512896757098,-2.0212335745041,-1.99125543513238,-2.05037030272397,126.35
1806,0.955909021907399,0.729420206976142,0.28637233,-2.05507476160157,-2.01634248456928,-1.97735651512036,-2.04955307364828,126.42
1807,0.951676903775151,0.727060954296697,0.2862216,-2.04477783015139,-2.01152197376515,-1.9636831817432,-2.0488014274401,126.49
1808,0.947460392687104,0.724714335085321,0.2861932,-2.03432912848601,-2.00680687708605,-1.95029772522269,-2.04811030883555,126.56
1809,0.943259826531742,0.72237984733614,0.28628442,-2.02381371407991,-2.00223724288972,-1.93725365506345,-2.04747324693928,126.63
1810,0.939075322290934,0.720056809297676,0.28649214,-2.01330155299157,-1.99785076308117,-1.92459748021796,-2.0468833343827,126.7
1811,0.934906872608913,0.717744448447096,0.28681302,-2.0028397262843,-1.99368015221232,-1.91237079387816,-2.04633445849876,126.77
1812,0.930754441749917,0.715441990028685,0.2872437,-1.99245664146843,-1.98975039259592,-1.9006131692558,-2.04582341995418,126.84
1813,0.92661787038858,0.713148681666882,0.28778088,-1.98217145066236,-1.98608270420465,-1.88936402271117,-2.04535122405839,126.91
1814,0.922496970346189,0.710863627046241,0.2884215,-1.97200092507065,-1.98269367800749,-1.87866356974687,-2.04492341782597,126.98
1815,0.918391618722689,0.708585809799133,0.28916276,-1.96195736963537,-1.97959725768111,-1.86855268180336,-2.04454966330771,127.05
1816,0.914301660875464,0.70631418059817,0.29000214,-1.95205377445683,-1.97680702831043,-1.85907329380534,-2.04424362679638,127.12
1817,0.910226939842802,0.70404774397302,0.29093742,-1.94230476914881,-1.97432998245855,-1.85026828108453,-2.04402273891003,127.19
1818,0.90616719814365,0.701785581372521,0.29196665,-1.93273354259004,-1.97217126331285,-1.84218010537723,-2.04390687225577,127.26
1819,0.902122106034361,0.699526683472863,0.29308802,-1.92336878432235,-1.97033743498133,-1.83484918104948,-2.0439166982404,127.33
1820,0.898091162157979,0.697269972879008,0.29430002,-1.9142505752496,-1.96884463157383,-1.82831316679332,-2.04407280209557,127.4
1821,0.894073784191864,0.695014390220644,0.2956012,-1.90543004558079,-1.96771926217407,-1.82260660959211,-2.04439523774299,127.47
1822,0.89006939895662,0.692758916646143,0.29699022,-1.8969718816399,-1.96699749589755,-1.81776087600323,-2.04490307708809,127.54
1823,0.886077341452399,0.690502405717718,0.2984658,-1.88895294661533,-1.96672225566208,-1.81380335314593,-2.0456136353883,127.61
1824,0.882096880437657,0.688243605858794,0.3000265,-1.8814523124216,-1.96693517857059,-1.81075623579608,-2.04654143549242,127.68
1825,0.878127116501477,0.685981246360096,0.30167085,-1.87454559406687,-1.96767745187699,-1.80863578781153,-2.04769754548304,127.75
1826,0.874167070250552,0.683714059954569,0.3033972,-1.86829856558581,-1.96898370683222,-1.80745296630614,-2.04908979732082,127.82
1827,0.870215770089002,0.681440614972397,0.30520374,-1.86276932839993,-1.97087976702713,-1.80721426461486,-2.05072325088223,127.89
1828,0.866272149072232,0.67915933823656,0.3070883,-1.85800200662247,-1.97337554789018,-1.80792143973864,-2.05260001383015,127.96
1829,0.862335131983636,0.676868601716353,0.3090484,-1.854030705096,-1.97646924010415,-1.80957133087483,-2.05471905231067,128.03
1830,0.858403722118681,0.674566809479708,0.3110813,-1.85087937327111,-1.98015045394513,-1.81215570544908,-2.05707599239714,128.1
1831,0.854476897261263,0.672252485005851,0.31318367,-1.8485662121459,-1.98440403959266,-1.815661640918,-2.05966348398865,128.17
1832,0.850553632483559,0.669924295400017,0.31535178,-1.84710207925091,-1.98921172544927,-1.82007174395053,-2.06247136510519,128.24
1833,0.84663279573412,0.667580885529325,0.31758142,-1.84648854414489,-1.99455144799954,-1.82536503321952,-2.06548732556223,128.31
1834,0.842713233846533,0.665220903242758,0.31986776,-1.84671864290811,-2.00039367520543,-1.83151804183149,-2.06869794337079,128.38
1835,0.838793858455658,0.662843088689704,0.32220554,-1.84777963286545,-2.00670450615409,-1.83850531444621,-2.0720889509922,128.45
1836,0.834873541309333,0.660446300750988,0.32458872,-1.84965692204622,-2.01344589324911,-1.84629987164417,-2.07564555769812,128.52
1837,0.830951200128773,0.658029353593199,0.3270107,-1.85233021773021,-2.02057603712454,-1.85487281676821,-2.07935238394797,128.59
1838,0.827025884504571,0.65559104450196,0.32946408,-1.85577466188282,-2.02804677980347,-1.86419361071441,-2.08319396112557,128.66
1839,0.823096671313432,0.653130246002103,0.3319408,-1.8599604753566,-2.03580631863656,-1.87422993595717,-2.08715471740313,128.73
1840,0.819162750803669,0.650645998791505,0.33443198,-1.86485397014223,-2.04379555543137,-1.88494810375098,-2.09121933958157,128.8
1841,0.815223512828498,0.648137542012421,0.33692807,-1.87041764413053,-2.0519539623993,-1.89631248129328,-2.09537230464635,128.87
1842,0.811278442701933,0.645604153859674,0.33941874,-1.87661710892817,-2.06021921454293,-1.90828597272875,-2.09959842366252,128.94
1843,0.807327144293743,0.643045183666787,0.34189296,-1.88342468914944,-2.06853392968144,-1.92082920516482,-2.10388249304152,129.01
1844,0.803369236308907,0.640460148460357,0.34433895,-1.89081969447176,-2.07684211437271,-1.93390000908016,-2.10820913357566,129.08
1845,0.799404375841364,0.637848766969803,0.34674442,-1.89878765217442,-2.08509043534896,-1.94745243240785,-2.11256211911703,129.15
1846,0.795432155142404,0.635210804073641,0.34909654,-1.90731761169496,-2.09322644229538,-1.96143586157332,-2.11692383067635,129.22
1847,0.791452189209957,0.632546106805108,0.35138202,-1.91639860158659,-2.10119501438623,-1.97579431476233,-2.12127496360074,129.29
1848,0.787464203658279,0.629854704888835,0.3535875,-1.92601498524239,-2.10894294148854,-1.99046571879701,-2.1255943614667,129.36
1849,0.783467932326536,0.627136848776705,0.35569963,-1.93614649601903,-2.11642192377197,-2.00538269620243,-2.12985999372123,129.43
1850,0.779463142230023,0.624392858144514,0.35770538,-1.9467626623561,-2.12359030932612,-2.02047365797254,-2.13405025213076,129.5
1851,0.775449531789913,0.621623161951936,0.35959235,-1.95782705869819,-2.13041338105934,-2.03566503033707,-2.13814601149846,129.57
1852,0.771426819943645,0.618828339497808,0.36134893,-1.96929804446579,-2.13686371890938,-2.05088283972527,-2.14213212157186,129.64
1853,0.767394835591354,0.616008971898582,0.3629647,-1.98113450393965,-2.14292684720494,-2.06605397631264,-2.14599852141547,129.71
1854,0.763353416832892,0.613165685079893,0.3644306,-1.99330163416473,-2.14859933744648,-2.08110707544368,-2.14974135793,129.78
1855,0.759302437595238,0.610299193703315,0.3657391,-2.00577074814468,-2.15388876781113,-2.095972765637,-2.15336341019072,129.85
1856,0.755241707582167,0.607410155448548,0.36688438,-2.01850877539533,-2.15881573006774,-2.11058385755792,-2.15687451845276,129.92
1857,0.751170999625751,0.604499216735907,0.36786282,-2.0314756908318,-2.16341203989705,-2.12487661993424,-2.1602927164186,129.99
1858,0.747089950372659,0.601567122826664,0.3686733,-2.04461621678465,-2.16771565799168,-2.13879263681984,-2.16364390675571,130.06
1859,0.742998151907153,0.598614765238916,0.36931708,-2.05786606213033,-2.17177019705192,-2.15228239195636,-2.16695683973475,130.13
1860,0.738895243768474,0.595643039413193,0.36979765,-2.07115396264028,-2.17561535675235,-2.16530486576996,-2.17026057162569,130.2
1861,0.734780814822049,0.592652893705886,0.37012017,-2.08440613091173,-2.17928314841107,-2.1778263228185,-2.17358332195738,130.27
1862,0.730654496109971,0.589645379120477,0.37029135,-2.09754587745672,-2.18279978083569,-2.18981956163088,-2.17695202983683,130.34
1863,0.726516054140285,0.586621509184567,0.3703192,-2.11050199872697,-2.18618907741027,-2.20126292952501,-2.18039165547772,130.41
1864,0.722365294072985,0.583582311044637,0.37021253,-2.12320814975881,-2.18947081747678,-2.21213929400302,-2.18392416239737,130.48
1865,0.718202090404834,0.580528877184049,0.36998102,-2.13560063582239,-2.19265844740998,-2.22243395525914,-2.18756641711526,130.55
1866,0.71402629108617,0.577462227169255,0.36963478,-2.14762269246961,-2.19576448157237,-2.23213435879977,-2.19133011793658,130.62
1867,0.709837812667672,0.574383360494558,0.36918432,-2.1592234419366,-2.19879955500981,-2.24123008429333,-2.19522210069724,130.69
1868,0.705636735926715,0.571293309930682,0.36864027,-2.17036353307075,-2.2017733848244,-2.24971273001744,-2.19924470342974,130.76
1869,0.701423211420359,0.568193004783167,0.36801338,-2.18102028909282,-2.20469821147977,-2.25757645552325,-2.20339663431686,130.83
1870,0.69719749255505,0.565083325133211,0.36731434,-2.1911827733649,-2.20758830427626,-2.26481848413027,-2.20767389820878,130.9
1871,0.692959842093046,0.561965156469639,0.36655375,-2.20084884257837,-2.21046461368075,-2.27143937491537,-2.2120703371175,130.97
1872,0.688710566160541,0.55883925412254,0.36574215,-2.21002323501947,-2.21335269197491,-2.27744268318895,-2.21657759428168,131.04
1873,0.684449921673224,0.555706298576834,0.36488977,-2.21871148548792,-2.21627330976982,-2.28283496221687,-2.22118507370361,131.11
1874,0.680178151242231,0.552566951081036,0.36400676,-2.22692249746728,-2.21924761784321,-2.28762585197877,-2.22588021306956,131.18
1875,0.675895391476427,0.549421718969401,0.3631029,-2.23466954583845,-2.22229576532673,-2.29182800063801,-2.23064837175192,131.25
1876,0.671601772264942,0.546271011784208,0.36218783,-2.24196373904973,-2.22543869177938,-2.29545707243085,-2.23547322363189,131.32
1877,0.667297516478552,0.543115261141441,0.36127076,-2.24881518472358,-2.22869909070099,-2.29853133334432,-2.24033619437227,131.39
1878,0.662982849528795,0.539954977286488,0.36036062,-2.25523023438036,-2.23209093608916,-2.3010713221366,-2.24521602358086,131.46
1879,0.658658036369468,0.536790615285984,0.359466,-2.26120982487439,-2.23561719846345,-2.30310017767276,-2.25008908776044,131.53
1880,0.654323291857628,0.533622631948336,0.35859504,-2.26674631205148,-2.23926469761651,-2.30464379605009,-2.25492972263129,131.6
1881,0.649978882057137,0.530451542899651,0.35775545,-2.27182146439012,-2.24300987553031,-2.30573119774122,-2.25971054572445,131.67
1882,0.645625225920385,0.527277789241751,0.35695446,-2.27641412841193,-2.24681935621917,-2.30639446858084,-2.26440233559215,131.74
1883,0.64126280678184,0.524101794884583,0.35619873,-2.28050219502587,-2.25065539283856,-2.3066691627494,-2.26897454849473,131.81
1884,0.636892211240618,0.520924023980286,0.3554941,-2.28406852241504,-2.25447819996347,-2.30659446782486,-2.27339539385929,131.88
1885,0.632514041339314,0.517744847886841,0.35484532,-2.28710592534473,-2.25825006338631,-2.30621236832416,-2.2776329306,131.95
1886,0.628128954091401,0.514564602755572,0.3542559,-2.28961748392101,-2.26193805299833,-2.30556326550542,-2.28165902754124,132.02
1887,0.623737574259898,0.511383647172427,0.35372835,-2.29161299781236,-2.26551267239707,-2.30468434019209,-2.28545015487693,132.09
1888,0.619340534436918,0.508202229284308,0.35326415,-2.29311251102468,-2.26895318111287,-2.30360919616373,-2.28898697680679,132.16
1889,0.61493838832593,0.505020544508716,0.35286385,-2.29414604516721,-2.27224917350794,-2.30236782992082,-2.29225414365665,132.23
1890,0.610531651277288,0.501838793261371,0.35252717,-2.29474846063218,-2.27539231735046,-2.30098654443217,-2.29524009366518,132.3
1891,0.606120713981556,0.498657048138404,0.3522531,-2.29495973457689,-2.2783783878832,-2.29948748812949,-2.29793661094936,132.37
1892,0.601705946894163,0.495475311657454,0.35204002,-2.29482379437771,-2.28120810083943,-2.29788858037205,-2.30033839416623,132.44
1893,0.597287804820239,0.492293573998972,0.35188565,-2.29438704837322,-2.28388299696924,-2.29620350494502,-2.30244289026077,132.51
1894,0.592866741089343,0.489111680191724,0.3517873,-2.29369807315773,-2.28640914529738,-2.29444151683461,-2.30425020294748,132.58
1895,0.58844324889584,0.485929387854815,0.3517419,-2.29280057936198,-2.2887974222525,-2.29260756990795,-2.30576307602356,132.65
1896,0.584017775713359,0.482746488464739,0.35174614,-2.29172670467021,-2.2910595406942,-2.29070301921805,-2.30698720558388,132.72
1897,0.579590764839101,0.479562865118876,0.3517967,-2.29049996967231,-2.29321132530015,-2.28872651662978,-2.30793181751275,132.79
1898,0.575162569976657,0.476378359765995,0.35189044,-2.28913747827064,-2.29526608384636,-2.28667598896848,-2.30860892206866,132.86
1899,0.570733560433547,0.473192831020166,0.35202423,-2.28765053599028,-2.2972262041898,-2.28455188928577,-2.30903010188183,132.93
1900,0.566304226363777,0.470006212008173,0.35219476,-2.28604324090735,-2.29908352057376,-2.28235397204159,-2.3092097255199,133.0
1901,0.561875093485137,0.466818377699907,0.35239872,-2.28431806640312,-2.30082489212548,-2.28008016720574,-2.30916594764133,133.07
1902,0.557446764845651,0.463629202836231,0.3526331,-2.2824742074041,-2.30244216808114,-2.27772628292495,-2.30892051147889,133.14
1903,0.553019835544864,0.460438619903166,0.3528954,-2.2805057405799,-2.30393199443504,-2.27528748961417,-2.30849779759216,133.21
1904,0.548594934461537,0.45724648660124,0.35318404,-2.27840703020796,-2.30529391028763,-2.27276260191859,-2.30792032325168,133.28
1905,0.544172638890785,0.454052643924543,0.35349792,-2.27617521693348,-2.30653067218063,-2.27015512444408,-2.30720755155426,133.35
1906,0.53975351614126,0.450856974298953,0.35383618,-2.27381868221619,-2.30764940902726,-2.26747315740566,-2.30637572275188,133.42
1907,0.535338037996073,0.447659269229712,0.35419786,-2.27135948351926,-2.30865731919184,-2.26472867020914,-2.30543921520203,133.49
1908,0.530926622090441,0.444459287574746,0.3545819,-2.26882912472,-2.30956632817813,-2.26193360192121,-2.30441515031156,133.56
1909,0.526519546113743,0.441256813895774,0.35498726,-2.26626286944741,-2.31039476514098,-2.25909894949274,-2.30332438089711,133.63
1910,0.522117052413188,0.438051526340461,0.35541347,-2.26369043655225,-2.31115957886737,-2.25623595402691,-2.30219064082161,133.7
1911,0.517719452432326,0.434843055175766,0.3558606,-2.26113882901734,-2.31187967257752,-2.2533604644803,-2.30103626715472,133.77
1912,0.513327040418922,0.43163104142885,0.35632914,-2.25863636997256,-2.31257466780507,-2.25049387241489,-2.29988084583162,133.84
1913,0.508940133983476,0.428415005093684,0.35682005,-2.2562101955002,-2.31325649238449,-2.2476632214503,-2.29874106496753,133.91
1914,0.50455898742282,0.425194404028983,0.35733446,-2.25388355501932,-2.31393532462893,-2.24490150689658,-2.29763107637866,133.98
1915,0.50018383187136,0.421968756528378,0.35787377,-2.25167799971336,-2.31461963079909,-2.24224752934978,-2.29656215781958,134.05
1916,0.495814788195886,0.418737700545632,0.3584391,-2.24961455087897,-2.31531524991904,-2.23974568210496,-2.29554256465886,134.12
1917,0.491451906699816,0.41550086255589,0.35903087,-2.24771600699674,-2.31602562173361,-2.23744376535353,-2.29457763408287,134.19
1918,0.487095079557901,0.412257917178651,0.35964876,-2.24600714926379,-2.31674902887938,-2.23538393456114,-2.293670840216,134.26
1919,0.482744143572661,0.409008647020819,0.3602917,-2.24450369805121,-2.31748142815589,-2.23359986607674,-2.29282364031759,134.33
1920,0.478398982700419,0.405752812196256,0.3609579,-2.24321193330108,-2.31821356464814,-2.23211791523584,-2.29203639859089,134.4
1921,0.474059439796983,0.40249021064209,0.36164507,-2.2421337697477,-2.31892929239131,-2.23095769233412,-2.29130886309808,134.47
1922,0.469725355180497,0.399220738684952,0.3623503,-2.24126934687679,-2.31960904008933,-2.23013199194464,-2.29064006872748,134.54
1923,0.465396477943195,0.395944261308941,0.3630703,-2.24061764168127,-2.32022813248055,-2.22964690057245,-2.29002842844543,134.61
1924,0.461072567611254,0.392660673241166,0.36380127,-2.24017497716742,-2.3207605756996,-2.22950151049171,-2.28947144120222,134.68
1925,0.456753495606122,0.38936996030409,0.36453912,-2.23993669869697,-2.32117922440376,-2.22968831934995,-2.28896609636943,134.75
1926,0.452439155960297,0.386072070482743,0.36527947,-2.23990055736849,-2.32146192294974,-2.23019342631221,-2.28850908554195,134.82
1927,0.44812950288558,0.382766975819249,0.36601776,-2.24006608392767,-2.32159479254212,-2.23099696965952,-2.28809720292944,134.89
1928,0.443824461123582,0.379454734580737,0.36674938,-2.24043490774016,-2.32157107721428,-2.23207399692411,-2.28772799797897,134.96
1929,0.439523963154827,0.376135363145724,0.3674697,-2.24100655825069,-2.32138916973338,-2.23339506960916,-2.28740029923614,135.03
1930,0.435227859195039,0.372808898718693,0.3681742,-2.24177845092973,-2.32105223140332,-2.23492717510687,-2.28711486360844,135.1
1931,0.4309359540558,0.369475462316263,0.36885855,-2.24274935902219,-2.3205697234218,-2.23663450230133,-2.28687489699759,135.17
1932,0.426647916801019,0.366135131467604,0.36951873,-2.24392217895233,-2.31995748317978,-2.23847908210947,-2.28668663682408,135.24
1933,0.422363380799787,0.362788003736395,0.37015107,-2.24530300404377,-2.3192412995869,-2.24042123080222,-2.28655961520708,135.31
1934,0.418082043632057,0.359434260505404,0.37075245,-2.24689580774621,-2.3184535062408,-2.2424201786613,-2.28650723774531,135.38
1935,0.41380357630491,0.356074040464015,0.37132052,-2.24869254561507,-2.31762195629407,-2.24443475844297,-2.28654723290245,135.45
1936,0.409527659384126,0.352707503903716,0.37185416,-2.25067099854798,-2.31677087804177,-2.24642485390185,-2.28670076463149,135.52
1937,0.405253891979288,0.349334897260273,0.37235346,-2.25279578426501,-2.31591779405138,-2.24835494382338,-2.28698753979006,135.59
1938,0.400981891187752,0.345956427340552,0.37281963,-2.2550199336139,-2.31507634830192,-2.25019459807136,-2.28742396012698,135.66
1939,0.396711391456581,0.342572326336459,0.37325487,-2.2572878587793,-2.31426154712771,-2.2519178960753,-2.28802222198948,135.73
1940,0.39244215332086,0.339182917062201,0.37366223,-2.25954244646366,-2.31348686933966,-2.25350246762441,-2.28878909276145,135.8
1941,0.388173999121664,0.335788487850002,0.37404552,-2.26172509885394,-2.31275819941489,-2.25492904622189,-2.28972544339035,135.87
1942,0.383906721638533,0.332389358203916,0.37440908,-2.26378180936517,-2.31207925605721,-2.25618159937301,-2.29082647322952,135.94
1943,0.379640183236353,0.328985944644737,0.37475774,-2.26566593813364,-2.31145085772171,-2.25724746487405,-2.29208211901286,136.01
1944,0.375374414978408,0.325578636177896,0.37509665,-2.26734054763321,-2.31087583941079,-2.25811787482317,-2.29347764814254,136.08
1945,0.371109525154625,0.322167796961817,0.37543118,-2.2687822057334,-2.31036072808656,-2.25878835968445,-2.29499405555812,136.15
1946,0.36684573481702,0.318753642087854,0.3757668,-2.26998333573071,-2.3099157010255,-2.25925909625506,-2.29660851882021,136.22
1947,0.362583286243905,0.315336304051264,0.37610903,-2.27094803274977,-2.30955701908894,-2.25953526322234,-2.2982951662043,136.29
1948,0.3583224783991,0.31191589934909,0.37646323,-2.27168941368175,-2.30930266080248,-2.25962734078325,-2.30002526941008,136.36
1949,0.354063575302617,0.3084924046439,0.37683436,-2.27223059663163,-2.30917392387453,-2.25955122708972,-2.30176749705657,136.43
1950,0.349806841376057,0.305065723600829,0.37722653,-2.27260206825726,-2.30919410086604,-2.25932740889781,-2.30348924635236,136.5
1951,0.3455524496784,0.301635753842876,0.37764302,-2.2728375977654,-2.30938530802288,-2.25897670859761,-2.30516095968223,136.57
1952,0.341300517096713,0.298202263472087,0.37808624,-2.27297523883641,-2.30976810325531,-2.25851914927761,-2.30675707547345,136.64
1953,0.337051012410935,0.294764958272474,0.3785579,-2.27305166725802,-2.31035976372031,-2.257973713889,-2.30825571057318,136.71
1954,0.332803854821435,0.291323549047499,0.379059,-2.27309220303934,-2.31116353649341,-2.25735829904466,-2.30963853603924,136.78
1955,0.328559012384348,0.287877628547359,0.37958992,-2.27311271289282,-2.3121684889622,-2.25668967217416,-2.31089065662331,136.85
1956,0.324316409801598,0.284426739108979,0.38015053,-2.27311687729229,-2.31334877955943,-2.25598317727877,-2.31200030409053,136.92
1957,0.320076026678522,0.280970503986779,0.3807401,-2.27309555448276,-2.31466812944206,-2.25525250624204,-2.31295872605596,136.99
1958,0.315837995695776,0.277508695353781,0.38135758,-2.27302760612052,-2.31608320773956,-2.25451004326074,-2.31376020726882,137.06
1959,0.311602510140138,0.274041111949945,0.38200146,-2.2728880921089,-2.317547964325,-2.25376746427955,-2.31440235071486,137.13
1960,0.307369858382303,0.270567647498299,0.38266993,-2.2726526561241,-2.31901719673289,-2.25303589225,-2.31488636467883,137.2
1961,0.303140331220045,0.267088359340549,0.38336083,-2.27229607016097,-2.32044204832655,-2.25232592536035,-2.31521710178254,137.27
1962,0.298914256150389,0.263603346740236,0.38407183,-2.27179942125858,-2.32177732076247,-2.25164760133077,-2.31540297698918,137.34
1963,0.294691904485444,0.260112756444608,0.38480034,-2.27115393632135,-2.32298897867843,-2.25101023385167,-2.31545576438959,137.41
1964,0.290473525374052,0.256616661427305,0.38554373,-2.27036284313969,-2.32405549642841,-2.25042262893175,-2.3153907805991,137.48
1965,0.286259252644647,0.253115130399665,0.38629952,-2.26944266533996,-2.32496832018979,-2.24989317265137,-2.31522694616695,137.55
1966,0.282049202052999,0.249608297531823,0.3870657,-2.26842153742897,-2.32573265311228,-2.24943093331841,-2.31498577163647,137.62
1967,0.277843568373587,0.246096241825035,0.38784102,-2.26732875912875,-2.32636183086652,-2.24904993732952,-2.31468710791158,137.69
1968,0.273642531773978,0.242579057241942,0.3886246,-2.26619267447711,-2.32687151224458,-2.24876994891975,-2.31434731328509,137.76
1969,0.26944629105803,0.239056923035808,0.38941598,-2.26504503255383,-2.32728029026705,-2.24861610344608,-2.31397875656909,137.83
1970,0.26525496969672,0.235529983719116,0.39021462,-2.26392985965056,-2.32760986319593,-2.24861866382431,-2.31358963941073,137.9
1971,0.261068648713728,0.231998356258068,0.39101937,-2.26290248643278,-2.32788597159567,-2.24881099360753,-2.31318470898998,137.97
1972,0.256887272346753,0.228462010413334,0.3918284,-2.26202552490361,-2.32813844912771,-2.24922060056546,-2.31276635263396,138.04
1973,0.252710744074698,0.224920839815979,0.39263922,-2.26135512364193,-2.32839378017159,-2.2498665884391,-2.31233474027115,138.11
1974,0.24853902245666,0.221374733223686,0.39344886,-2.2609342679048,-2.32866651503449,-2.25076027639399,-2.31188828500397,138.18
1975,0.244372026230256,0.217823455405337,0.39425382,-2.26079140749669,-2.32896237253528,-2.25190555544014,-2.31142391364219,138.25
1976,0.240209666264052,0.214266718770053,0.39505023,-2.26093958336881,-2.32927918235172,-2.25329968008854,-2.31093765540398,138.32
1977,0.236051750292899,0.210704318712158,0.39583394,-2.26137325705494,-2.32961309857363,-2.25493411398009,-2.31042535834256,138.39
1978,0.23189807803281,0.207136205645149,0.3966006,-2.26207694357793,-2.32995744432001,-2.25679644588218,-2.30988410531185,138.46
1979,0.227748536126504,0.203562366694962,0.3973457,-2.26303002242776,-2.33029742701847,-2.25887121673676,-2.30931280517584,138.53
1980,0.223603002371126,0.199982834647771,0.3980646,-2.26421414254085,-2.33061666778322,-2.26113965822737,-2.30871221344327,138.6
1981,0.219461376825629,0.196397570078674,0.39875275,-2.26561623498261,-2.33090442967309,-2.26357935975253,-2.3080847634802,138.67
1982,0.215323485728236,0.192806534253374,0.3994057,-2.26722217956904,-2.33115522448202,-2.2661644997078,-2.30743484345782,138.74
1983,0.21118911230246,0.189209762248317,0.4000191,-2.26902037207664,-2.33137235884399,-2.26886645137378,-2.306769264867,138.81
1984,0.207057900384034,0.185607245734771,0.40058902,-2.27100433088954,-2.33156582854288,-2.27165438327909,-2.30609785891091,138.88
1985,0.202929448470216,0.181999006537325,0.40111184,-2.27316634017626,-2.33174227424778,-2.27449547401443,-2.30543362884553,138.95
1986,0.198803403648901,0.178385170411147,0.40158442,-2.27549972451304,-2.33191177057899,-2.27735467915283,-2.30479283900358,139.02
1987,0.194679364866675,0.174765850481113,0.40200418,-2.27799832189998,-2.33208781931945,-2.28019487726919,-2.30419529407988,139.09
1988,0.190556913142484,0.171141157931367,0.40236944,-2.28065728413162,-2.33228880379522,-2.28297714231969,-2.30366449046375,139.16
1989,0.186435514667914,0.167511085866835,0.40267977,-2.28347780901081,-2.33254236482709,-2.28566203305338,-2.30322681312216,139.23
1990,0.182314614403283,0.163875583935818,0.40293598,-2.28645998844952,-2.33287624622858,-2.28821387000522,-2.3029072999209,139.3
1991,0.17819372963372,0.160234633157871,0.40313998,-2.28959946153051,-2.33331123441068,-2.29060171321339,-2.3027285783311,139.37
1992,0.174072352950255,0.156588130402871,0.4032947,-2.29288317217711,-2.33386012922895,-2.29279920164396,-2.30271081394398,139.44
1993,0.169950045786005,0.152935963633826,0.40340397,-2.29628054755033,-2.33451839010206,-2.29478420828087,-2.30287146307997,139.51
1994,0.165826531970698,0.149278087361346,0.40347227,-2.29975055068981,-2.33527116567725,-2.29653869299927,-2.30322520983635,139.58
1995,0.161701600764054,0.145614407757985,0.40350485,-2.30324771259298,-2.33609866791165,-2.29804862702924,-2.30378395987144,139.65
1996,0.157575136971784,0.141944858546059,0.4035074,-2.30672790748045,-2.33698389276812,-2.29930392617963,-2.30455676332878,139.72
1997,0.153447024077953,0.138269477106437,0.40348616,-2.31015107812888,-2.33791563767514,-2.30029832983823,-2.30554947589246,139.79
1998,0.14931717447281,0.134588290254831,0.40344766,-2.31347646663949,-2.33888198897214,-2.3010290990967,-2.30676441170497,139.86
1999,0.145185432706232,0.130901390795979,0.40339866,-2.31666673997684,-2.33986984184575,-2.30149691535156,-2.30820030551908,139.93
2000,0.141051669363359,0.127209014298661,0.40334612,-2.31968659310133,-2.34086486358428,-2.30170591596799,-2.30985252047742,140.0
2001,0.13691587501216,0.123511425531956,0.40329707,-2.32249824483085,-2.3418496775021,-2.3016638669801,-2.31171305693692,140.07
2002,0.132778063671735,0.1198089321471,0.40325853,-2.32506907225003,-2.34281087568417,-2.30138196452077,-2.31377048955192,140.14
2003,0.128638303394907,0.116101771520671,0.40323746,-2.32737467968823,-2.34373675839069,-2.30087483635314,-2.3160099599581,140.21
2004,0.124496619890302,0.112390188340701,0.40324065,-2.32939918200849,-2.34461983823986,-2.30016087011381,-2.31841341604843,140.28
2005,0.120353027256021,0.108674512370618,0.4032747,-2.33113606961696,-2.34546353793198,-2.2992624865974,-2.32095971729469,140.35
2006,0.116207431749623,0.104955045825625,0.4033456,-2.33259410208901,-2.34627859953546,-2.29820603978714,-2.32362422569076,140.42
2007,0.11205972618713,0.101232077942295,0.40345857,-2.33379216043728,-2.34707682744953,-2.29702096166659,-2.32638016979269,140.49
2008,0.107909884418436,0.0975057726556527,0.4036178,-2.33476179568388,-2.34787639282183,-2.29573548303582,-2.32920292611913,140.56
2009,0.103757865327075,0.0937762469660689,0.40382665,-2.33554553151912,-2.34870167597467,-2.29437528108928,-2.33207067649789,140.63
2010,0.0996036439485135,0.0900436494336214,0.4040877,-2.33618482207751,-2.34957434318519,-2.29296314713267,-2.33496398303355,140.7
2011,0.0954471156343049,0.0863080482394524,0.4044027,-2.33670865199062,-2.35050702676198,-2.29151878420288,-2.33786567893773,140.77
2012,0.0912881908562229,0.082569509920253,0.40477294,-2.3371328131352,-2.35150233892877,-2.29005911483488,-2.34076101244515,140.84
2013,0.0871268900982319,0.0788281782172401,0.40519896,-2.33745651808764,-2.35254667496587,-2.28859865359314,-2.34363759983893,140.91
2014,0.0829632482835171,0.0750841624810099,0.40568092,-2.33767064137112,-2.35361900443828,-2.28714962612758,-2.34648531518492,140.98
2015,0.0787973463290271,0.0713376167386387,0.40621853,-2.33775846939904,-2.35469299115803,-2.28572208827419,-2.34929624428455,141.05
2016,0.0746292157518991,0.0675888188627829,0.40681106,-2.3377082690874,-2.35574673433568,-2.28432417177079,-2.35206476675112,141.12
2017,0.0704589339178989,0.0638380592808672,0.4074575,-2.33751538069318,-2.35676463334418,-2.28296194805487,-2.35478725836223,141.19
2018,0.0662867193744884,0.0600856568070457,0.40815657,-2.33717802753493,-2.35773487043636,-2.28163948150118,-2.35746198557142,141.26
2019,0.0621128367094444,0.0563318475117243,0.40890676,-2.33670189668856,-2.35865121406383,-2.28035907186733,-2.3600891923175,141.33
2020,0.0579376285198697,0.0525768642097674,0.40970638,-2.33610110458591,-2.35951323601377,-2.27912111412429,-2.36267080753064,141.4
2021,0.0537614204072557,0.0488210160023492,0.41055363,-2.33539091044133,-2.36032043278511,-2.27792408373319,-2.36521028147582,141.47
2022,0.0495845530601901,0.0450645773074939,0.4114466,-2.33458792960716,-2.36107314551689,-2.27676452031644,-2.3677124873427,141.54
