,"x(Wd,We)","y(Wd,We)","theta(Wd,We)",Wd_true,We_true,Wd,We,tempo
0,-0.0341888009504402,-0.0002646549378617,0.0231620840422186,0.41908659112767,0.31019384680927,2.22545120150653,2.27816990250735,0.0
1,-0.0299212440914722,-0.0002290192343154,0.0232466229531648,0.482351232682688,0.378296349137888,2.22335596645085,2.27667801274118,0.07
2,-0.0256529800084772,-0.0001933780639844,0.0233306737837546,0.545606857337028,0.446392113443834,2.22126293964368,2.27518721907837,0.14
3,-0.0213828641886647,-0.0001577226219868,0.0234133984818088,0.608837001444018,0.514468505782632,2.21917593996886,2.27369942427621,0.21
4,-0.0171092890210189,-0.0001220406125009,0.0234935378190794,0.672015351794058,0.582504833715719,2.21710074928217,2.27221752059793,0.28
5,-0.0128302608879626,-8.63168924765062e-05,0.0235694099016415,0.735104604223322,0.650471207677857,2.21504515006979,2.27074541666258,0.35
6,-0.0085434773206342,-5.05341158344808e-05,0.0236389087282257,0.798055323190494,0.71832758362175,2.21301896288753,2.26928806418552,0.42
7,-0.0042464042535338,-1.46733784265547e-05,0.0236995028268652,0.860804802998474,0.78602226537715,2.21103408344026,2.26785148453892,0.49
8,6.36465801284357e-05,2.1285135934812e-05,0.0237482340078755,0.92327602182009,0.853490589557103,2.20910451912414,2.26644279504263,0.56
9,0.0043894400668642,5.73615080361059e-05,0.0237817162788726,0.985376779926187,0.920653703685376,2.20724642481674,2.26507023487685,0.63
10,0.0087337398968359,9.35754340564272e-05,0.0237961349752315,1.0469983916664,0.987417348452783,2.20547813766219,2.26374319048789,0.7
11,0.0130992304635733,0.0001299455742348,0.0237872461671273,1.10801483550407,1.05367064553007,2.20382021055946,2.2624722203382,0.77
12,0.017488438429868,0.0001664888990576,0.0237504064997181,1.16828374810304,1.11928498290491,2.20229544402279,2.26126907883135,0.84
13,0.0219036539115629,0.0002032200326304,0.0236807839816255,1.22765489114377,1.18411309001215,2.2009287355167,2.26014664895776,0.91
14,0.0263468813216392,0.0002401505929308,0.0235738099803091,1.28597953428886,1.24798974919177,2.19974599366152,2.25911839230918,0.98
15,0.0308198800087934,0.0002772885286804,0.0234255415453266,1.34312120829919,1.31074257069266,2.19877184607375,2.25819707552908,1.05
16,0.0353241442156435,0.0003146374526263,0.0232328438776586,1.3989595568292,1.37220799004935,2.19802680231017,2.25739298357381,1.12
17,0.0398609426757089,0.0003521959710932,0.0229933930157833,1.45338999724899,1.43224018501885,2.19752600770797,2.25671300359455,1.19
18,0.0444312974712106,0.0003899570097414,0.0227055288827734,1.50632066696508,1.4907142990385,2.19727943731536,2.25616078987115,1.26
19,0.0490360224797243,0.0004279071355574,0.0223681091754091,1.55767147117177,1.54752547821339,2.1972931384988,2.25573767870816,1.33
20,0.0536757010402301,0.0004660258752089,0.0219804844766108,1.60737318772979,1.60258294180974,2.19757046897249,2.25544351076812,1.4
21,0.0583507231748431,0.0005042850300062,0.0215425043486921,1.65536741290101,1.65580754281368,2.19811245759361,2.25527690949982,1.47
22,0.0630612620046623,0.0005426479878437,0.0210545243314643,1.70160659699686,1.70712966099194,2.19891782944035,2.25523531654061,1.54
23,0.067807309703674,0.0005810690326317,0.0205174138478707,1.74605609660834,1.75648739980108,2.19998281550511,2.25531487438087,1.61
24,0.0725886526365995,0.0006194926518815,0.0199325650106747,1.78869439304092,1.80383122630214,2.20130038597381,2.25550991563522,1.68
25,0.077404936119476,0.0006578528432715,0.0193019023145435,1.82951189880902,1.84912708193972,2.20286005049492,2.25581281118472,1.75
26,0.0822557285435025,0.0006960724211982,0.0186278631005976,1.86851121091351,1.89235576866533,2.20464834591661,2.25621432773153,1.82
27,0.087140494605186,0.0007340623245063,0.0179132885833114,1.90570553151447,1.9335109578644,2.20664922939931,2.25670389314802,1.89
28,0.0920586280892523,0.0007717209267927,0.0171614059224436,1.94111796385151,1.97259910200236,2.2088444072331,2.25726989013738,1.96
29,0.0970094238630381,0.0008089333508941,0.016375780937824,1.9747754550167,2.00963565278471,2.21121371999973,2.25789988813237,2.03
30,0.101992109444236,0.0008455707893962,0.0155600909703371,2.00670472658599,2.04464405459042,2.21373582510972,2.25858102425535,2.1
31,0.107005815803756,0.0008814898332389,0.0147180487902981,2.03693437482759,2.07765471474107,2.21638908681355,2.25930059373826,2.17
32,0.112049607768637,0.000916531810746,0.0138532969607606,2.06549606938386,2.10870379974956,2.21915213249049,2.26004642880485,2.24
33,0.11712245368971,0.0009505221396684,0.0129693929399043,2.09242605341589,2.13783336138654,2.22200416586726,2.26080706624352,2.31
34,0.122223284829572,0.0009832696951105,0.0120698246813846,2.11776387568808,2.16509077603636,2.22492515790202,2.26157179415295,2.38
35,0.12735105422618,0.0010145661964898,0.0111579964929125,2.14155166359033,2.1905279779881,2.22789609623518,2.26233078868143,2.45
36,0.132504704788023,0.0010441856169842,0.0102371249147053,2.16383360542125,2.21420015484197,2.23089914312901,2.26307525068965,2.52
37,0.137683197078437,0.0010718836192277,0.0093102250829918,2.18465416687581,2.23616408462674,2.2339177925021,2.26379742216304,2.59
38,0.142885476457226,0.0010973970213372,0.0083801273450925,2.20405823024271,2.25647539152895,2.23693705646789,2.26449057279565,2.66
39,0.148110499949294,0.0011204432976822,0.0074494939838868,2.22209080866663,2.27518926246465,2.23994335070975,2.26514898697324,2.73
40,0.153357202508385,0.0011407201191518,0.0065208660882336,2.23879717712209,2.29236086252171,2.24292444001618,2.26576798136509,2.8
41,0.158624523045745,0.0011579049380172,0.0055968006965839,2.25422654840814,2.30804532792385,2.24586944422157,2.26634398331506,2.87
42,0.163911369891971,0.0011716546228526,0.004679917641184,2.26843207228355,2.32229883990718,2.24876854372065,2.26687439932702,2.94
43,0.169216676149881,0.001181605149337,0.0037729162220042,2.28147037624005,2.33518044754614,2.25161274580666,2.26735748432342,3.01
44,0.174539454694834,0.0011874014408496,0.002878561663052,2.2934015495864,2.3467525925425,2.25439380227429,2.26779242233832,3.08
45,0.179878762578394,0.001188817540783,0.001999581126936,2.3042864106113,2.35707964289447,2.25710421827462,2.26817934788654,3.15
46,0.185233725291885,0.0011857865963042,0.0011386497643932,2.31418559899385,2.36622702186561,2.25973747292175,2.26851936819928,3.22
47,0.190603500555903,0.0011784008329906,0.0002984065741553,2.32315977026081,2.37425969749748,2.26228812082089,2.26881464649888,3.29
48,0.195987302002557,0.0011669116092699,-0.000518560150638,2.33126619751215,2.3812427393857,2.26475171445984,2.26906830559088,3.36
49,0.201384362414705,0.0011516994612763,-0.0013098180124997,2.33855746590757,2.38724036110443,2.26712493870275,2.26928433226096,3.43
50,0.206793956887345,0.0011331539582395,-0.002073135943955,2.34508249958717,2.39231425947722,2.26940550615035,2.26946730189419,3.5
51,0.212215365574102,0.0011116438882125,-0.0028065601931254,2.35088621928377,2.39652392734691,2.27159205412846,2.26962213385973,3.57
52,0.21764789638285,0.0010875175917566,-0.003508310286549,2.3560113500074,2.39992478662349,2.27368398317088,2.26975384749116,3.64
53,0.223090847282537,0.0010611033492078,-0.0041767357065872,2.36049729316225,2.40256699887672,2.27568138746067,2.2698676495394,3.71
54,0.228543528584704,0.0010327098152313,-0.0048103032279468,2.36438135776546,2.40449582501822,2.27758504715263,2.2699691123056,3.78
55,0.234005224861404,0.0010026264947396,-0.0054075848554576,2.36770036426411,2.40575338272994,2.2793965126635,2.27006435209626,3.85
56,0.239475216862992,0.0009711242545997,-0.0059672463908152,2.37048867878063,2.40638137958726,2.28111807030121,2.27016011763631,3.92
57,0.24495274309773,0.000938455865901,-0.0064880366540792,2.37277923625035,2.40642066900295,2.2827525892054,2.27026357771543,3.99
58,0.25043705152493,0.0009048565718932,-0.0069688074717955,2.37460508463512,2.40591382631125,2.28430346017243,2.27038222917454,4.06
59,0.255927451112049,0.000870544677029,-0.0074086246297026,2.37599946382432,2.40490580986039,2.28577453605007,2.27052371448917,4.13
60,0.261423273006004,0.0008357221528628,-0.0078067892840753,2.37699595309966,2.40344255590425,2.28716998337777,2.2706955187273,4.2
61,0.266923891769903,0.000800575256863,-0.0081628300239721,2.37762754323041,2.40157054534576,2.28849419564186,2.27090475635864,4.27
62,0.272428686346318,0.0007652751604897,-0.0084764956847341,2.37792743075327,2.39933818395998,2.28975161763225,2.27115798760538,4.34
63,0.277937091197105,0.0007299785831741,-0.0087477489212625,2.37792936752327,2.39679439183263,2.29094657108493,2.27146106420657,4.41
64,0.283448647367676,0.0006948284291061,-0.0089767605456534,2.37766729414584,2.39398759044278,2.29208323196921,2.27181909474128,4.48
65,0.288962963222611,0.0006599544240005,-0.0091639046298369,2.37717582124321,2.39096650063224,2.29316569916626,2.27223643914194,4.55
66,0.294479735299625,0.0006254737492598,-0.0093097543701941,2.37648945180073,2.38777910997123,2.2941979137616,2.27271670221781,4.62
67,0.299998708938002,0.0005914916711888,-0.0094151087951112,2.37563934046173,2.38447239618773,2.2951836996673,2.27326269602223,4.69
68,0.30551969903799,0.0005581021631452,-0.0094811104804735,2.3746496952982,2.38109220404059,2.29612656445,2.2738761603847,4.76
69,0.311042550604796,0.0005253885187224,-0.0095092737320284,2.37353764264618,2.3776780395256,2.29702929038395,2.2745571212069,4.83
70,0.316567159431529,0.0004934239542676,-0.009501483389326,2.37231589263918,2.37426340156747,2.29789385724599,2.27530375903712,4.9
71,0.322093432572949,0.0004622721992288,-0.0094599642239037,2.37099441406998,2.37087563293965,2.29872157645167,2.27611257730885,4.97
72,0.327621308962893,0.0004319880730075,-0.0093871607223521,2.36958162983751,2.36753763664985,2.29951325596986,2.2769787198375,5.04
73,0.33315071982613,0.0004026180471653,-0.0092857077407702,2.3680867274443,2.36427121659062,2.30026933581641,2.27789625711087,5.11
74,0.338681609236722,0.0003742007919916,-0.0091584318111381,2.36651956412251,2.36109572361061,2.30098996402412,2.27885832110947,5.18
75,0.344213894473221,0.0003467677065941,-0.0090083228765805,2.3648892796683,2.35802844538872,2.3016752236948,2.27985744981579,5.25
76,0.349747486522679,0.0003203434318102,-0.0088384162291617,2.3632038433023,2.35508219651511,2.30232521025292,2.28088572030764,5.32
77,0.355282250384055,0.0002949463453724,-0.0086517651228954,2.36146915035723,2.35226380926366,2.3029401695132,2.2819350316222,5.39
78,0.360818025523593,0.0002705890388806,-0.008451413744099,2.35968824031833,2.34957418675898,2.30352063638453,2.28299741718238,5.46
79,0.366354586133694,0.0002472787762487,-0.008240280220902,2.3578637351475,2.34700910604601,2.30406748394209,2.28406529666742,5.53
80,0.371891691636883,0.0002250179333959,-0.008021130143617,2.35599922537292,2.34456236569251,2.30458200320899,2.28513184799716,5.6
81,0.377429137175638,0.0002038044190514,-0.0077965502802137,2.3541009578399,2.34222808869318,2.30506577292946,2.28619104825001,5.67
82,0.382966713829123,0.0001836320766273,-0.0075688321738951,2.35217901268477,2.34000224095567,2.30552043966161,2.2872375340761,5.74
83,0.388504228999228,0.0001644910671969,-0.007339946102741,2.35024664555567,2.33788321503151,2.30594743824972,2.28826655250438,5.81
84,0.394041466618753,0.0001463682336884,-0.0071115451846905,2.34831890814609,2.33587060661915,2.30634792343653,2.28927391197736,5.88
85,0.399578237623938,0.0001292474464698,-0.0068849995922842,2.34641193084086,2.33396597492443,2.30672276215132,2.29025584343636,5.95
86,0.405114430431914,0.0001131099305624,-0.0066615210226554,2.3445393770298,2.33217317986592,2.30707258645296,2.29120898214735,6.02
87,0.410649971163193,9.79345747726439e-05,-0.0064422269590682,2.34270892714165,2.33049609969262,2.30739808763832,2.29213047033552,6.09
88,0.416184844049918,8.36982230798478e-05,-0.0062282650528079,2.34092505040798,2.32893818193339,2.30770028071445,2.2930179399872,6.16
89,0.421719051680267,7.03759486614754e-05,-0.0060208170785631,2.33918888745554,2.32750060822369,2.30798043834394,2.29386934578311,6.23
90,0.42725263543031,5.79413109715609e-05,-0.0058209824425684,2.33750204347146,2.32618066760201,2.3082400853857,2.29468288890792,6.3
91,0.432785635732302,4.63665963223611e-05,-0.0056297217488401,2.33586622840034,2.32497172229456,2.30848105400822,2.29545730256272,6.37
92,0.438318112529699,3.56230424456695e-05,-0.0054477400529493,2.33428250511039,2.32386314130048,2.308705238295,2.29619180719455,6.44
93,0.443850105567192,2.56810475334122e-05,-0.00527546022494,2.33275270295609,2.32284143549409,2.30891431909926,2.29688603634306,6.51
94,0.449381654865706,1.651036427619e-05,-0.0051130262333064,2.33127827294201,2.32189238381862,2.30910939893914,2.29753990303102,6.58
95,0.454912761030681,8.08027943338765e-06,-0.0049603062546626,2.32986013480906,2.32100195440511,2.30929102830762,2.29815355714422,6.65
96,0.460443405743929,3.59779480537618e-07,-0.0048169256942197,2.32849906470174,2.32015785622109,2.30945926232462,2.29872737362695,6.72
97,0.465973512088104,-6.68229711210614e-06,-0.0046823902947885,2.32719355445109,2.31934904369102,2.30961383798427,2.29926197149058,6.79
98,0.471502995142841,-1.3077120410408e-05,-0.0045561188143819,2.32594007685191,2.3185644983712,2.30975444190808,2.2997583238036,6.86
99,0.477031812590631,-1.88557417947203e-05,-0.0044374454566814,2.32473605783775,2.31779453735601,2.30988076773084,2.30021777812562,6.93
100,0.482559925070673,-2.40489784228814e-05,-0.0043256221525732,2.323579387626,2.31703347518952,2.30999257373871,2.30064207763047,7.0
101,0.488087316720158,-2.86873088183152e-05,-0.0042198207047657,2.32246952561785,2.31627924664198,2.31008992129119,2.3010334430698,7.07
102,0.493613955552782,-3.28007790266732e-05,-0.0041191648967038,2.32140833364926,2.31553299922722,2.31017323297797,2.30139447484352,7.14
103,0.499139814025756,-3.64189187913597e-05,-0.0040228527560797,2.32039946417918,2.31479964839389,2.31024326077258,2.30172808575134,7.21
104,0.504664829444947,-3.95706672057657e-05,-0.0039301884620655,2.31944831926049,2.31408752992984,2.31030096417521,2.30203737411559,7.28
105,0.510188954647379,-4.22843073091531e-05,-0.0038406141738141,2.31855954136798,2.31340760080746,2.31034747885799,2.30232552748614,7.35
106,0.515712208698905,-4.45874091043851e-05,-0.0037538320558493,2.31773314923934,2.31277218832213,2.31038405544437,2.30259545599474,7.42
107,0.52123463734459,-4.65067804864122e-05,-0.0036698359837328,2.31696551672685,2.31219085022443,2.31041181796394,2.30284924556537,7.49
108,0.526756333650179,-4.80684255847369e-05,-0.0035889131107283,2.31624995939355,2.31167002510956,2.31043170301325,2.30308803268421,7.56
109,0.532277398482886,-4.92975100353715e-05,-0.0035116152955679,2.31557885453144,2.31121313315582,2.31044445925186,2.30331202990231,7.63
110,0.537797961180821,-5.02183327133756e-05,-0.0034386402107862,2.31494570006708,2.31082097665695,2.31045070721652,2.30352073213828,7.7
111,0.543318140058287,-5.08543034714869e-05,-0.0033708026483299,2.31434419397702,2.31049424554851,2.31045114970307,2.30371327368871,7.77
112,0.548838063095618,-5.12279264464723e-05,-0.0033090057467797,2.31376878731582,2.31023235106422,2.3104465415638,2.30388845455086,7.84
113,0.554357828460478,-5.13607885104086e-05,-0.0032541218624024,2.31321442430206,2.31003204760097,2.31043777996033,2.30404497765215,7.91
114,0.559877525209304,-5.12735524608996e-05,-0.0032069635944037,2.3126751085106,2.3098871064916,2.3104259646196,2.30418165630559,7.98
115,0.565397193816188,-5.098595456037e-05,-0.003168284773281,2.31214511640714,2.30978837981505,2.31041248825182,2.30429759191406,8.05
116,0.570916846878578,-5.05168060515512e-05,-0.0031387813098871,2.31161768324182,2.30972539768959,2.31039897658419,2.30439232194418,8.12
117,0.576436429648139,-4.98839982927564e-05,-0.003119061803871,2.31108838246193,2.30968727271816,2.31038731868699,2.30446581783474,8.19
118,0.581955870825247,-4.91045111734306e-05,-0.0031095277235849,2.31055814401868,2.30966480729851,2.31037939642232,2.3045183328481,8.26
119,0.587475133354807,-4.81944244868969e-05,-0.0031103436731454,2.31003178962145,2.30965178811101,2.31037678377175,2.304550250304,8.33
120,0.592994174961367,-4.71689319537659e-05,-0.0031214375640553,2.3095184033481,2.30964534759559,2.31038065671143,2.30456205254268,8.4
121,0.598512968862905,-4.60423576056921e-05,-0.0031425006006887,2.3090308296285,2.30964500138833,2.31039164281707,2.30455432034723,8.47
122,0.60403146431313,-4.48281742551063e-05,-0.0031729870809473,2.30858201177211,2.3096512343164,2.31040967075363,2.30452773272876,8.54
123,0.609549607323752,-4.35390237923277e-05,-0.0032121441053765,2.30818169108187,2.30966610215725,2.31043403025254,2.3044830971517,8.61
124,0.615067301216721,-4.21867390667116e-05,-0.0032591614676681,2.30783578308518,2.30969518722164,2.31046382310428,2.30442147036219,8.68
125,0.620584457446112,-4.07823671236244e-05,-0.0033133213888055,2.30754557237448,2.30974591315616,2.31049835386159,2.30434409901527,8.75
126,0.626101046428094,-3.93361935834798e-05,-0.0033740277581569,2.30730931349706,2.30982423474672,2.31053697886518,2.3042520296433,8.82
127,0.631617058117263,-3.78577679634232e-05,-0.0034407750698202,2.30712386093626,2.309931838827,2.31057907553458,2.30414595961096,8.89
128,0.637132522768607,-3.63559297558235e-05,-0.0035129968896375,2.30698614768423,2.31006551101735,2.31062419211127,2.30402650956475,8.96
129,0.642647471534327,-3.48388350911585e-05,-0.0035899142133374,2.30689409123065,2.3102147267744,2.3106721070756,2.30389452622312,9.03
130,0.648161957245964,-3.33139838256026e-05,-0.0036705040773668,2.30684485096741,2.31036342418498,2.31072240710485,2.30375111461805,9.1
131,0.653676015030344,-3.17882469060138e-05,-0.0037535282611276,2.30683308477122,2.3104942136015,2.31077406498144,2.30359752012352,9.17
132,0.659189683109371,-3.02678938768386e-05,-0.0038376521867202,2.30685043841743,2.31059114307996,2.31082552895114,2.30343513104065,9.24
133,0.664702963432093,-2.87586204048142e-05,-0.0039214735118734,2.30688584669477,2.3106411703652,2.31087508284777,2.30326560171727,9.31
134,0.670215842489362,-2.7265575708206e-05,-0.0040035507032247,2.30692935426568,2.31063467267145,2.31092126639744,2.30309088556213,9.38
135,0.675728251960086,-2.57933897876704e-05,-0.0040825218783391,2.30697259646057,2.31056526528191,2.31096293450373,2.30291320801183,9.45
136,0.681240119628064,-2.43462003657131e-05,-0.0041571334158169,2.30700873834215,2.31042989194837,2.31099913606657,2.30273491923954,9.52
137,0.686751420307298,-2.29276794510661e-05,-0.0042262385334284,2.30703515175235,2.31022837483765,2.31102908314516,2.30255837700468,9.59
138,0.692262136513793,-2.1541059453218e-05,-0.0042887959446286,2.30705296335199,2.3099642895198,2.31105215030679,2.30238604012748,9.66
139,0.697772279323006,-2.01891587807308e-05,-0.0043438686141618,2.30706491791248,2.30964587122683,2.31106784400038,2.302220441581,9.73
140,0.70328184906232,-1.88744068648868e-05,-0.0043906226315553,2.30707628061761,2.30928361257787,2.31107571187841,2.3020639508928,9.8
141,0.708790856189346,-1.75988685577562e-05,-0.0044283262194202,2.30709396428803,2.30888876490987,2.3110754327781,2.30191874703965,9.87
142,0.714299282005092,-1.63642678607082e-05,-0.004456378979342,2.30712382126057,2.30847445802913,2.31106681658034,2.30178688144147,9.94
143,0.719807099552826,-1.51720109460494e-05,-0.0044744315639129,2.30716859708652,2.30805492501909,2.31104965377673,2.30167000978695,10.01
144,0.725314234352009,-1.40232084405842e-05,-0.0044824152590778,2.30722639551066,2.30764430616809,2.31102350501168,2.30156900326881,10.08
145,0.73082061540652,-1.29186969456508e-05,-0.004480541658444,2.30729335547567,2.30725557334261,2.31098743060414,2.30148349937516,10.15
146,0.736326226225185,-1.1859059773509e-05,-0.0044693025185163,2.30736536509032,2.30689800999256,2.31093999102245,2.30141178336319,10.22
147,0.7418310655926,-1.08446468849262e-05,-0.004449439703323,2.3074392037664,2.3065788127901,2.31087948824165,2.30135115086053,10.29
148,0.747335168529247,-9.87559401736437e-06,-0.0044218250342022,2.30751245066527,2.30630072113317,2.31080408695591,2.30129821004522,10.36
149,0.752838567089992,-8.95184099739208e-06,-0.0043874305580363,2.30758173828443,2.30606313614517,2.31071205637804,2.30124930397858,10.43
150,0.758341311351318,-8.07314923481821e-06,-0.0043472989551257,2.30764124675944,2.30586221596021,2.3106018317813,2.30120072218597,10.5
151,0.763843430235795,-7.23911839958601e-06,-0.0043024238060822,2.30768396631472,2.30568976677812,2.31047204625322,2.30114879181396,10.57
152,0.769344952523847,-6.44920228567641e-06,-0.0042537202256043,2.30770118471924,2.30553520221796,2.31032165304048,2.30109011922024,10.64
153,0.774845867701383,-5.70272386920295e-06,-0.0042020256698379,2.30768414136601,2.30538665970869,2.31014995798269,2.30102168118437,10.71
154,0.78034614699375,-4.99888957051192e-06,-0.0041481008130833,2.30762571189993,2.30523214664842,2.30995659214181,2.30094094632705,10.78
155,0.785845704235264,-4.33680273246954e-06,-0.0040926304787306,2.30752098021355,2.30506104750814,2.30974139455187,2.30084590644084,10.85
156,0.79134444701355,-3.71547632921815e-06,-0.0040361945229647,2.30736919521843,2.30486451779327,2.30950435553483,2.30073504786606,10.92
157,0.796842327826933,-3.13384492156222e-06,-0.0039791484835291,2.3071742842293,2.3046359986504,2.30924544005915,2.3006072328601,10.99
158,0.802339304993245,-2.59077587674991e-06,-0.0039215945097545,2.30694353183271,2.30437203280321,2.30896432122961,2.30046167151448,11.06
159,0.80783536374961,-2.08507987185414e-06,-0.0038633823920822,2.3066868011031,2.3040712757936,2.30866032478695,2.30029789397685,11.13
160,0.813330477193024,-1.61552070118e-06,-0.0038041406892366,2.30641500326508,2.30373416978606,2.30833243418484,2.30011563272934,11.2
161,0.818824627412989,-1.18082440912426e-06,-0.0037433981311016,2.30613610062862,2.30336237732914,2.3079793562563,2.29991482554595,11.27
162,0.824317766465744,-7.79687770788906e-07,-0.0036806147773264,2.30585604419109,2.30295953962904,2.30759982801412,2.29969576922162,11.34
163,0.829809837541423,-4.10786143316044e-07,-0.0036152132032324,2.30558010251387,2.30253029035583,2.30719292390575,2.29945924354736,11.41
164,0.835300735974043,-7.27807114424304e-08,-0.0035466698981138,2.30531220483248,2.30207960097189,2.3067580927554,2.29920639491152,11.48
165,0.840790360534082,2.35674848822994e-07,-0.003474426184324,2.30505669111391,2.30161137434326,2.30629507484812,2.29893862021541,11.55
166,0.846278664742214,5.15928264267137e-07,-0.0033978894563449,2.3048160302132,2.30112776084648,2.30580400004368,2.29865766169678,11.62
167,0.85176561794272,7.69323091975723e-07,-0.0033165247499161,2.30458841746113,2.30062883584991,2.30528539613478,2.29836561175872,11.69
168,0.857251226576116,9.97193655984217e-07,-0.0032297959498958,2.30436880199665,2.30011221730369,2.30474007735987,2.2980647976844,11.76
169,0.862735495300636,1.2008604688201e-06,-0.0031372575238788,2.30414874045255,2.29957469949062,2.30416912367507,2.29775769663931,11.83
170,0.86821844831342,1.38162611386471e-06,-0.0030385861769392,2.30391874778755,2.29901166060775,2.30357389059542,2.29744673048013,11.9
171,0.873700090520395,1.54077156471018e-06,-0.0029335825231646,2.30366887295423,2.29841878748391,2.30295601949796,2.29713430137926,11.97
172,0.879180428905412,1.67955291801277e-06,-0.0028221728675348,2.30338981632653,2.29779271759912,2.30231744836236,2.29682270716811,12.04
173,0.88465943374759,1.79919851671723e-06,-0.0027044111017341,2.30307374660708,2.29713065865727,2.30166042291926,2.29651414697039,12.11
174,0.890137060037758,1.9009064409949e-06,-0.0025804807152286,2.30271322273054,2.2964323555985,2.30098747808373,2.29621081708373,12.18
175,0.895613208743571,1.98584234471868e-06,-0.0024506969206226,2.30230192169717,2.29570139632379,2.30030132945771,2.29591476610482,12.25
176,0.901087778362835,2.05513761586223e-06,-0.0023155389776995,2.30183566808272,2.29494468271143,2.29960485538267,2.29562762960967,12.32
177,0.906560716503515,2.10988783977597e-06,-0.0021757427980765,2.30131340428303,2.29417265440602,2.29890107922991,2.29535054523001,12.39
178,0.91203198122894,2.15115154493229e-06,-0.0020322131197889,2.30073755998701,2.29339692551793,2.29819309170155,2.29508409765802,12.46
179,0.917501562607874,2.17994921135259e-06,-0.0018859959405383,2.30011276782558,2.29262915519212,2.29748418387711,2.29482859443614,12.53
180,0.922969444119257,2.19726252261989e-06,-0.0017383111933526,2.29944220305153,2.29188217482268,2.29677798033553,2.29458431146797,12.6
181,0.928435624262794,2.20403384305149e-06,-0.0015906757333976,2.29872365331785,2.29116873819024,2.29607833159101,2.29435122684047,12.67
182,0.933900078024745,2.20116590231198e-06,-0.0014449360872311,2.29794989184247,2.29049960929456,2.29538911621627,2.29412854383051,12.74
183,0.939362778549948,2.18952167045765e-06,-0.0013032410247358,2.29711272215615,2.28988210090326,2.29471401275958,2.2939143942378,12.81
184,0.94482365866956,2.16992440711301e-06,-0.0011679238327616,2.29620612121834,2.2893188229252,2.29405663252674,2.29370605302461,12.88
185,0.950282632636023,2.14315786920353e-06,-0.0010414446906354,2.2952267359519,2.28881064214673,2.29342083263482,2.29350063420746,12.95
186,0.955739557715497,2.10996666237972e-06,-0.0009262426669938,2.29417362883034,2.28835648178372,2.29281093848199,2.29329554594268,13.02
187,0.961194286078048,2.07105672198292e-06,-0.0008246176448483,2.2930478141575,2.28795315013246,2.29223184547557,2.29308876503206,13.09
188,0.966646716724824,2.02709591011015e-06,-0.0007387925698043,2.29184996032158,2.2875963416728,2.29168881941342,2.2928787804559,13.16
189,0.9720967571916,1.97871471603157e-06,-0.0006708250148114,2.29058212511693,2.28728016295881,2.29118738657141,2.2926645670227,13.23
190,0.977544345469212,1.92650704790097e-06,-0.0006225786356292,2.28924813841501,2.28699768065677,2.29073307270035,2.29244555907538,13.3
191,0.982989411791605,1.87103110437762e-06,-0.0005956943044855,2.28785284275986,2.28674089718619,2.2903312014475,2.2922215340092,13.37
192,0.988431900643622,1.8128103154325e-06,-0.00059147062524,2.28640572796183,2.28650367435217,2.28998669192808,2.29199255605061,13.44
193,0.99387173263883,1.75233434225991e-06,-0.0006108343270908,2.28492140757361,2.28628285124511,2.28970376508816,2.29175882986279,13.51
194,0.999308856707111,1.6900601268427e-06,-0.0006543403380337,2.28342072812832,2.28607909098887,2.28948570920943,2.29152052415229,13.58
195,1.00474330233012,1.62641298232816e-06,-0.0007221714336262,2.28193079587275,2.28589823867254,2.28933461421746,2.29127762544935,13.65
196,1.01017514156227,1.56178771596139e-06,-0.0008141374510398,2.28048265693486,2.28574930913413,2.28925128534872,2.29102991232226,13.72
197,1.01560451127528,1.49654977689603e-06,-0.0009296740651068,2.27910614903986,2.28564087967195,2.28923512552494,2.29077695976295,13.79
198,1.0210315752743,1.43103642175098e-06,-0.0010678411297834,2.27782649756316,2.28557997946176,2.28928419703468,2.29051817374792,13.86
199,1.0264565466338,1.36555789131197e-06,-0.0012273506829603,2.27666530311109,2.28557293394922,2.28939561297118,2.29025294624504,13.93
200,1.03187964989964,1.30039859228671e-06,-0.0014066848069382,2.27563909025872,2.28562377128113,2.2895658071447,2.28998084041347,14.0
201,1.03730114350423,1.23581827850891e-06,-0.0016041228411409,2.27476071249784,2.28573271803452,2.28979077278364,2.28970171574393,14.07
202,1.04272128203991,1.17205322645343e-06,-0.0018177381498456,2.27403771589961,2.28589577707018,2.29006605947413,2.28941567279588,14.14
203,1.04814033873685,1.10931740037027e-06,-0.0020453945637012,2.27347292661549,2.28610418399895,2.29038694963853,2.28912314849933,14.21
204,1.05355856778989,1.04780360276753e-06,-0.0022847425298374,2.27306329049973,2.28634434408902,2.29074842349225,2.28882495140506,14.28
205,1.05897622688042,9.87684606378304e-07,-0.0025332150091363,2.27280033463027,2.28659827986028,2.29114524352909,2.28852226696303,14.35
206,1.06439353953774,9.29114264126547e-07,-0.0027880532508143,2.27267197999235,2.28684729750473,2.29157203827461,2.28821669298978,14.42
207,1.0698107176863,8.72228593970397e-07,-0.0030464226660185,2.2726625763497,2.28707270446369,2.29202359601587,2.28791039556645,14.49
208,1.07522792402369,8.17146835841513e-07,-0.0033054684112923,2.27275600364379,2.28725748990095,2.29249518807717,2.28760626498729,14.56
209,1.08064529457675,7.63972478222603e-07,-0.0035624310837949,2.27293726686124,2.28738884805317,2.29298271112117,2.2873078911927,14.63
210,1.08606290108178,7.12794252206861e-07,-0.0038146721408651,2.27319469079583,2.28745886695011,2.29348258838453,2.28701929845936,14.7
211,1.09148080362508,6.63687091167753e-07,-0.0040596692691081,2.27352027786401,2.28746326238281,2.29399173079991,2.28674480033589,14.77
212,1.09689910327935,6.16713054435425e-07,-0.0042950118383696,2.27390774777998,2.28740209875779,2.29450752798114,2.2864890349275,14.84
213,1.1023179044714,5.71922213623291e-07,-0.0045184265738646,2.27435226090745,2.28728015007008,2.29502780895203,2.28625669904796,14.91
214,1.10773733751817,5.29353500482567e-07,-0.0047278936653424,2.27485122364774,2.28710626915096,2.29555068240278,2.28605222185777,14.98
215,1.11315752097814,4.89035515377338e-07,-0.0049216728276602,2.27540416007211,2.28689254738662,2.29607437686465,2.28587955843112,15.05
216,1.11857858416682,4.50987295676452e-07,-0.0050982694368641,2.27601327458223,2.28665230194368,2.2965972011883,2.28574207308443,15.12
217,1.12400062948322,4.15219043541321e-07,-0.0052563407733072,2.27668211806196,2.28639818406096,2.29711756518258,2.28564269292187,15.19
218,1.129423754896,3.81732812765943e-07,-0.0053947831008147,2.27741250792318,2.28614447001519,2.29763406044407,2.28558409083483,15.26
219,1.13484801623638,3.50523154481869e-07,-0.005512788991837,2.27820183821894,2.28590562145503,2.29814530052883,2.28556829614758,15.33
220,1.14027344964719,3.21577721689089e-07,-0.0056099651815108,2.27904189304471,2.28569445458687,2.29864958066752,2.28559615409021,15.4
221,1.14570003383599,2.94877832709615e-07,-0.0056863304385236,2.27992211187512,2.28552163295688,2.29914456766412,2.28566687476534,15.47
222,1.1511277425704,2.70398993785226e-07,-0.0057421934598937,2.28083225223748,2.28539431728371,2.29962729079938,2.28577803264767,15.54
223,1.15655659715266,2.48111381154139e-07,-0.0057781214037289,2.28176333665936,2.28531755259187,2.30009440369339,2.28592595645488,15.61
224,1.16198662861052,2.27980283048181e-07,-0.005794908791328,2.28270709468626,2.2852929165476,2.30054238621529,2.28610602802919,15.68
225,1.16741790004299,2.09966502147227e-07,-0.0057934565053157,2.28365519390493,2.28531855092765,2.30096771658753,2.28631313099665,15.75
226,1.17285046876918,1.94026719116863e-07,-0.0057747413961594,2.28459717696627,2.28538937268362,2.30136701374781,2.28654194840893,15.82
227,1.17828440863028,1.80113817934443e-07,-0.005739816305445,2.28552068520282,2.28549577972258,2.30173708985638,2.28678698910832,15.89
228,1.1837197720926,1.68177173785818e-07,-0.0056898104005707,2.28641165227474,2.28562659825392,2.30207503336039,2.28704288449065,15.96
229,1.18915661250139,1.58162904382633e-07,-0.0056258997141126,2.28725684499648,2.28576956230558,2.3023781421464,2.28730438409783,16.03
230,1.19459494613352,1.5001408561185e-07,-0.0055491876921541,2.28804610387128,2.28591269543437,2.30264400771085,2.28756650145268,16.1
231,1.20003477439899,1.43670932491193e-07,-0.0054606762569982,2.28877317031989,2.28604650458469,2.30287056987089,2.28782478014262,16.17
232,1.20547604584016,1.39070946456416e-07,-0.0053612671890107,2.28943735736352,2.28616445893666,2.30305623232185,2.28807537936432,16.24
233,1.21091870836728,1.36149030060045e-07,-0.0052517637217682,2.29004353650042,2.28626289724697,2.30319985855199,2.28831518962357,16.31
234,1.21636276146796,1.34837570209188e-07,-0.0051328422465186,2.29060044078862,2.28634060450247,2.30330061805566,2.28854182822063,16.38
235,1.22180821812826,1.35066491117206e-07,-0.005004933936094,2.2911199919467,2.28639838891868,2.30335780321662,2.2887535145773,16.45
236,1.22725512690402,1.36763278189738e-07,-0.0048682268904593,2.29161581596609,2.28643890000824,2.30337067705264,2.28894903606317,16.52
237,1.23270353379133,1.39852974110287e-07,-0.0047227887961066,2.2921005257961,2.28646725937182,2.30333850227304,2.28912777426546,16.59
238,1.23815350424623,1.44258148434515e-07,-0.0045685994814895,2.29258393717953,2.28648973609182,2.30326081183801,2.28928979172439,16.66
239,1.2436050850019,1.49898842045759e-07,-0.0044055836303451,2.29307375189046,2.28651127900849,2.30313759006716,2.28943573844312,16.73
240,1.24905832603303,1.56692487870853e-07,-0.0042337038286025,2.29357434547544,2.28653521542212,2.3029692740421,2.28956678878553,16.8
241,1.25451324231578,1.64553809299092e-07,-0.0040528732442009,2.29408808225751,2.28656192683444,2.30275666556641,2.28968454857477,16.87
242,1.25996983573326,1.73394697795483e-07,-0.003862958730234,2.2946130196254,2.28658905912945,2.30250099437726,2.28979111289812,16.94
243,1.26542805677532,1.83124071248576e-07,-0.0036639044406969,2.2951428987651,2.28661158227368,2.30220383171663,2.28988894362388,17.01
244,1.27088782638375,1.9364771464304e-07,-0.0034557653468285,2.29566872985127,2.28662308361346,2.30186706485449,2.28998071703164,17.08
245,1.2763489975927,2.0486810470236e-07,-0.0032387108304004,2.29617809049105,2.28661754266305,2.30149287235989,2.29006920168722,17.15
246,1.28181140740449,2.16684220202829e-07,-0.003013028440667,2.29665797460213,2.28658963179232,2.30108360982308,2.29015689572499,17.22
247,1.28727492864021,2.28991339719906e-07,-0.0027791578996223,2.29709595667767,2.2865365817814,2.30064175642816,2.29024590489205,17.29
248,1.29273943150463,2.4168082863138e-07,-0.0025377854379976,2.29748150702009,2.28645827259605,2.30016980198302,2.29033779052024,17.36
249,1.29820480530658,2.54639917268258e-07,-0.0022897577520176,2.29780607412928,2.28635482732815,2.2996702548884,2.29043347765139,17.43
250,1.30367091998603,2.67751472175407e-07,-0.0020360562705412,2.29806229548731,2.28622790738095,2.2991457409136,2.29053346398981,17.5
251,1.30913764780099,2.80893762518373e-07,-0.0017778016296609,2.29824495452843,2.28608137626137,2.29859892194351,2.29063787834887,17.57
252,1.31460482482558,2.93940223751728e-07,-0.0015162582493105,2.29835275120465,2.28592181335083,2.29803250543949,2.29074650893322,17.64
253,1.32007230270029,3.06759220746379e-07,-0.0012528389916373,2.29838772702552,2.28575806521493,2.29744937465359,2.29085892180545,17.71
254,1.32554000037411,3.19213812663253e-07,-0.0009890797905774,2.2983558347727,2.28560004494861,2.29685265902063,2.29097454918943,17.78
255,1.33100786557782,3.31161521948479e-07,-0.0007265240517683,2.29826597504354,2.28545831387432,2.29624586502675,2.29109295823214,17.85
256,1.33647589646871,3.42454109923925e-07,-0.0004667274094529,2.29812677741414,2.28534543831031,2.2956329170588,2.29121399935622,17.92
257,1.34194410309667,3.5293736154566e-07,-0.0002113828124979,2.29794220922855,2.28527493902126,2.29501810817137,2.29133762359651,17.99
258,1.34741252904268,3.62450882006895e-07,3.76447029671097e-05,2.29771151792426,2.28525825435563,2.29440587043743,2.29146345918696,18.06
259,1.35288121287859,3.70827907970472e-07,0.0002783434972395,2.29743245375242,2.28530392911556,2.29380072585845,2.29159059871606,18.13
260,1.35835020979845,3.77895136326433e-07,0.0005086711883697,2.29710470394913,2.28541562904284,2.29320735757878,2.29171771720871,18.2
261,1.36381955306957,3.83472573486036e-07,0.0007266104884994,2.29672878452865,2.28559310279041,2.29263089158547,2.29184370167713,18.27
262,1.36928927565359,3.87373408341453e-07,0.0009302854027878,2.29630589576001,2.28583151797676,2.29207702775554,2.29196791961888,18.34
263,1.37475937164572,3.89403912140207e-07,0.0011179873883964,2.29583726701987,2.28612308273346,2.29155177945614,2.29209021674439,18.41
264,1.38022981788277,3.89363368647756e-07,0.001288171682762,2.29532208837047,2.28645755291583,2.29106121273568,2.29221082447182,18.48
265,1.38570053536906,3.87044038095538e-07,0.0014394840074472,2.29476022691677,2.28682237730881,2.29061142569993,2.29233041789399,18.55
266,1.39117141087153,3.82231158537764e-07,0.0015708778508193,2.29415193523,2.28720347390741,2.29020819629709,2.29244999324822,18.62
267,1.3966422583347,3.74702988367803e-07,0.001681641827335,2.29349765087594,2.2875863366186,2.28985677980624,2.29257071531573,18.69
268,1.40211287055615,3.64230893870519e-07,0.0017713973076737,2.29280032414925,2.28795726202168,2.28956182583765,2.29269385508408,18.76
269,1.40758307086249,3.50579485813401e-07,0.0018400964202944,2.29206579092881,2.28830409469081,2.28932714396109,2.29282066721308,18.83
270,1.41305267452644,3.3350680920364e-07,0.0018880204312593,2.29130465068727,2.28861742404417,2.28915558866815,2.29295232763261,18.9
271,1.41852151036671,3.12764590459518e-07,0.0019158085909067,2.29053378410545,2.28889253381279,2.28904879281084,2.29308981089889,18.97
272,1.42398938218325,2.88098546365222e-07,0.0019245475299314,2.28977438097264,2.2891284335913,2.28900699016734,2.29323382763932,19.04
273,1.42945612046952,2.5924875928664e-07,0.0019156804913048,2.28904756123197,2.28932583799727,2.28902898728156,2.2933847318052,19.11
274,1.43492163414214,2.25950123240571e-07,0.0018909469927367,2.28837195152087,2.28948764381395,2.28911225448451,2.29354263842173,19.18
275,1.44038587202761,1.87932865507147e-07,0.001852262630637,2.28776330709567,2.28961874589156,2.28925337682063,2.29370760138969,19.25
276,1.4458488445464,1.44923148569784e-07,0.0018016593454171,2.28723304968244,2.28972540236945,2.28944859413377,2.29387982124875,19.32
277,1.45131058524451,9.66437572497627e-08,0.0017411657628542,2.28678984299173,2.28981435974667,2.28969427993444,2.29405991298828,19.39
278,1.4567711725232,4.28148759794385e-08,0.0016727780137906,2.28643881998433,2.28989173769065,2.28998720867596,2.29424899319962,19.46
279,1.46223069121541,-1.68450387857003e-08,0.0015984608201963,2.28618297489189,2.28996046995667,2.29032479203067,2.29444879717255,19.53
280,1.46768925435841,-8.26182859672711e-08,0.0015201487238367,2.28602139436947,2.29002060385941,2.29070501343415,2.2946617055643,19.6
281,1.47314696481021,-1.54786841995706e-07,0.0014397474220722,2.28594808869582,2.29006972026006,2.29112642199698,2.29489071069772,19.67
282,1.47860393705873,-2.33631172582243e-07,0.0013591050881453,2.28595425128736,2.29010512889154,2.29158821590832,2.29513926227015,19.74
283,1.48406025887081,-3.19428929042088e-07,0.0012798934661976,2.2860294936445,2.29012534177813,2.29209014456758,2.29541105259481,19.81
284,1.48951601313013,-4.12453524111867e-07,0.0012035792343267,2.28616512483306,2.29013073453058,2.29263247016092,2.29570977140095,19.88
285,1.49497123951147,-5.12972582251299e-07,0.0011314254301515,2.28635517313455,2.29012514062922,2.29321595859927,2.29603913100395,19.95
286,1.50042598642842,-6.21246259500053e-07,0.0010644928246848,2.2865958721244,2.2901154902624,2.29384183963791,2.29640274055059,20.02
287,1.50588036299064,-7.37525428059779e-07,0.0010036412217078,2.28688550681386,2.29011003523122,2.29451167598843,2.29680397971151,20.09
288,1.51133450070647,-8.62049720916996e-07,0.0009495306634931,2.28722407834495,2.29011834909888,2.2952273520152,2.29724608237011,20.16
289,1.51678857536752,-9.9504543197427e-07,0.0009026225273495,2.2876123660425,2.29015259094462,2.29599115190055,2.29773212936938,20.23
290,1.52224276876208,-1.13672326738042e-06,0.0008631805010723,2.28805282393133,2.29022624149279,2.29680565645489,2.29826492017062,20.3
291,1.52769729056501,-1.28727594397318e-06,0.0008312714289661,2.28854891178934,2.29035353078747,2.29767369923267,2.29884693398291,20.37
292,1.53315234005003,-1.4468756310417e-06,0.000806796111394,2.2891060800805,2.29054856427624,2.29859835181988,2.29948035022507,20.44
293,1.53860812797151,-1.61567123193567e-06,0.000789580144277,2.28973215212302,2.29082450810139,2.29958293824204,2.30016721853854,20.51
294,1.54406483826131,-1.7937855024242e-06,0.0007792540105856,2.29043334242862,2.291195240364,2.30063113861273,2.30090968804814,20.58
295,1.54952264988773,-1.9813120031214e-06,0.000775102953649,2.29121012336392,2.29167615846909,2.30174694126035,2.30170978434179,20.65
296,1.55498169852243,-2.17831188377243e-06,0.0007760370779993,2.29205775406975,2.29228221668487,2.30293432291623,2.30256867395561,20.72
297,1.56044212845081,-2.38481049772409e-06,0.0007806215153087,2.29297102031201,2.29302677408254,2.3041969276822,2.30348616852308,20.79
298,1.56590414445992,-2.60079384548189e-06,0.000787226850439,2.29394734831831,2.29391854469552,2.30553807567209,2.30446088979668,20.86
299,1.57136797343818,-2.82620484690852e-06,0.0007941794821793,2.29498630689526,2.29496254685904,2.30696113134867,2.30549094510641,20.93
300,1.5768338861218,-3.06093944232802e-06,0.0007998216844773,2.29608808541858,2.29615897385059,2.30846972000406,2.30657439117271,21.0
301,1.58230215863294,-3.30484252357591e-06,0.0008026017490708,2.29725257244496,2.29750431837571,2.31006779232209,2.30770960665742,21.07
302,1.5877730941556,-3.5577036968914e-06,0.0008010137128617,2.29847756064697,2.2989924943132,2.31175941660609,2.30889527260965,21.14
303,1.59324698439349,-3.81925288046672e-06,0.0007936875754159,2.29976010983278,2.30061351867454,2.31354874991727,2.31013041215152,21.21
304,1.59872413115521,-4.08915574041764e-06,0.0007794194194766,2.30109691598102,2.30235483871574,2.3154397668221,2.31141424872585,21.28
305,1.60420480771067,-4.36700897017095e-06,0.0007572016345592,2.30248600309738,2.30420295753594,2.31743601646424,2.31274603336238,21.35
306,1.60968928026423,-4.65233541921163e-06,0.0007263435284372,2.30393021935083,2.30614577961245,2.31954037780193,2.31412496132797,21.42
307,1.6151777691887,-4.94457907853501e-06,0.000686501818031,2.30543760312875,2.30817369071935,2.32175469259692,2.31554999764816,21.49
308,1.62067050045411,-5.24309993142631e-06,0.0006376811875097,2.30702117641449,2.31028009454999,2.32407939645469,2.31701967169074,21.56
309,1.62616775698399,-5.5471686796204e-06,0.0005802350075257,2.30869930867631,2.31246248937336,2.32651326823493,2.31853190100592,21.63
310,1.63166983967164,-5.85596135640793e-06,0.0005148662154913,2.31049264936479,2.3147198123839,2.32905320756187,2.32008393471334,21.7
311,1.63717708849022,-6.16855383987418e-06,0.0004426283505191,2.31241979501217,2.31704948179794,2.33169404045722,2.3216723262107,21.77
312,1.64268984334004,-6.48391628115843e-06,0.0003648966426109,2.31449548162638,2.31944874014594,2.3344285336786,2.3232929352535,21.84
313,1.64820846497814,-6.80090746443608e-06,0.0002832188740081,2.31672790213741,2.32191373968027,2.33724776829535,2.32494104973148,21.91
314,1.65373329567283,-7.11826911723017e-06,0.0001991663391995,2.31911728486593,2.32444094328439,2.34014157175413,2.32661156704055,21.98
315,1.65926467992798,-7.43462019167238e-06,0.0001143052269726,2.32165961418646,2.32702707998374,2.34309918912015,2.32829926522256,22.05
316,1.66480292491964,-7.74845113944499e-06,3.01981330715269e-05,2.32434691836976,2.3296678958242,2.34610959192139,2.32999889317464,22.12
317,1.67034832098995,-8.05811820535331e-06,-5.15944125387678e-05,2.32716960064081,2.3323559107947,2.34916139470132,2.33170498975898,22.19
318,1.67590110184183,-8.36183776679777e-06,-0.0001295124320125,2.33011485622121,2.33507967915859,2.35224289097058,2.3334120336629,22.26
319,1.68146146478014,-8.65768074883337e-06,-0.0002019950277472,2.33316610991952,2.33782353034829,2.3553420282369,2.33511447279129,22.33
320,1.68702953064425,-8.94356714703777e-06,-0.0002675090681726,2.33630380546773,2.34056989677105,2.35844635241217,2.33680669346669,22.4
321,1.69260536377932,-9.21726069302566e-06,-0.000324668234741,2.33950384611095,2.34330164125788,2.3615429218147,2.33848289944957,22.47
322,1.69818893169335,-9.47636370017297e-06,-0.0003722619311145,2.3427413591766,2.34600203762376,2.36461813081598,2.34013672035405,22.54
323,1.70378015483741,-9.71831212994555e-06,-0.0004092542549364,2.34599286487134,2.34865559394658,2.36765762389274,2.34176109114399,22.61
324,1.70937895624633,-9.94037092211944e-06,-0.0004347530540349,2.34923727097623,2.35124827465401,2.37064624015446,2.34334822229843,22.68
325,1.71498522077814,-1.0139629635206e-05,-0.0004479189981433,2.35245611508917,2.35376655003043,2.3735679585182,2.34488960059861,22.75
326,1.72059881439218,-1.03129984464623e-05,-0.0004480252965413,2.3556326034788,2.35619819190912,2.37640584380437,2.34637608085251,22.82
327,1.72621954311707,-1.04572045640459e-05,-0.0004343671994053,2.3587513725001,2.35853201763348,2.379141994043,2.34779788818419,22.89
328,1.73184717206209,-1.05687891070974e-05,-0.0004062319102893,2.36179888261245,2.36075793645634,2.3817574892963,2.34914459122831,22.96
329,1.73748138412436,-1.06441045128435e-05,-0.0003629289225547,2.36476239931133,2.36286705787714,2.38423234232087,2.35040507649416,23.03
330,1.74312182883487,-1.06793125331817e-05,-0.00030391088024,2.3676292160458,2.36485177183598,2.38654545141127,2.35156749399982,23.1
331,1.74876817108578,-1.06703828865872e-05,-0.0002288044491606,2.37038681137152,2.36670516908226,2.3886745557859,2.35261914428962,23.17
332,1.754420049482,-1.06130926346401e-05,-0.0001374414711823,2.37301990881377,2.36842199826101,2.39059616380856,2.3535464574876,23.24
333,1.76007709476183,-1.05030263559334e-05,-2.99806714721962e-05,2.37550675642979,2.36999785018918,2.39228533409686,2.35433449294982,23.31
334,1.76573888794219,-1.0335577193606e-05,9.30606049152922e-05,2.37781998197149,2.37142602784062,2.39371534003,2.35496617037589,23.38
335,1.77140497854626,-1.01059488561769e-05,0.0002308345423658,2.37993003824908,2.37269601353195,2.3948574588089,2.35542189458159,23.45
336,1.77707484256997,-9.80915865488413e-06,0.0003822809869143,2.38180786935492,2.37379103615429,2.39568097581495,2.3556797547684,23.52
337,1.78274790054661,-9.4400416640691e-06,0.0005461851376903,2.38342430099221,2.37468970312173,2.39615343487369,2.35571620838002,23.59
338,1.78842347536806,-8.99325609455826e-06,0.0007212951674447,2.38474898368049,2.3753664018957,2.39624083409981,2.35550649774616,23.66
339,1.79410081022408,-8.46328997327332e-06,0.0009063493551327,2.3857496716486,2.37579089269838,2.39590779799665,2.35502489020071,23.73
340,1.79977902632094,-7.84446922547018e-06,0.0011000729285137,2.3863914769124,2.37592919901908,2.39511772642348,2.3542449527345,23.8
341,1.80545714074413,-7.13096725908923e-06,0.0013011747272719,2.38663802473577,2.37574338943928,2.39383280071775,2.35313965103224,23.87
342,1.81113402413001,-6.31681615362992e-06,0.0015083737974011,2.38645114127657,2.37519283893407,2.39201387772087,2.35168148398463,23.94
343,1.81680844860289,-5.39591955869694e-06,0.0017205161155175,2.38579232354886,2.37423426243658,2.38962045291688,2.34984250372478,24.01
344,1.82247913573464,-4.36206740992246e-06,0.0019366009395636,2.38462590212313,2.37282319920529,2.38661051286432,2.34759419159742,24.08
345,1.82814471428568,-3.20895257224165e-06,0.0021558070698113,2.38291944426722,2.37091577535037,2.38294024756535,2.34490734100454,24.15
346,1.83380373818914,-1.93018952262004e-06,0.0023776093013105,2.38064377510101,2.36846969224605,2.37856377397003,2.34175203790579,24.22
347,1.8394546444521,-5.19335186045984e-07,0.0026018045559405,2.3777732191042,2.36544516372358,2.37343302184588,2.33809758906232,24.29
348,1.84509580143854,1.03008796006691e-06,0.0028285078789074,2.37428437759122,2.36180366657715,2.3674977527541,2.33391251891519,24.36
349,1.85072555729919,2.72456639674919e-06,0.0030581483910839,2.37015266033953,2.35750594931566,2.36070550238556,2.32916451530172,24.43
350,1.85634219831417,4.57056757280338e-06,0.0032914351074065,2.3653505132955,2.35251272986147,2.35300159760284,2.32382050510406,24.5
351,1.86194396761709,6.57450929551642e-06,0.0035292023505311,2.35984779412297,2.3467866988678,2.34432955001221,2.31784689050145,24.57
352,1.86752902398071,8.74272638621741e-06,0.0037722550982865,2.35360960240624,2.34029164716464,2.33463158634953,2.31120982607094,24.64
353,1.87309546104658,1.10814344847576e-05,0.0040213346012082,2.34659749233934,2.33299055336054,2.32384925652335,2.30387550725507,24.71
354,1.87864126668131,1.35966908889419e-05,0.0042771139925811,2.33876940493097,2.32484449769781,2.31192381947825,2.29581044071852,24.78
355,1.88416434284465,1.6294352316074e-05,0.0045401937898332,2.33007937349047,2.31581216213167,2.29879649819692,2.28698160694057,24.85
356,1.88966246565485,1.9180029478721e-05,0.0048110671875581,2.3204776650833,2.30585003768763,2.28440881551305,2.27735660590997,24.92
357,1.89513330604018,2.22590383678208e-05,0.0050899949558579,2.3099106366815,2.29491412212359,2.26870283127002,2.26690372634306,24.99
358,1.90057439066576,2.55363481425838e-05,0.0053770005495804,2.2983237369069,2.28295943797495,2.25162128188007,2.25559178857077,25.06
359,1.90598312352887,2.90165255313948e-05,0.0056719553360274,2.28566386327363,2.26994218581367,2.23310783394297,2.24339036342208,25.13
360,1.91135674791625,3.27036756539407e-05,0.0059745132386962,2.2718805042413,2.25582161501824,2.21310739278267,2.23027000661382,25.2
361,1.91669239920914,3.66013791825426e-05,0.0062841655890489,2.25692569712144,2.24055995801463,2.19156643682923,2.21620247910677,25.27
362,1.92198715832247,4.07126257686191e-05,0.00660014540292,2.24075211073197,2.22412286582981,2.16843337884082,2.20116095396005,25.34
363,1.92723801556648,4.50397436698552e-05,0.0069213917050636,2.22331172086414,2.20647935274323,2.14365892484188,2.18512005975362,25.41
364,1.93244189542235,4.95843255243955e-05,0.0072465438280791,2.2045586297713,2.18760091969169,2.11719637153316,2.16805576106348,25.48
365,1.93759562193513,5.43471502301806e-05,0.0075739356171639,2.18445037404645,2.16746340734076,2.08900199350105,2.14994552776339,25.55
366,1.94269594513035,5.93281009009591e-05,0.0079015895652751,2.16294955706479,2.14604691573462,2.05903540071685,2.13076852279716,25.62
367,1.94773950816103,6.45260788851207e-05,0.0082272109087961,2.14002526517318,2.12333427236485,2.02726007772868,2.11050598935436,25.69
368,1.95272290568203,6.99389138496994e-05,0.0085481817194246,2.11565125952611,2.0993128630565,1.99364416544906,2.08914195817465,25.76
369,1.95764274324935,7.55632699497626e-05,0.0088615249460083,2.08980353167503,2.07397564378357,1.95816106496669,2.06666364347569,25.83
370,1.96249560754234,8.13945481224916e-05,0.0091637782782571,2.06245764462047,2.04732052126975,1.92078986395596,2.0430615277914,25.9
371,1.96727809790883,8.74267845666171e-05,0.0094509283250516,2.03358598011913,2.01934942636286,1.88151561625026,2.01832928638971,25.97
372,1.9719867989438,9.36525454904654e-05,0.009718314906893,2.00316136155494,1.99006650855759,1.84032959530761,1.99246340100359,26.04
373,1.97661831451404,0.0001000628182365,0.0099607462369874,1.97116058400241,1.95947647461924,1.79722991297735,1.96546333553416,26.11
374,1.98116924293935,0.0001066468989172,0.0101726746361514,1.93756854397925,1.92758451544862,1.75222235328486,1.93733224370131,26.18
375,1.98563621374259,0.000113392276725,0.0103483426115768,1.90237987026043,1.89439773084119,1.70532157170492,1.90807820864943,26.25
376,1.99001586567903,0.0001202845151096,0.0104818091360046,1.86559697286294,1.85992853344499,1.65655223858767,1.87771541269328,26.32
377,1.99430488645678,0.0001273071300499,0.010566946494339,1.82722947477773,1.82419560888458,1.60594994594221,1.8462649060893,26.39
378,1.99849999385795,0.0001344414656808,0.0105974378926544,1.78729463526737,1.78722345480691,1.55356211783193,1.81375521527604,26.46
379,2.00259797867127,0.0001416665675718,0.0105668060279714,1.74581753095702,1.74904356745971,1.49944904408739,1.78022303090367,26.53
380,2.00659568914445,0.0001489590539976,0.0104685329081668,1.70283436423169,1.70969507895363,1.44368488603828,1.74571388487223,26.6
381,2.0104901074529,0.0001562929855754,0.0102961206000141,1.65839363312645,1.66922547647978,1.38635877352488,1.71028302632819,26.67
382,2.01427842797815,0.0001636397336951,0.0100432133737029,1.61255732836789,1.62769119215975,1.32757575114404,1.67399619491786,26.74
383,2.01795804718728,0.000170967848208,0.0097036309221704,1.56540308940693,1.58516125196732,1.26745742168,1.63693013985876,26.81
384,2.02152661560245,0.0001782429248939,0.0092713729453425,1.51702436972144,1.54171895804326,1.20614276622505,1.59917312434314,26.88
385,2.02498203155659,0.0001854274732726,0.0087406252985417,1.46753053560017,1.49746106157298,1.14378901844137,1.56082553423661,26.95
386,2.02832249712858,0.0001924807853822,0.0081057678133698,1.4170469568962,1.45249812551491,1.08057247010154,1.52200040895106,27.02
387,2.03154651594473,0.0001993588062022,0.0073613838960261,1.36571463645943,1.40695640639742,1.01668938559357,1.48282398294093,27.09
388,2.03465298331768,0.0002060140064543,0.0065022419167102,1.31368811230187,1.36097995941007,0.952357052291979,1.44343638621901,27.16
389,2.03764127848628,0.00021239525858,0.0055231582248728,1.26113530065827,1.31473260345144,0.887815203951512,1.40399250161101,27.23
390,2.04051126871305,0.0002184477167498,0.0044188622359881,1.20823608785442,1.26839688519348,0.823319208108017,1.36465728963762,27.3
391,2.0432633756888,0.0002241127018302,0.0031839840347159,1.15518427137727,1.22217106219071,0.75910819414457,1.32558438561034,27.37
392,2.0458985538082,0.0002293275922974,0.0018130442388091,1.10218625768278,1.17626533534425,0.695397912683874,1.28691130322075,27.44
393,2.04841824048421,0.0002340257221577,0.0003002957820563,1.04944399675602,1.13089332548646,0.63238177376612,1.24876025984635,27.51
394,2.05082430857176,0.0002381362870059,-0.001360522108804,0.997142789923798,1.08626342382584,0.570231966317432,1.21123890442148,27.58
395,2.05311902087521,0.0002415842594241,-0.0031762167616011,0.945449623802187,1.04256691338666,0.509100595239107,1.17444100584017,27.65
396,2.05530498670565,0.0002442903150019,-0.0051540819683993,0.894514264407038,0.999975554734414,0.449120802917278,1.13844713003314,27.72
397,2.05738512044748,0.000246170770329,-0.0073017448346155,0.84447091200641,0.958642284033259,0.390407872404755,1.10332530402441,27.79
398,2.05936260208714,0.0002471375343963,-0.0096270999626591,0.795438307865579,0.918701981471648,0.333060309867015,1.06913166551069,27.86
399,2.06124083965175,0.0002470980749136,-0.0121382706572452,0.74752003554958,0.880272217031014,0.277160904208784,1.03591109673395,27.93
400,2.06302343350002,0.0002459554011353,-0.0148435669221393,0.700805315516044,0.843453971159516,0.222777762099529,1.00369784163153,28.0
401,2.06471414240436,0.0002436080648647,-0.0177514401019366,0.655369869897536,0.808332328226518,0.169965316899643,0.972516105451775,28.07
402,2.06631685135899,0.0002399501813872,-0.0208704340189062,0.611276765597423,0.774977231196159,0.118765310255663,0.942380636215166,28.14
403,2.06783554104656,0.0002348714721649,-0.0242091324525362,0.568577234329448,0.743444386244281,0.0692077453782849,0.913297287582474,28.21
404,2.06927425889306,0.0002282573312026,-0.0277761028076368,0.527311468460133,0.713775593948741,0.0213118112468234,0.885263562861518,28.28
405,2.07063709163923,0.0002199889170763,-0.0315798358162762,0.487509391726809,0.685999228151368,-0.0249132228040107,0.858269140045829,28.35
406,2.0719281393557,0.0002099432726945,-0.0356286811190661,0.449191404103296,0.66013077147216,-0.0694671424639726,0.832296377928114,28.42
407,2.0731514908279,0.0001979934749338,-0.0399307785726055,0.412369100270572,0.63617331669927,-0.112357953965011,0.80732080347365,28.49
408,2.07431120023696,0.0001840088163713,-0.0444939851326985,0.377045961322717,0.614118033773623,-0.153601079741296,0.783311580770751,28.56
409,2.07541126506276,0.0001678550214036,-0.0493257971665269,0.343218019495555,0.593944602310394,-0.193218584090909,0.760231961998337,28.63
410,2.07645560513616,0.0001493944991097,-0.054433268052213,0.310874495854491,0.575621609816069,-0.231238428562593,0.738039720966121,28.7
411,2.07744804276811,0.0001284866352849,-0.0598229209306647,0.279998411010086,0.559106915966523,-0.267693756671309,0.716687569889504,28.77
412,2.07839228388503,0.0001049881261237,-0.0655006564826675,0.250567169055023,0.544347983511976,-0.302622207440304,0.696123560160226,28.84
413,2.07929190010161,7.87533560936318e-05,-0.071471655613714,0.222553115026586,0.531282176568807,-0.33606525717322,0.676291467965226,28.91
414,2.08015031166398,4.96348225827787e-05,-0.0777402769403583,0.195924066301318,0.519837027245652,-0.368067588778863,0.657131165690271,28.98
415,2.08097077119901,1.74836099506922e-05,-0.0843099489848184,0.170643818419165,0.509930471733378,-0.398676487901734,0.638578980122239,29.05
416,2.08175634820792,-1.78500843576484e-05,-0.0911830569995805,0.146672625916891,0.501471057167418,-0.42794126505346,0.62056803853475,29.12
417,2.08250991424558,-5.65163689470064e-05,-0.0983608243603361,0.123967658822606,0.494358120742011,-0.455912702893237,0.60302860380494,29.19
418,2.08323412873016,-9.86650201541781e-05,-0.105843188484644,0.102483435527755,0.488481942727962,-0.482642527768723,0.585888399768341,29.26
419,2.08393142533126,-0.0001444447835692,-0.113628671254504,0.0821722328083893,0.483723875210001,-0.508182904602434,0.569072928069236,29.33
420,2.08460399888865,-0.0001940026126937,-0.121714243944448,0.0629844738155091,0.479956538787312,-0.532585954191046,0.552505777810582,29.4
421,2.08525379281755,-0.0002474828420536,-0.13009518668218,0.0448690948948976,0.477044179641902,-0.555903291977648,0.536108929347423,29.47
422,2.08588248696115,-0.0003050262921152,-0.13876497258467,0.027773892130209,0.474842557431015,-0.578185587357146,0.519803053602317,29.54
423,2.08649151594271,-0.0003667693034032,-0.147715266918288,0.0116458485305099,0.473201014174247,-0.599482142584414,0.503507808310282,29.61
424,2.08708217816259,-0.0004328426972794,-0.156936011313197,-0.0035685571970851,0.471972443399115,-0.619840520459737,0.487142162712203,29.68
425,2.08765565488746,-0.0005033706609252,-0.166415803796186,-0.0179230593324758,0.471029447235461,-0.639306310165393,0.470624842409304,29.75
426,2.08821299958374,-0.0005784695541697,-0.176142574822435,-0.0314713303210745,0.470279342661877,-0.657922970220145,0.453874835664681,29.82
427,2.08875515764939,-0.0006582466359238,-0.186104318808181,-0.0442667214755932,0.469668030036237,-0.675731807904805,0.436812022793042,29.89
428,2.08928307670041,-0.0007427987081254,-0.196289791116906,-0.0563620182336703,0.469177389168232,-0.692772004110757,0.419357839836147,29.96
429,2.08979772686832,-0.000832210675261,-0.206689050362731,-0.0678092090086156,0.468817888830725,-0.709080652778385,0.401435947880471,30.03
430,2.09030009126691,-0.0009265540177236,-0.217293816144711,-0.0786592666809515,0.468618546287401,-0.724692784129957,0.382972879345697,30.1
431,2.09079115669849,-0.0010258851774766,-0.228097612302643,-0.0889619417930884,0.468618479046246,-0.739641280764239,0.363898572357176,30.17
432,2.09127190458196,-0.0011302438547377,-0.239095635668076,-0.098765566527704,0.468855956410706,-0.753956746156068,0.344146854702196,30.24
433,2.09174330208477,-0.0012396512146705,-0.2502845610418,-0.108116868571849,0.469361870330622,-0.767667264792407,0.323655818458412,30.31
434,2.09220629344129,-0.0013541080033723,-0.26166234266059,-0.117060793995111,0.470158647864342,-0.780798143655922,0.302368176750407,30.38
435,2.09266179144,-0.0014735925727811,-0.273228012213807,-0.12564033829879,0.471260241978125,-0.793371664637927,0.280231633839379,30.45
436,2.09311066906252,-0.0015980588144951,-0.284981473447422,-0.133896384825132,0.472672117120293,-0.80540684742442,0.257199269578179,30.52
437,2.09355375125803,-0.0017274340028996,-0.296923293373547,-0.141867549750984,0.474391229318054,-0.816919222453712,0.233229939175565,30.59
438,2.09399180683741,-0.0018616165484429,-0.309054490087789,-0.149590032928221,0.476406000698624,-0.827920613603014,0.208288689114717,30.66
439,2.09442554047209,-0.0020004736623796,-0.321376317184943,-0.157097473874346,0.478696288489547,-0.83841893032413,0.182347189967876,30.73
440,2.09485558478388,-0.0021438389348216,-0.333890044755181,-0.164420812260117,0.481233348707417,-0.848417969015615,0.155384186736762,30.8
441,2.09528249251306,-0.0022915098285033,-0.346596736938816,-0.1715881522874,0.483979794898587,-0.857917223489167,0.127385967228869,30.87
442,2.09570672875323,-0.0024432450912693,-0.359497026017407,-0.178624630399078,0.486889552451071,-0.866911704462162,0.0983468488519459,30.94
443,2.09612866324318,-0.0025987620909532,-0.372590883022603,-0.185552376077232,0.48990780915259,-0.875391768086113,0.0682696840725892,31.01
444,2.09654856270711,-0.002757734077007,-0.385877384852101,-0.192390655539071,0.492970962826715,-0.883342953601557,0.0371663846400381,31.08
445,2.09696658323687,-0.0029197873739922,-0.399354477893808,-0.199155475825468,0.496006567036739,-0.890745830294242,0.0050584645225672,31.15
446,2.09738276271118,-0.0030844985128425,-0.413018738175711,-0.205859371040693,0.498933276005681,-0.897575854013675,-0.0280223986610738,31.22
447,2.0977970132491,-0.0032513913066489,-0.426865128079187,-0.212511280191894,0.501660880323537,-0.903803233605615,-0.0620337841043596,31.29
448,2.09820911369724,-0.0034199338786231,-0.440886749678302,-0.219116426139249,0.504090525173362,-0.909392807701733,-0.096921930744125,31.36
449,2.09861870215206,-0.0035895356508434,-0.455074594796781,-0.225676195495793,0.506114390598845,-0.914303932404914,-0.132621123427145,31.43
450,2.09902526852145,-0.0037595443033951,-0.469417291907955,-0.232188019382969,0.507615557704036,-0.918490380504919,-0.169053063285141,31.5
451,2.09942814713218,-0.0039292427145745,-0.483900850041032,-0.238645255017266,0.508467972469009,-0.921900252958871,-0.206126223505894,31.57
452,2.09982650939223,-0.0040978458939433,-0.498508429987476,-0.245037068174644,0.508536599555461,-0.924475903470854,-0.243735191916366,31.64
453,2.10021935652031,-0.0042644979211872,-0.51322026341166,-0.251348316653042,0.507681138201874,-0.926153877108302,-0.281760002031565,31.71
454,2.10060554244511,-0.0044282689049603,-0.528013780345431,-0.257559434928882,0.50577226877513,-0.92686486399566,-0.320065454474825,31.78
455,2.10098388706767,-0.0045881820648949,-0.542864095861691,-0.263646320281303,0.502713301673237,-0.926533699318729,-0.358500430936618,31.85
456,2.10135319938097,-0.0047433311289177,-0.557744886420711,-0.269580220737737,0.498454413479629,-0.92507956132963,-0.396897353553696,31.92
457,2.10171230073116,-0.0048929075368487,-0.572629235107625,-0.275327715538979,0.492994838563741,-0.922416789936899,-0.435073026034298,31.99
458,2.10206013850487,-0.0050361976419792,-0.587490355970765,-0.280850878906999,0.486375935528776,-0.918457831722968,-0.472834018763342,32.06
459,2.10239580973744,-0.0051725800129738,-0.602301957242691,-0.28610690561209,0.478667505471621,-0.913119365996891,-0.509987503809526,32.13
460,2.10271855483619,-0.0053015228489751,-0.617038484628175,-0.291047921130832,0.469956989419137,-0.906328755111176,-0.54635119478506,32.2
461,2.10302775152296,-0.0054225815191452,-0.631675184957623,-0.295620886905058,0.460334623538593,-0.898029135615149,-0.581759687114595,32.27
462,2.10332290900963,-0.005535396236244,-0.646187900403891,-0.299767601566256,0.449883847692624,-0.888181647154637,-0.616066570142766,32.34
463,2.10360366241773,-0.0056396898722856,-0.660552804324017,-0.303424889346037,0.43867979398502,-0.876765883296273,-0.649144179498535,32.41
464,2.10386976745122,-0.0057352659227688,-0.674746139338193,-0.30652449531949,0.426789475198666,-0.86378006936182,-0.680882978149808,32.48
465,2.10412109532884,-0.0058220066244938,-0.688743958076946,-0.308994313358701,0.414271986856527,-0.849241328693499,-0.711191019770563,32.55
466,2.10435762798061,-0.0058998712305173,-0.70252189711383,-0.310761098463867,0.401178721695431,-0.833186247995574,-0.739993737101214,32.62
467,2.1045794535108,-0.0059688944443774,-0.716055104867614,-0.311756139063689,0.387553595485063,-0.815671771528899,-0.767234207401591,32.69
468,2.10478676192756,-0.0060291850143282,-0.729318384089333,-0.311926117081249,0.373433283263647,-0.796776874811187,-0.792874407832712,32.76
469,2.10497981105014,-0.0060809244869618,-0.742286609557913,-0.311245426096348,0.358847465197091,-0.77660540793008,-0.816897913107348,32.83
470,2.10515880241477,-0.0061243360305394,-0.754935240911673,-0.309722938090884,0.343819081398396,-0.755288271684226,-0.839313043192653,32.9
471,2.10532384770128,-0.0061595631494083,-0.767240961155371,-0.307404362552337,0.328364595171038,-0.732980712390125,-0.860154355211529,32.97
472,2.10547496550149,-0.0061866388121593,-0.779182290845487,-0.304371190663446,0.312494264261347,-0.709856839140162,-0.879478567984909,33.04
473,2.10561207833968,-0.0062054848155851,-0.790739967758576,-0.300733395509821,0.296212419821808,-0.686101571339837,-0.897357656585675,33.11
474,2.10573500994471,-0.0062159112961288,-0.801897212780313,-0.296619497382998,0.279517752899213,-0.661901848755995,-0.913872275111062,33.18
475,2.10584348277536,-0.0062176163902334,-0.812639731923466,-0.29216558687252,0.262403608368721,-0.637439898922201,-0.929107161219211,33.25
476,2.10593711580186,-0.0062101860470269,-0.822955545041055,-0.287505319337202,0.244858286336622,-0.612889972669772,-0.943148882040264,33.32
477,2.10601542254885,-0.0061930939987846,-0.83283479193165,-0.282767256925385,0.226865351130838,-0.58841794274988,-0.956085137658104,33.39
478,2.10607780940654,-0.0061657018966525,-0.842269546141461,-0.278074771791864,0.208403948089643,-0.564181686349827,-0.968004477268606,33.46
479,2.10612357421881,-0.0061272596211219,-0.851253636641755,-0.273546131261195,0.189449128444182,-0.540331526402556,-0.978996065379862,33.53
480,2.10615190515912,-0.0060769057787867,-0.859782477525354,-0.269294582183556,0.169972182670544,-0.517010668662567,-0.989149466368418,33.6
481,2.10616187990674,-0.0060136683989205,-0.867852905833874,-0.265428432347877,0.149940982760418,-0.494355631833221,-0.998554445782767,33.67
482,2.10615246513809,-0.0059364658454176,-0.875463027599252,-0.262051126907659,0.129320333927946,-0.472496668158818,-1.00730078677754,33.74
483,2.10612251634978,-0.0058441079616521,-0.882612072157004,-0.259261317863863,0.10807233633145,-0.451558172015699,-1.01547812005885,33.81
484,2.10607077803204,-0.0057352974677657,-0.889300254765781,-0.25715292473734,0.0861567574444801,-0.431659074149837,-1.02317576572005,33.88
485,2.1059958842131,-0.005608631631874,-0.895528647547649,-0.255815184649718,0.0635314157590913,-0.41291321931397,-1.03048258535068,33.95
486,2.10589635939735,-0.0054626042386021,-0.901299058745586,-0.255332690116814,0.0401525765466617,-0.395429725156128,-1.03748684280629,34.02
487,2.1057706199218,-0.0052956078802718,-0.90661392027918,-0.255785412943999,0.0159752701732585,-0.379313320303293,-1.04427607203558,34.09
488,2.10561697575754,-0.0051059365979114,-0.911476183566156,-0.257248712695808,-0.0090465565049277,-0.364664689757169,-1.05093695037177,34.16
489,2.10543363278472,-0.0048917889011159,-0.915889223566295,-0.259793328296295,-0.0349593327495623,-0.351580885885612,-1.05755517570828,34.23
490,2.10521869557168,-0.0046512711975324,-0.919856750994651,-0.263485351399866,-0.0618093218274795,-0.340155622664641,-1.06421534599458,34.3
491,2.10497017069042,-0.004382401664485,-0.923382732643327,-0.268386180255425,-0.0896421530777699,-0.330479511593488,-1.07100083950521,34.37
492,2.10468597060284,-0.0040831145969177,-0.926471319745282,-0.27455245287083,-0.118502427324571,-0.322640267678321,-1.07799369435537,34.44
493,2.1043639181535,-0.0037512652674109,-0.929126784308602,-0.282036048632932,-0.148433485076527,-0.31672291393498,-1.08527451584576,34.51
494,2.10400175170675,-0.0033846353355549,-0.931353493434232,-0.29088509007942,-0.179477126094289,-0.312810012915471,-1.09292244024377,34.58
495,2.10359713096743,-0.0029809388453768,-0.93315598171555,-0.301146906690751,-0.211674603404024,-0.310981592757142,-1.10101485266883,34.65
496,2.10314764352597,-0.0025378288508533,-0.934538971202271,-0.312868717455233,-0.245064799069728,-0.3113146158254,-1.10962688774172,34.72
497,2.1026508121701,-0.002052904710757,-0.935507489285102,-0.326098709158479,-0.279682860546292,-0.313881868156953,-1.11883074169031,34.79
498,2.10210410300675,-0.0015237200951808,-0.936067024240421,-0.340889284716509,-0.315559507529693,-0.318750478930177,-1.12869476446937,34.86
499,2.10150493443882,-0.0009477917470522,-0.936223658167953,-0.357295169357565,-0.352720406917464,-0.325979677514563,-1.13928230050648,34.93
500,2.1008506870424,-0.0003226090427872,-0.935984086959228,-0.375366524150013,-0.391185525063601,-0.335619080663657,-1.15065072815907,35.0
501,2.1001387143913,0.0003543556031394,-0.935355617449707,-0.39514705503323,-0.430968456866445,-0.347708260983256,-1.16285111797039,35.07
502,2.09936635487588,0.0010856354443998,-0.934346171721672,-0.416673686450699,-0.47207573133121,-0.362276572795595,-1.17592802728575,35.14
503,2.09853094456401,0.0018737571741908,-0.932964298425962,-0.439976204147893,-0.514506093363704,-0.379342933809166,-1.1899192798695,35.21
504,2.09762983115225,0.002721227716107,-0.931219190979404,-0.465076866470529,-0.558249761679592,-0.398915562065716,-1.20485572971826,35.28
505,2.09666038905513,0.003630519988926,-0.929120712483573,-0.49198998362589,-0.603287662854069,-0.420991667822609,-1.22076100838945,35.35
506,2.09562003568057,0.0046040576001007,-0.926679427198938,-0.520721464506505,-0.649590641691065,-0.445557100224071,-1.23765125528779,35.42
507,2.09450624893863,0.0056441984233471,-0.923906638396075,-0.551268330820162,-0.697118648258419,-0.472585948811868,-1.25553483048483,35.49
508,2.09331658603016,0.0067532170166256,-0.920814432393359,-0.583618198419609,-0.745819902117327,-0.502040100131994,-1.27441200978,35.56
509,2.09204870356099,0.0079332858380187,-0.9174157285767,-0.617748725888711,-0.795630034472911,-0.53386874990819,-1.29427466185451,35.63
510,2.09070037902552,0.0091864552185101,-0.913724335183079,-0.653627030609628,-0.846471209182132,-0.568007871469777,-1.31510590751304,35.7
511,2.08926953370196,0.0105146320524463,-0.909755010614623,-0.691209072715359,-0.898251223783773,-0.604379641353174,-1.33687976116122,35.77
512,2.08775425699948,0.0119195571688043,-0.905523530033528,-0.730439007525061,-0.950862591959038,-0.642891823235086,-1.3595607548251,35.84
513,2.08615283229442,0.0134027813488624,-0.901046756971338,-0.771248507256888,-1.00418160908937,-0.683437111604219,-1.38310354518258,35.91
514,2.08446376429022,0.0149656399589415,-0.896342719667612,-0.81355605303022,-1.05806749311814,-0.725892436837324,-1.40745250424806,35.98
515,2.08268580793182,0.0166092261702852,-0.891430691833167,-0.857266198391928,-1.11236169321515,-0.770118263708542,-1.43254129453064,36.05
516,2.08081799890156,0.0183343627420638,-0.886331277512375,-0.902268805841107,-1.16688664668219,-0.815957945729433,-1.4582924296708,36.12
517,2.07885968571884,0.020141572347841,-0.881066499696176,-0.948438258077356,-1.22144494977273,-0.863236957315799,-1.48461682175496,36.19
518,2.07681053337324,0.0220310464307481,-0.875659802050515,-0.995632645963065,-1.27582388001948,-0.91176209687332,-1.51141334679542,36.26
519,2.0746704383274,0.0240026426657299,-0.870135662485385,-1.04369293547047,-1.32981300616417,-0.961321717026254,-1.53856894147676,36.33
520,2.07243953542214,0.0260559712008775,-0.864519028756498,-1.09244211617708,-1.38320895386211,-1.01169002433554,-1.56596067720435,36.4
521,2.07011823651042,0.0281903891538238,-0.858834816361061,-1.14168433418369,-1.43581644752563,-1.06263385766495,-1.59345954270041,36.47
522,2.06770727072981,0.0304049635456802,-0.853107347928029,-1.19120410291574,-1.48744782837771,-1.11392056521621,-1.62093536568878,36.54
523,2.06520772640579,0.0326984327720013,-0.847359884093235,-1.24076667850431,-1.53792294776892,-1.16532508889205,-1.64826197335086,36.61
524,2.06262106448507,0.0350691967153908,-0.841614275509501,-1.29012480881094,-1.58706688169008,-1.21663520709578,-1.67532163108032,36.68
525,2.05994904330368,0.0375153956980364,-0.835891006362299,-1.33903802829633,-1.63471115631765,-1.26765412764605,-1.70200737776578,36.75
526,2.05719373518997,0.0400348977765086,-0.830209418382347,-1.38728973006806,-1.68070035318542,-1.3182001638407,-1.72822295884266,36.82
527,2.05435754460772,0.0426252846755677,-0.824587814107496,-1.43469040553751,-1.72490144928427,-1.36810494143367,-1.75388168290496,36.89
528,2.05144310745081,0.0452839567503746,-0.819043408956672,-1.48107939155156,-1.76721017820187,-1.41721245656506,-1.77890594870595,36.96
529,2.04845319179747,0.0480082366696222,-0.813592282224229,-1.52632208955489,-1.80754990152481,-1.4653786868091,-1.80322717332445,37.03
530,2.04539069033972,0.0507953515152789,-0.808249416947234,-1.57030777460432,-1.845867896689,-1.51247136701736,-1.8267859423718,37.1
531,2.04225855399967,0.0536424136982328,-0.803028677916706,-1.61294571000501,-1.88212990512822,-1.55836963168092,-1.84953196224872,37.17
532,2.03905981711908,0.0565464910030955,-0.797942847913237,-1.65416074299949,-1.91631537879438,-1.60296340584874,-1.87142384561309,37.24
533,2.03579762390589,0.0595046153754997,-0.793003601565709,-1.69388799202145,-1.9484142982264,-1.64615281757633,-1.89242888140506,37.31
534,2.03247516581944,0.0625138508556678,-0.78822153695337,-1.73207438951785,-1.97843130930211,-1.68784787459471,-1.91252288044127,37.38
535,2.02909568027661,0.0655712702730364,-0.783606114301731,-1.76867811536554,-2.00638613664905,-1.72796825656527,-1.93169027769493,37.45
536,2.02566239027035,0.0686739310181685,-0.779165591844382,-1.80366805807092,-2.03231159748857,-1.76644370594927,-1.94992373950532,37.52
537,2.02217850519311,0.0718189402080077,-0.774907048943184,-1.83702504959619,-2.05625026863325,-1.8032157109583,-1.96722198222713,37.59
538,2.01864716245624,0.0750034588588366,-0.770836345879254,-1.86874090279174,-2.07825344666939,-1.83823735272623,-1.983588931581,37.66
539,2.01507146028614,0.0782247654700018,-0.766958170625494,-1.89881874195834,-2.09838080590974,-1.87147252126803,-1.99903329001207,37.73
540,2.01145449137723,0.0814802286308799,-0.763276112319389,-1.92727032414296,-2.1166985868761,-1.9028952532678,-2.0135681810219,37.8
541,2.00779928708262,0.0847672789634536,-0.759792701175772,-1.95411152454032,-2.13327712660756,-1.93248907199939,-2.02721068979126,37.87
542,2.00410882252532,0.0880834707112403,-0.75650935459918,-1.97935977685403,-2.14818890302791,-1.96024614932306,-2.03998126977089,37.94
543,2.00038596222451,0.0914264524944625,-0.753426409976574,-2.00303205421637,-2.1615061894767,-1.98616656084927,-2.05190316537176,38.01
544,1.99663349662177,0.0947939375388539,-0.7505431839494,-2.02514654956803,-2.17330213924205,-2.01025757423583,-2.0630019406509,38.08
545,1.99285417919243,0.0981837636837986,-0.747857997983179,-2.04572381281753,-2.18365096615666,-2.03253291044493,-2.07330496313565,38.15
546,1.98905067382823,0.101593862684589,-0.7453681100715,-2.06478671260735,-2.19262980747921,-2.05301218844473,-2.08284093258973,38.22
547,1.98522556288053,0.105022229111087,-0.74306973313123,-2.08236337442058,-2.20032094385622,-2.07172022214487,-2.09163924361445,38.29
548,1.98138129546493,0.108466979143371,-0.740958079962922,-2.09848226302735,-2.20680510794772,-2.0886863497396,-2.099729482446,38.36
549,1.97752022641954,0.111926318774088,-0.739027404756978,-2.11317520483107,-2.21216378244441,-2.10394400562722,-2.1071411777707,38.43
550,1.97364465560923,0.115398511714771,-0.737271071319571,-2.12647905248596,-2.21647917302925,-2.11753032376306,-2.11390356432271,38.5
551,1.96975677727039,0.118881937301749,-0.73568170829721,-2.13843265147001,-2.21983092209396,-2.12948598245778,-2.1200455693465,38.57
552,1.96585868979308,0.122375057906533,-0.734251270993129,-2.1490774422544,-2.22229639164762,-2.13985513951243,-2.12559587095721,38.64
553,1.96195234555028,0.125876386143154,-0.73297107008367,-2.15845799657807,-2.223951896348,-2.14868536669297,-2.13058296770125,38.71
554,1.95803956108734,0.1293845421635,-0.731831827555275,-2.16662248707702,-2.22487335078141,-2.15602752257237,-2.13503525879945,38.78
555,1.95412196728541,0.132898220540997,-0.730823820194286,-2.17362290893593,-2.22513608890938,-2.16193574340706,-2.13898113455759,38.85
556,1.95020104990488,0.13641615703081,-0.729936930270259,-2.17951219435873,-2.224812951681,-2.16646749095521,-2.14244907643185,38.92
557,1.94627819021606,0.139937185493377,-0.729160663763575,-2.18434252147196,-2.2239747935619,-2.16968356599582,-2.14546770606044,38.99
558,1.94235461542703,0.143460204477635,-0.728484166407713,-2.18816589986824,-2.22268877315454,-2.17164796616044,-2.14806566239666,39.06
559,1.93843143941016,0.146984143748215,-0.727896267823297,-2.19103242842496,-2.22101773628498,-2.17242788785714,-2.15027163739158,39.13
560,1.9345097034419,0.15050802103978,-0.727385614115119,-2.19299142964041,-2.21901849394213,-2.1720936605183,-2.15211444935871,39.2
561,1.93059032667243,0.154030908531321,-0.726940738694869,-2.19409019422816,-2.21674335665942,-2.17071894292328,-2.15362333402854,39.27
562,1.92667414683279,0.15755189932141,-0.726550191885143,-2.1943739456097,-2.214238666063,-2.16838081927379,-2.15482794128071,39.34
563,1.92276196089976,0.161070164184415,-0.726202579072801,-2.19388765529359,-2.21154691185715,-2.16515997421759,-2.15575854851715,39.41
564,1.91885447543988,0.164584918097566,-0.725886597881358,-2.19267335981068,-2.20870361770222,-2.16114091534148,-2.15644624943872,39.48
565,1.9149523170572,0.168095386817096,-0.725591134743469,-2.19077362945425,-2.20574322671847,-2.15641218150036,-2.15692311767811,39.55
566,1.91105598258085,0.171600863780891,-0.72530521046323,-2.18823026621342,-2.20270023586933,-2.15106641510535,-2.15722228455163,39.62
567,1.90716587942009,0.175100676825134,-0.725018075846254,-2.1850859325917,-2.19960822631798,-2.14520035694813,-2.15737774982448,39.69
568,1.90328236581445,0.178594154990968,-0.724719277069133,-2.18138819905965,-2.19650142264625,-2.13891503267799,-2.1574244664709,39.76
569,1.89940570070837,0.18208068569655,-0.724398811333031,-2.17718978120158,-2.19341173979865,-2.13231594865895,-2.15739857846417,39.83
570,1.89553605368263,0.185559711847864,-0.724047282726476,-2.17255188587217,-2.19037121600216,-2.12551176090836,-2.1573373897368,39.9
571,1.89167345458695,0.189030789250216,-0.723655938126595,-2.16754627259421,-2.18741727362213,-2.11860756398856,-2.1572776194479,39.97
572,1.88781780322181,0.192493553891715,-0.723216673571478,-2.16225353180586,-2.1845938570971,-2.11170257641891,-2.15725428973172,40.04
573,1.88396881871791,0.195947689370005,-0.722722041349347,-2.15675748840364,-2.18195118525577,-2.10488966326177,-2.15730030544321,40.11
574,1.88012607905397,0.19939298473208,-0.72216525795086,-2.15114325107326,-2.17954092792552,-2.09825588172439,-2.15744669518195,40.18
575,1.8762890604546,0.202829302206402,-0.721540213018927,-2.14549267774277,-2.17740921295773,-2.09188251362483,-2.15772252010488,40.25
576,1.87245708641252,0.206256545094389,-0.720841509506214,-2.1398833333547,-2.17559492451288,-2.08584461323791,-2.15815454023131,40.32
577,1.86862936687118,0.209674716087008,-0.720064625413697,-2.13438795979835,-2.17412441590021,-2.08021046019567,-2.15876666780401,40.39
578,1.86480503731665,0.213083885481732,-0.719206106944009,-2.12907896976129,-2.17301542356693,-2.07504007363277,-2.15957866564629,40.46
579,1.86098310752973,0.216484159563071,-0.718263702887513,-2.12402818466491,-2.17228040324057,-2.07038341819095,-2.16060460157833,40.53
580,1.85716250054044,0.219875739408643,-0.71723625977672,-2.11930235695616,-2.17193019052569,-2.0662792636112,-2.16185187090909,40.6
581,1.85334212162712,0.223258889592399,-0.716123558376313,-2.11495992134981,-2.17197253984215,-2.0627558403487,-2.16332165929683,40.67
582,1.84952089720405,0.226633876956885,-0.714926181793269,-2.11104650663301,-2.17240993432048,-2.05983190647341,-2.1650096724219,40.74
583,1.8456977234417,0.230000939625391,-0.713645475386848,-2.10759378032384,-2.17323627538081,-2.05751840586983,-2.16690731297499,40.81
584,1.84187150516544,0.233360346424711,-0.712283448029465,-2.10462162536383,-2.17443723590771,-2.05581954397118,-2.16900255284142,40.88
585,1.83804119478952,0.236712366187712,-0.710842735045338,-2.10213648738889,-2.17598967370898,-2.05473349144136,-2.17128041037122,40.95
586,1.83420574104261,0.240057237194109,-0.709326472352125,-2.10013618222488,-2.17786708586975,-2.05425328739334,-2.17372360461711,41.02
587,1.83036412803045,0.24339522700785,-0.707738172021567,-2.09861297961705,-2.18004138606974,-2.05436782182309,-2.17631332663361,41.09
588,1.82651541439123,0.246726602180303,-0.706081689466006,-2.09755851357458,-2.18248738393345,-2.05506247615414,-2.17902976709422,41.16
589,1.82265868229873,0.250051598077678,-0.704361131748913,-2.09696474261292,-2.18518425024008,-2.05631972296823,-2.18185252091548,41.23
590,1.81879304676908,0.253370479091101,-0.702580827300958,-2.09682664662084,-2.18811607458386,-2.05811983562308,-2.18476110994619,41.3
591,1.81491760493673,0.256683508698617,-0.700745236616709,-2.0971419668052,-2.19127187691188,-2.06044119657996,-2.18773520286029,41.37
592,1.8110314757543,0.259990919637578,-0.698858924204943,-2.09790786845393,-2.19464263612116,-2.06326059593693,-2.19075477332447,41.44
593,1.80713383986944,0.263292974445919,-0.69692647136129,-2.09911937069075,-2.19821993934334,-2.06655358073221,-2.19380037733304,41.51
594,1.8032238894313,0.266589935841613,-0.694952480119625,-2.10076930257594,-2.20199495831192,-2.07029488552391,-2.19685345980793,41.58
595,1.79930086836783,0.269882037198823,-0.692941608124085,-2.10285056792375,-2.20595742200204,-2.07445867389602,-2.19989657046283,41.65
596,1.79536411288518,0.273169543379248,-0.690898604250786,-2.10535349790658,-2.210094194565,-2.07901844090807,-2.20291327865175,41.72
597,1.79141300193975,0.276452721387952,-0.688828344895072,-2.10826527193277,-2.21438742865945,-2.08394699818304,-2.20588817865778,41.79
598,1.78744696813335,0.279731811112141,-0.686735840750717,-2.11156972206216,-2.21881608547459,-2.08921633149787,-2.2088067751045,41.86
599,1.783465448692,0.283007086401317,-0.684626153817599,-2.11524902557725,-2.22335859527172,-2.09479763224525,-2.21165554964562,41.93
600,1.77946792697727,0.286278825957974,-0.682504374986245,-2.11928217108454,-2.22799172443008,-2.1006614130089,-2.21442208884372,42.0
601,1.775453974277,0.289547284297141,-0.680375571844748,-2.12364651689349,-2.23269169702128,-2.10677773786016,-2.21709524339367,42.07
602,1.77142320162151,0.292812753032981,-0.678244887142656,-2.12831835011783,-2.23743239624064,-2.11311638738076,-2.21966531891469,42.14
603,1.76737530215945,0.296075531961367,-0.676117486942835,-2.13326985936257,-2.24218494867397,-2.11964674833807,-2.222124027722,42.21
604,1.76331009383706,0.299335870108667,-0.673998568982677,-2.13846814783712,-2.24691637511819,-2.12633794004958,-2.22446468315688,42.28
605,1.75922747212308,0.302593936916973,-0.67189337097591,-2.14387345915431,-2.25158685716513,-2.13315890719971,-2.22668233574696,42.35
606,1.75512742322136,0.305849883736784,-0.669807088498009,-2.14944311536152,-2.25615431550316,-2.14007844957819,-2.22877379114156,42.42
607,1.75100997742202,0.309103815097589,-0.667744882887208,-2.15513322475221,-2.26057682300998,-2.14706518930069,-2.23073772052544,42.49
608,1.74687525303039,0.312355760016867,-0.665711888804139,-2.16090393706501,-2.26481703558202,-2.15408768668905,-2.23257477330506,42.56
609,1.74272350060962,0.315605733608848,-0.663713131093744,-2.16671891965417,-2.26884382740897,-2.16111446467542,-2.2342876319158,42.63
610,1.73855505727174,0.318853708466026,-0.661753501295617,-2.17254453131702,-2.27263221452032,-2.16811430335046,-2.23588127952734,42.7
611,1.7343703614512,0.322099586076386,-0.659837643273519,-2.17835152268261,-2.27616433523658,-2.1750564742581,-2.23736326998432,42.77
612,1.73016990780413,0.32534325854008,-0.657969838139286,-2.18411261437775,-2.27942938183271,-2.1819109149997,-2.23874384945264,42.84
613,1.72595426257612,0.328584610148562,-0.656154008738508,-2.18980085780387,-2.28241803075385,-2.1886486154912,-2.24003629068746,42.91
614,1.72172401907891,0.331823579178988,-0.654393723269804,-2.19539311165389,-2.28512680659547,-2.1952421261519,-2.24125644684208,42.98
615,1.71747981361666,0.335060129467192,-0.652692077615992,-2.20086717122384,-2.28756058561699,-2.20166739205553,-2.2424205617725,43.05
616,1.71322228150016,0.338294222023604,-0.651051576673964,-2.20620404445468,-2.28973287779145,-2.20790369414785,-2.2435441046282,43.12
617,1.70895207348858,0.34152587695599,-0.649474134978599,-2.21138815404537,-2.2916598555481,-2.21393305191254,-2.24464102668494,43.19
618,1.7046698122963,0.344755145173234,-0.647961106312383,-2.21640657922537,-2.29335799775373,-2.2197399002296,-2.24572359058135,43.26
619,1.70037610950405,0.347982080133025,-0.646513312178291,-2.2212504064172,-2.29484516812168,-2.22531095048864,-2.24680232039195,43.33
620,1.69607152251234,0.351206799895783,-0.645131099199186,-2.22591382629904,-2.2961382677478,-2.23063511588779,-2.24788589178918,43.4
621,1.69175660196462,0.354429458957359,-0.643814485604165,-2.23039380567667,-2.29725143303678,-2.2357035613334,-2.24898126298204,43.47
622,1.68743193936711,0.35765019003389,-0.642563216268784,-2.2346888599722,-2.29819628310527,-2.24050975779015,-2.25009395601098,43.54
623,1.68309812463174,0.360869075971643,-0.641376786484172,-2.2387933760374,-2.29897868026541,-2.24504945097729,-2.25122821748328,43.61
624,1.67875576397052,0.364086211954968,-0.640254434459545,-2.24269768507209,-2.29960400838868,-2.24932060470464,-2.2523869082101,43.68
625,1.67440543777961,0.367301677484376,-0.639195042391785,-2.24639015487173,-2.30007899411634,-2.25332289769731,-2.25357088096707,43.75
626,1.67004771885312,0.370515508386242,-0.638197096554782,-2.24986015823904,-2.30041431318192,-2.25705710491212,-2.25477823746901,43.82
627,1.6656831305654,0.373727759115962,-0.637258616165638,-2.25310107530451,-2.30062623662888,-2.26052442352896,-2.25600352472117,43.89
628,1.66131216536228,0.376938474827403,-0.636377261669342,-2.25610996011418,-2.30073187084868,-2.26372568342965,-2.25723684069581,43.96
629,1.65693524320105,0.380147663470911,-0.635550381775565,-2.25888552642964,-2.30074945458069,-2.26666146512754,-2.25846411311946,44.03
630,1.65255276036889,0.383355358182289,-0.634775029377404,-2.26142878543115,-2.30069613045908,-2.26933384723774,-2.2596694842683,44.1
631,1.64816513840888,0.386561589436125,-0.634047976487614,-2.26374173192413,-2.30058607920529,-2.2717469552267,-2.260836071141,44.17
632,1.64377278288328,0.38976635722608,-0.63336575833318,-2.26582726833294,-2.30043145326723,-2.27390706359485,-2.26194621453891,44.24
633,1.63937610240494,0.392969693534862,-0.632724806841841,-2.2676901558321,-2.30024147613789,-2.27582264255791,-2.26298157841011,44.31
634,1.63497546757877,0.39617163456735,-0.632121493056382,-2.26933568291056,-2.30002304687337,-2.27750455972756,-2.263923400653,44.38
635,1.63057123019688,0.399372193009559,-0.63155216880413,-2.27077143698902,-2.29978327087014,-2.27896610567289,-2.26475265500808,44.45
636,1.62616368232962,0.402571420576014,-0.631013297950205,-2.27200742512954,-2.29952642492722,-2.28022239185077,-2.2654505155163,44.52
637,1.62175310574512,0.405769380318813,-0.630501496773688,-2.27305454370032,-2.29925513498296,-2.2812880375089,-2.26600011678092,44.59
638,1.61733982138852,0.408966118960681,-0.630013543705835,-2.27392371357399,-2.29896842504212,-2.28217651512051,-2.26638684229725,44.66
639,1.61292414865266,0.412161729514114,-0.629546388579123,-2.27462565057742,-2.29866467067283,-2.28289989040432,-2.26659816413624,44.73
640,1.60850642487306,0.415356323659276,-0.629097191532993,-2.27516973652307,-2.2983394378715,-2.28346874607347,-2.2666236059131,44.8
641,1.60408696469058,0.418549974054484,-0.628663451806644,-2.27556475870199,-2.29798407443697,-2.28389207848165,-2.26645467882842,44.87
642,1.5996660796265,0.421742686752876,-0.62824301585575,-2.27581586117544,-2.29758728042923,-2.28417698644955,-2.26608467062041,44.94
643,1.59524403751369,0.424934463899475,-0.627833994925921,-2.27592294297921,-2.29713351996954,-2.28432881403979,-2.2655087388978,45.01
644,1.59082111221661,0.428125276182038,-0.627434862911526,-2.27588510657325,-2.29660561599424,-2.28435120557297,-2.26472403818494,45.08
645,1.5863976333723,0.431315035298884,-0.627044493831898,-2.27570279213936,-2.29598692481374,-2.28424607278807,-2.2637296400643,45.15
646,1.58197394588397,0.434503656707482,-0.626662138952396,-2.27537892159624,-2.29526254920146,-2.28401344399393,-2.26252648716968,45.22
647,1.5775504295999,0.437691032128875,-0.626287313482963,-2.27491739749599,-2.29442148583572,-2.28365137570384,-2.26111732087177,45.29
648,1.57312745882068,0.44087700207272,-0.625919773394379,-2.27432148412223,-2.29345654814658,-2.28315625771825,-2.25950685342857,45.36
649,1.56870542197874,0.444061418648127,-0.625559492097865,-2.27359583168924,-2.29236230546823,-2.28252321081217,-2.25770206419982,45.43
650,1.56428468113254,0.447244118136688,-0.625206546729345,-2.27274537384009,-2.29113591284342,-2.28174609568809,-2.25571231896234,45.5
651,1.55986559161946,0.450424893593584,-0.624861094565526,-2.27177528055635,-2.28977764227718,-2.28081767486122,-2.25354955290168,45.57
652,1.55544846150987,0.453603557742986,-0.624523349307297,-2.27069091332007,-2.28829021285814,-2.27972989749967,-2.25122845693488,45.64
653,1.55103357120694,0.45677991564497,-0.624193466964528,-2.2694953453297,-2.28667887544608,-2.27847445778808,-2.24876600521872,45.71
654,1.54662113283578,0.45995373740057,-0.623871551952791,-2.26819163764545,-2.28495113863097,-2.27704471011618,-2.24617927050928,45.78
655,1.54221133985541,0.463124821161729,-0.623557783399169,-2.2667841846229,-2.2831091856063,-2.27543563158733,-2.24348528803797,45.85
656,1.53780441662662,0.466292965923787,-0.623252451040851,-2.26527681182108,-2.28115080798423,-2.27364210275657,-2.2407034489998,45.92
657,1.5334005776688,0.469457944367403,-0.622955930800886,-2.26367316245184,-2.27907404247547,-2.27165836502758,-2.23785612079512,45.99
658,1.52900004704038,0.472619566016763,-0.622668569948226,-2.26197500958093,-2.27688168931918,-2.26947841410042,-2.23496803525206,46.06
659,1.52460301748819,0.475777650191684,-0.622390662361936,-2.26018827252888,-2.27458285415157,-2.26709802159087,-2.23206414355037,46.13
660,1.52020966971259,0.478931999020286,-0.622122423630212,-2.25832319794794,-2.27219271676685,-2.26451516553724,-2.22916909661717,46.2
661,1.51582013139398,0.482082460778732,-0.62186387571581,-2.25638786301145,-2.26972793906272,-2.26173001320347,-2.22630711694945,46.27
662,1.51143449632854,0.485228903035111,-0.621614821710685,-2.25438709581343,-2.26720712936665,-2.25874475709188,-2.22350165966395,46.34
663,1.50705278331967,0.488371185863425,-0.621374850504046,-2.25232627125686,-2.26465073643698,-2.25556324398785,-2.22077489242626,46.41
664,1.50267498526259,0.491509225393331,-0.62114334127968,-2.25021107636716,-2.26207874806655,-2.25219081822594,-2.21814753541594,46.48
665,1.49830111815802,0.494642967171632,-0.620919437762207,-2.24804751739063,-2.25951236190903,-2.24863431893302,-2.21563894057725,46.55
666,1.49393117979204,0.497772359600291,-0.620701932048134,-2.24583934032967,-2.25697165491644,-2.24490199045034,-2.21326689828984,46.62
667,1.48956516852049,0.500897417715179,-0.620489238563813,-2.24359008586661,-2.25447689329304,-2.24100339607419,-2.21104747198794,46.69
668,1.48520304180697,0.504018196779979,-0.620279397996768,-2.24130234693578,-2.2520483676867,-2.23694939514242,-2.20899483031964,46.76
669,1.48084473486551,0.507134735870497,-0.620070081141261,-2.23897501116276,-2.2497025267614,-2.23275197267983,-2.2071210163812,46.83
670,1.47649011905781,0.510247031623991,-0.61985859269348,-2.23660537822009,-2.24745472888373,-2.22842419219667,-2.20543586438557,46.9
671,1.47213905048472,0.513355102328322,-0.619641905126084,-2.23419052570954,-2.2453175694253,-2.22398006080977,-2.20394682284604,46.97
672,1.46779141851134,0.516458961824494,-0.619416782866115,-2.23173039080872,-2.24330206463682,-2.21943469759142,-2.20265907523837,47.04
673,1.46344710396463,0.519558593485475,-0.61917984639195,-2.22922685105862,-2.24141645659983,-2.21480459427844,-2.20157577748041,47.11
674,1.45910599744455,0.52265401453429,-0.6189276966584,-2.22668497227872,-2.23966829555199,-2.21010787780466,-2.20069838204699,47.18
675,1.45476795739986,0.525745250175185,-0.618656949471977,-2.22411311392262,-2.23806712162383,-2.2053645141828,-2.20002680796051,47.25
676,1.45043282832144,0.528832307800768,-0.618364240053046,-2.22152360678258,-2.2366234432988,-2.20059633305704,-2.19955939645511,47.32
677,1.44610039870497,0.531915241537931,-0.618046227933648,-2.2189287676269,-2.23534663005895,-2.19582717344299,-2.1992929832807,47.39
678,1.44177044922432,0.534994126605893,-0.617699632339448,-2.21634070520847,-2.23424487824351,-2.19108284938328,-2.19922275671192,47.46
679,1.43744280085623,0.538069003660901,-0.617321358291431,-2.2137720290019,-2.23332153328462,-2.18639114570266,-2.19934208184578,47.53
680,1.43311727269699,0.541139853301856,-0.616908532959906,-2.21123345878157,-2.23257640335867,-2.1817820840982,-2.19964274259112,47.6
681,1.42879369991294,0.54420666091162,-0.616458512501982,-2.20873441253976,-2.23200722026625,-2.17728791748343,-2.20011475901292,47.67
682,1.42447189147731,0.547269391307868,-0.615968889522113,-2.20628208947917,-2.23161043517122,-2.17294231046543,-2.20074674298721,47.74
683,1.42015164804716,0.550327963466958,-0.615437501203393,-2.20388380177221,-2.23138062713222,-2.16877732133992,-2.20152796576682,47.81
684,1.41583271963317,0.553382315584716,-0.614862438153045,-2.20154530380999,-2.23130852449258,-2.16482239728664,-2.20244858730649,47.88
685,1.41151485350441,0.556432379949061,-0.614242054001126,-2.19926854881365,-2.23138341607435,-2.16110411850477,-2.20349940148753,47.95
686,1.40719784206944,0.559478057888834,-0.613574945699164,-2.19705152043054,-2.23159077558238,-2.15764651023156,-2.20467196996453,48.02
687,1.40288148047483,0.562519285063284,-0.612859874460782,-2.19488719068384,-2.23191283196267,-2.15447116997016,-2.20595863330847,48.09
688,1.39856558436382,0.565556006567483,-0.612095868071648,-2.19276879527996,-2.2323293479932,-2.15159754045761,-2.20735273056359,48.16
689,1.39424994744768,0.568588122030331,-0.611282263889036,-2.19068915059559,-2.23281848707467,-2.14904257578927,-2.2088483052503,48.23
690,1.38993435924414,0.57161546088177,-0.610418722636149,-2.18864737141552,-2.23336345516298,-2.14682064280571,-2.21043995986508,48.3
691,1.38561856263576,0.574637847966503,-0.609505243090831,-2.18665200751353,-2.23395390611231,-2.1449433565594,-2.21212261828367,48.37
692,1.38130227160302,0.577655109068535,-0.608542177674763,-2.18471915487204,-2.23458683449971,-2.14341922925102,-2.21389110590238,48.44
693,1.37698512878574,0.580667136700526,-0.607530248943118,-2.18286909174303,-2.23526457918553,-2.14225364391848,-2.21574005910185,48.51
694,1.3726667533169,0.583673865722337,-0.606470566968247,-2.18112306400639,-2.23598981731887,-2.14144897219833,-2.21766398360048,48.58
695,1.3683467886718,0.586675218966198,-0.605364647604315,-2.17949859473257,-2.23676097876118,-2.14100450509734,-2.21965713082932,48.65
696,1.36402486027635,0.589671083045287,-0.604214431612795,-2.17801080942221,-2.23757265422659,-2.14091640734568,-2.22171340304205,48.72
697,1.35970059331944,0.592661374522627,-0.603022304621377,-2.17667402984795,-2.238415972517,-2.1411775449059,-2.22382616691315,48.79
698,1.35537357042543,0.595646015915823,-0.601791147968936,-2.17550685560664,-2.23928180528192,-2.14177709544448,-2.22598794564729,48.86
699,1.35104337963202,0.598624911802387,-0.600524480568769,-2.17453272977471,-2.24016060138319,-2.14269979145717,-2.22818971893104,48.93
700,1.34670966241796,0.601598015290266,-0.599226481123632,-2.17377502552224,-2.24104279252122,-2.14392494668446,-2.23042016182892,49.0
701,1.34237207152459,0.6045653043288,-0.597901830453518,-2.17325197880359,-2.241920943715,-2.14542643951668,-2.23266560506973,49.07
702,1.33803028901642,0.607526758124158,-0.596555464124419,-2.17297182777057,-2.24278784187229,-2.14717380420098,-2.23491083727843,49.14
703,1.33368398423618,0.610482423922907,-0.59519250608374,-2.17293366464619,-2.24363449416889,-2.14913364803761,-2.23714029808222,49.21
704,1.32933286209865,0.613432393637552,-0.593818142511748,-2.17312581604798,-2.24444788593469,-2.15127064291832,-2.23933888008116,49.28
705,1.32497671146611,0.616376750488716,-0.59243746588462,-2.173529815291,-2.245212951198,-2.15354830242073,-2.24149255057584,49.35
706,1.32061536334727,0.619315545837891,-0.591055349331418,-2.17412045915007,-2.24591403234524,-2.15592948491869,-2.24358876323516,49.42
707,1.31624870936235,0.622248866384771,-0.589676411368822,-2.17486862888786,-2.24653507697068,-2.15837707468152,-2.24561687057048,49.49
708,1.31187666012631,0.625176811201722,-0.588304920487207,-2.1757435964343,-2.24706137035608,-2.16085436022716,-2.24756835691494,49.56
709,1.3074991639033,0.628099438779326,-0.586944759855816,-2.17671457553395,-2.24748181097014,-2.16332526103668,-2.24943710271366,49.63
710,1.30311616518292,0.631016744256821,-0.58559933171922,-2.17775151841161,-2.24778896117635,-2.16575470416933,-2.25121955992663,49.7
711,1.29872765361801,0.633928727011868,-0.584271551853838,-2.17882398508839,-2.24797825738464,-2.16810933195487,-2.25291438733881,49.77
712,1.2943337130616,0.636835368083232,-0.58296387384769,-2.17990268931511,-2.24804583820442,-2.1703596546395,-2.2545205228597,49.84
713,1.28993448043997,0.63973660768961,-0.581678313062927,-2.18095884745752,-2.2479863747231,-2.17248054954641,-2.25603670161471,49.91
714,1.28553016489901,0.642632413108166,-0.580416470236802,-2.18196798024978,-2.24779667982848,-2.17445122052703,-2.25746154730487,49.98
715,1.28112100687041,0.645522756387336,-0.579179554684607,-2.1829121503806,-2.24747616060757,-2.17625461815701,-2.25879402624343,50.05
716,1.276707297405,0.648407592157728,-0.577968407075615,-2.18377868064555,-2.24702931905356,-2.17787526798357,-2.26003525698766,50.12
717,1.2722893374179,0.65128692580483,-0.57678352176014,-2.18455956527375,-2.24646693125956,-2.17929932827921,-2.26118854645617,50.19
718,1.26786745719126,0.654160791477837,-0.57562506863244,-2.18524949860704,-2.24580079010195,-2.18051615547544,-2.2622578631255,50.26
719,1.26344197577815,0.657029200109998,-0.574492914520513,-2.18584104698386,-2.24503823939259,-2.18151683427623,-2.26324935067197,50.33
720,1.25901322065279,0.659892117625465,-0.573386644099622,-2.18632614069244,-2.2441840814086,-2.18229352387586,-2.26417179005271,50.4
721,1.25458148725024,0.662749533507948,-0.572305550244186,-2.18669594296524,-2.24324486310014,-2.18283983105791,-2.26503600991362,50.47
722,1.25014705874077,0.665601439205271,-0.571248533650121,-2.18694096159914,-2.24223114806944,-2.1831528722459,-2.2658529442903,50.54
723,1.24571016568256,0.668447806633242,-0.570214092267023,-2.18705576608009,-2.24115729279263,-2.18323356452678,-2.26663280460529,50.61
724,1.24127100589871,0.671288657042208,-0.56920034038461,-2.18703799028142,-2.24003851628025,-2.18308658990935,-2.26738500471408,50.68
725,1.23682970422334,0.674124039720291,-0.568205027312794,-2.18688574285461,-2.23889233354023,-2.18272045402883,-2.26811817688597,50.75
726,1.232386362552,0.676953980708416,-0.567225555689335,-2.18659845001203,-2.2377373120378,-2.18214727816051,-2.26883982723402,50.82
727,1.22794110993085,0.679778461701828,-0.566258999455678,-2.1861760759964,-2.23659191891022,-2.18138274561762,-2.2695562321936,50.89
728,1.22349406241939,0.682597489313145,-0.565302151635522,-2.18562114414451,-2.23547511342901,-2.18044611205139,-2.27027239538811,50.96
729,1.21904534316318,0.685411074170743,-0.5643516320565,-2.18494142231158,-2.23440552516418,-2.17936027937045,-2.2709920045932,51.03
730,1.21459504232353,0.688219210115574,-0.563403844458541,-2.18414836830452,-2.23340424215961,-2.17815202319462,-2.27171771967424,51.1
731,1.21014323721284,0.691021943759455,-0.562455114014943,-2.18325930843393,-2.23249519123109,-2.17685195220106,-2.27245112949975,51.17
732,1.20568995228314,0.693819353878399,-0.561501854892086,-2.18229790309454,-2.23170049237369,-2.17549407852857,-2.27319331050226,51.24
733,1.2012351793174,0.696611500815664,-0.560540617475025,-2.18129019116491,-2.23104017422873,-2.17411412614498,-2.27394722045258,51.31
734,1.19677883747218,0.699398406068672,-0.559568105586702,-2.18026183921482,-2.23053023266816,-2.17274844200724,-2.27471786557892,51.38
735,1.19232079352278,0.702180122234225,-0.558581223938447,-2.17924125865499,-2.23018649389503,-2.17143167402174,-2.2755105719418,51.45
736,1.18786082196151,0.704956712785094,-0.557577246134288,-2.17825962421603,-2.23002194579461,-2.17019595313807,-2.27633030957597,51.52
737,1.18339862530232,0.707728231940243,-0.556553982933563,-2.17735308868233,-2.23004794760944,-2.16907010465509,-2.27718101623524,51.59
738,1.17893379424504,0.710494794890786,-0.555509800381945,-2.17655903953949,-2.23027513550735,-2.16807876781065,-2.27806483038922,51.66
739,1.17446585814332,0.713256557854138,-0.554443517938074,-2.17590826233238,-2.23071044339576,-2.16724220541789,-2.27898189533306,51.73
740,1.16999433552022,0.716013668129808,-0.553354367151919,-2.1754236611353,-2.2313575200276,-2.16657677301635,-2.27993076445992,51.8
741,1.16551869437686,0.718766244329581,-0.552241890565409,-2.17512005961729,-2.23221563797395,-2.16609559585476,-2.28090889620115,51.87
742,1.16103840282897,0.721514446954949,-0.551105901200418,-2.17500577430721,-2.23327965185709,-2.16580909235549,-2.28191299795692,51.94
743,1.15655297981794,0.724258458793097,-0.549946382291571,-2.17508481645308,-2.2345435633133,-2.16572528364701,-2.28293927923783,52.01
744,1.15206195564241,0.726998435304068,-0.548763447618459,-2.17535761617838,-2.2360004416272,-2.16585021993991,-2.28398382468989,52.08
745,1.14756489275792,0.729734485171377,-0.547557242086787,-2.1758204192995,-2.2376432133041,-2.16618831298659,-2.28504275610564,52.15
746,1.1430613465022,0.732466741188775,-0.546327932995299,-2.17646790004382,-2.23946490658027,-2.16674284530381,-2.28611260471928,52.22
747,1.13855088610484,0.735195340954671,-0.545075731810462,-2.17729243060568,-2.24145672626127,-2.1675161144979,-2.28719050271473,52.29
748,1.1340330556386,0.737920377547305,-0.543800886270375,-2.1782858145683,-2.24360982612518,-2.16850954359797,-2.28827422409604,52.36
749,1.12950742535875,0.740641880353778,-0.54250358263867,-2.17943903134176,-2.24591497211444,-2.16972372726754,-2.28936228558612,52.43
750,1.12497364317532,0.743359886226766,-0.54118396871827,-2.18074390316923,-2.24836283445945,-2.17115853421962,-2.29045395715488,52.5
751,1.12043139600288,0.746074420441833,-0.539842297621565,-2.1821943981926,-2.25094409653129,-2.17281308529787,-2.29154924237905,52.57
752,1.11588043143273,0.748785477717922,-0.538478981679877,-2.18378618568622,-2.253647304539,-2.17468554705089,-2.29264879855918,52.64
753,1.11132051938226,0.751493093563759,-0.53709464675063,-2.18551958856885,-2.25646219079007,-2.17677280099157,-2.29375364615545,52.71
754,1.10675147407711,0.754197325423748,-0.535690247090066,-2.18739823080711,-2.25937784974586,-2.1790701089264,-2.29486487814517,52.78
755,1.10217311601931,0.756898203798206,-0.534267000078102,-2.18942527523492,-2.26238259697517,-2.18157059388578,-2.29598327902154,52.85
756,1.09758529429558,0.759595713512491,-0.532826381480063,-2.19160287813826,-2.26546373602771,-2.18426522875998,-2.29710933481827,52.92
757,1.09298784887842,0.762289865309959,-0.531370151135589,-2.19392926423421,-2.26860238931649,-2.18714288144914,-2.29824321291807,52.99
758,1.08838066336104,0.764980677242506,-0.529900378960302,-2.19639934929462,-2.27177539825369,-2.19019005563751,-2.29938462137303,53.06
759,1.08376371786603,0.767668126033982,-0.528419471228366,-2.19900517956752,-2.27495607902776,-2.1933907486216,-2.30053272826052,53.13
760,1.07913705186636,0.770352128591743,-0.526930197098501,-2.20173709071831,-2.27811723434997,-2.19672630608575,-2.30168605081714,53.2
761,1.07450078735782,0.773032613842257,-0.525435685252218,-2.20458570678163,-2.28123422523936,-2.20017551481588,-2.30284255506771,53.27
762,1.06985509203129,0.775709504365726,-0.523939300331122,-2.20753764850298,-2.28428304859113,-2.20371490360033,-2.30399987571262,53.34
763,1.06520020279358,0.778382698094229,-0.522444489380349,-2.21057569256798,-2.28724151457541,-2.20731919252451,-2.30515574657281,53.41
764,1.06053638928281,0.781052140337984,-0.520954658413277,-2.21367664231125,-2.2900874766648,-2.21096180081822,-2.30630840093196,53.48
765,1.05586397772525,0.78371780561505,-0.519473109123398,-2.21681085171347,-2.2927988384683,-2.21461544379865,-2.30745703207882,53.55
766,1.05118331477749,0.786379649460951,-0.518002825067998,-2.21994382433478,-2.29535705277161,-2.21825269903588,-2.30860219372923,53.62
767,1.04649479169933,0.789037590394252,-0.516546438229602,-2.2230400682414,-2.29774701247024,-2.22184708381081,-2.30974565893781,53.69
768,1.04179880849998,0.791691582214396,-0.515106225462831,-2.22606752262418,-2.2999579973272,-2.22537494523464,-2.31088829327905,53.76
769,1.03709579840161,0.794341596106734,-0.513684014428297,-2.22899969840322,-2.30198510515848,-2.22881581665994,-2.31202934218464,53.83
770,1.03238619226205,0.796987572731075,-0.512281209586729,-2.23181775988212,-2.30382876061788,-2.23215223370422,-2.31316625987955,53.9
771,1.02767044329971,0.79962940446986,-0.510898938220274,-2.23450929845009,-2.3054890521976,-2.23536970227336,-2.31429474896622,53.97
772,1.02294899176216,0.802267008012521,-0.509538105841148,-2.23706584464065,-2.30696687236618,-2.23845687907591,-2.31540910096578,54.04
773,1.01822228988103,0.804900306751437,-0.508199421142545,-2.23948071342735,-2.3082640079441,-2.24140557374885,-2.31650226622612,54.11
774,1.01349076675444,0.807529213254197,-0.506883420563114,-2.24174853686346,-2.30938311341983,-2.24421069315061,-2.31756583382621,54.18
775,1.00875485349958,0.81015370207677,-0.505590522539839,-2.24386540102968,-2.3103265742795,-2.24687018814463,-2.3185900118668,54.25
776,1.00401494831711,0.812773792392619,-0.504321171614936,-2.2458300988777,-2.31109471162155,-2.24938449147459,-2.31956411979099,54.32
777,0.999271441810103,0.815389500613715,-0.503075891862445,-2.24764673973811,-2.31168717924654,-2.25175436361179,-2.32047858580441,54.39
778,0.994524682199825,0.818000823178681,-0.50185530980178,-2.24932507489275,-2.31210532672118,-2.25398006508246,-2.32132529037145,54.46
779,0.989775000782,0.820607809683261,-0.500660176876417,-2.25087676396073,-2.31235212850318,-2.25606113315814,-2.32209739929258,54.53
780,0.985022677266441,0.82321054582665,-0.499491361398633,-2.25231305789828,-2.31243359050649,-2.25799634167737,-2.32278934843965,54.6
781,0.980267965345021,0.825809106348266,-0.498349719683589,-2.25364218340905,-2.31236025001379,-2.25978432541042,-2.32339643869372,54.67
782,0.975511058131972,0.82840353812901,-0.49723596670836,-2.25487094172724,-2.31214672285829,-2.26142571144359,-2.32391274741501,54.74
783,0.970752113822936,0.830993933631144,-0.496150636543978,-2.25600585802398,-2.31181074189681,-2.26292344795212,-2.32433027504505,54.81
784,0.9659912212183,0.833580414149412,-0.495094012196836,-2.25705481402999,-2.31137237853046,-2.2642824435951,-2.32463845440648,54.88
785,0.96122842545896,0.83616308304722,-0.494066235464066,-2.258028592085,-2.31085233370953,-2.2655088785328,-2.32482453433773,54.95
786,0.956463693621948,0.838742009151266,-0.493067326007955,-2.25893703502856,-2.31026971929365,-2.26660867548859,-2.32487640241358,55.02
787,0.95169697061381,0.841317300478234,-0.49209707955909,-2.25978725341572,-2.30964269922452,-2.26758717671367,-2.3247833338153,55.09
788,0.946928235098999,0.843889087765793,-0.491155055862196,-2.26058192418358,-2.30898383639255,-2.26844933473068,-2.32453611077747,55.16
789,0.942157465200956,0.846457477981414,-0.490240626280682,-2.26131912485593,-2.30829929154993,-2.26919963447892,-2.32412705438358,55.23
790,0.937384664414965,0.849022537982239,-0.489353111155411,-2.26199659165932,-2.30759006878283,-2.26984198747344,-2.32354996887668,55.3
791,0.932609827382217,0.851584368499554,-0.488491826402333,-2.2626119469232,-2.30685470567327,-2.27037947754663,-2.32279990836088,55.37
792,0.927832965875997,0.854143087920128,-0.487656099536523,-2.26316641773419,-2.306093227598,-2.27081425897966,-2.32187312705863,55.44
793,0.92305407464915,0.856698786038064,-0.486845285222657,-2.26366563719203,-2.30530854503882,-2.27114739635424,-2.32076706277488,55.51
794,0.918273157493578,0.85925150795064,-0.486058780364028,-2.26411677604966,-2.30450520363628,-2.27137873634961,-2.31948026337246,55.58
795,0.913490193160911,0.861801328271965,-0.485296038741694,-2.26452793192502,-2.30368924790298,-2.27150702207991,-2.31801249700698,55.65
796,0.908705161495272,0.864348335137132,-0.484556585214595,-2.2649052627991,-2.30286303053236,-2.27152997918476,-2.31636477535764,55.72
797,0.903918009427553,0.866892584170982,-0.483840029490487,-2.26525210703115,-2.30202703238497,-2.27144416308164,-2.31453928985808,55.79
798,0.899128677182549,0.869434082595482,-0.483146079476192,-2.26556918715079,-2.30117867389361,-2.27124510900044,-2.31253953169868,55.86
799,0.894337064348951,0.871972863650186,-0.482474524126474,-2.26585270806812,-2.30031278147885,-2.27092730345834,-2.31037038494623,55.93
800,0.889543086251984,0.874508970799127,-0.481825155709143,-2.26609582565923,-2.29942241524815,-2.27048430822075,-2.3080382829811,56.0
801,0.88474673036716,0.877042411898998,-0.481197842104458,-2.26628984517728,-2.29849722982378,-2.26990891649649,-2.30555127772438,56.07
802,0.879948022513361,0.879573143503446,-0.480592448265175,-2.26642596197747,-2.29752631869304,-2.26919319104443,-2.3029190817142,56.14
803,0.875147053264166,0.882101145478801,-0.480008787366178,-2.26649531821636,-2.29650042734662,-2.26832847458473,-2.30015311297356,56.21
804,0.870343944226009,0.884626405405486,-0.479446481295394,-2.26648388550906,-2.29541242214969,-2.26730591423679,-2.29726603100272,56.28
805,0.865538874532503,0.88714887294097,-0.478904820752955,-2.26637459994735,-2.29425881326943,-2.2661184629458,-2.29426962035844,56.35
806,0.860732047201778,0.889668444320052,-0.478382775404427,-2.2661486260417,-2.29303586292332,-2.2647611386656,-2.29117381975541,56.42
807,0.855923715704592,0.89218503716887,-0.477879124013192,-2.26578743480342,-2.29173680805822,-2.26323089537173,-2.2879865956032,56.49
808,0.851114150388565,0.894698575107978,-0.477392524043854,-2.26527530516058,-2.29035233376393,-2.26152676792467,-2.28471426865904,56.56
809,0.846303665104971,0.897208942321449,-0.476921641109386,-2.26459731464849,-2.28886713666491,-2.25965011031175,-2.28136193259927,56.63
810,0.841492583682225,0.899715968268971,-0.476465217934993,-2.26374157519119,-2.28726434276667,-2.25760438570529,-2.27793432544652,56.7
811,0.836681266591388,0.902219502718501,-0.476022203213451,-2.26270174265741,-2.28552863335345,-2.25539315436589,-2.27443793603887,56.77
812,0.831870077446886,0.904719400576021,-0.475591759847907,-2.26147474566134,-2.2836485305478,-2.25301938845715,-2.27088136676484,56.84
813,0.827059409686912,0.907215476690592,-0.475173152601101,-2.26006065390497,-2.28161799324071,-2.25048560221847,-2.26727548691971,56.91
814,0.82224965307599,0.909707490812891,-0.4747657257805,-2.25846351269685,-2.27943648113828,-2.24779407533645,-2.26363364731682,56.98
815,0.817441220373578,0.912195222886072,-0.474368910797227,-2.25668971364344,-2.27710595256022,-2.24494704911819,-2.25997177543076,57.05
816,0.812634513810711,0.914678458146731,-0.473982233522901,-2.25475034021683,-2.27463216750027,-2.24194677507368,-2.25630844109425,57.12
817,0.807829951718218,0.917156972303166,-0.473605321454617,-2.2526607785151,-2.27202503055817,-2.23879544595448,-2.25266492254866,57.19
818,0.803027934948287,0.919630607057993,-0.473237880608892,-2.25043572757769,-2.26929634890154,-2.23549573131344,-2.24906479110933,57.26
819,0.798228873432809,0.922099255452643,-0.472879551888206,-2.24808692030886,-2.26646273762938,-2.23205282017593,-2.2455319309048,57.33
820,0.793433152520312,0.924562817212062,-0.472529737189038,-2.24562295299639,-2.2635469326662,-2.22847463103138,-2.24208946046351,57.4
821,0.788641159435047,0.927021184267135,-0.472187455433854,-2.24304821444226,-2.26057356939153,-2.22477124212095,-2.23875883361462,57.47
822,0.78385324950033,0.929474316632116,-0.471851288713687,-2.24036617990421,-2.25756905467753,-2.22095444451169,-2.23555920955157,57.54
823,0.779069772470121,0.931922228112472,-0.471519268120616,-2.23757858502222,-2.25456162048652,-2.21703747795209,-2.23250712176065,57.61
824,0.774291038611469,0.934364942019346,-0.471188879822387,-2.23468721931883,-2.25157966302543,-2.2130345581565,-2.2296158738031,57.68
825,0.769517344882487,0.936802446978242,-0.470857191414694,-2.23169620300837,-2.24865224826828,-2.20896067668449,-2.22689529349608,57.75
826,0.764748940849302,0.93923468291937,-0.470520918069821,-2.22860984277784,-2.24580420122718,-2.20483155280809,-2.22435166472685,57.82
827,0.759986054687604,0.941661617425315,-0.470176548885252,-2.22543364857664,-2.24305459416383,-2.20066388753505,-2.22198795707382,57.89
828,0.755228858913319,0.944083231910605,-0.469820413140291,-2.22217351677311,-2.24041755013983,-2.19647582924054,-2.2198042929449,57.96
829,0.750477496189282,0.946499477809205,-0.469448806874752,-2.2188349450193,-2.23790154041884,-2.19228719928846,-2.21779826103772,58.03
830,0.745732044853834,0.94891026294587,-0.469058029417014,-2.2154264308252,-2.23551421599405,-2.188119808279,-2.21596522655726,58.1
831,0.740992544519748,0.951315528267706,-0.468644420191343,-2.21195880969793,-2.23326224237173,-2.18399759177429,-2.2142984276194,58.17
832,0.736258961391118,0.953715234411047,-0.468204486134344,-2.20844700155411,-2.23115314791184,-2.17994668545873,-2.21278900836229,58.24
833,0.731531213648471,0.956109318280206,-0.467734939259929,-2.20491088564301,-2.22919578568745,-2.1759954994772,-2.21142604906322,58.31
834,0.726809136551777,0.958497679814374,-0.467232704611171,-2.20137205423502,-2.22739892732231,-2.17217406937387,-2.21019716508701,58.38
835,0.722092507613785,0.960880259119282,-0.466694958833833,-2.197854297621,-2.22577208058073,-2.16851123891009,-2.20909078810734,58.45
836,0.71738101149574,0.963257023438893,-0.466119229514685,-2.19438243432934,-2.22432260326816,-2.16503388650828,-2.20809654937868,58.52
837,0.712674295068174,0.965627924143672,-0.465503314633503,-2.19097566499472,-2.22305347599901,-2.16176657006675,-2.20720496877563,58.59
838,0.707972022379152,0.967992883911602,-0.46484526287541,-2.18764865795903,-2.22196320800369,-2.15873171001209,-2.20640759312096,58.66
839,0.703273839273027,0.970351874278293,-0.464143414843347,-2.1844111293249,-2.22104483706169,-2.1559497083907,-2.20569698221868,58.73
840,0.698579398104458,0.972704903031048,-0.463396535293511,-2.18127205509293,-2.22028772438021,-2.15343891333158,-2.20506672327115,58.8
841,0.693888322203152,0.975051971622845,-0.462603825809278,-2.17824045168588,-2.21968012866129,-2.15121527807315,-2.20451111276187,58.87
842,0.689200230446574,0.977393062781702,-0.461764817935862,-2.1753271175024,-2.21921331173489,-2.14929222571541,-2.20402510767505,58.94
843,0.684514701596481,0.97972821849083,-0.460879357404502,-2.17254540971815,-2.21888151946609,-2.1476807795852,-2.20360442580415,59.01
844,0.679831298757145,0.982057527813381,-0.459947619279231,-2.16990955175132,-2.21868105748044,-2.14638965809461,-2.20324549436298,59.08
845,0.675149533611917,0.984381084736463,-0.458970123941229,-2.16743657896325,-2.21861240330512,-2.14542545424416,-2.20294557794181,59.15
846,0.670468890797,0.986698946120706,-0.457947753907599,-2.16514569417379,-2.21867587735479,-2.14479274917433,-2.20270290534604,59.22
847,0.665788792070309,0.989011119841482,-0.456881801562781,-2.16305482207182,-2.21886734162619,-2.14449385876865,-2.2025165245773,59.29
848,0.661108650723407,0.991317643296271,-0.455774107962014,-2.1611807708686,-2.21917819856465,-2.14452845392841,-2.20238594616451,59.36
849,0.656427925983653,0.993618571751439,-0.454627082069048,-2.15953617095795,-2.2195943044757,-2.1448931146536,-2.20231072530196,59.43
850,0.651746087153816,0.995913936703258,-0.453443600394791,-2.15813266792026,-2.22010008597334,-2.14558111881468,-2.20229037394477,59.5
851,0.647062637937636,0.998203734427716,-0.452226997607782,-2.15698269726455,-2.22068030769055,-2.14658237541421,-2.20232433208059,59.57
852,0.642377080609947,1.00048800489403,-0.450981087889109,-2.1560993592894,-2.22132129679091,-2.14788332193381,-2.20241187783551,59.64
853,0.637688940391323,1.00276682051536,-0.449710186883819,-2.15549731234734,-2.22201123341242,-2.1494669965628,-2.20255218703863,59.71
854,0.632997729685269,1.00504024491152,-0.448419134179883,-2.1551898401509,-2.2227385143947,-2.15131307493917,-2.20274430155639,59.78
855,0.628302972537515,1.00730832185785,-0.447113286149021,-2.15519120944322,-2.22349375673587,-2.15339796197209,-2.20298733737656,59.85
856,0.623604168975271,1.00957115459472,-0.445798388798887,-2.15551273401462,-2.22426803940377,-2.15569487893726,-2.20328060149359,59.92
857,0.618900849673736,1.01182889497013,-0.44448042080346,-2.15615949508239,-2.22505282955324,-2.15817430732323,-2.20362391848817,59.99
858,0.614192630695556,1.01408170258921,-0.443165436696098,-2.15712774792729,-2.22583912611782,-2.16080469964782,-2.2040181969002,60.06
859,0.609479178048393,1.01632970405553,-0.441859410117794,-2.15840304479055,-2.22661597137104,-2.16355342768759,-2.20446620530907,60.13
860,0.604760232506236,1.01857298238941,-0.440568077011812,-2.15996301559563,-2.22737473930853,-2.16638769789752,-2.2049732271373,60.2
861,0.600035574349528,1.02081165679613,-0.439296778657331,-2.16178264043173,-2.22811035524639,-2.16927543460719,-2.20554777465226,60.27
862,0.595305048379771,1.02304587225626,-0.438050304439015,-2.16383392059025,-2.22882359889304,-2.17218616167054,-2.20620133908563,60.34
863,0.590568528861632,1.02527575911124,-0.436832734256571,-2.16608810237896,-2.22952509273381,-2.17509293621584,-2.20694618382332,60.41
864,0.585825944746323,1.02750142281724,-0.4356472804883,-2.16851570035301,-2.23023237061418,-2.17797220591724,-2.20779391844713,60.48
865,0.581077244827581,1.02972302404041,-0.434496189610894,-2.17108654697279,-2.23096378730403,-2.18080309466095,-2.20875452244643,60.55
866,0.576322423182505,1.03194076856501,-0.4333808538564,-2.17377179483515,-2.23173606856883,-2.18356698957697,-2.20983593874396,60.62
867,0.571561484547231,1.03415486718704,-0.432301892163684,-2.17654329868298,-2.23256047677503,-2.18624752007788,-2.21104420676905,60.69
868,0.566794469978517,1.0363654956775,-0.4312592906622,-2.17937353692635,-2.23344409068636,-2.1888308991528,-2.21238386414513,60.76
869,0.562021422450216,1.03857278489926,-0.430252452237841,-2.18223763774503,-2.23439186661243,-2.19130611572005,-2.21385816556545,60.83
870,0.557242412734868,1.04077690124989,-0.429280245444161,-2.18511371921042,-2.23540857814406,-2.19366503846207,-2.21546923912521,60.9
871,0.552457505218676,1.04297803690149,-0.428341143032735,-2.18798542519072,-2.23650093525705,-2.19590240125339,-2.21721821013874,60.97
872,0.547666783999575,1.04517637001001,-0.427433269596367,-2.19084091067221,-2.23767506865706,-2.19801582076724,-2.21910526231522,61.04
873,0.542870318916275,1.04737202497845,-0.426554418528002,-2.19366920951454,-2.23893581802366,-2.2000059967941,-2.22112984688623,61.11
874,0.538068191857737,1.04956506285846,-0.425702068416871,-2.19646123600479,-2.24028869658902,-2.20187673426232,-2.22329070871672,61.18
875,0.53326046300087,1.05175556206373,-0.424873398921653,-2.19920943294942,-2.24173884537909,-2.20363490729869,-2.2255858497596,61.25
876,0.528447197325934,1.05394360886733,-0.424065336253836,-2.20190865401288,-2.24329227245924,-2.20529039534836,-2.22801249005255,61.32
877,0.523628431057634,1.05612925785722,-0.423274688497515,-2.204558460963,-2.24495657893023,-2.20685596114228,-2.23056702629307,61.39
878,0.51880419838168,1.05831252252376,-0.42249819029437,-2.20715967503198,-2.24673819287941,-2.20834731103603,-2.23324501812976,61.46
879,0.513974498085217,1.06049345615383,-0.421732517126761,-2.20971270434109,-2.24864330212328,-2.20978306670003,-2.23604120223503,61.53
880,0.50913932047149,1.06267214250476,-0.420974299345571,-2.21221788808107,-2.25067532474537,-2.2111846478775,-2.23894926344983,61.6
881,0.504298614197792,1.06484865643245,-0.420220166090477,-2.21467403629935,-2.25283376144811,-2.21257630657633,-2.24196181441188,61.67
882,0.499452313387862,1.06702302456013,-0.419466879338797,-2.21708202529253,-2.25511521194109,-2.21398504151842,-2.24507031299202,61.74
883,0.494600304668694,1.0691952160742,-0.418711377617037,-2.21944625764978,-2.25751529168767,-2.21543988091783,-2.24826560968983,61.81
884,0.48974245448392,1.07136522382213,-0.417950789608919,-2.22177326482168,-2.26003144906526,-2.21696878801464,-2.2515395162814,61.88
885,0.48487857633486,1.07353305518641,-0.417182447802805,-2.22407250687609,-2.26266192915054,-2.21859794270966,-2.25488510921312,61.95
886,0.480008458302629,1.07569869291024,-0.416403902230345,-2.22635614993476,-2.26540461505585,-2.22035156344624,-2.25829652008127,62.02
887,0.475131830503692,1.07786208605015,-0.415612964432155,-2.22863749015568,-2.26825646895724,-2.22225157684966,-2.26176869472659,62.09
888,0.470248392833687,1.08002323123164,-0.414807841870078,-2.23093217615152,-2.27121300118738,-2.22431728512654,-2.26529709096281,62.16
889,0.465357782653416,1.08218216368193,-0.413987182298803,-2.23325744565309,-2.27427083639725,-2.22656485030295,-2.26887725485577,62.23
890,0.460459602773398,1.08433891821555,-0.413150088304517,-2.23563130175166,-2.27742615580706,-2.22900722679667,-2.27250475704,62.3
891,0.455553389392568,1.08649349025973,-0.412296132122669,-2.23807250095525,-2.28067232526144,-2.23165394027735,-2.27617494757436,62.37
892,0.450638670436996,1.08864582700715,-0.411425370751004,-2.24059936694455,-2.2840011621472,-2.23451065240624,-2.27988249932972,62.44
893,0.445715024043646,1.09079590887118,-0.410538361365554,-2.24322785092136,-2.28740071050029,-2.23757893251268,-2.28362122139747,62.51
894,0.440782046934377,1.09294374071838,-0.409636177038487,-2.24597265936511,-2.29085903217553,-2.24085590514097,-2.28738390191398,62.58
895,0.435839383126499,1.09508931305384,-0.40872042274774,-2.24884898171299,-2.29436586051178,-2.24433437519489,-2.29116233085166,62.65
896,0.430886692636178,1.09723259333488,-0.407793221571269,-2.25187162839478,-2.29791232731697,-2.24800291923989,-2.29494726220508,62.72
897,0.425923680532115,1.09937360758884,-0.406857080773838,-2.25505043561753,-2.30149180221887,-2.25184594309282,-2.29872849624684,62.79
898,0.420950065994648,1.10151243180883,-0.405914728011583,-2.25838879664639,-2.30509868532867,-2.2558445483613,-2.30249550324778,62.86
899,0.41596561173659,1.10364915330259,-0.404968947697292,-2.26188164870683,-2.30872647720027,-2.25997730558002,-2.3062379870896,62.93
900,0.410970093439897,1.10578383208082,-0.40402244756538,-2.26551938431265,-2.31236870663086,-2.26422096437051,-2.30994641904579,63.0
901,0.40596332956342,1.10791649237126,-0.403077815562128,-2.26928823955544,-2.31601865457516,-2.26855083021985,-2.31361227112581,63.07
902,0.400945151174823,1.11004720443292,-0.402137416573834,-2.27317161251043,-2.31967022113308,-2.2729410489983,-2.31722825003104,63.14
903,0.395915432160921,1.11217607614349,-0.401203379385074,-2.27715321463462,-2.32331954458922,-2.27736485983655,-2.3207884416124,63.21
904,0.390874059468506,1.114303214534,-0.400277613648972,-2.28121444325459,-2.3269606931357,-2.28179469647759,-2.32428839604889,63.28
905,0.385820963728909,1.11642868735683,-0.399361796655568,-2.28533500176155,-2.33058683260654,-2.2862021375859,-2.3277250936778,63.35
906,0.380756089917381,1.11855251477272,-0.398457269688396,-2.28949150249696,-2.33418964927474,-2.29055788703821,-2.33109691190817,63.42
907,0.375679428399495,1.12067475133123,-0.397565024465642,-2.29365561726052,-2.33775618538084,-2.29483193514751,-2.3344036835351,63.49
908,0.370590986014593,1.12279547771765,-0.396685719466248,-2.2977958978859,-2.34127322711402,-2.29899399161176,-2.33764612437882,63.56
909,0.365490817547435,1.12491476244076,-0.395819696035305,-2.30187953651307,-2.34472657833667,-2.30301521371047,-2.34082357718315,63.63
910,0.360378997236925,1.12703262354794,-0.3949669942568,-2.30587740585629,-2.34810376520545,-2.3068685825711,-2.34393332124069,63.7
911,0.355255650671918,1.12914902045418,-0.394127368587492,-2.30976561030817,-2.35139592956845,-2.3105288306568,-2.34697060530286,63.77
912,0.350120926721768,1.13126393606014,-0.393300303251164,-2.31352408997986,-2.35459524065636,-2.31397240236662,-2.34992865163053,63.84
913,0.344975029850334,1.13337736863331,-0.392485027397628,-2.31713516653402,-2.3576954976036,-2.31717750838021,-2.35279872153435,63.91
914,0.339818192459765,1.1354892936283,-0.39168053003575,-2.32058130907173,-2.3606916203952,-2.32012406355785,-2.3555700620005,63.98
915,0.334650707611349,1.13759962553386,-0.390885574754363,-2.32384275224131,-2.36357432856341,-2.3227935388771,-2.35822976364747,64.05
916,0.329472901768223,1.13970820983505,-0.390098714249289,-2.32689890838449,-2.36633120037337,-2.32516899855861,-2.36076283108609,64.12
917,0.324285167905667,1.14181490526756,-0.389318304678721,-2.32972692468523,-2.36894803494279,-2.32723508201381,-2.36315225530062,64.19
918,0.319087938632062,1.14391957584032,-0.388542519873077,-2.33230256078622,-2.37140829102464,-2.32897796100777,-2.36537887770832,64.26
919,0.313881719664397,1.14602205280455,-0.387769395516656,-2.33460564386136,-2.3736962892899,-2.33038530240256,-2.36742134708171,64.33
920,0.30866706329954,1.14812209665942,-0.386996963509387,-2.33661939033733,-2.37579551313605,-2.33144569515192,-2.36925665108311,64.4
921,0.303444602223079,1.15021938928522,-0.386223265929677,-2.33832621226209,-2.37768766480078,-2.33214645861351,-2.37086191481276,64.47
922,0.298215023294828,1.15231361638391,-0.385446248633853,-2.33970629696931,-2.37935503453814,-2.33247314204075,-2.37221484914913,64.54
923,0.292979101650473,1.15440445970611,-0.384663775229627,-2.34073541000952,-2.38077574274149,-2.33241023408086,-2.37329333069634,64.61
924,0.287737674756029,1.15649155924577,-0.383873761460599,-2.34138769855456,-2.38192178429493,-2.3319426011346,-2.37407384295307,64.68
925,0.282491676752052,1.158574475496,-0.38307424951368,-2.34163814009009,-2.38276083836094,-2.33105377353749,-2.37453284094898,64.75
926,0.27724211272149,1.1606526818605,-0.382263542637679,-2.34146165817148,-2.38325531506918,-2.32972520185834,-2.37464703810238,64.82
927,0.271990093215298,1.16272564740389,-0.381440249669427,-2.34083606657467,-2.38336790671063,-2.32793585177265,-2.37439312721476,64.89
928,0.266736808666658,1.16479282942392,-0.380603299673354,-2.33974225307517,-2.38306109751965,-2.32566192723301,-2.37374765812846,64.96
929,0.26148356402474,1.16685363603064,-0.379751956807317,-2.338159707729,-2.38229430342102,-2.3228764515273,-2.37268674150379,65.03
930,0.256231753235497,1.16890741891784,-0.378885835433959,-2.33606648250511,-2.38102556260291,-2.31954867656804,-2.37118551896436,65.1
931,0.250982893896937,1.17095355651284,-0.378004915490858,-2.3334381367627,-2.37920968404733,-2.31564283949833,-2.36921712925408,65.17
932,0.245738571624952,1.17299144698993,-0.377109558126345,-2.33024997151643,-2.37680073776313,-2.31111780164623,-2.36675237436628,65.24
933,0.240500384365687,1.17502047133404,-0.376200521601351,-2.32648104853826,-2.37375497612662,-2.30592705898391,-2.36375969499087,65.31
934,0.235269976889099,1.17703995655325,-0.375278977450678,-2.32211247279978,-2.37003003504488,-2.30001864342999,-2.36020506466586,65.38
935,0.230049014996207,1.17904916913936,-0.374346496802255,-2.31712321819968,-2.36558562090941,-2.29333506627399,-2.35605198373015,65.45
936,0.224839219761253,1.18104739896392,-0.373404916570114,-2.31148939412274,-2.36038390892716,-2.28581393650284,-2.3512619648318,65.52
937,0.219642341427752,1.18303395309655,-0.372456205843997,-2.30517858882667,-2.35438544127483,-2.277388713487,-2.34579517968455,65.59
938,0.214460193278299,1.18500811973367,-0.371502422705989,-2.29815180659572,-2.34754910077119,-2.26798962523742,-2.33961117750222,65.66
939,0.209294625095568,1.18696913233812,-0.370545611000179,-2.29036556757421,-2.33983372367496,-2.25754439237969,-2.33266937495058,65.73
940,0.204147586620436,1.18891616409033,-0.369587757369363,-2.28177266659132,-2.33119855418753,-2.24597878919008,-2.32492940860881,65.8
941,0.199021190710501,1.1908484128402,-0.368630688171165,-2.2723216519354,-2.32160314315667,-2.23321722352314,-2.31635159137353,65.87
942,0.193917685900429,1.19276509604819,-0.367676056676593,-2.26195875580872,-2.31100602978743,-2.21918339714456,-2.30689735318229,65.94
943,0.188839488764697,1.19466541590551,-0.36672536034269,-2.25062902791191,-2.29936304955076,-2.20380071686682,-2.29652945615714,66.01
944,0.183789155691131,1.19654852473536,-0.365779958041634,-2.23827598110791,-2.28662851851696,-2.18699248795177,-2.28521216539057,66.08
945,0.178769414372597,1.19841352077739,-0.364841057131504,-2.22484227752692,-2.2727558047323,-2.16868225221475,-2.27291143622094,66.15
946,0.173783104531999,1.20025953454625,-0.363909610168766,-2.21026998183146,-2.25770044667189,-2.14879406159941,-2.2595951487294,66.22
947,0.168833118094688,1.20208572525382,-0.362986301767325,-2.19450363215021,-2.24142217898812,-2.12725307974404,-2.24523348033568,66.29
948,0.163922429020325,1.20389124748634,-0.362071565411529,-2.17749083427789,-2.22388291775386,-2.10398621202999,-2.22979929672054,66.36
949,0.159054062303344,1.20567521823944,-0.361165600123013,-2.15918047040443,-2.20504564031982,-2.07892243449782,-2.21326844126091,66.43
950,0.154231122439272,1.20743668432628,-0.360268356885782,-2.13952414972803,-2.18487722942438,-2.05199369549266,-2.19561950223913,66.5
951,0.149456760951341,1.20917462026287,-0.359379434650536,-2.11847581704548,-2.16334806116218,-2.02313741430078,-2.17683206536764,66.57
952,0.144734203272328,1.21088801682288,-0.358498066445757,-2.09599180686205,-2.14043273021942,-1.99229744887634,-2.15688646079378,66.64
953,0.140066714573746,1.21257587975408,-0.357623135427406,-2.07203468358833,-2.1161117022921,-1.95942449659105,-2.13576386161983,66.71
954,0.135457624835198,1.21423719885004,-0.356753190793299,-2.04657256439054,-2.09036977212555,-1.92447662103736,-2.11344661394261,66.78
955,0.130910292743921,1.21587091748277,-0.355886463582277,-2.01957672352981,-2.06319508849536,-1.88741981551018,-2.08991870848811,66.85
956,0.126428128715441,1.21747593270246,-0.355020882384318,-1.99102160079135,-2.03457985965498,-1.84822851365953,-2.06516606319401,66.92
957,0.122014556623749,1.21905118609875,-0.354154088993479,-1.96088360399485,-2.00451723340697,-1.80688622845254,-2.03917679755394,66.99
958,0.117673034530416,1.22059566491689,-0.353283454041008,-1.9291427378063,-1.97300274642332,-1.76338625972922,-2.011941649416,67.06
959,0.113407013999902,1.22210837362329,-0.352406092651159,-1.89578585576289,-1.94003655188046,-1.71773244055961,-1.98345447427279,67.13
960,0.109219958289626,1.22358830602666,-0.351518880167121,-1.86080431481018,-1.90562404855401,-1.66993992252139,-1.95371282720954,67.2
961,0.105115299001577,1.2250344179726,-0.350618467999102,-1.82419535978803,-1.86977671663044,-1.62003596973752,-1.92271832674084,67.27
962,0.101096451483919,1.22644563071786,-0.349701299650927,-1.78596221336908,-1.83250810540043,-1.56806073131262,-1.8904769811071,67.34
963,0.0971667685697361,1.22782092517825,-0.348763657073263,-1.74611425553319,-1.79383387860189,-1.51406826246004,-1.85699995840264,67.41
964,0.0933295529422798,1.22915934654342,-0.34780179758299,-1.70467138445034,-1.75377540567857,-1.45812764315578,-1.82230440928514,67.48
965,0.0895880077152815,1.23045997945196,-0.346812000889091,-1.66166596937739,-1.71236271646605,-1.40032410307511,-1.78641437214929,67.55
966,0.0859452455196987,1.23172192383217,-0.345790616555671,-1.61714645704714,-1.66963736049041,-1.34075954980833,-1.74936206133072,67.62
967,0.0824042356882382,1.23294430151265,-0.344734232319953,-1.57118079560233,-1.62565303410023,-1.27955144574399,-1.71119038035662,67.69
968,0.0789678098323983,1.23412635379439,-0.343639812892115,-1.52385468063015,-1.58047677283839,-1.21683282994265,-1.67195368097226,67.76
969,0.0756386054076388,1.2352674494736,-0.342504628771771,-1.47526808216094,-1.53419037711511,-1.15275309173858,-1.63171824146216,67.83
970,0.072419067566523,1.23636706350452,-0.341326245925619,-1.425535015571,-1.48688987356504,-1.08747916270212,-1.59056294468891,67.9
971,0.0693113588136742,1.23742475640119,-0.34010254628782,-1.37478465905688,-1.43868680166526,-1.02119670303295,-1.54858000421135,67.97
972,0.0663172666817906,1.23844018447556,-0.33883174903929,-1.32316553062118,-1.38971093273703,-0.954111249280042,-1.50587570696855,68.04
973,0.063438199653166,1.23941320109526,-0.337512432704052,-1.27084691529403,-1.34011065834382,-0.886449229769561,-1.4625711407747,68.11
974,0.0606751208558167,1.24034386844062,-0.336143528007023,-1.21801690806406,-1.29005405451471,-0.818458904203199,-1.41880281444133,68.18
975,0.0580285398598598,1.24123243993897,-0.334724221343495,-1.16488004815201,-1.23973013770678,-0.750403310266019,-1.37471790298749,68.25
976,0.0554984422059726,1.24207934346288,-0.333253859143031,-1.11165246518604,-1.18934757148619,-0.682528634449669,-1.330453434348,68.32
977,0.0530843070954481,1.24288516528783,-0.33173155226559,-1.05854201710998,-1.13912525429189,-0.615057256034757,-1.28613148849406,68.39
978,0.0507851530666998,1.24365063480159,-0.330155841495467,-1.00573859940314,-1.08927995963065,-0.548189092089042,-1.24185951475251,68.46
979,0.0485995815796869,1.24437660995483,-0.328524544501021,-0.953415043116944,-1.04001800514001,-0.482102814901893,-1.19773062011912,68.53
980,0.0465258185259299,1.24506406343981,-0.326834754199243,-0.901726533121799,-0.99152781750801,-0.416956938242219,-1.15382403723913,68.6
981,0.0445617536891334,1.24571406958168,-0.325082868213712,-0.850811040726959,-0.943979046038755,-0.352890979824898,-1.11020586063616,68.67
982,0.0427049781884416,1.24632779192489,-0.323264619390587,-0.800790256378891,-0.897523437517457,-0.290026636945649,-1.06692983914265,68.74
983,0.040952819942209,1.2469064714954,-0.32137510743761,-0.751770508453859,-0.85229569413423,-0.228468942673922,-1.02403816316104,68.81
984,0.0393023771957387,1.24745141571762,-0.319408831763009,-0.703843665944803,-0.808414311725011,-0.168307400403819,-0.981562245782888,68.88
985,0.037750550161066,1.24796398796378,-0.31735975569045,-0.657088113383419,-0.765982395894582,-0.109617094862962,-0.939523497002013,68.95
986,0.0362940708211238,1.24844559771219,-0.31522146232451,-0.61156988659956,-0.725088453880954,-0.0524597779609542,-0.897934120539828,69.02
987,0.0349295309541426,1.24889769128967,-0.312987221648935,-0.567343245793706,-0.685807160296635,0.0031150718820961,-0.856797993069625,69.09
988,0.0336534084371862,1.2493217431729,-0.310650029148696,-0.524451406834538,-0.648200095147389,0.0570692180443892,-0.81611144509021,69.16
989,0.0324620918902799,1.24971924782253,-0.308202646165002,-0.482927339535868,-0.612316452777544,0.109374662545091,-0.775864003552392,69.23
990,0.0313519037246588,1.25009171202336,-0.30563764210954,-0.442794541868328,-0.578193720628632,0.160012672114557,-0.736039126389729,69.3
991,0.0303191216602137,1.2504406477039,-0.302947408580831,-0.404067789507024,-0.545859680868029,0.208972833999544,-0.69661492914049,69.37
992,0.0293599987785257,1.25076756520777,-0.300124055253581,-0.36675386028998,-0.515338351836779,0.256252171932907,-0.657564813694252,69.44
993,0.0284707821785647,1.25107396698999,-0.29715930802964,-0.330852233317393,-0.486650300902371,0.301854382633757,-0.618857758854306,69.51
994,0.0276477303026783,1.25136134171076,-0.294044529944114,-0.296355762567926,-0.459808050387251,0.345789012367479,-0.58045869442346,69.58
995,0.0268871290005335,1.25163115869957,-0.290770774712869,-0.263251325038831,-0.434815331741557,0.388070633677295,-0.542329139898302,69.65
996,0.0261853063985704,1.25188486276296,-0.287328842989346,-0.231520443537716,-0.411667570105407,0.428718052204631,-0.504427897789142,69.72
997,0.0255386466418823,1.25212386930922,-0.283709341492192,-0.201139884360197,-0.390352335506817,0.467753543338007,-0.466711742082778,69.79
998,0.0249436025748518,1.25234955976414,-0.279902745169393,-0.172082230186058,-0.370849760777177,0.505202118352949,-0.429136102589705,69.86
999,0.0243967074257236,1.25256327725215,-0.275899462568506,-0.144316428610233,-0.353132926407151,0.541090819643836,-0.391655745954087,69.93
1000,0.0238945855591619,1.25276632251797,-0.271689904584564,-0.117808316803841,-0.337168212700223,0.575448044596813,-0.354225454129017,70.0
1001,0.0234339623592885,1.25295995006451,-0.26726455675873,-0.0925211228625486,-0.322915619709798,0.608302897618999,-0.316800701131642,70.07
1002,0.0230116733041668,1.25314536448363,-0.262614055300531,-0.0684159444584011,-0.310329055564113,0.639684569812576,-0.279338328892427,70.14
1003,0.0226246722907786,1.25332371695702,-0.25772926700518,-0.0454522054572949,-0.299356593902222,0.669621745770482,-0.241797223000235,70.21
1004,0.0222700392676187,1.25349610190549,-0.252601373234874,-0.0235880912029688,-0.289940701250474,0.698142036968156,-0.204138989120482,70.28
1005,0.0219449872298676,1.25366355376598,-0.247221958128567,-0.0027809631987554,-0.282018435277656,0.725271441235789,-0.166328630826373,70.35
1006,0.0216468686298366,1.25382704387644,-0.241583101199349,0.0170122460595093,-0.275521614965703,0.751033827813815,-0.128335229534465,70.42
1007,0.0213731812529802,1.25398747744994,-0.235677474470773,0.0358346573301605,-0.270376963833096,0.775450447523849,-0.0901326271740952,70.49
1008,0.0211215736072445,1.25414569062054,-0.229498444295212,0.0537290871768138,-0.266506227439435,0.798539467625987,-0.0517001121470497,70.56
1009,0.0208898498709267,1.25430244754452,-0.223040177985817,0.0707377080450641,-0.263826266495948,0.820315530979805,-0.0130231090472984,70.63
1010,0.0206759744414566,1.25445843754191,-0.216297755381931,0.0869017250945505,-0.262249126992147,0.840789339182892,0.0259061274870505,70.7
1011,0.0204780761247479,1.25461427226455,-0.209267285452492,0.102261069024168,-0.261682088841166,0.859967259423078,0.065087814528824,70.77
1012,0.0202944520018399,1.25477048287823,-0.201946028026291,0.116854104149161,-0.262027694630016,0.877850954853519,0.104513938085889,70.84
1013,0.020123571006609,1.25492751724784,-0.194332520718641,0.13071735100893,-0.263183760149536,0.894437038375452,0.144167545792784,70.91
1014,0.0199640772452705,1.25508573711601,-0.186426711103822,0.143885222814661,-0.265043368462461,0.909716749801049,0.184022035216359,70.98
1015,0.0198147930853137,1.25524541526716,-0.178230094158978,0.156389775077508,-0.267494849355398,0.923675656456862,0.224040438083897,71.05
1016,0.019674722038326,1.2554067326704,-0.169745854980319,0.168260467797464,-0.270421746103897,0.936293377388303,0.264174700915967,71.12
1017,0.0195430514579577,1.25556977559634,-0.160979016744104,0.179523939634746,-0.273702771567115,0.947543331426336,0.304364962733399,71.19
1018,0.0194191550710313,1.25573453270464,-0.151936593854294,0.190203793532228,-0.277211755714464,0.957392509483989,0.34453883070849,71.26
1019,0.0193025953564136,1.25590089210071,-0.142627750186021,0.200320393309314,-0.280817586774204,0.965801271564684,0.384610654842683,71.33
1020,0.0191931257829928,1.25606863836174,-0.133063962297485,0.209890670801034,-0.284384148281552,0.972723169077672,0.424480802980334,71.4
1021,0.0190906929146292,1.25623744953408,-0.123259187444571,0.218927943175984,-0.287770254393425,0.978104793177772,0.464034937706535,71.47
1022,0.01899543838653,1.25640689410603,-0.113230036190385,0.227441740127454,-0.290829676190591,0.981885649967342,0.503143296930069,71.54
1023,0.0189077007540059,1.25657642796156,-0.10299591926957,0.235437640698225,-0.293412434936892,0.983998063525934,0.541659980217626,71.61
1024,0.018828017211048,1.25674542141084,-0.0925790179684015,0.242917209830561,-0.295372509931439,0.984367168034851,0.579422333487081,71.68
1025,0.018757095084886,1.25691327648239,-0.0820038971441812,0.249878124803929,-0.29658804135746,0.9829113512715,0.616251066537892,71.75
1026,0.018695692921482,1.25707945396189,-0.0712966702212849,0.256313769426529,-0.296983800878466,0.979544414507238,0.651953332845568,71.82
1027,0.0186445615881393,1.25724347036353,-0.0604839865126438,0.262213018129257,-0.296539444043932,0.974182218346354,0.686332957040688,71.89
1028,0.0186043250288377,1.25740489493155,-0.0495922014506848,0.267560119818865,-0.295284598907627,0.966752612533217,0.719205556944297,71.96
1029,0.0185754510976917,1.25756334668063,-0.0386470301264949,0.272334591428371,-0.293272848083122,0.957203716830746,0.75040944707641,72.03
1030,0.0185582522839177,1.25771849148282,-0.0276736535746906,0.276511211712587,-0.290557590797385,0.945507003896935,0.779809468600252,72.1
1031,0.0185528862321463,1.25787003920816,-0.0166969162867742,0.28006020592175,-0.287187024310444,0.931657862893732,0.807297148521948,72.17
1032,0.0185593560524295,1.25801774092473,-0.0057415242347274,0.282946899702551,-0.283204102524951,0.9156759310083,0.832790199356833,72.24
1033,0.0185775104171048,1.2581613861636,0.0051677570443432,0.285131564870694,-0.278646596704384,0.897605373494972,0.856232023151886,72.31
1034,0.0186070434444511,1.25830080025301,0.0160059047490518,0.28656936741801,-0.273547167261724,0.877515172058544,0.877591251439761,72.38
1035,0.0186474943718771,1.25843584172576,0.0267474419477993,0.2872104184715,-0.267933686637881,0.855499450867377,0.896861322146142,72.45
1036,0.0186982470241566,1.25856639980285,0.0373662720860517,0.287001012171638,-0.261830053381202,0.831677838951782,0.914060124107253,72.52
1037,0.0187585290850391,1.25869239195591,0.0478356656781521,0.285888909699764,-0.255255571308425,0.806195927460682,0.92922985975435,72.59
1038,0.0188274412710715,1.2588137615506,0.0581284297425603,0.283833482777033,-0.248224818931471,0.779225939968515,0.942437276082125,72.66
1039,0.0189040765969336,1.25893047557222,0.0682172905502304,0.280820446757803,-0.24074776810026,0.750966680481119,0.953773781734587,72.73
1040,0.0189875492218378,1.25904252243482,0.0780755503513333,0.276872338217144,-0.232829910896365,0.721640589717048,0.963353342863098,72.8
1041,0.0190769930687263,1.25914990987423,0.08767780795666,0.272053112521719,-0.224472394596872,0.691487183978066,0.971307313655456,72.87
1042,0.0191715904076956,1.25925266292528,0.0970006233026795,0.266464153069164,-0.215672164609077,0.660752511561012,0.977776530461055,72.94
1043,0.0192706905946372,1.2593508219831,0.106022885754973,0.2602298256141,-0.206422115354872,0.629677751541174,0.982904036987065,73.01
1044,0.0193738384531832,1.25944444094806,0.114725856484466,0.253482534930007,-0.196711249159441,0.598492727362177,0.986830814977004,73.08
1045,0.0194807724870572,1.25953358545356,0.123093035735905,0.246352727482974,-0.18652484327201,0.567413909669403,0.989694066484235,73.15
1046,0.0195914230187702,1.25961833117574,0.131110005766017,0.23896645538951,-0.175844625216962,0.536644617577902,0.991626901868959,73.22
1047,0.0197059102593906,1.25969876222402,0.138764279837244,0.231445324222733,-0.164648956740073,0.506375579115082,0.992758287708328,73.29
1048,0.0198245423106478,1.25977496961091,0.146045157527961,0.223906625988164,-0.152913026679869,0.476785486113473,0.993213011515858,73.36
1049,0.0199478130972103,1.25984704979975,0.152943586584824,0.216463474546998,-0.140609053153358,0.448041540108994,0.993111660941346,73.43
1050,0.0200764002235782,1.25991510332873,0.159452031511065,0.209224941369119,-0.127706495504212,0.420299986016799,0.992570615199113,73.5
1051,0.0202111627466834,1.25997923350926,0.165564349054273,0.202296189573425,-0.114172276513566,0.393706630565259,0.991702046547454,73.57
1052,0.020353138851967,1.26003954519719,0.171275670730433,0.195778604285936,-0.0999710154248722,0.368397342664943,0.990613929718518,73.64
1053,0.0205035434174398,1.26009614363476,0.176582292495079,0.189769917417025,-0.0850652723783976,0.344498533080331,0.989410057273321,73.71
1054,0.0206637654469822,1.26014913336145,0.181481571650089,0.184364325026853,-0.0694158048942761,0.3221276109483,0.988190058932858,73.78
1055,0.0208353653509694,1.26019861719198,0.185971831053113,0.17965259551461,-0.0529818370782137,0.301393414861551,0.9870494230114,73.85
1056,0.0210200720491452,1.26024469525937,0.190052270677774,0.1757221669306,-0.0357213422583529,0.282396616395076,0.986079518153362,73.92
1057,0.0212197798675903,1.26028746412131,0.193722886555064,0.172657231772253,-0.0175913397881091,0.265230094110047,0.985367613649893,73.99
1058,0.021436545198583,1.26032701592806,0.196984397110659,0.170538807685391,0.001451793227224,0.249979276216525,0.984996896685618,74.06
1059,0.0216725828891567,1.26036343765008,0.199838176898552,0.169444792550532,0.0214519945048713,0.236722450217399,0.985046484940109,74.13
1060,0.0219302623212552,1.26039681036375,0.202286197717977,0.169450002491836,0.0424531726738425,0.225531037990333,0.985591433042282,74.2
1061,0.0222121031434981,1.26042720859359,0.204330977089295,0.170626191401577,0.0644988460863544,0.216469834893026,0.9867027314493,74.27
1062,0.0225207706118131,1.26045469970965,0.205975534053187,0.173042050630542,0.0876317635606659,0.209597211603389,0.988447296395347,74.34
1063,0.0228590704934424,1.26047934337843,0.207223352247938,0.176763187547705,0.111893506269687,0.204965277521823,0.990887949628262,74.41
1064,0.0232299434862461,1.26050119106653,0.208078350210356,0.181852081730458,0.137324070006156,0.202620004683862,0.994083386726765,74.48
1065,0.0236364591026473,1.2605202855955,0.20854485883758,0.188368017600133,0.163961427073716,0.202601311240151,0.998088132863359,74.55
1066,0.0240818089651648,1.26053666074738,0.208627605939104,0.196366992375929,0.191841067084342,0.204943103674889,1.00295248495454,74.62
1067,0.0245692994581336,1.26055034091988,0.208331707800822,0.205901598276361,0.220995515976933,0.209673277041058,1.00872243921299,74.69
1068,0.0251023436780203,1.26056134083065,0.207662667675833,0.217020877958742,0.251453832618709,0.216813672601149,1.01543960319506,74.76
1069,0.0256844526226633,1.26056966527033,0.206626381109662,0.229770152246645,0.283241082403143,0.226379992369263,1.02314109151241,74.83
1070,0.0263192255578659,1.26057530890392,0.205229148000387,0.244190819261535,0.316377787321992,0.238381670161098,1.03185940445823,74.9
1071,0.0270103394979599,1.26057825612052,0.203477691287464,0.260320124139895,0.350879352059739,0.252821698868054,1.04162228887699,74.97
1072,0.0277615377354311,1.26057848093152,0.201379182155158,0.278190898590613,0.386755465742887,0.269696413786694,1.05245258069271,75.04
1073,0.0285766173532195,1.26057594691744,0.198941271629427,0.297831269619576,0.424009479066275,0.288995231948865,1.06436802859434,75.11
1074,0.0294594156521996,1.26057060722401,0.196172128438457,0.319264336830522,0.462637756625269,0.310700347520981,1.07738109846724,75.18
1075,0.0304137954252913,1.26056240460804,0.193080482998864,0.342507817795188,0.502629004393371,0.33478638346269,1.09149875825025,75.25
1076,0.031443629009021,1.26055127153398,0.189675677379658,0.367573661076737,0.54396357241429,0.361219999769187,1.10672224299488,75.32
1077,0.0325527810427841,1.26053713032224,0.18596772108655,0.394467626587769,0.586612732913655,0.389959458754657,1.12304680000028,75.39
1078,0.0337450898660386,1.26051989335036,0.181967352497472,0.423188833068856,0.630537934188016,0.420954147982279,1.14046141400412,75.46
1079,0.035024347483612,1.26049946330858,0.177686105768709,0.45372927258362,0.675690121053964,0.4541440615928,1.15894851251397,75.53
1080,0.0363942780300022,1.2604757335113,0.173136383017287,0.486073292050421,0.722009212820195,0.489459240950138,1.17848365148086,75.6
1081,0.037858514664198,1.26044858826624,0.168331531571484,0.520197041953349,0.769423017562732,0.526819175686182,1.19903518163205,75.67
1082,0.0394205748278913,1.26041790330314,0.163285895977448,0.556067892519635,0.817847990809709,0.566132166410873,1.22056389590544,75.74
1083,0.0410838338015875,1.26038354626419,0.158014754257569,0.593643817794628,0.867194427480662,0.607294951420793,1.24302283908487,75.81
1084,0.0428514964951286,1.26034537725837,0.152534258512989,0.632872748204314,0.917363511905263,0.650193381341395,1.26635779183501,75.88
1085,0.044726567411874,1.26030324948214,0.146861499945216,0.673691892368389,0.968241763691377,0.694702699356878,1.29050764770248,75.95
1086,0.0467118187286747,1.26025700990886,0.141014607742123,0.716027029103075,1.01969913948753,0.74068694768172,1.31540414248074,76.02
1087,0.0488097564375804,1.26020650004984,0.13501285143156,0.759791770752053,1.07158811488808,0.787998164459951,1.34097141844726,76.09
1088,0.0510225844992913,1.26015155678952,0.128876746375225,0.80488679918531,1.12374284619895,0.836475554073345,1.36712557514429,76.16
1089,0.0533521669632192,1.26009201329782,0.122628131966662,0.851199076029516,1.17597991911655,0.885944663621069,1.39377420807487,76.23
1090,0.0557999880145166,1.26002770002249,0.116290131899851,0.898601028923918,1.22810405713529,0.936216929528081,1.42081614744336,76.3
1091,0.0583671099145234,1.25995844576455,0.109887026201764,0.946949715846055,1.27991506210106,0.987090710679132,1.44814218089086,76.37
1092,0.0610541288079407,1.25988407883984,0.103443884173423,0.996085969811466,1.33121457629179,1.0383546840223,1.47563691248752,76.44
1093,0.0638611584654774,1.25980442832975,0.0969861383284043,1.04583352653188,1.38180869804019,1.08979387706268,1.50318224135207,76.51
1094,0.0667879021265921,1.25971932542422,0.0905391289653401,1.09599864939782,1.43151000482238,1.14119647560314,1.53066180004072,76.58
1095,0.0698336319138559,1.2596286048602,0.0841275286534242,1.14637118768921,1.48014175537706,1.19236005664623,1.55796554245626,76.65
1096,0.0729971359997071,1.25953210645845,0.0777747364384107,1.19672433352478,1.52754042299796,1.24309673877018,1.58499364090782,76.72
1097,0.0762766937143936,1.25942967676179,0.0715023015009173,1.24681801573164,1.57355863923504,1.29323662177634,1.61165870140146,76.79
1098,0.0796701387924266,1.25932117077758,0.0653295563727056,1.296411892087,1.61806776866726,1.34262819512929,1.63788485474691,76.86
1099,0.0831748603499091,1.25920645382729,0.0592736699370229,1.34528556729754,1.6609578608203,1.39113638018578,1.66360486839366,76.93
1100,0.0867878920703647,1.25908540350575,0.0533499092498421,1.39325337406434,1.70214151058727,1.43864124781286,1.68875916169102,77.0
1101,0.0905060294705487,1.25895791175243,0.0475718992571999,1.44016773371133,1.74155762745793,1.48503774480272,1.71329615412179,77.07
1102,0.0943259151239308,1.25882388703706,0.0419517597814102,1.48591356691246,1.77917033117672,1.53023525782907,1.73717253346162,77.14
1103,0.0982440317240976,1.25868325666146,0.0365001797051515,1.53039938360116,1.81496450940879,1.57415689649155,1.76035308374139,77.21
1104,0.102256753487195,1.25853596917926,0.0312263980467283,1.57355095136084,1.84893866991795,1.61673846699925,1.78280992335692,77.28
1105,0.10636033560598,1.2583819969348,0.0261382722599368,1.61530585905305,1.88109932991783,1.65792758919938,1.80452184598112,77.35
1106,0.110550962171779,1.25822133872214,0.0212423734160588,1.65561075221629,1.91145772492244,1.69768280767463,1.82547373469637,77.42
1107,0.114824732280934,1.25805402256467,0.0165440780381344,1.69442091040604,1.94002769365443,1.73597284829591,1.84565607981952,77.49
1108,0.119177734833326,1.25788010861534,0.0120476564686701,1.73170249840349,1.96682883074341,1.77277602098081,1.86506481130791,77.56
1109,0.12360612182991,1.25769969217695,0.0077563576733617,1.76743517534146,1.9918902734484,1.8080795285232,1.88370096451476,77.63
1110,0.128106089976609,1.25751290684149,0.0036725204912949,1.8016140092784,2.01525175221219,1.84187871197408,1.90157023954428,77.7
1111,0.13267392110257,1.25731992774672,-0.0002022285519802,1.83425000556567,2.03696422127516,1.87417650359781,1.91868275506611,77.77
1112,0.137305961110545,1.25712097494762,-0.0038668714376397,1.8653670226034,2.05708775187328,1.90498284678674,1.93505275578509,77.84
1113,0.141998657877372,1.25691631689949,-0.00732095879491,1.89499772251537,2.07568822158158,1.93431411297116,1.95069830347253,77.91
1114,0.146748537819603,1.25670627404877,-0.0105646640968813,1.92317930851725,2.09283646942949,1.96219245517123,1.96564086103929,77.98
1115,0.1515522415393,1.25649122252672,-0.013598751392297,1.94995220761167,2.1086053422687,1.98864491737111,1.9799044985367,78.05
1116,0.156406498261752,1.25627159794006,-0.0164245167459048,1.97535748566254,2.12306610542188,2.01370281080961,1.99351535254229,78.12
1117,0.161308159476691,1.25604789925197,-0.0190437334612501,1.99943678517804,2.13628797727214,2.03740111599825,2.00650121814626,78.19
1118,0.166254171491108,1.25582069274532,-0.0214586010628353,2.02223081348301,2.14833687510508,2.05977800016734,2.01889127306841,78.26
1119,0.171241607301425,1.25559061605938,-0.0236716980057783,2.04378020167377,2.15927616911575,2.08087438933456,2.0307158431413,78.33
1120,0.176267637489212,1.25535838228955,-0.0256859380733049,2.06412506291586,2.16916697619485,2.10073353413235,2.04200614845823,78.4
1121,0.181329560544235,1.25512478413868,-0.0275045304157865,2.0833052351424,2.17806826313896,2.11940050848157,2.05279396946376,78.47
1122,0.186424772314949,1.25489069810717,-0.0291309732664728,2.10136126760324,2.18603829265499,2.13692182085844,2.0631114129507,78.54
1123,0.19155079498618,1.25465705861962,-0.0305691414514236,2.11833329220967,2.19313440231766,2.15334504707866,2.07299065703953,78.61
1124,0.196705245280041,1.25442474189705,-0.0318232871040503,2.13426196113898,2.1994142144644,2.16871836341011,2.082463494035,78.68
1125,0.201885862275781,1.25419454008433,-0.0328980136895633,2.14918832084883,2.20493565835709,2.18309006941896,2.09156094137018,78.75
1126,0.207090474540626,1.25396716544173,-0.0337982533505127,2.16315587124141,2.20975736813196,2.1965081899448,2.10031295015264,78.82
1127,0.212317026963428,1.25374325449853,-0.0345292474902977,2.17621029607242,2.21393921478855,2.20902030577198,2.10874830101683,78.89
1128,0.217563546979336,1.25352337215581,-0.0350965305056925,2.18839821776795,2.21754137650893,2.22067331125431,2.11689435577754,78.96
1129,0.222828200661308,1.25330801572694,-0.0355059165738423,2.19976927837176,2.22062606824647,2.23151306794625,2.12477687497965,79.03
1130,0.228109348450717,1.25309761890553,-0.0357634893938188,2.21037525744219,2.22325687475579,2.24158416400998,2.13241987076283,79.1
1131,0.233405510296887,1.25289255565187,-0.0358755646900955,2.22026860293443,2.2254966487497,2.25092974848269,2.13984549457683,79.17
1132,0.238715390673798,1.25269314399004,-0.0358485651927821,2.22950257054189,2.22740689155043,2.2595914997756,2.14707404957723,79.24
1133,0.244037843149769,1.25249964970888,-0.035688988507349,2.23812914940864,2.22904705054096,2.26760960727479,2.15412403703858,79.31
1134,0.249371894884464,1.25231228996108,-0.0354034376702092,2.24619931650377,2.23047628976444,2.2750226449406,2.16101214615527,79.38
1135,0.254716710722989,1.2521312367556,-0.03499874436051,2.25376041354242,2.23175249732991,2.28186739635589,2.16775297628177,79.45
1136,0.260071617255611,1.25195662033955,-0.0344820041222137,2.26085389501542,2.23292988250684,2.28817854026417,2.17435858157541,79.52
1137,0.265436066507231,1.25178853246621,-0.0338605535608367,2.26751612428599,2.23405699682131,2.29398828619779,2.18083807848081,79.59
1138,0.270809659619754,1.25162702954706,-0.0331418592990178,2.27377800472271,2.23517427554981,2.29932638079914,2.18719767689259,79.66
1139,0.276192080098579,1.25147213568608,-0.0323334990851371,2.27966618319531,2.2363157623379,2.30422030372716,2.1934409843927,79.73
1140,0.281583026893786,1.25132384559519,-0.031443144657133,2.2852035086178,2.23750863761217,2.30869541190967,2.19956922239705,79.8
1141,0.286982237585052,1.25118212739051,-0.0304784559615541,2.29041030961765,2.23877530403197,2.31277515199619,2.20558168511032,79.87
1142,0.292389451237108,1.2510469252695,-0.0294470671160597,2.2953025795114,2.24013186050151,2.31648122020161,2.21147605012538,79.94
1143,0.297804431281439,1.25091816206948,-0.0283566038015976,2.29989149111967,2.24158907214948,2.31983375938035,2.21724857076667,80.01
1144,0.303226928078001,1.25079574170868,-0.027214671771031,2.30418336859063,2.24315023966692,2.32285141241233,2.22289412013129,80.08
1145,0.308656701512209,1.25067955151097,-0.0260287561611096,2.30818101866189,2.24481336939428,2.32555150232651,2.22840647803553,80.15
1146,0.314093483280758,1.25056946441627,-0.0248062119971123,2.31188575931271,2.24657150619686,2.32795009812308,2.23377856008156,80.22
1147,0.319536999221609,1.25046534107841,-0.0235542554918915,2.31529764846912,2.24841465916362,2.33006223677081,2.23900285974507,80.29
1148,0.324986931342034,1.25036703185298,-0.0222798356557023,2.31841812501816,2.25033016103863,2.33190212056262,2.24407168238255,80.36
1149,0.330442969988387,1.25027437867744,-0.0209895064378092,2.3212536479994,2.25230525261697,2.33348337982038,2.24897756243334,80.43
1150,0.335904865900009,1.25018721684631,-0.019689419625681,2.3238157606037,2.25433047820325,2.33481925025318,2.25371377369087,80.5
1151,0.341372391889563,1.25010537668436,-0.0183853180325991,2.32612085842337,2.25639989068626,2.33592269481025,2.25827451154836,80.57
1152,0.346845364592998,1.2500286851206,-0.0170824385994893,2.32818915025533,2.25850996192602,2.33680643970137,2.26265501812917,80.64
1153,0.352323605942312,1.24995696716618,-0.0157855359216305,2.3300403138833,2.26065780031832,2.33748307478938,2.26685174066961,80.71
1154,0.357806964715405,1.2498900472995,-0.0144989960179089,2.33169189411908,2.26284039060584,2.33796506768615,2.27086219227451,80.78
1155,0.363295277815291,1.24982775076133,-0.0132267995546909,2.33316125512093,2.26505536748148,2.33826475149999,2.27468484607511,80.85
1156,0.368788391632419,1.2497699047635,-0.0119726052347156,2.33446389570133,2.26730046470277,2.33839428600957,2.27831903274668,80.92
1157,0.374286123142077,1.24971633961398,-0.0107396824894222,2.33561399442118,2.26957046634063,2.33836556195411,2.28176481132618,80.99
1158,0.379788281090661,1.24966688976168,-0.0095309040229005,2.33662369401354,2.27185632380892,2.33819025883461,2.28502311421946,81.06
1159,0.385294626923164,1.24962139476397,-0.0083487379730276,2.33750190716373,2.27414493438594,2.33787972504636,2.28809571508082,81.13
1160,0.390804895806341,1.24957970017983,-0.0071951794625203,2.33825477965827,2.27641991235648,2.33744480048319,2.29098504963586,81.2
1161,0.396318757400918,1.2495416583916,-0.0060718321095766,2.33888447100355,2.27866245037727,2.33689567167218,2.29369413011786,81.27
1162,0.401835866826323,1.24950712935818,-0.0049798385846597,2.33939100626663,2.28085203065722,2.33624184950683,2.29622649309866,81.34
1163,0.407355915560606,1.24947598130215,-0.003919900886434,2.33977410005843,2.28296885172838,2.33549217913168,2.29858615057201,81.41
1164,0.412878592018467,1.24944809133354,-0.0028924204038911,2.34003380932015,2.28499523318843,2.3346548517189,2.30077754422562,81.48
1165,0.418403602251664,1.24942334601251,-0.001897547137525,2.3401716095651,2.28691635982032,2.33373741797715,2.3028055028298,81.55
1166,0.42393063042649,1.24940164185312,-0.0009351982476051,2.34018924685251,2.28871997426589,2.33274683333259,2.30467520266253,81.62
1167,0.429459359434628,1.24938288577044,-5.07601450547984e-06,2.34008720082095,2.29039492825855,2.33168962490858,2.3063921609716,81.69
1168,0.434989431292138,1.2493669954726,0.0008933147874674,2.33986727191235,2.29193229343015,2.33057202973964,2.30796229246814,81.76
1169,0.440520497771026,1.24935389979964,0.0017606500974299,2.3395337867175,2.29332752750405,2.3293999536626,2.30939181813781,81.83
1170,0.44605227100654,1.24934353901058,0.0025977703475713,2.33909456474043,2.29458068725703,2.32817908173752,2.31068732714019,81.9
1171,0.451584483823162,1.24933586502002,0.0034056648029353,2.33856245886876,2.29569544052447,2.32691489938968,2.31185575098233,81.97
1172,0.457116910223231,1.24933084158536,0.004185456446229,2.33795247484318,2.29667856216295,2.32561259408211,2.31290421975957,82.04
1173,0.462649325692059,1.24932844444536,0.0049383573020969,2.33727693669533,2.29753910153728,2.32427710820954,2.31384004104104,82.11
1174,0.46818152767463,1.24932866141098,0.0056655039175881,2.33654327123136,2.2982883045698,2.32291337320758,2.31467071100775,82.18
1175,0.47371329587699,1.24933149240865,0.0063677933283004,2.33575380959074,2.2989378229962,2.32152624338382,2.3154034763079,82.25
1176,0.479244412746981,1.24933694947636,0.007045869928769,2.33490853846638,2.29949807606848,2.32012037008354,2.31604486772357,82.32
1177,0.484774623787358,1.24934505671253,0.0077002331432347,2.33400682935641,2.29997718572793,2.31870019662942,2.31660065683493,82.39
1178,0.490303688143946,1.2493558501774,0.0083312552707903,2.3330482962817,2.30038159830874,2.31727001377557,2.31707611521362,82.46
1179,0.495831429210089,1.24936937774659,0.0089391696712854,2.33203371469673,2.30071745990452,2.31583410568335,2.3174762149874,82.53
1180,0.501357694988462,1.24938569891608,0.0095240593730151,2.33096401580891,2.30099133115435,2.31439680581481,2.31780577068059,82.6
1181,0.506882378652131,1.24940488455785,0.0100858460980124,2.32983798813721,2.30120921835283,2.31296252284151,2.31806943197667,82.67
1182,0.512405378956676,1.24942701662501,0.0106242797034859,2.32865307910741,2.30137461278617,2.31153579666609,2.31827161757949,82.74
1183,0.517926620856292,1.24945218780519,0.0111389581285658,2.32740454284371,2.30148878766543,2.31012141456427,2.31841669096659,82.81
1184,0.523446015974763,1.24948050112075,0.0116294380262464,2.32608801902981,2.30155067478604,2.30872437675124,2.31850895672601,82.88
1185,0.52896348328366,1.24951206947404,0.0120952856488552,2.32470304563691,2.30155791553998,2.30734992189992,2.31855283845073,82.95
1186,0.534478909638416,1.24954701513595,0.0125361883457849,2.32325356409525,2.30150857480568,2.306003161205,2.31855278679659,83.02
1187,0.539992200612463,1.24958546917562,0.0129519762423795,2.32174839560052,2.30140384871786,2.30468874212755,2.31851312823806,83.09
1188,0.545503331368144,1.24962757082921,0.0133426142809884,2.32020147786828,2.30124975046697,2.30341069216719,2.31843800488076,83.16
1189,0.551012307302823,1.24967346680528,0.0137081947150076,2.3186294250713,2.30105500603127,2.30217241249109,2.31833125481405,83.23
1190,0.556519184909329,1.24972331052431,0.0140489300565574,2.31704966018918,2.30082904105531,2.30097667090809,2.31819638336796,83.3
1191,0.562024032499716,1.24977726128966,0.0143651464761542,2.31547854780932,2.30058276661789,2.29982553395145,2.31803659511742,83.37
1192,0.567526951142294,1.24983548338734,0.0146572776505599,2.31392976777203,2.30032722933116,2.29872053889755,2.31785491665836,83.44
1193,0.573028035459786,1.24989814511149,0.0149258590529371,2.31241458419383,2.30007256268309,2.29766301541944,2.31765425965858,83.51
1194,0.578527394637755,1.24996541771288,0.0151715226775025,2.31094322734051,2.2998264872341,2.29665422588184,2.31743751439194,83.58
1195,0.584025113290664,1.25003747426715,0.0153949921890257,2.30952227323005,2.29959263027904,2.29569517381437,2.3172074630889,83.65
1196,0.589521272534597,1.25011448845983,0.0155970784857738,2.30815563298176,2.29937019931359,2.29478653185667,2.31696672366555,83.72
1197,0.595015910914159,1.25019663328505,0.0157786756628616,2.30684454836875,2.29915497915316,2.29392853871893,2.31671763351783,83.79
1198,0.600509045533101,1.25028407965466,0.01594078744909,2.30558839876632,2.29893909525926,2.29312092532138,2.31646222377281,83.86
1199,0.606000633037031,1.25037699491483,0.0160846141887763,2.30438686105046,2.29871378571868,2.29236265949464,2.31620219369158,83.93
1200,0.611490620886599,1.25047554126689,0.016211459648442,2.30323827745104,2.29846952551797,2.29165181012384,2.3159388250118,84.0
1201,0.616978998658644,1.25057987408946,0.0163226983287199,2.30214051970386,2.29819669256941,2.29098565110622,2.3156730769012,84.07
1202,0.622465759112941,1.25069014015898,0.0164197731703221,2.30109073900256,2.29788572258803,2.29036070427976,2.31540562079695,84.14
1203,0.627950919463435,1.25080647576582,0.0165041935415484,2.30008511503509,2.29752774588788,2.28977278154732,2.31513684520108,84.21
1204,0.633434482503167,1.25092900472319,0.0165775334812902,2.29911926608693,2.29711486381202,2.28921714660976,2.31486686050757,84.28
1205,0.638916457933557,1.2510578362667,0.0166414301702829,2.29818715396272,2.29663961363975,2.28868870612004,2.3145955339419,84.35
1206,0.644396823547075,1.25119306284198,0.0166975826022012,2.29728332793187,2.29609648044862,2.28818220025555,2.3143226147862,84.42
1207,0.649875546614101,1.25133475777873,0.0167477504250446,2.29640510788775,2.29548383132461,2.28769236271226,2.31404776936593,84.49
1208,0.655352545123442,1.25148297284923,0.0167937529221432,2.29555293163716,2.29480398534745,2.28721395995207,2.31377061606548,84.56
1209,0.660827739315803,1.25163773571026,0.0168374681010237,2.29473136364789,2.2940631343804,2.28674180006141,2.31349085064189,84.63
1210,0.666301103248389,1.25179904722735,0.0168808017695724,2.29394811752429,2.29327108453518,2.28627074140325,2.31320825122914,84.7
1211,0.671772626128761,1.25196687868088,0.0169255363025309,2.29320841432433,2.29243985539393,2.28579579141953,2.31292262321381,84.77
1212,0.677242333857118,1.25214116885408,0.0169731794152501,2.29251216843786,2.29158209962255,2.28531247620257,2.31263395477601,84.84
1213,0.682710250426273,1.25232182100339,0.0170249332638584,2.29185667874754,2.29071063653497,2.28481693934588,2.31234221143165,84.91
1214,0.68817641952984,1.2525086997124,0.0170816935815615,2.29123781462705,2.2898374445569,2.28430595068081,2.3120471607175,84.98
1215,0.693640866027259,1.25270162763098,0.0171440487416538,2.29065237462898,2.28897241323772,2.28377694531974,2.31174840754631,85.05
1216,0.69910361761586,1.25290038210216,0.0172122787310752,2.2900972852981,2.28812516424738,2.2832281532394,2.3114456402362,85.12
1217,0.704564666358577,1.25310469167997,0.0172863540238939,2.28956879938099,2.28730530766521,2.2826586088361,2.31113866599264,85.19
1218,0.710023990417809,1.25331423254217,0.0173659343496642,2.28906280673528,2.28652212628125,2.28206807057262,2.31082732611155,85.26
1219,0.715481515644625,1.25352862480295,0.0174503974449157,2.28857382090016,2.28578425940392,2.28145709143618,2.31051153160925,85.33
1220,0.720937167462417,1.25374742873126,0.017538957969269,2.28809697403682,2.28509764091988,2.28082696942207,2.31019114849232,85.4
1221,0.726390922783026,1.25397014088183,0.0176306960707353,2.28762754436711,2.2844658736493,2.28017981873499,2.30986630433612,85.47
1222,0.73184277169338,1.25419619014669,0.017724555789736,2.28715985155043,2.28389048243197,2.27951849089489,2.30953748433136,85.54
1223,0.737292739351763,1.25442493373631,0.0178193734938824,2.28668979254372,2.2833713467559,2.27884649614799,2.30920550705914,85.61
1224,0.742740847742963,1.25465565310079,0.0179139965379406,2.28621551198671,2.28290833588185,2.27816774460546,2.30887141007375,85.68
1225,0.748187137642822,1.25488754980261,0.0180073116433092,2.2857382230617,2.28250188988211,2.2774863477489,2.30853639571714,85.75
1226,0.753631630440855,1.25511974135388,0.0180982431931739,2.2852630885958,2.28215447220829,2.2768064501449,2.30820168670803,85.82
1227,0.759074350171204,1.25535128712043,0.0181857515511609,2.28479781553893,2.2818703062319,2.27613206120725,2.30786838174753,85.89
1228,0.764515285400577,1.25558130448382,0.0182688314229107,2.28435133965837,2.28165396738055,2.27546688693255,2.30753743147052,85.96
1229,0.769954441411469,1.25580899475171,0.0183465102793472,2.28393317198146,2.28151111035947,2.27481422171259,2.30720964445977,86.03
1230,0.775391892417538,1.25603363900784,0.0184178468597935,2.28355121042358,2.28144802172415,2.27417708068355,2.30688569321808,86.1
1231,0.780827743547744,1.2562545940038,0.0184819297724954,2.28320970134846,2.28147093042283,2.27355842211323,2.30656618025907,86.17
1232,0.786262153036611,1.25647128810551,0.0185378461218317,2.28290984820521,2.28158429391669,2.27296142968373,2.30625188465534,86.24
1233,0.791695294267771,1.25668321730617,0.0185845900910383,2.28264894514599,2.28178824029674,2.2723896139134,2.30594382797959,86.31
1234,0.797127378018927,1.25688994131584,0.0186211521989554,2.28242312042972,2.28207814500881,2.27184685301135,2.30564321979994,86.38
1235,0.802558614554155,1.25709107973691,0.0186465786346497,2.28222634824901,2.2824453192033,2.27133704213586,2.30535122253584,86.45
1236,0.807989235910754,1.25728630833329,0.0186600909511201,2.28205285984256,2.28287811777336,2.27086383239148,2.30506886661812,86.52
1237,0.813419458025866,1.25747535540036,0.0186611156963466,2.28189934346824,2.28336433977901,2.27043030905659,2.30479690531866,86.59
1238,0.818849503049695,1.25765799824138,0.018649284171082,2.28176467675556,2.28389188260053,2.27003866915182,2.30453563931901,86.66
1239,0.824279561490481,1.25783405975534,0.0186244324114601,2.2816491772874,2.28445014732009,2.2696900487334,2.30428477118059,86.73
1240,0.829709814538206,1.25800340514034,0.0185866014030815,2.28155304046877,2.28502948765118,2.26938449987217,2.30404341006207,86.8
1241,0.835140396212637,1.2581659387156,0.0185360074418092,2.28147420538319,2.28562029725784,2.26912105712234,2.30381022668947,86.87
1242,0.840571415683443,1.25832160086463,0.0184729224651915,2.28140844679758,2.28621330020223,2.26889804391757,2.303583608156,86.94
1243,0.846002919409017,1.25847036510124,0.0183976448772767,2.28134994826484,2.28679842706119,2.26871337820904,2.30336172231189,87.01
1244,0.851434943530738,1.25861223525954,0.0183105006865661,2.28129358999512,2.28736654933901,2.26856463667314,2.30314264221186,87.08
1245,0.856867566258524,1.25874724280829,0.0182118448639909,2.28123750738339,2.28791307945814,2.26844908814015,2.30292438021426,87.15
1246,0.862300869983703,1.25887544428971,0.0181020629150284,2.28118303185708,2.28843811095549,2.26836384672625,2.30270492202971,87.22
1247,0.867734963556508,1.25899691888207,0.0179815726595365,2.28113586530553,2.28894493431757,2.26830599427905,2.30248232093058,87.29
1248,0.873169944375756,1.25911176608507,0.0178508262123516,2.28110436604626,2.28943927529944,2.26827246157429,2.30225461145544,87.36
1249,0.878605920639745,1.25922010352659,0.0177102820693743,2.2810937728092,2.28992817251237,2.26825996919405,2.30201981343351,87.43
1250,0.884042973405658,1.25932206488908,0.0175602570279111,2.28110217353522,2.29041837382933,2.26826547945778,2.30177611662773,87.5
1251,0.889481178806521,1.25941779795333,0.0174007782843167,2.28112204004675,2.29091530455644,2.26828679841127,2.30152212568064,87.57
1252,0.8949205700733,1.25950746275741,0.0172315861422583,2.28114266502406,2.2914217347075,2.26832281643563,2.30125680434252,87.64
1253,0.900361159711766,1.2595912298679,0.0170522572433846,2.28115314036306,2.29193813107741,2.26837353795341,2.30097948005973,87.71
1254,0.905802901482563,1.25966927876074,0.0168622377106838,2.28114434262525,2.29246406222118,2.26844005069067,2.30068996911734,87.78
1255,0.911245742622984,1.25974179630844,0.0166608463875089,2.28111067796376,2.29299885106271,2.26852434423175,2.30038858164613,87.85
1256,0.916689676047968,1.25980897537054,0.0164472782699776,2.28104911949201,2.29354270873576,2.26862900793535,2.3000760064972,87.92
1257,0.922134702267956,1.2598710134839,0.0162206382327585,2.28095671061984,2.29409585238509,2.26875707896641,2.299753286593,87.99
1258,0.927580851462441,1.25992811164936,0.015980065238107,2.28083107766495,2.29465672017229,2.26891207048525,2.29942179447935,88.06
1259,0.933028145358261,1.25998047321115,0.0157247665176276,2.28067022091419,2.29522262322462,2.26909775871095,2.29908311779627,88.13
1260,0.938476619263087,1.26002830282554,0.015454021917631,2.28047320891515,2.29578961516711,2.2693180898488,2.29873900508216,88.2
1261,0.943926283902768,1.26007180551492,0.0151671885101147,2.2802424680495,2.29635362525168,2.26957696611226,2.29839122144389,88.27
1262,0.949377147412886,1.26011118580379,0.0148637355700721,2.27998357546829,2.29691168173019,2.26987785059332,2.29804140432509,88.34
1263,0.954829177133371,1.26014664693275,0.014543370106063,2.27970508271426,2.29746247334823,2.27022364222774,2.29769103969183,88.41
1264,0.960282351644776,1.26017839014702,0.014206072426937,2.27941936282599,2.29800733216936,2.27061651991606,2.29734143825564,88.48
1265,0.965736712783451,1.26020661405562,0.013852101925335,2.27914084015276,2.29854923073315,2.27105778583594,2.29699362144362,88.55
1266,0.971192327372706,1.26023151405776,0.0134819730782973,2.27888488222351,2.2990927722101,2.27154782825806,2.29664829761894,88.62
1267,0.97664930910791,1.26025328183272,0.0130963414849415,2.27866657113219,2.29964508323666,2.27208620384213,2.29630589844536,88.69
1268,0.982107780243394,1.26027210488976,0.0126959804585673,2.27849974530609,2.30021420943233,2.27267201993195,2.2959667355586,88.76
1269,0.987567893430074,1.26028816617462,0.0122817879859939,2.27839715384387,2.30080754084339,2.27330416554085,2.29563115718518,88.83
1270,0.99302979335067,1.2603016437291,0.0118547939524315,2.27837079045378,2.30143050787447,2.27398139104257,2.29529958435186,88.9
1271,0.998493638500724,1.26031271040065,0.0114161676156454,2.27842882632222,2.30208497591194,2.27470211623687,2.29497251694246,88.97
1272,1.00395956276191,1.26032153359851,0.0109672253108032,2.27857675389845,2.30276854205451,2.27546444821632,2.29465053968211,89.04
1273,1.0094276971157,1.26032827509339,0.0105094383648744,2.27881744600578,2.30347434277932,2.27626607809778,2.29433429795223,89.11
1274,1.01489813114412,1.26033309085779,0.0100444411967943,2.27915178500455,2.30419152302591,2.27710420709186,2.29402438325019,89.18
1275,1.02037093466614,1.26033613094372,0.0095740395768045,2.27957959116367,2.30490808182068,2.27797541168893,2.29372130880886,89.25
1276,1.02584611915715,1.26033753939539,0.0091002190154424,2.28009732995877,2.30561019743611,2.278875628539,2.29342554527754,89.32
1277,1.0313236593013,1.26033745419389,0.0086251532495547,2.28069939813175,2.30628251537386,2.27980025908724,2.2931376465427,89.39
1278,1.03680345432557,1.26033600723131,0.0081512127894649,2.28137724181723,2.30690849678851,2.28074424359973,2.29285831524109,89.46
1279,1.04228537955458,1.26033332431189,0.007680943400309,2.28212069964674,2.30747112850547,2.28170231527613,2.2925885283058,89.53
1280,1.04776933792491,1.26032952517779,0.0072169542993713,2.28291711799857,2.30795324273653,2.28266919383818,2.29232957209375,89.6
1281,1.05325522119762,1.26032472355714,0.0067618664623951,2.28374968278991,2.30833828925515,2.28363980895157,2.29208310742757,89.67
1282,1.05874293130959,1.26031902723231,0.0063182006410448,2.2846017678693,2.30861177095341,2.2846096739269,2.29185141496723,89.74
1283,1.06423234151459,1.26031253812621,0.0058883554831337,2.28545968810681,2.30876397491695,2.2855749885619,2.29163745982795,89.81
1284,1.06972331766697,1.2603053524049,0.0054746155347434,2.28631457957921,2.30879162234174,2.28653271190734,2.29144483557849,89.88
1285,1.07521567929919,1.26029756059435,0.0050791589931871,2.28716367788081,2.30869777553304,2.28748048467436,2.29127755747877,89.95
1286,1.08070925093437,1.26028924770997,0.0047040350818305,2.28800732401453,2.30849048344974,2.2884166721275,2.29114006594515,90.02
1287,1.08620391337387,1.260280493397,0.0043510508320819,2.28884765529048,2.30818254267257,2.28934022662903,2.29103698885511,90.09
1288,1.09169956469961,1.26027137208028,0.0040217176744861,2.28968467868603,2.30779002680953,2.29025049021505,2.29097284313827,90.16
1289,1.09719614143221,1.26026195312215,0.0037171374555982,2.2905150822545,2.30732964428736,2.29114696731094,2.2909514649569,90.23
1290,1.10269357949557,1.26025230098686,0.0034379782922815,2.29133342353343,2.30681739143982,2.29202900742291,2.2909755896243,90.3
1291,1.10819183534033,1.26024247541039,0.0031844800681652,2.29213449149983,2.30626624401636,2.29289566860538,2.2910466413685,90.37
1292,1.11369084687618,1.26023253157458,0.0029564895602029,2.29291350242666,2.30568809200454,2.29374591215468,2.29116503376966,90.44
1293,1.11919055456495,1.26022252028429,0.0027535853663215,2.29366599517268,2.30509399024574,2.2945786471421,2.29133028882697,90.51
1294,1.1246908623246,1.26021248814677,0.0025751121102368,2.29438748616778,2.30449395822498,2.29539274515574,2.29154115517376,90.58
1295,1.13019165859617,1.26020247775228,0.0024201841063809,2.29507240277182,2.3038972916431,2.29618711553403,2.29179560509789,90.65
1296,1.13569277722457,1.26019252785501,0.0022876885844728,2.29571488263498,2.30331085822094,2.29696063049697,2.29209077056578,90.72
1297,1.14119404859377,1.26018267355374,0.0021762884897337,2.29630903214035,2.30273995090621,2.29771220107217,2.29242317933927,90.79
1298,1.14669535075627,1.26017294647132,0.0020844248787978,2.29684867412145,2.30218880993547,2.29844079322188,2.29278890009618,90.86
1299,1.1521965702965,1.26016337493247,0.0020103490231873,2.2973297441724,2.30166051277686,2.299145444366,2.29318353644126,90.93
1300,1.157697623369,1.26015398413931,0.0019522444238315,2.29775085258483,2.30115909021076,2.29982540067059,2.29360255128211,91.0
1301,1.16319841656269,1.26014479634408,0.0019082582415152,2.29811351636929,2.30069128094251,2.30048025476786,2.29404134998177,91.07
1302,1.16869886794348,1.26013583101856,0.0018765023513948,2.29842404717484,2.30026735300256,2.30110996357019,2.29449530289595,91.14
1303,1.17419886792622,1.26012710501995,0.0018550541427461,2.29869222086339,2.29989933698535,2.30171483644836,2.29495988790407,91.21
1304,1.17969833041596,1.26011863275257,0.001841957098026,2.29892979757614,2.29960028147309,2.30229552386277,2.29543083266644,91.28
1305,1.18519724395734,1.26011042632544,0.0018352211859543,2.29914949387452,2.29938371806128,2.3028530365296,2.29590416642554,91.35
1306,1.19069563263032,1.26010249570513,0.0018328231039395,2.29936287227265,2.29926450917283,2.30338882519805,2.29637627169164,91.42
1307,1.19619357713109,1.26009484886389,0.0018327064057672,2.29957916381545,2.29925611394042,2.30390468031818,2.296843635007,91.49
1308,1.20169117568691,1.26008749192281,0.001832781551078,2.29980646770755,2.2993672204935,2.3044027223632,2.29730274817054,91.56
1309,1.20718856515429,1.26008042928982,0.0018309560014811,2.30005000229663,2.29960147529425,2.30488551286137,2.29775043077617,91.63
1310,1.21268588194794,1.26007366379252,0.0018252846640902,2.30031384604193,2.29995585638394,2.30535601530962,2.2981839121973,91.7
1311,1.21818328314886,1.26006719680566,0.001814120368928,2.30060021100033,2.30042042846142,2.30581725548409,2.29860079342567,91.77
1312,1.22368090743826,1.26006102837324,0.0017961440639847,2.30090844516189,2.30097899844527,2.30627186162142,2.29899891890211,91.84
1313,1.22917889620552,1.26005515732531,0.0017703650207311,2.30123668210668,2.30161193538144,2.30672178529478,2.29937630882188,91.91
1314,1.23467735447652,1.26004958138929,0.0017361211616188,2.30158081246354,2.30229802585719,2.30716805249941,2.29973103160248,91.98
1315,1.24017637201115,1.26004429729598,0.0016930795274527,2.3019342974706,2.30301343965635,2.30761081570262,2.30006116698887,92.05
1316,1.24567598421674,1.26003930088022,0.0016412368965831,2.30228840348421,2.30373310148031,2.30804937587483,2.3003647996556,92.12
1317,1.25117619322715,1.26003458717632,0.0015808904742132,2.30263342922039,2.30443428863473,2.308482234674,2.30064004334043,92.19
1318,1.2566769287957,1.26003015050824,0.0015125184765213,2.30296050465464,2.30509770126398,2.30890735732249,2.30088515571955,92.26
1319,1.26217809944076,1.26002598457472,0.0014367511309154,2.30326125385511,2.30570859308428,2.3093224355884,2.30109862370709,92.33
1320,1.26767964358183,1.26002208252938,0.0013543719084316,2.30353097840141,2.30625781252187,2.30972527125828,2.30127939973652,92.4
1321,1.27318149040461,1.26001843705598,0.0012662888014571,2.30377021653093,2.30674224302821,2.31011385891366,2.30142695808555,92.47
1322,1.27868358089468,1.26001504043885,0.0011734154572831,2.3039838356363,2.30716419142001,2.31048640875254,2.30154129161429,92.54
1323,1.28418582869033,1.26001188462871,0.0010766426777677,2.30417991468634,2.30752963403941,2.31084145993065,2.30162290910136,92.61
1324,1.28968814110652,1.26000896130407,0.0009768400932659,2.30436835631023,2.3078465542941,2.31117790392802,2.30167283317844,92.68
1325,1.29519037998047,1.26000626192817,0.0008748278192947,2.30455757357886,2.30812433428177,2.31149494805504,2.30169256876599,92.75
1326,1.30069241277954,1.26000377780182,0.0007712879926089,2.30475129727942,2.3083719136897,2.31179195894248,2.30168389155346,92.82
1327,1.30619416371024,1.26000150011211,0.0006668267861758,2.30494950520757,2.30859501668306,2.31206833646912,2.30164845649731,92.89
1328,1.31169557456781,1.25999941997735,0.0005619161010799,2.30514950182822,2.30879692969893,2.3123235685771,2.3015876776218,92.96
1329,1.31719662576615,1.25999752848813,0.0004569857140605,2.30534841198614,2.30897780539127,2.31255716610871,2.30150266847898,93.03
1330,1.32269729719836,1.25999581674497,0.0003524251701325,2.30554287642694,2.30913742705555,2.31276874846339,2.30139445385664,93.1
1331,1.32819758927926,1.25999427589247,0.0002484954125264,2.30572796505848,2.30927562659224,2.31295803938186,2.30126400139751,93.17
1332,1.33369748381922,1.25999289715021,0.000145390844934,2.30589843713926,2.3093920108362,2.31312477286414,2.30111210319909,93.24
1333,1.33919696508034,1.25999167184065,4.31810316913362e-05,2.30604798575992,2.30948571836126,2.3132687499286,2.30093931799081,93.31
1334,1.34469598066436,1.25999059141398,-5.80971779646233e-05,2.30617049846893,2.30955421387302,2.31338977542715,2.3007459136991,93.38
1335,1.35019446258361,1.25998964747033,-0.0001584077171309,2.3062604758193,2.30959482099848,2.31348774570982,2.3005320811798,93.45
1336,1.35569228816493,1.25998883177925,-0.0002577134730092,2.30631336013836,2.30960580421544,2.31356267652793,2.30029796779682,93.52
1337,1.36118933122657,1.25998813629679,-0.0003559744761481,2.30632703830317,2.3095854354054,2.31361470126548,2.30004362110643,93.59
1338,1.36668551326696,1.25998755318027,-0.0004531461078335,2.30630262307277,2.30953376883588,2.31364409967372,2.29976923378532,93.66
1339,1.37218076440426,1.25998707480085,-0.0005491773263526,2.30624406169765,2.309454356528,2.3136513871943,2.29947529866014,93.73
1340,1.37767504450695,1.25998669375404,-0.0006440089129442,2.30615982126086,2.30935464031886,2.31363722416386,2.29916252339637,93.8
1341,1.3831683041656,1.25998640286841,-0.0007375717383606,2.30606237821854,2.30924408783413,2.31360241568044,2.29883186589016,93.87
1342,1.38866050585768,1.25998619521249,-0.000829785051116,2.30596524119886,2.30913326154041,2.31354803220767,2.29848475052588,93.94
1343,1.39415158495536,1.25998606409998,-0.0009205547886739,2.30588156868547,2.30903364018292,2.3134754402876,2.29812301396572,94.01
1344,1.39964150101556,1.25998600309361,-0.0010097719130375,2.30582438134546,2.30895825259377,2.31338627343067,2.29774885123496,94.08
1345,1.40513028909029,1.25998600600745,-0.0010973107724449,2.30580493876391,2.30891966357397,2.31328231307039,2.29736467180714,94.15
1346,1.4106180207945,1.25998606690806,-0.0011830274911435,2.30583271035462,2.30892633460254,2.31316546007994,2.29697298600056,94.22
1347,1.4161048255697,1.25998618011446,-0.001266758389516,2.30591432261245,2.30898205284106,2.31303776673094,2.29657653225699,94.29
1348,1.421590851791,1.25998634019704,-0.0013482883494412,2.3060528364868,2.30908566021231,2.31290155914765,2.29617843464306,94.36
1349,1.42707628806631,1.25998654197554,-0.0014272590402203,2.30624912993413,2.30923138336285,2.31275943960518,2.29578227017327,94.43
1350,1.43256132437394,1.25998678051617,-0.0015032276232633,2.30650024059025,2.30941045654684,2.3126141987174,2.29539219633686,94.5
1351,1.4380461733864,1.25998705112796,-0.0015756051523543,2.30680143828821,2.30961196147785,2.31246887816963,2.29501298832482,94.57
1352,1.44353103162583,1.25998734935852,-0.0016437454671481,2.30714652141656,2.30982550193598,2.312326713156,2.29465001596964,94.64
1353,1.44901610079833,1.25998767098911,-0.0017069739762287,2.30752910527252,2.31004246384572,2.31219119516861,2.29430910013628,94.71
1354,1.45450154895269,1.25998801202933,-0.0017645864290279,2.30794406006203,2.31025715478013,2.31206598429028,2.29399636881869,94.78
1355,1.45998753181078,1.25998836871127,-0.0018158778642216,2.30838633058751,2.31046707085081,2.31195485145459,2.29371817301257,94.85
1356,1.4654741539158,1.25998873748339,-0.0018602318349528,2.30885119956151,2.31067156897997,2.31186156034402,2.29348082155249,94.92
1357,1.4709615200341,1.25998911500408,-0.0018970593093021,2.30933683709291,2.31087174276201,2.31178983929716,2.29329043567643,94.99
1358,1.47644978654552,1.25998949813505,-0.0019258881345119,2.30984435247573,2.31107261517197,2.31174338298164,2.29315301346764,95.06
1359,1.48193912255691,1.25998988393448,-0.0019463924612946,2.31037706331353,2.3112830446736,2.31172582359004,2.29307431292267,95.13
1360,1.48742973117492,1.25999026965011,-0.0019583922243756,2.31094123854037,2.31151325437345,2.31174064140446,2.293059734064,95.2
1361,1.49292181058378,1.25999065271232,-0.0019618527728771,2.31154482510097,2.31177461757731,2.31179125536624,2.29311441060773,95.27
1362,1.49841557527574,1.25999103072717,-0.0019568846537976,2.31219587318049,2.312078690793,2.31188105288582,2.293243240299,95.34
1363,1.50391121707929,1.25999140146946,-0.0019437736369252,2.31290062975771,2.31243711871425,2.31201338891889,2.29345088391023,95.41
1364,1.50940892633261,1.25999176287593,-0.0019230710668233,2.31366012692079,2.31286232071377,2.31219149407205,2.29374161246276,95.48
1365,1.51490885284761,1.25999211303858,-0.0018955038347022,2.31447242572042,2.31336426494947,2.31241814123913,2.29411870171111,95.55
1366,1.52041112701223,1.25999245019814,-0.0018619446622484,2.31533350509631,2.31395003943028,2.31269567246534,2.29458430653386,95.62
1367,1.52591582067739,1.25999277273777,-0.001823412596661,2.31623902240059,2.31462438451242,2.31302602493633,2.29513960455825,95.69
1368,1.53142299826478,1.25999307917695,-0.0017810736134155,2.31718483944507,2.31538971239808,2.31341075604995,2.29578499836533,95.76
1369,1.53693276783108,1.25999336816571,-0.0017362413083615,2.31816514072816,2.31624753916495,2.31385115779867,2.29652031607818,95.83
1370,1.54244524182404,1.25999363847904,-0.0016903475703816,2.31917325883395,2.31719729752446,2.31434827990803,2.29734464927276,95.9
1371,1.54796055796716,1.25999388901172,-0.0016448230355462,2.32020183728164,2.31823484703919,2.31490295197079,2.29825646005712,95.97
1372,1.55347883992005,1.25999411877344,-0.0016010678235934,2.32124251147126,2.31935290830549,2.31551589482092,2.29925386707181,96.04
1373,1.55900021806299,1.25999432688426,-0.0015604523555529,2.3222871538245,2.32054188670102,2.31618777069362,2.30033483964903,96.11
1374,1.56452479005244,1.25999451257049,-0.0015243181395203,2.32332770458368,2.32179135661565,2.31691929250895,2.30149733025148,96.18
1375,1.57005264149622,1.25999467516089,-0.0014939484121181,2.32435789806515,2.32308982940456,2.317711271916,2.30273934522731,96.25
1376,1.57558380639564,1.2599948140834,-0.0014704484360734,2.32537498898119,2.32442632551574,2.31856472643541,2.30405919461953,96.32
1377,1.58111831779172,1.25999492886212,-0.0014547159574279,2.32637925244709,2.32579263774884,2.31948089524675,2.30545565027582,96.39
1378,1.58665625835162,1.25999501911486,-0.0014474416270747,2.32737565053137,2.3271834575912,2.32046119368997,2.30692795211319,96.46
1379,1.59219772063131,1.25999508455106,-0.0014490791949699,2.32837507779552,2.32859617004197,2.32150701619555,2.3084757528228,96.53
1380,1.59774282745178,1.25999512497011,-0.0014597553769326,2.32939157520343,2.33003031702075,2.32261944779385,2.31009897094123,96.6
1381,1.60329169203614,1.25999514026027,-0.0014793600878591,2.33043728738768,2.3314870302869,2.32379924523204,2.31179776290889,96.67
1382,1.60884443825638,1.25999513039785,-0.0015076064247605,2.33152178233279,2.3329690356337,2.32504708767896,2.31357258402929,96.74
1383,1.61440116063681,1.25999509544696,-0.0015441506645838,2.33265176167907,2.3344786708809,2.3263637058632,2.31542403744915,96.81
1384,1.61996194446302,1.25999503555971,-0.0015885917553271,2.33383128182621,2.33601551227146,2.32774976928094,2.3173526916778,96.88
1385,1.62552682564352,1.25999495097683,-0.0016403503066494,2.33506311755706,2.33757514371117,2.32920586242549,2.31935907724956,96.95
1386,1.63109581067383,1.25999484202873,-0.0016986377016161,2.33634636380607,2.33914933965199,2.33073258011433,2.32144386251896,97.02
1387,1.63666883635106,1.25999470913705,-0.0017624551646927,2.33767743640653,2.34072573608406,2.33233053128871,2.32360778735038,97.09
1388,1.6422458196779,1.25999455281661,-0.0018306228002284,2.33905059051434,2.34228993838269,2.33400031145057,2.32585171574319,97.16
1389,1.64782670769369,1.25999437367782,-0.0019018987948117,2.34045636212228,2.3438264256128,2.33574247381349,2.32817659676458,97.23
1390,1.65341143697078,1.25999417242951,-0.0019750082781193,2.34188370961519,2.34531999663591,2.33755746906942,2.33058327359929,97.3
1391,1.6589999532159,1.25999394988211,-0.0020486420400333,2.34332134237272,2.34675694592703,2.33944549358581,2.33307226105057,97.37
1392,1.66459217062667,1.25999370695136,-0.0021214552147612,2.34476043301835,2.34812617998632,2.34140642655184,2.33564355165317,97.44
1393,1.67018799135535,1.25999344466224,-0.0021920659556,2.34619492245782,2.34941961265984,2.34343979589502,2.33829654065284,97.51
1394,1.67578726473031,1.25999316415342,-0.0022590842123427,2.34761923733903,2.35063367491927,2.34554471279484,2.34102988932648,97.58
1395,1.68138983667579,1.25999286668196,-0.0023212308116289,2.34902952785673,2.35176820836488,2.34771968453923,2.34384111604005,97.65
1396,1.68699559906933,1.25999255362838,-0.0023773663386567,2.35042472520933,2.35282644330905,2.34996242609113,2.34672645664879,97.72
1397,1.69260444877641,1.25999222650202,-0.0024264900187015,2.35180525245851,2.35381506854831,2.35226979074368,2.34968075358304,97.79
1398,1.69821630680281,1.25999188694667,-0.0024677387067322,2.35317327013037,2.35474279811653,2.3546376995546,2.35269713298631,97.86
1399,1.70383107721586,1.25999153674653,-0.0025003860031976,2.35453241058507,2.35561848797282,2.35706100944131,2.35576683105222,97.93
1400,1.70944866618674,1.25999117783226,-0.0025238715992835,2.35588390208148,2.35645220238479,2.35953353062481,2.35887929003591,98.0
1401,1.71506894080485,1.25999081228734,-0.0025379210401062,2.35722233195677,2.35725435563366,2.36204780237494,2.36202174181703,98.07
1402,1.72069174801681,1.25999044235454,-0.0025425753892811,2.35853634434992,2.3580323271076,2.36459462716917,2.36517830929397,98.14
1403,1.72631687334163,1.25999007044249,-0.0025381909751684,2.35981177528428,2.35879011583363,2.36716281471705,2.36832952847397,98.21
1404,1.73194408980347,1.25998969913238,-0.0025254092180593,2.36103460767298,2.35952622028084,2.36973916610473,2.37145235172285,98.28
1405,1.7375732068226,1.25998933118465,-0.0025050363565208,2.36219145982748,2.36023524942164,2.37230869826157,2.37452063252544,98.35
1406,1.74320402880537,1.25998896954569,-0.0024779835002728,2.36326911210669,2.36090851121374,2.37485480810933,2.3775054904172,98.42
1407,1.74883637387526,1.25998861735446,-0.0024451466443548,2.36425337282686,2.36153318745806,2.37735940675166,2.38037561673314,98.49
1408,1.75447003239776,1.25998827794904,-0.0024073770670857,2.36512689253411,2.36209325440244,2.37980302400309,2.383097491607,98.56
1409,1.76010478565318,1.25998795487294,-0.0023654819202947,2.36587053032317,2.36256862905667,2.38216482340851,2.38563533225876,98.63
1410,1.76574036431042,1.25998765188123,-0.0023202249087325,2.3664630974239,2.36293666352817,2.38442267854297,2.38795125457932,98.7
1411,1.77137646705653,1.2599873729464,-0.0022723270440913,2.36688230664742,2.36317352054347,2.38655316052928,2.39000528760524,98.77
1412,1.77701271903599,1.25998712226375,-0.002222437372124,2.36710765017686,2.36325473854265,2.38853149734831,2.39175536191822,98.84
1413,1.7826486904563,1.25998690425645,-0.0021710134844974,2.36712240793844,2.36315673186293,2.39033156554043,2.39315745321731,98.91
1414,1.78828385501546,1.25998672358006,-0.0021182923303353,2.36691442586435,2.36285793267685,2.39192597492075,2.39416585173506,98.98
1415,1.79391763859807,1.25998658512644,-0.0020642911438422,2.36647605548755,2.36233891317723,2.39328609634106,2.39473334767772,99.05
1416,1.7995494679861,1.259986494027,-0.0020088083960074,2.36580163035094,2.3615806158544,2.39438215334353,2.39481139368928,99.12
1417,1.80517872933145,1.25998645565516,-0.0019514247700744,2.36488431472764,2.36056297888803,2.39518322778429,2.39435024519143,99.19
1418,1.81080478683928,1.25998647562803,-0.0018915041644124,2.36371446099217,2.35926422779156,2.39565724013967,2.39329895912421,99.26
1419,1.81642694132246,1.25998655980702,-0.0018281947303555,2.36227992708653,2.35766167612938,2.39577090505354,2.39160525198562,99.33
1420,1.82204444898932,1.25998671429754,-0.0017604299564906,2.36056402162317,2.35572910131168,2.39548960252943,2.38921536852895,99.4
1421,1.82765648012672,1.25998694544738,-0.0016869298147681,2.35854676342876,2.35343457720018,2.39477737598273,2.38607414258799,99.47
1422,1.83326213804257,1.25998725984396,-0.0016062019876852,2.35620283652825,2.35074053917989,2.39359705777798,2.38212525100071,99.54
1423,1.83886041793208,1.25998766431013,-0.0015165431996474,2.35350159655016,2.34760352481716,2.391910312286,2.37731124039846,99.61
1424,1.84445022603476,1.25998816589844,-0.0014160406794426,2.35040621050129,2.3439745235021,2.38967765730702,2.37157365884212,99.68
1425,1.85003033874944,1.25998877188384,-0.0013025737845723,2.3468735852911,2.33979915357828,2.38685849463982,2.36485305264046,99.75
1426,1.85559942207816,1.25998948975462,-0.0011738158219719,2.34285728207462,2.33501995451075,2.38341115050907,2.35708904001965,99.82
1427,1.86115599106981,1.25999032720143,-0.0010272361033818,2.33830809165659,2.32957781638255,2.37929289649633,2.3482204025419,99.89
1428,1.86669842963894,1.25999129210427,-0.0008601022773837,2.33317765749513,2.32341417249002,2.37445992163901,2.33818513518733,99.96
1429,1.87222495043532,1.2599923925174,-0.0006694829837719,2.3274192800775,2.31647293311485,2.3688674670831,2.32692066681823,100.03
1430,1.87773364523234,1.25999363665188,-0.0004522508795789,2.32098828046784,2.30870110845417,2.36246982320246,2.31436395126712,100.1
1431,1.88322253560309,1.25999503285565,-0.0002050860896607,2.31384186369369,2.30004815180673,2.35522040060727,2.30045164079206,100.17
1432,1.88868953365531,1.25999658959108,7.54897739793231e-05,2.30593776067301,2.29046546818484,2.34707184577833,2.28512028286124,100.24
1433,1.89413246329967,1.25999831540973,0.0003929887888759,2.29723384586171,2.27990720251132,2.33797614199312,2.26830642105905,100.31
1434,1.89954902173798,1.26000021892421,0.0007509215586778,2.28768963401778,2.26833095432921,2.32788463622235,2.24994669152227,100.38
1435,1.90493680156189,1.260002308777,0.0011527914708989,2.27726622683741,2.25569688537569,2.3167481733897,2.2299779461387,100.45
1436,1.91029325315235,1.2600045936061,0.0016021183124671,2.26592699686151,2.24196750745573,2.30451724861046,2.2083374337398,100.52
1437,1.91561573786232,1.26000708200719,0.0021025212674802,2.2536384376856,2.22710706817693,2.29114211811983,2.18496316077831,100.59
1438,1.92090158176525,1.26000978249247,0.0026575904439027,2.24036684850071,2.21108291215424,2.27657308039829,2.15979434235826,100.66
1439,1.9261480397537,1.26001270344561,0.0032707273905871,2.22607476498251,2.19386469630784,2.26076056733883,2.13277149341991,100.73
1440,1.9313523204751,1.26001585307304,0.0039451049788544,2.2107220113598,2.17542239256607,2.24365510652841,2.10383631161556,100.8
1441,1.93651155180321,1.26001923935116,0.0046836864119402,2.19426845582586,2.15572551563191,2.22520742632793,2.07293189452903,100.87
1442,1.94162280724665,1.26002286996946,0.0054893333926474,2.17667747711503,2.13474201179663,2.20536882499473,2.04000326220335,100.94
1443,1.94668307299547,1.2600267522694,0.0063648228691364,2.15791463690585,2.11244090128283,2.18409186491054,2.00499848687833,101.01
1444,1.95168927600948,1.2600308931788,0.0073128625702336,2.1379461621375,2.0887912731103,2.16133082112652,1.9678694380343,101.08
1445,1.95663825285183,1.26003529914176,0.0083361955432703,2.11673952453166,2.06376145418636,2.13704209569377,1.92857247464041,101.15
1446,1.96152677967422,1.26003997604387,0.0094376131189377,2.09426112336696,2.0373188345848,2.11118471895432,1.88706932617746,101.22
1447,1.96635154306006,1.26004492913268,0.0106199364290401,2.07047615692442,2.00942923633993,2.08372072796442,1.843327802166,101.29
1448,1.97110917213445,1.26005016293322,0.0118859965145189,2.0453495398776,1.98005928643472,2.05461569357754,1.79732272203092,101.36
1449,1.97579621165017,1.26005568115859,0.0132386129728891,2.01884994330586,1.94917782301351,2.02383915617033,1.74903667473902,101.43
1450,1.98040915646118,1.26006148661547,0.0146806011817493,1.99095322707441,1.91675907340004,1.99136527150743,1.69846096971528,101.5
1451,1.98494442709523,1.26006758110447,0.0162148682229138,1.96164345987315,1.88278441517511,1.95717351685521,1.64559668908512,101.57
1452,1.98939843692741,1.26007396531535,0.0178444169296962,1.93091483699688,1.84724419507335,1.92124930737064,1.59045581131018,101.64
1453,1.99376766075599,1.26008063871697,0.0195723181803136,1.89877284132288,1.81013993699291,1.88358464348342,1.53306243628099,101.71
1454,1.99804861458185,1.26008759944206,0.021401681471019,1.86523296267632,1.77148399069072,1.84417887979809,1.47345384085746,101.78
1455,2.00223789709387,1.26009484416674,0.0233356237135598,1.8303193524173,1.73129869718924,1.80303943512981,1.41168154494662,101.85
1456,2.0063321725721,1.26010236798487,0.0253772362010041,1.79406389437723,1.68961678567309,1.76018250385943,1.34781247770207,101.92
1457,2.01032821562111,1.26011016427729,0.0275295496856686,1.7565050598703,1.6464811962096,1.71563376847259,1.28192997212465,101.99
1458,2.01422289744269,1.26011822457601,0.0297954975135357,1.7176898257683,1.60194649401755,1.66942905281191,1.21413473728999,102.06
1459,2.01801323405704,1.26012653842349,0.0321778767604983,1.67767585678101,1.55607838432978,1.6216150961036,1.14454592704739,102.13
1460,2.02169637617795,1.26013509322716,0.0346793073176275,1.63653076178926,1.50895328256743,1.5722503869331,1.0733024538066,102.2
1461,2.02526969123436,1.26014387410937,0.037302188875082,1.59433242485864,1.46065908197468,1.52140605632479,1.0005643045566,102.27
1462,2.02873084732657,1.260152863753,0.0400486557574713,1.55116743102802,1.41129407847245,1.4691668890419,0.926513946867275,102.34
1463,2.03207780890085,1.26016204224302,0.0429205295675089,1.50713146678749,1.36096766167386,1.41563227129298,0.85135767154329,102.41
1464,2.03530889462354,1.2601713869042,0.0459192695996054,1.46233199455845,1.30980325168793,1.36091713348719,0.775326928806968,102.48
1465,2.03842277714003,1.26018087213555,0.0490459209905948,1.41688871637033,1.25793956832532,1.30515288624165,0.6986796542828,102.55
1466,2.0414185451001,1.26019046924167,0.0523010605814104,1.37093712023138,1.20553351003494,1.24848311229961,0.621692734811588,102.62
1467,2.04429570712224,1.26020014626158,0.0556847404710887,1.32463083456545,1.15276220295349,1.19104384235143,0.54462821875846,102.69
1468,2.04705425806459,1.26020986779563,0.0591964894282022,1.27814149448994,1.09982156950989,1.13295940257591,0.467725919426842,102.76
1469,2.04969465717227,1.26021959483083,0.062835522597455,1.2316497987409,1.04690994997048,1.07434345119632,0.391204805554222,102.83
1470,2.0522177782769,1.26022928456552,0.0666009188074533,1.18533313987553,0.994210132384531,1.01529999662758,0.315264358854514,102.9
1471,2.0546248621279,1.26023889023391,0.0704918557565429,1.13936003435173,0.941886094947598,0.955924304897119,0.240085834474397,102.97
1472,2.05691747083965,1.26024836093125,0.0745077225663317,1.09388740780777,0.890083866615425,0.896303754633733,0.165833571197588,103.04
1473,2.05909744443269,1.26025764144059,0.0786480796295476,1.0490535415432,0.838932471251062,0.83651863790277,0.0926562277695706,103.11
1474,2.06116685944053,1.26026667206201,0.0829125861144182,1.00497696738919,0.788544862403143,0.776643176096939,0.0206880928113093,103.18
1475,2.06312798954914,1.26027538844522,0.0873009252213628,0.961757276721448,0.739018846383581,0.716746598991714,-0.0499495945410364,103.25
1476,2.06498326823174,1.26028372142675,0.09181272719836,0.919475915858572,0.690437991601934,0.656894225446602,-0.119147345786828,103.32
1477,2.06673525333788,1.26029159687278,0.0964474901210118,0.878196966046047,0.642872522389116,0.597148544499583,-0.186806148193948,103.39
1478,2.06838659359313,1.26029893552898,0.101204498444146,0.837967906553453,0.596380195798216,0.537570295671827,-0.252836215895548,103.46
1479,2.06993999696313,1.26030565287852,0.106082739334309,0.798820359725224,0.551007160112712,0.478219547351753,-0.317155768740433,103.53
1480,2.07139820083444,1.26031165900986,0.11108081679627,0.760770907388957,0.50678879401639,0.419156772158469,-0.379689840523095,103.6
1481,2.07276394396325,1.26031685849579,0.116196893699888,0.723822820504405,0.463750525589726,0.36044391819705,-0.440369118071391,103.67
1482,2.07403994014274,1.26032115028524,0.121428721908051,0.687969664554993,0.42190863049115,0.302145445022904,-0.499128812551142,103.74
1483,2.07522885353967,1.26032442760974,0.126773580012498,0.653196508156353,0.381271008862095,0.244329232930726,-0.555907594327924,103.81
1484,2.07633327565124,1.26032657790628,0.132228178893756,0.61947729078369,0.341837940659408,0.187067484752617,-0.610646652735442,103.88
1485,2.07735573392204,1.26032748275845,0.137788595329983,0.586774848842788,0.30360281927086,0.130437739287829,-0.663288701333373,103.95
1486,2.07829879214956,1.26032701785802,0.143450323977536,0.555044834151615,0.266552863405371,0.0745238747070473,-0.713776989896228,104.02
1487,2.07916506210614,1.26032505298894,0.149208387618379,0.524242291894869,0.230669807376127,0.0194169200018872,-0.762054414431616,104.09
1488,2.07995718650647,1.26032145203613,0.155057596018601,0.494330748394173,0.195930570004751,-0.0347845677388349,-0.808062966958673,104.16
1489,2.08067782336112,1.2603160730214,0.160992953487068,0.465291462635663,0.162307902474283,-0.0879752839752423,-0.851743736691462,104.23
1490,2.08132963166867,1.26030876816882,0.16701006478806,0.437124267185685,0.129771015545933,-0.140046410834645,-0.893038065430185,104.3
1491,2.08191525839826,1.26029938400233,0.173105419146045,0.409843789882738,0.0982861866292801,-0.190890855276718,-0.931889888308095,104.37
1492,2.08243732671485,1.26028776147805,0.179276582508715,0.38347325272426,0.067817347260057,-0.240408928693071,-0.968248629102699,104.44
1493,2.08289842539914,1.26027373615415,0.185522177780306,0.35803277875486,0.038326651592935,-0.288512484067879,-1.0020714476065,104.51
1494,2.08330109941514,1.26025713840117,0.191841893770876,0.333536769028241,0.0097750265579236,-0.335125316083564,-1.03332333557819,104.58
1495,2.08364784157841,1.26023779365577,0.198236402535518,0.309993399024258,-0.0178772956372889,-0.380182714182581,-1.06197677704663,104.65
1496,2.0839410852793,1.26021552272081,0.204707245284831,0.287404820140045,-0.0446702619558737,-0.423630711540892,-1.08801124439042,104.72
1497,2.08418319821597,1.26019014211517,0.211256716942592,0.265767584703445,-0.0706434992142866,-0.465425271825508,-1.1114126811292,104.79
1498,2.08437647709345,1.26016146447634,0.217887749323097,0.245073053766598,-0.0958360709813313,-0.505531504976489,-1.13217303197534,104.86
1499,2.08452314324597,1.26012929901915,0.224603792887145,0.225307787740919,-0.120286730680646,-0.543922972985571,-1.15028985048866,104.93
1500,2.08462533914108,1.26009345205407,0.231408697024067,0.206453920028337,-0.144032744576581,-0.580581206654385,-1.16576604465561,105.0
1501,2.08468512572551,1.26005372756848,0.238306588797883,0.188489513890114,-0.167109209561581,-0.615495072758426,-1.17860957991204,105.07
1502,2.08470448057401,1.26000992787433,0.245301750088481,0.171388902874773,-0.1895486243725,-0.648660112302908,-1.18883319973279,105.14
1503,2.08468529680416,1.25996185432595,0.252398493053596,0.155123015200137,-0.211380472901935,-0.680077910249118,-1.19645419373438,105.21
1504,2.08462938272123,1.25990930811127,0.259601033834799,0.139659682551871,-0.232630819019068,-0.709755496793369,-1.20149421305912,105.28
1505,2.08453846215906,1.25985209112033,0.266913364429904,0.124963933822173,-0.253321912368869,-0.737704780171929,-1.2039791327317,105.35
1506,2.08441417548429,1.25979000689444,0.274339122656149,0.110998274368999,-0.273471804680507,-0.763942010866628,-1.20393896059496,105.42
1507,2.08425808123276,1.25972286165971,0.281881460132453,0.0977229514258389,-0.293093976184329,-0.788487276997817,-1.20140779236079,105.49
1508,2.08407165834851,1.25965046544838,0.289542908215438,0.0850962063380992,-0.312196971812762,-0.811364030612948,-1.19642381223242,105.56
1509,2.0838563089973,1.2595726333116,0.297325241832764,0.0730745143432977,-0.330784046942773,-0.832598644509482,-1.18902933848426,105.63
1510,2.08361336192773,1.25948918662687,0.305229341168521,0.0616128126480938,-0.34885282252666,-0.852219999169566,-1.17927091330796,105.7
1511,2.08334407635494,1.25939995450368,0.313255051168969,0.0506647175869646,-0.366394949553613,-0.870259099332688,-1.16719943616219,105.77
1512,2.08304964634262,1.25930477529046,0.321401038853199,0.0401827316756601,-0.383395782885917,-0.886748719685432,-1.15287033978511,105.84
1513,2.08273120566072,1.25920349818593,0.329664648431951,0.0301184413959815,-0.399834064621527,-0.901723079109556,-1.13634380794941,105.91
1514,2.08238983309731,1.25909598495779,0.338041754259124,0.0204227065689713,-0.415681617248078,-0.915217542897797,-1.1176850339588,105.98
1515,2.082026558204,1.25898211177146,0.346526611664254,0.0110458421896515,-0.430903046973537,-0.927268352321066,-1.09696451879939,106.05
1516,2.08164236745551,1.25886177113134,0.355111705741017,0.0019377936100374,-0.445455548005839,-0.937912380908795,-1.07425840776789,106.12
1517,2.08123821080481,1.25873487393685,0.363787598195816,-0.0069516940332134,-0.459288898684237,-0.947186946877005,-1.0496488943897,106.19
1518,2.08081500861587,1.25860135165519,0.372542772392655,-0.0156729112433015,-0.472344928129984,-0.95512974121392,-1.02322475042752,106.26
1519,2.08037365895699,1.25846115861231,0.381363476765095,-0.0242760235333234,-0.484557176429842,-0.961778690224036,-0.995081799968578,106.33
1520,2.07991504523805,1.25831427440354,0.390233566803694,-0.0328109138344526,-0.49585065914032,-0.967171812025806,-0.965323396161564,106.4
1521,2.07944004417532,1.25816070642446,0.399134345867649,-0.0413270270370156,-0.506141647050237,-0.971347096406211,-0.934060928960264,106.47
1522,2.07894953406805,1.25800049252256,0.408044405112587,-0.0498732157644931,-0.51533746255527,-0.974342407346245,-0.90141436200558,106.54
1523,2.07844440337081,1.25783370376941,0.416939462872506,-0.0584975864882869,-0.523336294157539,-0.976195407532179,-0.867512796634402,106.61
1524,2.07792555954586,1.25766044735273,0.4257922038828,-0.0672473451017752,-0.53002712102649,-0.976943504169126,-0.832495060847784,106.68
1525,2.07739393817932,1.25748086958705,0.434572118783252,-0.0761686410856836,-0.535289839722417,-0.976623845504622,-0.796510320905775,106.75
1526,2.07685051234485,1.25729515904099,0.443245374482265,-0.0853064094130922,-0.538996287104085,-0.975273427562528,-0.759718713040666,106.82
1527,2.07629630219793,1.25710354977859,0.451774896459833,-0.0947042093613392,-0.541020676409947,-0.972929521030545,-0.722292263383979,106.89
1528,2.07573238478301,1.25690632471109,0.460120904321625,-0.104404149683367,-0.541264082304934,-0.969632764474038,-0.684417748037796,106.96
1529,2.07515987394751,1.25670381905521,0.468241811008436,-0.114446989615491,-0.539674142176072,-0.965435089509895,-0.646303295439307,107.03
1530,2.07457981016781,1.25649642389253,0.476095335938155,-0.1248716928558,-0.536254860492392,-0.960407783498748,-0.608184334820276,107.1
1531,2.07399311070599,1.25628458982406,0.483639712476613,-0.13571515588413,-0.531067449864141,-0.954643881863915,-0.570320883652479,107.17
1532,2.07340045972788,1.25606883071296,0.490834689619777,-0.147012019657701,-0.524227022760648,-0.948250616286889,-0.532986651241013,107.24
1533,2.07280228880472,1.25584969741941,0.497642448989188,-0.158794473753829,-0.515894771740504,-0.941338927561137,-0.496453203277804,107.31
1534,2.07219878761082,1.25562766134308,0.504028347601356,-0.171092052334976,-0.506265425524629,-0.934016931287622,-0.46097820877757,107.38
1535,2.07158991472152,1.25540308828996,0.509961306565232,-0.183931421355579,-0.495549195758962,-0.926387575130654,-0.42680116444161,107.45
1536,2.0709754085081,1.25517624247955,0.515413786156558,-0.197336156478166,-0.483955010831128,-0.918548199022747,-0.394142860932983,107.52
1537,2.07035479813031,1.25494729059826,0.520361678795278,-0.211326511218047,-0.471683788522528,-0.910590612426332,-0.363205758496045,107.59
1538,2.06972741463131,1.25471630589402,0.524784210686503,-0.225919174891519,-0.458927711990209,-0.902601235578868,-0.334174545828139,107.66
1539,2.06909240214323,1.25448327230925,0.528663852560352,-0.241127110266269,-0.445870450716321,-0.894661242888191,-0.307216698019623,107.73
1540,2.06844872921575,1.25424808865083,0.531986239886517,-0.256959560875742,-0.432687390236277,-0.886846706917558,-0.282483000140215,107.8
1541,2.06779520028281,1.25401057279722,0.534740102879678,-0.273421505658655,-0.419545867329035,-0.87922874149453,-0.260108033445133,107.87
1542,2.06713046728622,1.25377046594473,0.536917206555622,-0.290513373126529,-0.406605407502529,-0.871873642569929,-0.240210621478292,107.94
1543,2.06645304147761,1.25352743689608,0.538512240866029,-0.308234775935472,-0.394017961752784,-0.864843025542742,-0.222894233642368,108.01
1544,2.06576130542311,1.25328108639594,0.539522510622548,-0.326596899351682,-0.381928139716047,-0.85819398794129,-0.208247434350955,108.08
1545,2.06505352523752,1.25303095151944,0.539947726184097,-0.34561619384369,-0.370473436470248,-0.85197938661119,-0.196344616596556,108.15
1546,2.06432786307718,1.25277651012089,0.539789925044199,-0.365306461442826,-0.359784450374324,-0.846248108027536,-0.187246597104803,108.22
1547,2.06358238992283,1.25251718535086,0.539053343797738,-0.385676646914952,-0.349985089462975,-0.841045210425429,-0.181000921292117,108.29
1548,2.06281509868548,1.25225235025134,0.537744390889192,-0.406729699991649,-0.341192764038091,-0.836412027129134,-0.177642147716714,108.36
1549,2.06202391767021,1.25198133243906,0.535871659890571,-0.42846169613466,-0.333518563219727,-0.832386260353636,-0.177191990812973,108.43
1550,2.06120672443407,1.25170341888851,0.533445953105694,-0.450861366221457,-0.327067413336362,-0.829002064732388,-0.179659381460664,108.5
1551,2.06036136007531,1.25141786082665,0.530480315345343,-0.473909704259505,-0.321938216149021,-0.826290119890155,-0.185040475085181,108.57
1552,2.0594856439924,1.25112387875225,0.526990077678378,-0.497579563070514,-0.318223965013745,-0.82427769144453,-0.193318607125861,108.64
1553,2.05857738915161,1.25082066759333,0.522992910923215,-0.521835238288814,-0.316011837197285,-0.822988679881446,-0.204464195943292,108.71
1554,2.05763441790263,1.25050740201668,0.518508888602618,-0.546632041165666,-0.315383260666877,-0.822443656813011,-0.21843459346611,108.78
1555,2.05665457838145,1.25018324190415,0.513560559042747,-0.571915860824803,-0.31641395377973,-0.822659888185517,-0.235173884112089,108.85
1556,2.05563576153996,1.24984733801041,0.508173026253632,-0.597622716777869,-0.319173936403122,-0.823651344066798,-0.25461263275422,108.92
1557,2.05457591884101,1.24949883781749,0.502374039184002,-0.623678302677372,-0.323727511096758,-0.825428694700552,-0.276667582741318,108.99
1558,2.05347308065687,1.24913689160124,0.496194088897012,-0.649997612726971,-0.33013321309429,-0.827999292575803,-0.301241305227727,109.06
1559,2.05232537540809,1.2487606587253,0.489666513165463,-0.676484742354811,-0.338443727923068,-0.831367140318937,-0.328221801316477,109.13
1560,2.05113104947833,1.24836931417764,0.482827607935847,-0.703032383281636,-0.348705775606316,-0.835532844275674,-0.357482058776396,109.2
1561,2.04988848793864,1.24796205536508,0.475716714971304,-0.729523331470679,-0.360959960495421,-0.840493583798398,-0.38887956535507,109.27
1562,2.04859620602542,1.2475381091805,0.468376164667208,-0.755836717786932,-0.375240585891244,-0.846243186491401,-0.422255841158444,109.34
1563,2.04725275122545,1.24709673935725,0.460851013153814,-0.781859866094413,-0.391575432720027,-0.852772279376617,-0.457436353723239,109.41
1564,2.04585669652166,1.24663725412469,0.453188482659367,-0.807502982779819,-0.409985501647531,-0.860068967407209,-0.494231751363686,109.48
1565,2.0444066646503,1.24615901417821,0.445437224672934,-0.832704584429351,-0.430484718128483,-0.868121182829088,-0.532442283377186,109.55
1566,2.04290132321985,1.24566141088831,0.437646585583032,-0.8574338031582,-0.453079600014758,-0.876921427703144,-0.571866313145967,109.62
1567,2.04133929054102,1.24514375458506,0.429865994266773,-0.881687073414807,-0.477768887470572,-0.886473639002842,-0.612311302978048,109.69
1568,2.0397191327186,1.24460525345548,0.422144410565136,-0.905481066265896,-0.50454313507966,-0.896800100348854,-0.653602911575685,109.76
1569,2.0380393918545,1.24404502289103,0.414529893929124,-0.928849363089903,-0.53338426616697,-0.907946173797651,-0.695590462491578,109.83
1570,2.03629861530033,1.24346209521158,0.407069171003426,-0.95183943838788,-0.564265089507262,-0.919982550390551,-0.738150501703854,109.9
1571,2.03449535589775,1.242855429782,0.39980708093033,-0.974517533220014,-0.597148778748408,-0.93300336381257,-0.781189018685905,109.97
1572,2.03262808305755,1.24222392353864,0.392785957707522,-0.996970586817056,-0.631988315042754,-0.947122061417797,-0.824638722666841,110.04
1573,2.03069518523012,1.24156642194457,0.386044888616695,-1.01931015955103,-0.668725893550847,-0.962464790231202,-0.868453150963183,110.11
1574,2.02869500361949,1.24088173039342,0.379618968311831,-1.04167302015762,-0.707292294670358,-0.979159761426675,-0.91259848315819,110.18
1575,2.02662583699448,1.24016862608257,0.373538698302356,-1.06421352098397,-0.74760622103408,-0.997324576824018,-0.957045168132579,110.25
1576,2.0244858574515,1.23942587037733,0.367829591374951,-1.08709428785082,-0.789573601529866,-1.01705699109433,-1.00176237335448,110.32
1577,2.02227311768624,1.2386522216881,0.362512070667599,-1.11046920422685,-0.833086863810853,-1.03842995003445,-1.04671492601349,110.39
1578,2.01998558963173,1.23784644888276,0.357601542584862,-1.13447424218129,-0.87802426726116,-1.06148988017823,-1.09186190410907,110.46
1579,2.01762120441032,1.2370073452568,0.35310849274671,-1.15922541525916,-0.924249388621827,-1.08625615237985,-1.13715576488607,110.53
1580,2.01517789363573,1.23613374308326,0.349038574605007,-1.18481825451508,-0.971610040374388,-1.11272066546338,-1.18254152995633,110.6
1581,2.01265363210265,1.23522452876428,0.345392690537755,-1.2113273614019,-1.01993743671312,-1.14084739915041,-1.2279559677905,110.67
1582,2.01004648190106,1.23427865860524,0.34216712549465,-1.23880594552824,-1.06904804696351,-1.17057196650235,-1.27332677457591,110.74
1583,2.00735463799163,1.23329517523164,0.339353943790937,-1.26728534593907,-1.11875421720627,-1.20180143731739,-1.3185718448471,110.81
1584,2.00457647527699,1.23227322466744,0.336941558852501,-1.296774534961,-1.16887444681035,-1.23441524601416,-1.36359908451251,110.88
1585,2.00171059720161,1.23121207409203,0.334915325614921,-1.3272596040468,-1.21923733577438,-1.26826814848308,-1.408307309339,110.95
1586,1.99875588590904,1.2301111302914,0.333258125696438,-1.35870323145999,-1.26968013886164,-1.30319559112715,-1.45258856151896,111.02
1587,1.99571152389425,1.22896995881646,0.33195091551952,-1.39104413205144,-1.32004412602967,-1.33902053188956,-1.49633133464829,111.09
1588,1.99257692699553,1.22778830385926,0.330973177513036,-1.42419648980332,-1.37016828658084,-1.37555985078042,-1.53942392677422,111.16
1589,1.98935176926726,1.22656610885493,0.330303425176102,-1.4580493742492,-1.41988923281264,-1.41262896904415,-1.58175726158531,111.23
1590,1.98603603956859,1.22530350772612,0.329919642021537,-1.49246623258359,-1.4690443875662,-1.45004600411916,-1.62322778150686,111.3
1591,1.9826300997861,1.22400072659553,0.329799805224126,-1.52728530192152,-1.51747129773549,-1.48763594511265,-1.66374053501248,111.37
1592,1.97913471460264,1.22265807649081,0.329922374018652,-1.5623243139967,-1.56501234369201,-1.52523361846525,-1.70321143702959,111.44
1593,1.97555099263027,1.22127597686223,0.330266502542177,-1.59739524195874,-1.61151816806969,-1.56268568765775,-1.74156870414645,111.51
1594,1.97188038933246,1.21985497981978,0.330812067771731,-1.63232515102406,-1.65685632569263,-1.59985117844423,-1.7787530148183,111.58
1595,1.96812462127667,1.2183957950821,0.331539663372473,-1.6669663673649,-1.70091718407023,-1.6366009536064,-1.81471690735945,111.65
1596,1.96428558195467,1.21689928553928,0.332430589907158,-1.70119852578382,-1.74361650516627,-1.67281689196868,-1.8494239583728,111.72
1597,1.9603653494029,1.21536637324157,0.333466871845133,-1.73492210769322,-1.78489465023776,-1.70839113506021,-1.88284801326568,111.79
1598,1.95636613515008,1.21379803632481,0.334631361883731,-1.76805279878516,-1.82471135619708,-1.74322570443594,-1.9149727102134,111.86
1599,1.95229029480564,1.21219533668056,0.335907782467669,-1.80051763101182,-1.86303954467634,-1.77723219072748,-1.94579114760591,111.93
1600,1.94814027989814,1.21055941817783,0.337280825166785,-1.83224821672659,-1.89985840524298,-1.81033178698357,-1.97530485281756,112.0
1601,1.94391865127201,1.20889141524169,0.338736157767091,-1.86317811684917,-1.93515068766004,-1.84245660061431,-2.00352114979578,112.07
1602,1.93962803364776,1.20719245229479,0.340260429614551,-1.89324235850808,-1.96890351155921,-1.87354935693813,-2.03045190413385,112.14
1603,1.93527113165007,1.20546367386576,0.341841365733575,-1.92237901309809,-2.00110745857138,-1.90356254862696,-2.05611262251643,112.21
1604,1.93085068690575,1.20370627525662,0.343467769434527,-1.95053331732449,-2.03175939302792,-1.93245781436783,-2.08052184615101,112.28
1605,1.92636949651361,1.20192150366036,0.345129463719656,-1.97765801991827,-2.0608615195512,-1.96020536707344,-2.10370056711772,112.35
1606,1.92183037248579,1.20011056953205,0.346817141601956,-2.00371615308052,-2.0884221234721,-1.98678338207302,-2.12567178765563,112.42
1607,1.91723616246119,1.19827464871728,0.348522306047509,-2.02868258888614,-2.11445787368049,-2.01217758652462,-2.14646022200716,112.49
1608,1.9125897112891,1.19641491514074,0.350237239534014,-2.05254230525762,-2.13899257284078,-2.0363808097431,-2.16609192979346,112.56
1609,1.90789388378282,1.19453257394589,0.351954973291307,-2.07528933354578,-2.16205707844672,-2.05939252478899,-2.18459394064979,112.63
1610,1.90315152824085,1.19262886497674,0.35366925636326,-2.09692485351887,-2.18368804744446,-2.08121838145087,-2.20199386965265,112.7
1611,1.89836550103488,1.19070497640438,0.355374494529263,-2.11745392438202,-2.20392252518576,-2.10186927931501,-2.21832009471792,112.77
1612,1.89353863186234,1.18876204900271,0.357065629110571,-2.13688575611362,-2.22279836718889,-2.1213593489814,-2.23360393968151,112.84
1613,1.88867374996285,1.18680121087624,0.358738196464647,-2.15523403085167,-2.24035739400256,-2.13970506772728,-2.2478800113161,112.91
1614,1.88377362080877,1.18482358244391,0.360388327556882,-2.17251673258294,-2.25664595295282,-2.15692490761025,-2.26118595340095,112.98
1615,1.87884088348222,1.18283019148315,0.362012747865715,-2.18875599638067,-2.27171736908724,-2.17303963606636,-2.27356179774778,113.05
1616,1.87387807895193,1.18082197874045,0.363608867954153,-2.20397632204148,-2.28563062798068,-2.18807405094927,-2.28504764782027,113.12
1617,1.86888761876358,1.17879983391449,0.365174784240218,-2.2182012419906,-2.2984457407598,-2.20205702050708,-2.29568267291625,113.19
1618,1.86387181444885,1.17676463190701,0.366709280276227,-2.23145415968962,-2.31022319187435,-2.21502094109537,-2.30550469008592,113.26
1619,1.85883284725845,1.17471723923745,0.368211888746701,-2.24375893522498,-2.32102424914751,-2.22700139438705,-2.31454976141387,113.33
1620,1.85377279852865,1.17265843043026,0.369682773504918,-2.25514229370562,-2.33090960764447,-2.23803682296944,-2.32285177589558,113.4
1621,1.8486936202907,1.17058889488564,0.371122672358674,-2.26563420480327,-2.33993970599335,-2.24816843430072,-2.33044240639903,113.47
1622,1.84359716643679,1.1685092740444,0.372532870514707,-2.27526749663633,-2.34817656362391,-2.25744012171817,-2.33735120039785,113.54
1623,1.83848516405603,1.16642019874661,0.373915144493157,-2.28407712468564,-2.35567955572164,-2.26589822122853,-2.34360544285159,113.61
1624,1.83335924525832,1.16432229668457,0.375271616313557,-2.29210117120394,-2.36250535461551,-2.27359146434104,-2.34923027210355,113.68
1625,1.82822091910358,1.16221610976338,0.376604668359321,-2.29937897106452,-2.36870523670249,-2.28057052435282,-2.35424928900475,113.75
1626,1.82307160395814,1.16010210188426,0.377916768444097,-2.30595183933143,-2.37432312371875,-2.28688598178663,-2.35868659152812,113.82
1627,1.81791259989988,1.15798069696533,0.379210295300649,-2.3118650458922,-2.37939962278859,-2.29258717526595,-2.36256692479125,113.89
1628,1.81274512149758,1.15585231710374,0.380487484799118,-2.31716426666393,-2.38397081163902,-2.29772154577684,-2.36591523982434,113.96
1629,1.80757027058999,1.15371739078368,0.381750406588734,-2.3218946643386,-2.38807043351371,-2.30233417255119,-2.36875632256765,114.03
1630,1.80238906939365,1.151576270947,0.383000941034955,-2.32609871652966,-2.39172861104065,-2.30646749971571,-2.37111467317566,114.1
1631,1.79720243356862,1.14942924344552,0.384240756414748,-2.32981327191474,-2.39496837222035,-2.31016122280654,-2.37301442456656,114.17
1632,1.79201123566233,1.14727656569298,0.385471286336135,-2.33307173080949,-2.39780826212377,-2.31345221403236,-2.37447917942436,114.24
1633,1.78681636865165,1.14511850542378,0.386693707351945,-2.33590178160616,-2.40026108084162,-2.31637445548203,-2.37553197583233,114.31
1634,1.78161871930411,1.14295534946597,0.387908916741973,-2.33832973467348,-2.40233822498528,-2.3189589796113,-2.37619538111194,114.38
1635,1.77641920178081,1.14078732234813,0.389117510442363,-2.34038110302979,-2.40405039556575,-2.32123381639525,-2.37649150283686,114.45
1636,1.77121870102634,1.13861459526168,0.390319761106089,-2.34207980624231,-2.40540741002485,-2.32322397667429,-2.37644197679026,114.52
1637,1.76601801619247,1.13643732519895,0.391515626371556,-2.34345120226998,-2.4064213004194,-2.32495153136293,-2.37606799164171,114.59
1638,1.76081789434305,1.13425569417611,0.392704847509818,-2.34451977005442,-2.40710529599255,-2.32643566571893,-2.375390440216,114.66
1639,1.75561900398694,1.13206991845041,0.393886988012275,-2.34530529363632,-2.40747085623405,-2.32769291888816,-2.37443010670814,114.73
1640,1.7504219687764,1.1298801675528,0.395061532474301,-2.34582302333177,-2.40752979472601,-2.32873742785169,-2.37320788946629,114.8
1641,1.74522734100805,1.12768657365873,0.396227895343758,-2.34608275887408,-2.40729120356057,-2.32958135600241,-2.37174511914273,114.87
1642,1.74003563526588,1.12548927111848,0.397385399719147,-2.34609299214313,-2.4067613619855,-2.3302351751295,-2.3700637311325,114.94
1643,1.73484730184555,1.12328843605695,0.39853325629572,-2.34586333955617,-2.40594671937664,-2.33070758997629,-2.36818620165107,115.01
1644,1.72966276030155,1.12108429595246,0.399670542471856,-2.34540424097695,-2.40485282162562,-2.33100549632321,-2.36613554793249,115.08
1645,1.72448237275812,1.11887704901605,0.400796181630007,-2.34472937084774,-2.40348805670686,-2.33113397243875,-2.36393536205449,115.15
1646,1.71930647732735,1.11666687389376,0.401908952696649,-2.34385639862907,-2.40186569027729,-2.33109630377389,-2.36160984788718,115.22
1647,1.71413536127691,1.11445396951262,0.40300759017608,-2.34280263821042,-2.40000024965987,-2.33089413107146,-2.3591838908271,115.29
1648,1.70896929429228,1.11223856489187,0.404090824241221,-2.34158422116148,-2.39790686107045,-2.33052808288333,-2.35668270856363,115.36
1649,1.7038085014773,1.1100208387401,0.405157481255021,-2.34021683781202,-2.39560293807285,-2.32999970483233,-2.35412981874539,115.43
1650,1.6986531964392,1.10780092936093,0.406206494306475,-2.33871470613009,-2.39310665475631,-2.32931176709291,-2.35154630178177,115.5
1651,1.69350355410292,1.10557897468832,0.407236883957874,-2.33709441750455,-2.39043761911472,-2.32846803321964,-2.34895066633945,115.57
1652,1.688359743602,1.10335512227371,0.408247739310302,-2.33537664872477,-2.3876190542802,-2.32747330264275,-2.34635883575065,115.64
1653,1.68322190089178,1.10112944904677,0.409238199405133,-2.33358354344965,-2.38467667321531,-2.32633330553438,-2.34378401429691,115.71
1654,1.67809016143288,1.09890197137387,0.410207465065742,-2.33173648657229,-2.38163812776379,-2.32505451013483,-2.34123640299383,115.78
1655,1.67296460250374,1.09667268523728,0.411154901370377,-2.32985505336797,-2.37853327229913,-2.32364378226039,-2.33872279472687,115.85
1656,1.66784518540326,1.09444160644702,0.412080050243988,-2.32795752418308,-2.37539211234812,-2.32210792696484,-2.33624586802903,115.92
1657,1.66273181789294,1.09220878079758,0.41298264344361,-2.3260583007133,-2.37224203230579,-2.32045320249505,-2.33380471385357,115.99
1658,1.65762441652847,1.08997420399373,0.413862706208676,-2.32416622521567,-2.36910752109429,-2.31868504712124,-2.33139822002858,116.06
1659,1.65252287861878,1.08773783187119,0.414720571054473,-2.32228870669782,-2.36601089088626,-2.31680988416811,-2.32902397199627,116.13
1660,1.64742711425298,1.0854996207368,0.415556861883701,-2.32042886663154,-2.36297149116778,-2.31483572558214,-2.32667784494803,116.2
1661,1.64233701804594,1.08325956774099,0.416372478497866,-2.31858680643406,-2.36000645659996,-2.31277208540814,-2.32435392634733,116.27
1662,1.63725250095511,1.08101772119572,0.417168581497335,-2.31675952069183,-2.35712673008219,-2.31062989504854,-2.32204443795043,116.34
1663,1.63217346181954,1.07877410066229,0.41794654746609,-2.31494114103767,-2.35433654457926,-2.30842166083554,-2.31973989813351,116.41
1664,1.62709981897367,1.07652870733478,0.418707834244959,-2.31312670003293,-2.35163470869166,-2.30616111152527,-2.31742979545564,116.48
1665,1.62203148158672,1.07428156454332,0.419453906707456,-2.31131231444754,-2.34901613132772,-2.30386104171741,-2.31510455590743,116.55
1666,1.61696838108012,1.07203272820154,0.420186102661267,-2.30949798609736,-2.34647442795024,-2.30153251016943,-2.31275588552051,116.62
1667,1.61191044227369,1.06978220702241,0.420905589287934,-2.3076885071424,-2.34400404392055,-2.29918452023303,-2.31037651149194,116.69
1668,1.60685761461269,1.06752997302785,0.421613349921282,-2.30589111589605,-2.34160177469793,-2.2968237609859,-2.30796004407946,116.76
1669,1.60180984312621,1.06527600217666,0.422310171055829,-2.30411423569717,-2.33926708123566,-2.29445461951135,-2.30550101957472,116.83
1670,1.59676709946873,1.06302031502338,0.42299662956748,-2.30236615338504,-2.33699912457795,-2.29207934385386,-2.30299506429412,116.9
1671,1.5917293526949,1.06076298732057,0.423673110220057,-2.30065168152725,-2.33479461160636,-2.28969814595703,-2.30043896907164,116.97
1672,1.58669660011897,1.05850407038882,0.424339883534913,-2.29897212978724,-2.33264780590456,-2.28730939498147,-2.29783076459524,117.04
1673,1.58166883790852,1.05624360177956,0.424997033402427,-2.29732650929216,-2.33054984546757,-2.28490978064749,-2.29516985782019,117.11
1674,1.57664609176345,1.05398164605437,0.425644535307893,-2.29570999839473,-2.32848971420325,-2.28249429619289,-2.29245701888039,117.18
1675,1.57162838732939,1.05171830550445,0.426282274556034,-2.29411490511489,-2.32645334711982,-2.2800563719705,-2.2896945193856,117.25
1676,1.56661578069592,1.04945364063369,0.426910064669944,-2.29253075652061,-2.32442541264672,-2.27758797924925,-2.28688624156389,117.32
1677,1.56160832862836,1.04718768093005,0.427527756229667,-2.29094523018663,-2.32239253874073,-2.27507985477558,-2.28403787855893,117.39
1678,1.55660611888284,1.04492046574858,0.428135255627089,-2.28934403239099,-2.32034163453578,-2.27252184623952,-2.28115713554832,117.46
1679,1.55160924025289,1.04265208521789,0.428732513915273,-2.28770894099145,-2.31825779085302,-2.26990364960098,-2.27825335991274,117.53
1680,1.54661781269675,1.04038269108134,0.429319515841635,-2.28602039184238,-2.31612449779613,-2.26721693135222,-2.27533578794965,117.6
1681,1.54163195719296,1.03811241729591,0.429896269065911,-2.28425783933612,-2.31392154619189,-2.26445537580821,-2.27241362735406,117.67
1682,1.53665182567296,1.0358413909127,0.430462763475483,-2.28240420984238,-2.31162982002212,-2.26161265757538,-2.26949800538694,117.74
1683,1.53167757067758,1.03356977306085,0.431018870510338,-2.28044879191163,-2.3092338636187,-2.25868182949415,-2.26660235255939,117.81
1684,1.52670937508558,1.03129776985744,0.431564423199898,-2.27838627687545,-2.30672502211685,-2.2556552536275,-2.26374233487597,117.88
1685,1.52174742156066,1.02902555306461,0.432099266299769,-2.27621459775949,-2.30410181569942,-2.25252480463172,-2.26093602641261,117.95
1686,1.51679192206446,1.02675327101699,0.432623336706697,-2.27393316126029,-2.30136697612058,-2.24928264652376,-2.25820356975269,118.02
1687,1.51184308708135,1.02448108964074,0.433136593628001,-2.27154078081132,-2.29852243931656,-2.245923184744,-2.2555651204474,118.09
1688,1.50690115490219,1.022209203386,0.433639099384,-2.26903559742152,-2.29557071863049,-2.24244366628145,-2.25304041487958,118.16
1689,1.50196636061221,1.01993775589426,0.434131040229907,-2.26641903427321,-2.29251603931417,-2.23884415006609,-2.25064863730896,118.23
1690,1.49703896512975,1.01766685092379,0.434612717283719,-2.26369659413595,-2.28936658820511,-2.23512753969537,-2.24840852556752,118.3
1691,1.49211919385293,1.01539659335487,0.435084567732201,-2.26087718448053,-2.28613745726802,-2.2312996183185,-2.24633838409319,118.37
1692,1.48720717517278,1.0131271000976,0.43554727648491,-2.25797223388015,-2.28285112163332,-2.22736893518738,-2.24445582343755,118.44
1693,1.48230299919998,1.0108584207248,0.436001827829433,-2.25498909348774,-2.27953175106946,-2.22334651368225,-2.24277737635628,118.51
1694,1.47740677635175,1.00859054835445,0.436449617426189,-2.25193491059629,-2.27620704441261,-2.2192454408342,-2.24131789990244,118.58
1695,1.47251857544616,1.00632346060533,0.436892474186102,-2.24881908948834,-2.2729084097576,-2.21508057884847,-2.24009006410326,118.65
1696,1.46763836165307,1.00405713045047,0.437332652181319,-2.24565391821046,-2.26967075359366,-2.21086839839314,-2.23910398712902,118.72
1697,1.46276602456368,1.00179144679324,0.437772822643696,-2.24245703180255,-2.2665331720905,-2.20662675285907,-2.23836692646336,118.79
1698,1.45790134594069,0.999526225293174,0.438216035922672,-2.2392499950862,-2.26353609092016,-2.20237477382083,-2.23788308606875,118.86
1699,1.45304405758969,0.997261249268084,0.438665593178978,-2.2360523427682,-2.26071431133836,-2.19813291746428,-2.23765347924107,118.93
1700,1.44819389909261,0.994996310587928,0.439125008285819,-2.23288085499649,-2.25809649251834,-2.19392304128445,-2.23767593734116,119.0
1701,1.44335058514434,0.992731220476491,0.439597999702613,-2.2297491336322,-2.25570541301919,-2.1897684805964,-2.23794520420953,119.07
1702,1.43851383293636,0.990465730049176,0.440088452082424,-2.22667027709399,-2.25355997367761,-2.18569409437669,-2.23845281542585,119.14
1703,1.43368332924124,0.988199541116876,0.440600257282951,-2.22366009606503,-2.25167602299703,-2.18172621983841,-2.2391869731226,119.21
1704,1.42885875755425,0.985932347084931,0.44113715506225,-2.22073783095666,-2.25006630556755,-2.17789217423869,-2.24013334922524,119.28
1705,1.42403976494677,0.983663843777007,0.441702663652627,-2.21792659733257,-2.24874380568702,-2.17421813002361,-2.24127796066288,119.35
1706,1.41922598898808,0.981393650013954,0.442299979794463,-2.21525097140083,-2.24771741366233,-2.17072834150782,-2.24260760364158,119.42
1707,1.4144170243911,0.979121318479682,0.442932058780852,-2.21273412218137,-2.24699646281509,-2.16744457928578,-2.24410932152963,119.49
1708,1.4096124497395,0.976846376705488,0.443601603665563,-2.21039791991374,-2.24658746842129,-2.16438643386772,-2.24577065168242,119.56
1709,1.40481179395253,0.974568368093032,0.444310933493353,-2.20826268054992,-2.24649311772428,-2.16157119437505,-2.24757941784365,119.63
1710,1.40001456284624,0.972286862896685,0.445061941118221,-2.20634762909582,-2.2467141427487,-2.15901360281865,-2.24952339931342,119.7
1711,1.39522020544856,0.97000137899799,0.445856110480158,-2.20466735766161,-2.24724619287873,-2.15672578452617,-2.25159020806885,119.77
1712,1.39042817051587,0.967711393006568,0.4466946233939,-2.20323213077886,-2.2480838325478,-2.15471717392586,-2.25376722361962,119.84
1713,1.3856379629977,0.96541638152069,0.447578375296244,-2.20205140587859,-2.24922053165001,-2.15299491687203,-2.25604185661183,119.91
1714,1.38084911019623,0.963115862469128,0.44850796010598,-2.20113355829509,-2.2506494327189,-2.15156381662107,-2.25840147947731,119.98
1715,1.37606118806805,0.960809406455883,0.449483684355792,-2.20048509018762,-2.25236396226978,-2.15042648525912,-2.26083338540845,120.05
1716,1.37127378732602,0.958496557941015,0.450505670760749,-2.20010745779207,-2.25435575905915,-2.14958370049429,-2.2633249263254,120.12
1717,1.36648653969963,0.956176846791909,0.451573870691265,-2.19999660171964,-2.25661262728088,-2.14903478723874,-2.26586379997671,120.19
1718,1.36169908401042,0.953849830037678,0.45268804572371,-2.20014286352323,-2.2591138370493,-2.14877784343928,-2.26843824569922,120.26
1719,1.35691109242003,0.951515133747395,0.4538477483573,-2.20053092755222,-2.26183276152616,-2.14880947920289,-2.27103684818154,120.33
1720,1.35212223650649,0.949172464952269,0.455052301901654,-2.2011417138845,-2.26473686193498,-2.14912479135777,-2.27364849102282,120.4
1721,1.34733224361337,0.946821533443068,0.456300779543143,-2.2019522510274,-2.26778926331212,-2.14971718237059,-2.27626209924058,120.47
1722,1.34254095321426,0.944462063974605,0.457591982602322,-2.20294059934648,-2.27095309499808,-2.1505783546742,-2.27886650189385,120.54
1723,1.33774828303444,0.942093838707066,0.45892441799923,-2.20408622763957,-2.27419381257436,-2.15169814955976,-2.28145029467111,120.61
1724,1.33295425537101,0.939716709713581,0.460296274948263,-2.20537303421592,-2.27748121690456,-2.15306471218718,-2.28400191325915,120.68
1725,1.3281589331746,0.937330521382492,0.46170540090966,-2.20678887494718,-2.28078713914281,-2.15466447140554,-2.28650967699677,120.75
1726,1.32336235615534,0.934935123243532,0.463149306918072,-2.20832313305624,-2.28408556199853,-2.15648190450987,-2.2889615623202,120.82
1727,1.31856456717555,0.932530413045258,0.4646252625025,-2.20996729534386,-2.28735493706395,-2.15849959867113,-2.29134524779065,120.89
1728,1.31376557848952,0.93011634991088,0.466130299715916,-2.21171417232392,-2.29057794480741,-2.16069845888089,-2.29364828048249,120.96
1729,1.30896539818077,0.927692877398853,0.467661216587038,-2.21355940303727,-2.29373911885027,-2.16305803263674,-2.29585827369064,121.03
1730,1.30416399644553,0.925259936995521,0.469214670310958,-2.21549973861683,-2.2968256302858,-2.16555647030861,-2.29796283530431,121.1
1731,1.29936136216098,0.92281751186535,0.470787209797552,-2.21752557731946,-2.29982328915904,-2.16817066313431,-2.29994967838675,121.17
1732,1.29455755947553,0.920365640684234,0.472375398076548,-2.21961915435124,-2.30271639852672,-2.17087670967692,-2.3018069442719,121.24
1733,1.28975269415789,0.917904341380706,0.47397596444569,-2.2217554380685,-2.30549064898529,-2.17365059080888,-2.30352370831132,121.31
1734,1.28494694014266,0.915433625310885,0.475585956335931,-2.22390483024098,-2.30813246473138,-2.17646890321376,-2.30509054813289,121.38
1735,1.28014050591933,0.91295354169138,0.477202890952184,-2.22603421073328,-2.31063108974821,-2.17930971201232,-2.30649924188756,121.45
1736,1.27533366111273,0.910464192114343,0.478824876654811,-2.22811023853916,-2.31298052593568,-2.18215454591552,-2.3077406338482,121.52
1737,1.27052670290018,0.907965654968327,0.480450583775379,-2.23010199124793,-2.31517470407429,-2.18498861678549,-2.30880373646263,121.59
1738,1.26571998261129,0.905458000289635,0.482079064900963,-2.231982401958,-2.31720491406148,-2.18780076832325,-2.30967570797629,121.66
1739,1.26091387215431,0.902941334867289,0.483709575090098,-2.23372849419138,-2.319060427257,-2.19058369572936,-2.31034222441944,121.73
1740,1.25610879061352,0.900415817424747,0.485341512388943,-2.23531969319191,-2.32072722626798,-2.19333353390648,-2.31078815592638,121.8
1741,1.25130517066002,0.897881583700986,0.486974358310363,-2.23673644051822,-2.32218989710836,-2.19604770109155,-2.31099954053812,121.87
1742,1.24650348511935,0.895338761954608,0.488607528023856,-2.23796266265799,-2.32343108766384,-2.19872436781818,-2.3109641177731,121.94
1743,1.24170421333721,0.892787518713048,0.490240310792423,-2.23898755076341,-2.32443364765486,-2.20136213713483,-2.31067108414623,122.01
1744,1.23690786768558,0.890228074588969,0.491871840491698,-2.23980605003839,-2.32518177970247,-2.20395963523552,-2.31011088322685,122.08
1745,1.23211495984986,0.887660629985379,0.493501066136527,-2.24041848019921,-2.32566306724198,-2.20651513288036,-2.30927503043122,122.15
1746,1.22732602723848,0.885085381212014,0.495126722430725,-2.24082808359231,-2.32586879201944,-2.20902634807049,-2.30815597272257,122.22
1747,1.22254159915506,0.882502566833876,0.496747330446794,-2.24103785491791,-2.32579329358727,-2.21149055036009,-2.3067471338108,122.29
1748,1.21776222307417,0.879912484072811,0.498361288633874,-2.24105095505472,-2.32543339394072,-2.21390481640771,-2.30504320516375,122.36
1749,1.21298843066035,0.877315415082337,0.499966873654042,-2.24087133910559,-2.32478581134653,-2.21626616602609,-2.30304035198273,122.43
1750,1.20822076387141,0.874711643616884,0.501562211251305,-2.24050417737721,-2.3238480694816,-2.21857154869497,-2.30073627406216,122.5
1751,1.20345974078538,0.872101501914874,0.503145247272204,-2.23995658071234,-2.32261959228878,-2.22081780094169,-2.29813024195326,122.57
1752,1.1987058814925,0.869485387614921,0.504713748959671,-2.23923586200893,-2.32110051739861,-2.22300160473248,-2.29522313856091,122.64
1753,1.19395967369171,0.866863690523691,0.506265396732662,-2.238350689417,-2.31929340321841,-2.22511926640539,-2.29201738583588,122.71
1754,1.18922159833351,0.864236809754757,0.507797785965264,-2.23731185151646,-2.31720048827775,-2.22716589497728,-2.28851645566943,122.78
1755,1.18449209494908,0.861605170968204,0.509308398982614,-2.23612757958008,-2.31482149735357,-2.2291349727888,-2.28472459679024,122.85
1756,1.17977158700829,0.858969153440591,0.510794577404812,-2.23480230261828,-2.31215437127128,-2.23101846901559,-2.28064701830353,122.92
1757,1.17506044694755,0.85632910748409,0.512253494884373,-2.23333790234156,-2.30919272231403,-2.23280713511031,-2.27629019883009,122.99
1758,1.17035902121081,0.853685402032486,0.513682130285312,-2.23173638479884,-2.30593000440824,-2.23449035047755,-2.27166189992252,123.06
1759,1.16566759494611,0.851038442212125,0.515077241354923,-2.23000381821121,-2.30236236476662,-2.23605612030333,-2.26677121460605,123.13
1760,1.16098641670243,0.848388596715663,0.516435338942913,-2.22814918844423,-2.29848846209877,-2.23749098502931,-2.26162865090426,123.2
1761,1.15631566277063,0.845736215497817,0.517752691914186,-2.22618635587231,-2.29431241944143,-2.23878011247788,-2.25624625018489,123.27
1762,1.15165546151505,0.843081677611009,0.519025422993717,-2.22413225346711,-2.28984211890491,-2.23990742243235,-2.25063780031129,123.34
1763,1.14700585734169,0.840425408998959,0.520249515084248,-2.22200156656681,-2.28508503466939,-2.24085562358855,-2.24481899294289,123.41
1764,1.14236686473921,0.837767810065922,0.521420818389948,-2.21980610798408,-2.28004870480355,-2.24160637378235,-2.23880767517386,123.48
1765,1.13773852212879,0.835109273540407,0.522535148681691,-2.21755648117187,-2.27474214097941,-2.24214059389212,-2.23262413505049,123.55
1766,1.13312085525914,0.832450232450642,0.523588296252258,-2.21526236052707,-2.26917585918876,-2.24243878530816,-2.22629139055659,123.62
1767,1.12851390058476,0.82979117802914,0.524576035900133,-2.21293605223626,-2.26336429226337,-2.24248123096123,-2.21983548169973,123.69
1768,1.12391766827599,0.827132587363031,0.525494228281,-2.21059109144304,-2.2573254390018,-2.24224865192857,-2.21328522370293,123.76
1769,1.11933216521118,0.824474941307831,0.526338862264339,-2.20823939578227,-2.25107970534514,-2.24172425269061,-2.20667027749922,123.83
1770,1.11475735759993,0.821818742392842,0.527106188808309,-2.20588962276464,-2.24465106640291,-2.24089402625729,-2.2000205156988,123.9
1771,1.11019319358808,0.819164442446264,0.527792886249466,-2.20354321053822,-2.23806423053645,-2.23974628227356,-2.19336547998654,123.97
1772,1.10563956549437,0.816512460457496,0.528396226986816,-2.20119550346167,-2.23134535709277,-2.23827109037561,-2.18673362853491,124.04
1773,1.10109633203044,0.813863230492977,0.52891421553192,-2.1988400067578,-2.22452485304256,-2.23645960892299,-2.18015155342769,124.11
1774,1.09656328015539,0.811217219482411,0.52934560771073,-2.1964700536523,-2.21763388365578,-2.23430347981422,-2.17364328793393,124.18
1775,1.09204017700601,0.808574854692061,0.529689901316289,-2.19407487633774,-2.21069850807978,-2.23179462051227,-2.16723003411903,124.25
1776,1.08752682164327,0.805936541403205,0.529947298234731,-2.19164019036881,-2.20373905146803,-2.22892523290483,-2.16093022009688,124.32
1777,1.08302300635598,0.803302710612552,0.530118577878415,-2.18914721496207,-2.19676758240147,-2.22568790879478,-2.15475970601362,124.39
1778,1.07852853796388,0.800673836571727,0.530205062449151,-2.18657389042606,-2.18979119769919,-2.22207589233653,-2.14873222869311,124.46
1779,1.0740431987731,0.798050363982544,0.530208613842196,-2.18389690902185,-2.18281428447858,-2.21808310841085,-2.14285951298958,124.53
1780,1.06956679762607,0.795432725366039,0.530131601991631,-2.18109416850603,-2.17584132389117,-2.21370428802493,-2.13715144073963,124.6
1781,1.06509922078654,0.792821358334039,0.529976784448271,-2.17814806999742,-2.16887665600823,-2.20893504040859,-2.13161615675047,124.67
1782,1.06064039239987,0.790216632492228,0.529747277673889,-2.17504580932868,-2.16192647112655,-2.20377226304154,-2.12626053287378,124.74
1783,1.05619029496934,0.78761886649337,0.529446559826717,-2.17177855772572,-2.15499950714707,-2.19821431802338,-2.12109047852548,124.81
1784,1.05174892949891,0.785028375058498,0.52907847489418,-2.16834022406638,-2.14810726528091,-2.19226112528028,-2.11611106743881,124.88
1785,1.04731633565376,0.782445485784767,0.528647238110075,-2.16472573870574,-2.14126392445062,-2.18591420272524,-2.11132654071899,124.95
1786,1.04289255158761,0.779870465558772,0.528157442586798,-2.16093138635188,-2.13448426926711,-2.17917653302263,-2.10674003566927,125.02
1787,1.03847763378715,0.777303537095983,0.527614067086476,-2.15695553325783,-2.12778324185886,-2.17205264807015,-2.10235364206711,125.09
1788,1.03407161658197,0.774744925425957,0.527022454760369,-2.15279634888242,-2.12117579342806,-2.16454884088095,-2.09816866548267,125.16
1789,1.02967453166985,0.772194874143761,0.526388202591276,-2.14845220863529,-2.11467625298383,-2.1566732039065,-2.09418555602223,125.23
1790,1.02528636730603,0.769653571248035,0.525717172056847,-2.14392080615905,-2.10829907842306,-2.1484357043002,-2.09040398387668,125.3
1791,1.02090711759447,0.767121165087842,0.525015590825035,-2.13919814860142,-2.10205746943473,-2.13984817562478,-2.08682264043868,125.37
1792,1.01653683161806,0.764597810239429,0.52428997458606,-2.13427981185207,-2.09596245960255,-2.13092431608673,-2.08343903578439,125.44
1793,1.01217557214459,0.762083683134635,0.523547109610478,-2.12915976212812,-2.09002236711938,-2.12167981343471,-2.0802495934214,125.51
1794,1.00782343434627,0.75957890726268,0.522794065828043,-2.12382927136012,-2.0842410393546,-2.11213253609932,-2.07724968129475,125.58
1795,1.00348050418078,0.757083568468684,0.522038180129381,-2.1182752344733,-2.07861756893646,-2.10230276020233,-2.07443381981723,125.65
1796,0.999146906870821,0.754597760171206,0.521286949587468,-2.11248158951603,-2.07314468312299,-2.09221319141063,-2.07179561569134,125.72
1797,0.994822855217376,0.752121598321674,0.520547984905351,-2.10643203560467,-2.06781071078094,-2.08188935293519,-2.06932805346401,125.79
1798,0.990508607480986,0.74965514592854,0.519828903604067,-2.10011245431753,-2.06260272008052,-2.07135997821156,-2.06702387413912,125.86
1799,0.986204485266066,0.747198427670612,0.51913728316454,-2.09351462947408,-2.05751049614234,-2.06065737771228,-2.06487580027165,125.93
1800,0.981910831052583,0.744751474422932,0.518480553635212,-2.0866373842272,-2.05252783859487,-2.0498177793711,-2.06287663776151,126.0
1801,0.977628025720317,0.742314337519196,0.51786594991982,-2.07948784350812,-2.04765265352108,-2.03888158185955,-2.06101943500445,126.07
1802,0.973356445708594,0.739887012574664,0.517300403260451,-2.07208215991178,-2.04288583990612,-2.02789370058729,-2.05929763935402,126.14
1803,0.969096480155629,0.737469453395197,0.516790522224175,-2.06444109947058,-2.03822885027608,-2.01690394552038,-2.05770552180901,126.21
1804,0.96484848765973,0.735061585709268,0.516342572805053,-2.05658975405599,-2.03368606341381,-2.0059661362337,-2.05623850899082,126.28
1805,0.960612813006371,0.732663230460624,0.515962367259098,-2.04855954468282,-2.02926399587282,-1.99513318523078,-2.05489345260091,126.35
1806,0.956389743503727,0.730274117189448,0.515655211998017,-2.04038866402941,-2.02497318923009,-1.98445512892501,-2.05366805415931,126.42
1807,0.952179525271436,0.727893927329796,0.515425794086082,-2.03212342479777,-2.02082895181413,-1.97397857085938,-2.05256025745123,126.49
1808,0.947982319126504,0.725522307252622,0.515278186770977,-2.02381563901012,-2.01685125559292,-1.96374597170173,-2.05156760872512,126.56
1809,0.943798216412903,0.723158790884651,0.515215973964029,-2.01551455311482,-2.01306237382303,-1.95379544710605,-2.05068691564603,126.63
1810,0.939627194421031,0.720802812436049,0.515242313069554,-2.00726245457002,-2.00948328208863,-1.94416155407755,-2.04991471654095,126.7
1811,0.935469161834127,0.718453749069814,0.515360086537073,-1.99909094025712,-2.00613240277811,-1.93487622269484,-2.04924786797472,126.77
1812,0.93132400393875,0.71611096343526,0.515572051815726,-1.99102287062091,-2.00302428560554,-1.92597007326428,-2.04868455159444,126.84
1813,0.927191537337681,0.713773815988991,0.515880869307589,-1.98307678957427,-2.00017147332226,-1.91747324578236,-2.0482248879277,126.91
1814,0.923071554693758,0.711441586939397,0.516289098533131,-1.97527013903965,-1.99758407638529,-1.90941580132617,-2.04787109699016,126.98
1815,0.918963869244677,0.70911348835276,0.516799192548551,-1.96761822892322,-1.99527069697159,-1.90182760456364,-2.04762729596298,127.05
1816,0.914868268829216,0.706788706258493,0.517413460481053,-1.96013663457831,-1.99323949864392,-1.89473846912172,-2.04749944539183,127.12
1817,0.910784529866951,0.704466442679903,0.518133937962503,-1.95284160568515,-1.99149523931696,-1.88817805378185,-2.04749523321937,127.19
1818,0.906712370944433,0.702145927517301,0.518962345946404,-1.94575330029952,-1.99004150431496,-1.88217517799983,-2.04762344522799,127.26
1819,0.902651466362818,0.699826340122411,0.519900077696234,-1.93889429174976,-1.98888224223537,-1.87675700753259,-2.04789318280878,127.33
1820,0.898601399301161,0.697506821104529,0.520948183826289,-1.93229231416296,-1.98802561232113,-1.87194868132069,-2.04831343939148,127.4
1821,0.894561705039965,0.695186514207762,0.522107355370007,-1.92598005523978,-1.98748430624095,-1.86777310834768,-2.0488928849339,127.47
1822,0.890531913989228,0.692864578099309,0.523377904856798,-1.9199962983216,-1.98727529272613,-1.86425090393548,-2.04963964769509,127.54
1823,0.886511504266089,0.69054010790876,0.524759715297324,-1.91438522385834,-1.98741838308098,-1.86139998365903,-2.05056094269772,127.61
1824,0.882499914269295,0.688212147060154,0.526252126983897,-1.90919164308754,-1.9879324137561,-1.85923496494761,-2.05166257682185,127.68
1825,0.878496494908988,0.685879729237667,0.527854002810301,-1.90445827094851,-1.98883563484883,-1.85776679727922,-2.05294863127843,127.75
1826,0.874500551940694,0.683541890326614,0.529563731421016,-1.90022266050123,-1.99014281234781,-1.85700304193394,-2.05442156206052,127.82
1827,0.870511388151951,0.681197590171756,0.531379198297951,-1.89651819089462,-1.99186415871274,-1.85694825952787,-2.056082417421,127.89
1828,0.866528255150809,0.678845724696851,0.533297754901725,-1.89337104469504,-1.99400196950888,-1.85760387334874,-2.05793075110368,127.96
1829,0.862550395295276,0.676485168228767,0.535316215993393,-1.89080204985825,-1.99655260820249,-1.85896808007738,-2.05996453218639,128.03
1830,0.858577083513902,0.67411481595823,0.537430945359918,-1.88882658604256,-1.99950800205233,-1.86103577778223,-2.0621800515444,128.1
1831,0.854607578767927,0.671733626557397,0.539637879562017,-1.88745664681687,-2.00285746152686,-1.86379875192111,-2.06457209576052,128.17
1832,0.850641135606803,0.669340634886375,0.541932610120829,-1.88670006291833,-2.00658846943985,-1.86724578847721,-2.06713402749561,128.24
1833,0.846676955479569,0.666934874631977,0.54431037377793,-1.88655956415293,-2.01068637981976,-1.8713631055174,-2.06985810337865,128.31
1834,0.842714228254272,0.664515391422712,0.546766041171452,-1.88703312401045,-2.0151326957747,-1.87613489275988,-2.07273596935922,128.38
1835,0.838752173696563,0.662081286261955,0.549294194277507,-1.8881152559788,-2.01990656013142,-1.88154356825834,-2.0757587920823,128.45
1836,0.834789992658827,0.659631729120976,0.551889112182955,-1.88979887045027,-2.02498488584444,-1.88757002327654,-2.0789174175758,128.52
1837,0.830826908520377,0.657165882532557,0.554544755550513,-1.89207344994426,-2.03034257076188,-1.8941934645294,-2.08220234679594,128.59
1838,0.82686220862987,0.654682915726757,0.557254840142703,-1.89492559041198,-2.03595129277821,-1.90139157624168,-2.08560397951149,128.66
1839,0.822895195500668,0.652182049148419,0.560012818987136,-1.89833883986369,-2.04178082732193,-1.9091404909078,-2.08911261520651,128.73
1840,0.818925228298482,0.649662599283608,0.562811863559767,-1.90229418850858,-2.04779735154528,-1.9174150204714,-2.09271863240282,128.8
1841,0.814951764370611,0.647123993721166,0.565644934367544,-1.90677012754468,-2.05396625769627,-1.92618842624967,-2.0964122749103,128.87
1842,0.810974310565054,0.644565696286264,0.568504760527182,-1.91174594764368,-2.060252014521,-1.93543269086482,-2.10018391772303,128.94
1843,0.806992434788032,0.641987222782803,0.571383788642658,-1.91720346347391,-2.06662139574244,-1.94511817941899,-2.10402391010512,129.01
1844,0.803005717457919,0.639388187178869,0.574274131200555,-1.92312716463018,-2.07304183221225,-1.95521344261241,-2.10792250753167,129.08
1845,0.799013763214402,0.636768318068411,0.577167514619755,-1.92950387645619,-2.07948204921768,-1.96568480128781,-2.1118695616944,129.15
1846,0.795016152539541,0.634127385240614,0.580055257185756,-1.93632150981236,-2.0859112586523,-1.97649598375914,-2.11585426962586,129.22
1847,0.791012483736579,0.631465216888403,0.5829283371945,-1.94356741152221,-2.09229750837217,-1.98760784662218,-2.11986504230183,129.29
1848,0.787002415010828,0.628781747284744,0.585777401023592,-1.95122619536916,-2.09860988298212,-1.99897808943873,-2.12388943274173,129.36
1849,0.782985616396582,0.62607703475427,0.588592861732391,-1.95927979186169,-2.10481995320163,-2.01056168610772,-2.12791460521997,129.43
1850,0.778961781974961,0.623351189765914,0.591365028184061,-1.96770484283343,-2.11090262480238,-2.02231146201853,-2.13192795467133,129.5
1851,0.774930582037743,0.620604393672041,0.594084234774579,-1.97647475252835,-2.1168362973651,-2.03417920893814,-2.13591808713405,129.57
1852,0.77089170564143,0.617836917828857,0.596740971943238,-1.98556007716536,-2.12260305541357,-2.04611649602432,-2.13987552961336,129.64
1853,0.766844903294241,0.615049052831605,0.599326017638725,-1.99493128521581,-2.12819135950797,-2.05807532827111,-2.14379325983191,129.71
1854,0.762789939518322,0.612241128386205,0.60183053982438,-2.00456154207473,-2.13359515989377,-2.07000862317135,-2.14766723656307,129.78
1855,0.758726605730462,0.609413533548837,0.604246140101039,-2.01442666131753,-2.13881388589946,-2.08187038611023,-2.15149659970722,129.85
1856,0.754654673094597,0.606566647064319,0.606565079308583,-2.02450017706158,-2.1438534014557,-2.09361585612905,-2.15528387114834,129.92
1857,0.750573905700935,0.603700858322773,0.608780444555284,-2.03475217305984,-2.14872515867285,-2.1052021644676,-2.15903548737072,129.99
1858,0.746484013724885,0.60081661875225,0.610886287901984,-2.04514540014786,-2.15344379007569,-2.11658926598992,-2.16276164080619,130.06
1859,0.742384697008804,0.597914463464685,0.612877766913128,-2.05563828057858,-2.15802687017273,-2.12774168584312,-2.16647389532259,130.13
1860,0.738275688808492,0.594994942971513,0.614751257093938,-2.06618592403115,-2.16249037723717,-2.13862837417246,-2.17018397558871,130.2
1861,0.734156709446569,0.592058645485845,0.616504346037567,-2.07674228516399,-2.16684689552215,-2.14922217391933,-2.17390321861956,130.27
1862,0.730027510404007,0.589106219537993,0.618135769523219,-2.08726003351599,-2.17110649745188,-2.15949950401864,-2.17764235632696,130.34
1863,0.725887918591589,0.586138306630557,0.619645259521221,-2.09769457535959,-2.17527834985698,-2.16943992752209,-2.18141117755564,130.41
1864,0.721737790542444,0.583155564447816,0.621033484654623,-2.10800380378644,-2.17936991494462,-2.17902569533742,-2.18521803932445,130.48
1865,0.717577026967574,0.580158690344678,0.622302022946904,-2.11814709809474,-2.1833858519807,-2.18824078455016,-2.18906886604475,130.55
1866,0.713405527326008,0.577148354840046,0.623453306668388,-2.12808739438169,-2.18733056104388,-2.19707078559904,-2.19296711086649,130.62
1867,0.709223234850121,0.57412522562855,0.624490479077609,-2.13779073175239,-2.19120771937375,-2.20550291648901,-2.19691389676424,130.69
1868,0.705030181764624,0.57108999183529,0.625417313452713,-2.14722896139459,-2.19502072163866,-2.21352598377584,-2.20090818686202,130.76
1869,0.700826444436978,0.56804329823833,0.626238074005517,-2.15638221921185,-2.19877429484483,-2.22113065160572,-2.20494719459003,130.83
1870,0.696612158897368,0.564985769972989,0.626957469049183,-2.16523661927041,-2.20247424896111,-2.22830968804621,-2.20902682307685,130.9
1871,0.692387476375944,0.561918037443086,0.627580636167144,-2.17378288509175,-2.20612966571856,-2.23505809861317,-2.21314192321195,130.97
1872,0.688152579205861,0.55884067116459,0.628113099122979,-2.18201546773009,-2.20975189906992,-2.2413729665977,-2.21728628018856,131.04
1873,0.683907636738498,0.555754207056835,0.628560636243089,-2.18992968361172,-2.21335011635856,-2.24725345159902,-2.22145259940945,131.11
1874,0.679652821618542,0.552659171907743,0.628929240699229,-2.19752294996434,-2.21693373018072,-2.25270082596578,-2.22563264230637,131.18
1875,0.675388266064979,0.549556018740162,0.62922511241127,-2.20479527379461,-2.22051173164553,-2.25771842880937,-2.22981718123952,131.25
1876,0.67111410859359,0.546445152596321,0.629454651374258,-2.21174616621314,-2.22409352828589,-2.26231165791757,-2.233996194854,131.32
1877,0.666830540915255,0.54332698655668,0.629624452297901,-2.21837520316898,-2.22768939092904,-2.26648775880658,-2.23815861204172,131.39
1878,0.662537764744295,0.540201967810296,0.629741300442936,-2.22468072654786,-2.23130548470653,-2.27025565151609,-2.24229211618164,131.46
1879,0.658236008952096,0.537070513593699,0.629812138447636,-2.23065906257584,-2.23494278113849,-2.27362606580695,-2.24638331073601,131.53
1880,0.653925486711452,0.533933037516735,0.629843943846643,-2.23630302396399,-2.23859461592081,-2.27661159345929,-2.25041788537177,131.6
1881,0.649606443066208,0.530789976004586,0.629843667595715,-2.24160095954918,-2.24224942144035,-2.27922683800395,-2.25438078284858,131.67
1882,0.645279202659084,0.527641724585281,0.629818113125761,-2.24654038331794,-2.24589099184944,-2.28148836078179,-2.25825615631709,131.74
1883,0.640944127349914,0.524488664541316,0.629773906239642,-2.25110890178483,-2.24950106485505,-2.28341484429589,-2.26202762879089,131.81
1884,0.636601634157209,0.521331189655019,0.629717465465845,-2.25529701328114,-2.25306042945484,-2.2850271415921,-2.26567834358588,131.88
1885,0.63225215316553,0.518169642777509,0.629654882486338,-2.25910046261511,-2.25655087670093,-2.2863478502778,-2.26919149804044,131.95
1886,0.627896145742191,0.515004342740682,0.62959189304943,-2.26252037609214,-2.25995648944606,-2.28739920729509,-2.2725522333627,132.02
1887,0.623534062704566,0.511835611342768,0.6295338780823,-2.26556156811234,-2.2632630077131,-2.28820228273087,-2.27574802256935,132.09
1888,0.619166362780706,0.508663710138492,0.629485864811937,-2.26823419441769,-2.26646035480153,-2.28877678024748,-2.27876848950236,132.16
1889,0.61479347100414,0.505488867554494,0.629452527797326,-2.2705536068968,-2.26954338999483,-2.28914099243794,-2.28160532108004,132.23
1890,0.610415797385649,0.502311306062096,0.629438159694443,-2.27253789827312,-2.27250799962735,-2.28931173022439,-2.28425218270701,132.3
1891,0.606033695503349,0.499131179140015,0.629446581581993,-2.27420801061768,-2.27535206442225,-2.28930407553067,-2.28670451664232,132.37
1892,0.601647511442453,0.495948598549533,0.629481203384739,-2.27558715788549,-2.27807585729463,-2.28913131797932,-2.28895934379179,132.44
1893,0.597257632814962,0.492763661656095,0.629544933448042,-2.27670010367815,-2.28068009648158,-2.288804924902,-2.29101518935817,132.51
1894,0.592864447589797,0.489576388532099,0.629640177904102,-2.27757298583356,-2.28316770163152,-2.2883344240729,-2.29287204214004,132.58
1895,0.588468363165053,0.486386749365602,0.629768989952816,-2.27822995651882,-2.28554392730837,-2.28772743965999,-2.29453134750604,132.65
1896,0.584069765324456,0.483194721999089,0.629933218574783,-2.27868997710146,-2.28781448271704,-2.28699000157307,-2.2959961543959,132.72
1897,0.579669037421643,0.480000319423188,0.630134536288067,-2.27896819026751,-2.28998708343826,-2.28612694754367,-2.29727138623352,132.79
1898,0.575266519434408,0.476803527050256,0.630374436178399,-2.27907693465374,-2.29206831138077,-2.28514283905474,-2.29836348350368,132.86
1899,0.570862557320676,0.473604330294073,0.630654228260381,-2.27902601057755,-2.29405963404913,-2.28404348129329,-2.29927887632538,132.93
1900,0.566457552406778,0.470402742192681,0.630975035142712,-2.2788219860268,-2.29595757758166,-2.28283437633728,-2.30002549919096,133.0
1901,0.562051920538477,0.467198740811393,0.631337786973834,-2.27847081519101,-2.29775636861937,-2.28152017131869,-2.30061325582048,133.07
1902,0.557646111426197,0.463992296952225,0.631743245735433,-2.27797702975811,-2.29945265392006,-2.28010449971075,-2.30105391539028,133.14
1903,0.553240567826055,0.460783401906921,0.632192119042405,-2.27734284260886,-2.30104540772005,-2.27859066697172,-2.30136065057118,133.21
1904,0.548835744899527,0.457572004990855,0.632685082908854,-2.27657068409269,-2.30253502857102,-2.27698366188096,-2.30154589330576,133.28
1905,0.544432069392871,0.454358041384463,0.633222773642704,-2.27566435680251,-2.30392349111169,-2.27529063516842,-2.30162075756688,133.35
1906,0.540029958979036,0.451141460019882,0.633805748856774,-2.27463302108165,-2.30521489083703,-2.27352083824061,-2.30159494571697,133.42
1907,0.535629781403466,0.44792216125073,0.634434357409492,-2.27349232460358,-2.3064134031433,-2.27168526257604,-2.30147737896948,133.49
1908,0.531231873777231,0.444700024832444,0.635108698791889,-2.27226237497818,-2.30752548649353,-2.26979477611526,-2.30127836414372,133.56
1909,0.526836501659926,0.441474937951737,0.63582861177926,-2.27096502230138,-2.30856067313026,-2.26785967496169,-2.30101004707211,133.63
1910,0.522443908364949,0.438246733044101,0.636593692345725,-2.2696194283108,-2.30952787826906,-2.2658902289701,-2.30068599492828,133.7
1911,0.518054364219088,0.4350152159279,0.637403401020013,-2.26824338352066,-2.31043697603295,-2.26389873252656,-2.30031915506513,133.77
1912,0.5136681255087,0.431780193994822,0.638257049075359,-2.26685519689831,-2.31129821029548,-2.26189993120548,-2.29992119889609,133.84
1913,0.509285453546327,0.428541414196981,0.63915369365104,-2.26547248705395,-2.31211820665929,-2.25991105767702,-2.29950243821927,133.91
1914,0.504906573502173,0.425298591360607,0.640092212607787,-2.26411088338835,-2.31290278513433,-2.25795195800201,-2.29907198280915,133.98
1915,0.500531693346762,0.422051466655406,0.641071318432078,-2.26278504390213,-2.3136569754049,-2.25604500712577,-2.29863756742261,134.05
1916,0.496160962549738,0.418799836049107,0.642089541297285,-2.2615091912234,-2.31438458142276,-2.25421499373907,-2.29820546928337,134.12
1917,0.491794490882079,0.415543488576346,0.643145181304925,-2.26029818957005,-2.31508828813146,-2.25248807147115,-2.29778054599312,134.19
1918,0.487432306968077,0.412282234952066,0.64423619984503,-2.25916762791296,-2.31576835455114,-2.25088745921603,-2.29736672472096,134.26
1919,0.483074407023842,0.409015936270013,0.645360290808347,-2.25812857643997,-2.3164239550213,-2.24943208820302,-2.29696691959941,134.33
1920,0.478720803518491,0.405744442526481,0.646514890985249,-2.25718739631817,-2.317051812979,-2.24813714232628,-2.29658346041423,134.4
1921,0.4743714834948,0.402467621498341,0.647697189868357,-2.25634813536221,-2.31764540685266,-2.24701432507412,-2.29621831042904,134.47
1922,0.470026426987794,0.39918538771478,0.648904199080592,-2.25561374852163,-2.31819661357176,-2.24607182269559,-2.29587301312638,134.54
1923,0.465685565190611,0.395897641261929,0.650132670865115,-2.25498638381232,-2.31869491559467,-2.24531435453332,-2.29554872888272,134.61
1924,0.461348828806693,0.392604296948402,0.651379166568566,-2.25446667346248,-2.31912919625268,-2.24474303958542,-2.29524609075989,134.68
1925,0.45701619632625,0.389305313570304,0.652640064561984,-2.2540545275169,-2.31948782105098,-2.2443555907027,-2.29496539088369,134.75
1926,0.452687651964957,0.386000633014019,0.653911567836889,-2.25375073786855,-2.31976154837252,-2.24414641517243,-2.29470667616956,134.82
1927,0.448363203703975,0.382690209723984,0.655189801605061,-2.25355668481933,-2.31994508759308,-2.2441068323437,-2.29446993391615,134.89
1928,0.444042841080672,0.379374040273299,0.656470850531656,-2.25347449299867,-2.32003655257677,-2.24422549865778,-2.294255397353,134.96
1929,0.439726553080878,0.376052102774702,0.657750856022381,-2.2535050490709,-2.320036525649,-2.244488709274,-2.29406379061547,135.03
1930,0.435414285781974,0.372724386658511,0.659026023196515,-2.25364800321629,-2.31994787541729,-2.24488084728454,-2.29389663349263,135.1
1931,0.43110596009795,0.369390922554644,0.660292627878583,-2.2539034234051,-2.31977647886833,-2.24538477015011,-2.29375648558352,135.17
1932,0.426801429276554,0.366051722015683,0.661547113940314,-2.25427311667629,-2.31953125303841,-2.24598213363737,-2.29364722009649,135.24
1933,0.422500526588623,0.362706807606919,0.66278613062123,-2.25476020329303,-2.31922584299304,-2.24665362347867,-2.2935741467185,135.31
1934,0.418203112948983,0.359356243099928,0.664006630242831,-2.25536661277866,-2.31887700147601,-2.24737927561116,-2.29354428436113,135.38
1935,0.413909034208591,0.356000073506001,0.665205906025693,-2.25608841152122,-2.31849935910928,-2.24813882516726,-2.29356657307266,135.45
1936,0.409618138559193,0.3526383554748,0.666381690415257,-2.2569147989432,-2.31810582178685,-2.24891241554104,-2.29365145332221,135.52
1937,0.40533023370232,0.34927118779416,0.667532193614007,-2.25782860599501,-2.31770610315505,-2.24968229973605,-2.29380854881157,135.59
1938,0.401045134224114,0.345898651726777,0.668656232799452,-2.25880706256874,-2.31730805554744,-2.25043309724284,-2.29404579237006,135.66
1939,0.396762708916122,0.342520841708472,0.669753361796665,-2.25982322528068,-2.31692014437007,-2.2511515394851,-2.29436900186661,135.73
1940,0.392482837782144,0.339137896143348,0.670823850787766,-2.2608493598009,-2.31655007122675,-2.25182603507756,-2.29478130424272,135.8
1941,0.388205429172196,0.33574993803085,0.671868546154164,-2.26185698276772,-2.31620189247766,-2.25244647636487,-2.29528291905425,135.87
1942,0.383930376694854,0.33235710594875,0.672888821061146,-2.26281976185778,-2.31587858336406,-2.25300431753866,-2.29587127137846,135.94
1943,0.379657606348326,0.328959585126568,0.673886556594249,-2.26371485162237,-2.31558168323224,-2.25349265372588,-2.29654119338036,136.01
1944,0.375387123608909,0.325557548343683,0.67486409324723,-2.26452401950883,-2.31531361811987,-2.2539064817285,-2.29728521458409,136.08
1945,0.371118970214842,0.322151157087569,0.675824062464677,-2.26523546510751,-2.31507848838926,-2.2542429018369,-2.29809376041567,136.15
1946,0.366853241084197,0.318740502618153,0.676769218548388,-2.26584494891304,-2.31488204346652,-2.25450129089415,-2.29895537950193,136.22
1947,0.362590041015112,0.315325637374138,0.67770239123139,-2.26635382379187,-2.31473282940236,-2.25468347675101,-2.29985712024898,136.29
1948,0.358329501517676,0.31190660645642,0.678626468606874,-2.26676779037889,-2.31464011634005,-2.25479388403438,-2.30078463567754,136.36
1949,0.354071737424637,0.308483388924378,0.679544380273279,-2.26709736927728,-2.31461465337425,-2.25483959102048,-2.30172231762596,136.43
1950,0.349816863629562,0.305055929430723,0.680459050555736,-2.26735665995715,-2.31466803835029,-2.25482993648011,-2.30265394198285,136.5
1951,0.345564951599475,0.301624169932035,0.681373261575664,-2.26756140914936,-2.31481121390292,-2.25477450294819,-2.30356472786093,136.57
1952,0.341316046010855,0.298187991212716,0.682289606642478,-2.26772948752075,-2.3150542859334,-2.25468257529026,-2.30444180222674,136.64
1953,0.337070121156836,0.294747244749923,0.683210473741872,-2.26787820811708,-2.31540570862595,-2.25456302132445,-2.3052740631464,136.71
1954,0.332827127563488,0.291301784658365,0.684138028986193,-2.26801959950475,-2.31586719520964,-2.25442426336652,-2.30605213389782,136.78
1955,0.32858703855237,0.287851409454393,0.685074199983849,-2.26816130568144,-2.31643365143373,-2.25427425027516,-2.30676831788665,136.85
1956,0.324349806486925,0.284395894168507,0.686020659088696,-2.26830528972861,-2.31709283628701,-2.25412030949437,-2.30741646427238,136.92
1957,0.320115409229674,0.280935052634384,0.68697880649466,-2.26844753037032,-2.3178274880367,-2.25396902938865,-2.30799192497011,136.99
1958,0.315883896547748,0.277468769782865,0.687949783233158,-2.26857841052632,-2.31861693711718,-2.25382641244088,-2.30849157305147,137.06
1959,0.311655346203886,0.273996943768727,0.688934574223469,-2.268686596089,-2.31943916898244,-2.25369814875467,-2.3089139428041,137.13
1960,0.307429880170685,0.270519518458786,0.689934020828796,-2.26876110964736,-2.32027252492065,-2.25358967878731,-2.30925937115466,137.2
1961,0.303207620615831,0.267036516019948,0.690948772987953,-2.26879063654949,-2.32109358113558,-2.25350619564892,-2.30953002013065,137.27
1962,0.298988706007067,0.263547979344946,0.691979180907609,-2.26876692350371,-2.32188062394819,-2.25345261695724,-2.3097298405303,137.34
1963,0.294773246983801,0.260053974754129,0.693025367005442,-2.26868658333353,-2.32261721547836,-2.25343349606679,-2.30986447676162,137.41
1964,0.290561342343841,0.256554534621652,0.694087237395918,-2.26855196795977,-2.32329284141598,-2.25345311328557,-2.30994135348126,137.48
1965,0.28635303479235,0.253049690363638,0.69516446300416,-2.26837177159825,-2.32390313845693,-2.25351550629505,-2.30996970322936,137.55
1966,0.282148356889959,0.249539505524467,0.696256490485106,-2.26816022079533,-2.3244502732597,-2.25362498127513,-2.30996008361045,137.62
1967,0.277947376935987,0.246024018697374,0.697362643129289,-2.26793211316449,-2.32494028370215,-2.25378812764204,-2.30992236087268,137.69
1968,0.273750154522842,0.242503276804679,0.698482131238626,-2.26770179817834,-2.32538033100363,-2.25401417710478,-2.30986483750797,137.76
1969,0.269556756199158,0.238977368473722,0.699614002072105,-2.26748522720836,-2.32577899173468,-2.25431482016585,-2.30979401220621,137.83
1970,0.265367210889623,0.235446367244371,0.700756999288075,-2.26730413982766,-2.32614634011032,-2.2547040816544,-2.30971449061109,137.9
1971,0.261181525421335,0.231910335045292,0.701909512427051,-2.2671855862517,-2.32649439207871,-2.25519735244961,-2.30962931754964,137.97
1972,0.256999639805212,0.228369265586743,0.703069586370177,-2.26716000491202,-2.32683712874108,-2.25580714003878,-2.30954048994992,138.04
1973,0.252821472711097,0.224823118107564,0.704235020890088,-2.26725469546977,-2.32718696976325,-2.25654185606608,-2.30944901854806,138.11
1974,0.248646966874323,0.221271851213203,0.705403379802863,-2.26749062989709,-2.32755070530889,-2.25740610617615,-2.3093551401028,138.18
1975,0.244476044171918,0.217715366542251,0.706572000023916,-2.26788178877486,-2.32793096400174,-2.25840085726305,-2.30925843939696,138.25
1976,0.240308620808224,0.214153542788745,0.707738120922646,-2.26843473576322,-2.32832665766712,-2.25952381300566,-2.30915812172292,138.32
1977,0.23614456226039,0.210586299906427,0.708899013672676,-2.26914710613448,-2.32873592306707,-2.26076981714478,-2.30905334559563,138.39
1978,0.231983728424027,0.207013633321564,0.710051990296227,-2.2700116887279,-2.32915557318363,-2.26213176594568,-2.30894388649594,138.46
1979,0.227826018698118,0.203435557980202,0.711194382715042,-2.27101869977788,-2.32957859255944,-2.2636010069539,-2.30883040955229,138.53
1980,0.223671326748454,0.199852112668724,0.712323521944141,-2.27215928759858,-2.32999722877815,-2.26516722417128,-2.30871447151465,138.6
1981,0.219519555390103,0.196263304256523,0.713436747564396,-2.27342695864185,-2.33040641485115,-2.26681829121254,-2.30859843253532,138.67
1982,0.215370571239961,0.192669142298886,0.714531507697466,-2.27481457824199,-2.33080358114897,-2.268540393506,-2.30848557860563,138.74
1983,0.211224219492103,0.189069673736676,0.715605369004547,-2.27631606275239,-2.33119033293443,-2.27031832949391,-2.30838033425494,138.81
1984,0.207080278467465,0.185464927429405,0.716655996930389,-2.27792761819785,-2.33157145029318,-2.27213581055467,-2.30828853536409,138.88
1985,0.202938504379343,0.181854949047298,0.717681166412025,-2.27964473449607,-2.33195012727778,-2.273975579394,-2.3082174912232,138.95
1986,0.198798676055451,0.178239836058598,0.718678863269737,-2.28146326962397,-2.33233118440388,-2.27581931711109,-2.30817601625466,139.02
1987,0.194660549357628,0.174619682548002,0.719647295793826,-2.28337920801772,-2.3327210617996,-2.27764773039197,-2.30817455161997,139.09
1988,0.190523871741941,0.170994584303251,0.720584876738958,-2.28538904898347,-2.33312850432461,-2.27944069880948,-2.30822522611253,139.16
1989,0.186388336612628,0.167364583817249,0.721490235933896,-2.28749205878688,-2.33356663055816,-2.28117790380604,-2.30834146500721,139.23
1990,0.182253627913229,0.163729705642789,0.722362293622982,-2.28968689463552,-2.33404859277256,-2.28284087243958,-2.30853597322797,139.3
1991,0.178119464697104,0.160089991835817,0.723200183949825,-2.2919700322444,-2.33458422924753,-2.28441345756923,-2.30882022171999,139.37
1992,0.173985555419782,0.156445447223547,0.724003329480133,-2.29433377052224,-2.3351795741363,-2.28588177779523,-2.30920441381607,139.44
1993,0.169851642484635,0.152796075023138,0.724771456165045,-2.29676206836046,-2.33583242488316,-2.2872340687605,-2.30969735972355,139.51
1994,0.16571754678388,0.149141912547585,0.725504578843063,-2.29923390192204,-2.33653567121931,-2.28846062659131,-2.31030643947447,139.58
1995,0.161583121976244,0.145482976735503,0.726202987373295,-2.30172613937634,-2.33727984085478,-2.28955378351401,-2.31103759400442,139.65
1996,0.15744826894328,0.141819300030609,0.726867233399796,-2.30421629450354,-2.33805675751322,-2.29050788573557,-2.31189528405136,139.72
1997,0.153312890076029,0.138150966347317,0.727498117741799,-2.3066838357182,-2.33886097173278,-2.29131924363847,-2.3128823265044,139.79
1998,0.149176903744853,0.134478056858623,0.728096678399904,-2.30910794477368,-2.33968667790978,-2.29198599421688,-2.31399972847316,139.86
1999,0.145040198603278,0.130800686131209,0.728664179163845,-2.31146948815632,-2.34052748918394,-2.29250805634739,-2.31524666946603,139.93
2000,0.140902678166051,0.127119038343072,0.729202098803084,-2.31375037162714,-2.34137642255143,-2.29288714884038,-2.31662060157145,140.0
2001,0.136764305400114,0.123433313318301,0.729712120817487,-2.31593142159154,-2.34222504125091,-2.29312687127342,-2.31811725704274,140.07
2002,0.132625057066978,0.119743732814473,0.73019612372139,-2.31799601468278,-2.34306677920023,-2.29323260687367,-2.31973062350784,140.14
2003,0.128484938255874,0.116050486708145,0.730656141742983,-2.31993154282431,-2.34389587262625,-2.29321151817401,-2.32145294705658,140.21
2004,0.124343936757178,0.112353769513198,0.731094265817512,-2.32172955652263,-2.34470854839533,-2.29307269552135,-2.32327485357706,140.28
2005,0.120202037627061,0.10865381696535,0.731512695451892,-2.32338618126718,-2.34550619835567,-2.2928272777808,-2.32518540795458,140.35
2006,0.11605917759262,0.104950852406036,0.731913640545632,-2.3249049133287,-2.34629367974981,-2.2924883946329,-2.32717193077568,140.42
2007,0.111915289736532,0.101245093400179,0.732299253654999,-2.32629418282474,-2.34707635220396,-2.29207074973642,-2.32922065589335,140.49
2008,0.107770348199062,0.097536698232917,0.732671502397542,-2.32756855987367,-2.34786259086409,-2.29158858083697,-2.33131877065909,140.56
2009,0.103624322635349,0.0938258027201087,0.733032132397127,-2.32874794719017,-2.34866371206603,-2.29105500533391,-2.33345474002924,140.63
2010,0.0994771928671521,0.0901125570664923,0.733382660558616,-2.32985187044056,-2.34948974682705,-2.29048184841902,-2.33561811828455,140.7
2011,0.0953289033787116,0.0863970725057911,0.733724398640697,-2.33089407119123,-2.35034644766912,-2.28987953232245,-2.33779951050179,140.77
2012,0.0911794080958009,0.0826794582465115,0.734058567274862,-2.33188215597366,-2.3512348223737,-2.28925720697923,-2.33999065387818,140.84
2013,0.0870287151856932,0.0789598584581759,0.734386319880181,-2.33281598279798,-2.35214820000423,-2.28862291131375,-2.34218440846415,140.91
2014,0.0828768416155596,0.0752383990327226,0.734708736627208,-2.33369155471933,-2.35307639708171,-2.28798361453788,-2.34437471762887,140.98
2015,0.0787238279079158,0.071515224644979,0.735026818517937,-2.3345013640445,-2.35400672410887,-2.28734525766845,-2.34655659856317,141.05
2016,0.0745696927418637,0.0677905358466393,0.735341481562314,-2.3352403339166,-2.35492860236081,-2.2867128553135,-2.34872619301685,141.12
2017,0.0704144778381493,0.064064535927886,0.735653551033271,-2.33590679660583,-2.35583444975346,-2.28609041691807,-2.35088063765844,141.19
2018,0.0662582928643792,0.060337437981765,0.735963755783744,-2.33650049438469,-2.35671849080307,-2.28548095816865,-2.35301802491689,141.26
2019,0.0621012700963838,0.056609411816777,0.736272722610806,-2.33702473381316,-2.35757761283452,-2.28488660248391,-2.35513745435715,141.33
2020,0.0579435792724537,0.0528806211525703,0.736580970653767,-2.3374868263267,-2.35841147038225,-2.28430850174754,-2.35723890383416,141.4
2021,0.0537853822871592,0.0491512608324181,0.736888905814952,-2.33789461866268,-2.35921970161177,-2.28374681694667,-2.35932316114399,141.47
2022,0.0496268480726747,0.0454215037862299,0.737196815193786,-2.33825657475787,-2.36000236458315,-2.28320069851997,-2.36139178608474,141.54
2023,0.0454681073137984,0.0416915081793667,0.737504861526896,-2.33858351344904,-2.36076263055495,-2.28266820623688,-2.36344707282555,141.61
2024,0.0413092673446033,0.0379613643932143,0.737813077629041,-2.33888562322191,-2.36150478405603,-2.28214640932557,-2.36549201255553,141.68
2025,0.0371503668734587,0.0342311322734351,0.738121390919689,-2.33917305803275,-2.36223466046365,-2.28163145626996,-2.36753028645919,141.75
2026,0.0329914209731895,0.0305008783809711,0.738429738210001,-2.33945572120996,-2.3629600538162,-2.28111921608333,-2.36956586773614,141.82
