-0.0335003518891349,0.700258986968686,0.0427231812771995,0.272713318345449,0.0871961515380377,1.84803743017949,1.95121951876417,0
-0.0298362416176888,0.700385787515042,0.0424379382061812,0.330689568618204,0.15443533124224,1.85424834033809,1.95744790657498,0.07
-0.0261714368062859,0.700512582225255,0.0421517961832343,0.388659900728404,0.221672472165754,1.86042731998605,1.96364219066296,0.14
-0.0225048050893001,0.700639359077952,0.0418632186869797,0.44661324724653,0.28890300992322,1.86654957716281,1.96977385328952,0.21
-0.018834741643295,0.700766096798356,0.0415699082525199,0.504531614723333,0.356118378377671,1.87259879710103,1.97582099062702,0.28
-0.0151592353842051,0.700892762569695,0.0412688116879337,0.562389308323019,0.423304795978192,1.8785670317529,1.98176820213206,0.35
-0.0114759352276891,0.701019309745349,0.0409561253784876,0.620151615532149,0.49044205238708,1.88445459060965,1.98760648142506,0.42
-0.00778221644876435,0.701145675562341,0.0406273007336661,0.677773671517291,0.557502295649029,1.8902699329583,1.99333310895454,0.49
-0.00407524718296521,0.701271778857016,0.0402770498456689,0.735199506761523,0.624448820270762,1.89602956157031,1.99895154660902,0.56
-0.000352055116210181,0.701397517784051,0.039899351441471,0.792361277792554,0.691234856717645,1.90175791766966,2.00447133432587,0.63
0.00339040558571441,0.701522767540265,0.0394874572238858,0.849178050173082,0.75780236299334,1.90748727688281,2.00990798863504,0.7
0.00715518705456125,0.701647378095072,0.0390339588857695,0.90555771542047,0.824080819150917,1.91325761564208,2.01528290296568,0.77
0.0109452801491901,0.701771171929851,0.0385310964452562,0.961407759977412,0.889986025786156,1.91911614658263,2.02062312908497,0.84
0.0147635464823409,0.701893941788927,0.0379711575963189,1.01664173953121,0.955418907790489,1.92511577002015,2.02596052779241,0.91
0.0186126800786023,0.702015448445392,0.0373469983011744,1.0711820620862,1.0202644151498,1.93131219995958,2.03132995741881,0.98
0.0224952587874151,0.702135418485504,0.0366525944991152,1.12495805835928,1.0843907031075,1.93775973360094,2.03676628894629,1.05
0.0264137048760525,0.702253542115999,0.0358834746204021,1.17790493722058,1.14765139192916,1.94450617484043,2.04230069844466,1.12
0.0303702149315712,0.702369470999243,0.0350366719601012,1.22995770017802,1.20989978451921,1.95158760281938,2.04795680787269,1.19
0.0343667192036529,0.70248281612184,0.0341105881330629,1.28105346530376,1.27099963957726,1.95902809958606,2.05375037448227,1.26
0.0384049305242551,0.702593145702981,0.0331049782780085,1.33114193097952,1.33082826054145,1.96684154779886,2.0596906027862,1.33
0.0424863323304797,0.702699983149566,0.0320209677765455,1.38018643942471,1.3892771079446,1.9750314662762,2.06578000985361,1.4
0.0466122261106444,0.702802805065899,0.0308610403159314,1.42816153810401,1.44625303643077,1.98359077866958,2.07201422780254,1.47
0.0507837178957643,0.702901039326562,0.0296289070122709,1.4750473405621,1.50167627707306,1.99250256826681,2.07838258590072,1.54
0.0550017641238563,0.702994063221936,0.0283293468127785,1.52082559145946,1.55547624983824,2.00174163852479,2.08486926173793,1.61
0.0592671264183844,0.703081201686682,0.0269680782860314,1.56547569109201,1.60758701291181,2.01127600708863,2.09145439990439,1.68
0.0635803255268438,0.70316172562245,0.0255517228898236,1.60897585482492,1.65794325280665,2.02106833374754,2.0981151984578,1.75
0.0679416846690608,0.703234850326992,0.0240876790871278,1.65129872666777,1.70648301452433,2.03107613956695,2.10482612107768,1.82
0.0723513118470719,0.703299764130575,0.0225839372787229,1.69241294090635,1.75315052355603,2.04125337532691,2.11156010075701,1.89
0.0768091414616477,0.703355747429207,0.0210488053318324,1.73228569789503,1.79790229013161,2.0515521064319,2.11828974259342,1.96
0.0813149148825739,0.703402201602653,0.0194907250875619,1.77088367675979,1.84070837301822,2.06192452573276,2.12498879695474,2.03
0.0858682203247449,0.703438648005593,0.0179181195223713,1.80817860402373,1.88155283540827,2.07232475354074,2.13163327166669,2.1
0.0904684716837658,0.703464727130443,0.0163392403238598,1.8441475798798,1.92043137755558,2.08270976376174,2.13820194299165,2.17
0.0951149466894538,0.703480197950482,0.0147620458170123,1.87877408990023,1.95734843312276,2.09304000864267,2.14467659679486,2.24
0.0998067640368076,0.703484937449781,0.0131941993554587,1.91204825838297,1.99231478239503,2.10327959246632,2.15104209054373,2.31
0.104542919858438,0.70347894034428,0.0116430977709289,1.94396441801867,2.02534778842981,2.11339611525899,2.15728629664434,2.38
0.109322263203361,0.703462318996252,0.0101158695670292,1.97452099062532,2.05647109673487,2.12336084908917,2.1634001380026,2.45
0.114143560979008,0.70343530352222,0.00861928254838956,2.00372003133253,2.08571455035505,2.13314879622582,2.16937759567803,2.52
0.119005562113778,0.703398242092327,0.00715971119534255,2.03156929458103,2.11311567389076,2.1427386296749,2.17521544809244,2.59
0.123906970699153,0.703351601416991,0.00574304331120628,2.05808143618985,2.13871932598906,2.15211239619434,2.18091283216579,2.66
0.128846478572544,0.703295967414554,0.00437467626595439,2.0832723371449,2.16257630191547,2.16125516270005,2.18647077687758,2.73
0.133822737013347,0.703232046051505,0.00305951246683227,2.10716243020064,2.18474362338053,2.17015466656345,2.1918917393584,2.8
0.138834387926762,0.703160664344702,0.00180186369536627,2.12977588400352,2.20528263338891,2.17880100015869,2.19717917358202,2.87
0.143880034188758,0.703082741425107,0.000605444748834845,2.15114230796848,2.22425961885857,2.18718639005756,2.20233722187834,2.94
0.148958269527664,0.702999169472774,-0.000526603867044093,2.17129631386981,2.24174426621744,2.1953049507007,2.20737049911801,3.01
0.15406764761665,0.702910785033157,-0.00159169434903913,2.19027565571852,2.25780889738081,2.20315259321234,2.21228405975754,3.08
0.159206740841161,0.702818370523291,-0.00258777116774259,2.20811993309659,2.2725283344163,2.21072678858808,2.21708318660939,3.15
0.164374198504086,0.702722655825003,-0.00351332193379821,2.22486732990222,2.28597930843278,2.21802633576878,2.22177306142161,3.22
0.169568714231109,0.70262431995105,-0.00436750985921484,2.24054920727377,2.29823661318605,2.225050893945,2.2263581667341,3.29
0.174789053039303,0.702523992770967,-0.00515030748988665,2.25519235861748,2.30937292220428,2.23180039946636,2.23084153927082,3.36
0.180034017741609,0.702422256784404,-0.00586248128530879,2.26882197590094,2.31945784518685,2.23827469832805,2.2352242057538,3.43
0.185302475060459,0.702319648930535,-0.00650542704612261,2.28146695145815,2.32855745596611,2.24447339423732,2.23950516213892,3.5
0.190593321121212,0.70221666242305,-0.00708100661472398,2.2931603539575,2.33673519340712,2.2503962432278,2.24368198651776,3.57
0.195905506696834,0.702113748601011,-0.00759147608733483,2.30393796643034,2.34405184738318,2.25604343289773,2.24775136359673,3.64
0.201238001872791,0.702011318786668,-0.00803935506563895,2.31383705208459,2.35056658438465,2.26141568610047,2.25170949070796,3.71
0.206589820502109,0.701909746142093,-0.00842738734614359,2.32289396322461,2.3563355515715,2.26651430943427,2.25555224505943,3.78
0.211959984118198,0.701809367517182,-0.00875853282653476,2.33114318015655,2.36141034487365,2.27134115643049,2.25927529281916,3.85
0.217347545674266,0.701710485282293,-0.00903593040406152,2.33861750863636,2.36583730293633,2.27589865585532,2.26287423037041,3.92
0.222751552776025,0.701613369139438,-0.00926277163714952,2.3453487131315,2.36965765606886,2.28018978474061,2.26634481799133,3.99
0.228171070775768,0.701518257906554,-0.00944226564032573,2.35136879591693,2.37290895058846,2.28421813653866,2.26968315559916,4.06
0.233605145394068,0.701425361269988,-0.00957760489177618,2.35671062765594,2.37562627351175,2.28798799408382,2.27288592098596,4.13
0.239052855324686,0.701334861500871,-0.00967184163251216,2.36140952353514,2.37784408928108,2.29150431703275,2.27595055026454,4.2
0.244513364576594,0.701246915131604,-0.00972785532623844,2.36550371839079,2.37959877814981,2.29477279414445,2.2788754207596,4.27
0.249985884306424,0.701161654589139,-0.00974835094947628,2.36903488352061,2.38092670050924,2.29779977978432,2.28165976560027,4.34
0.255469694595163,0.701079189782248,-0.00973585797221641,2.37204730045448,2.38186359343566,2.30059205437407,2.28430368109624,4.41
0.260964105832369,0.700999609640372,-0.00969272998032195,2.37458418654808,2.38244457669814,2.30315652902452,2.28680798620956,4.48
0.266468480071923,0.700922983602054,-0.00962114489397022,2.37668640687433,2.38270314284469,2.30550025528236,2.28917414473486,4.55
0.271982192020799,0.700849363051364,-0.00952313582739633,2.37839134514502,2.38267201915709,2.30763046907654,2.2914042501733,4.62
0.277504650023384,0.700778782701049,-0.00940071272595325,2.37973340722674,2.38238370446361,2.30955478908788,2.2935010732741,4.69
0.283035256701689,0.700711261921469,-0.0092558641293823,2.38074386990778,2.38186764135741,2.31128123844555,2.29546793150374,4.76
0.288573429613121,0.7006468060147,-0.00909043902501305,2.38145067605001,2.38114787447074,2.31281820996396,2.29730865118282,4.83
0.294118561585672,0.700585407433449,-0.00890611936938144,2.38187781450888,2.38024221726269,2.31417440486278,2.29902765231847,4.9
0.299670041092022,0.700527046944673,-0.0087044230695266,2.38204458519632,2.37916160302956,2.31535865455581,2.30062991536117,4.97
0.305227212322602,0.700471694738043,-0.00848670730587699,2.38196700543445,2.37791335069503,2.31637974570295,2.30212082980644,5.04
0.310789425407342,0.700419311479594,-0.00825417216931638,2.38165940154585,2.37650136482245,2.31724630854169,2.30350613516582,5.11
0.31635608653466,0.700369849311098,-0.00800786458791899,2.38113456064964,2.37492943769873,2.31796658781384,2.30479189403469,5.18
0.321926617716105,0.700323252795862,-0.00774868252166612,2.38040418749181,2.37320353139192,2.31854854744779,2.3059844971533,5.25
0.327500476646089,0.700279459811816,-0.00747740949396552,2.37947978642861,2.37133222733878,2.31900015840882,2.30709076052713,5.32
0.333077116316214,0.700238402392895,-0.00719483961909111,2.37837255422626,2.36932603537083,2.31932956869555,2.30811790387675,5.39
0.338656004744966,0.700200007519813,-0.00690178249698306,2.37709562320633,2.36719772834191,2.31954512525035,2.30907341029424,5.46
0.34423658448174,0.700164197861488,-0.00659897804878457,2.37566387058063,2.36496111462256,2.31965536798752,2.30996497759032,5.53
0.349818322333493,0.700130892468393,-0.00628716198050772,2.37409472373918,2.36263267112914,2.31966902587622,2.31080050102179,5.6
0.355400759060793,0.700100007419265,-0.00596698098407847,2.37240926920249,2.36023191461594,2.31959501492404,2.31158808726036,5.67
0.360983468789589,0.700071456422606,-0.00563899836449028,2.37063017474506,2.35777999944048,2.31944243790363,2.31233615963572,5.74
0.366566078585687,0.700045151374496,-0.00530385025681696,2.36877777826281,2.35529991127839,2.31922055557367,2.3130534138045,5.81
0.372148227848715,0.700021002874282,-0.00496240198384391,2.36686708096958,2.35281530780902,2.3189386389668,2.31374847325451,5.88
0.377729587883287,0.699998920699722,-0.00461578419148916,2.36490705868735,2.35034737411817,2.31860579284103,2.31442939492693,5.95
0.383309821302942,0.699978814243199,-0.00426539900944186,2.36290379534749,2.34791471704931,2.31823081030304,2.31510332567957,6.02
0.388888631711525,0.699960592910636,-0.00391289621658686,2.36086301563663,2.34553440259508,2.31782214870275,2.31577645988514,6.09
0.394465813404773,0.699944166484742,-0.00356005921053877,2.35879231754718,2.34322205993726,2.31738796646506,2.31645420777277,6.16
0.400041210834165,0.699929445454229,-0.00320875119044036,2.35670217200294,2.34099318805483,2.31693628088126,2.31714148413706,6.23
0.405614738275461,0.699916341310618,-0.00286080117011585,2.35460490713891,2.33886148242126,2.3164751564494,2.31784293678988,6.3
0.411186339353803,0.699904766814261,-0.00251798022688326,2.35251236906707,2.33683899555117,2.3160128634427,2.31856323501649,6.37
0.416756006777924,0.699894636231167,-0.00218200777763915,2.35043493671938,2.33493584448206,2.31555791629695,2.3193072374247,6.44
0.422323741933546,0.69988586554221,-0.00185455776250416,2.34838183038186,2.33315880304452,2.3151190518427,2.3200800090147,6.51
0.4278895746871,0.699878372626266,-0.00153726470497538,2.34636199162612,2.33151323172509,2.31470508705343,2.32088677764491,6.58
0.433453523048806,0.699872077418795,-0.00123169953062247,2.34438613622362,2.33000353095847,2.31432474641535,2.32173279971482,6.65
0.43901564313328,0.699866902047346,-0.000939254939457845,2.34246721180489,2.32863329117201,2.31398645876026,2.32262328540939,6.72
0.444576079154059,0.699862770945437,-0.000661120830283902,2.34062133612155,2.32740808809919,2.31369806322915,2.32356326305965,6.79
0.450135023187698,0.699859610946214,-0.000398259488787748,2.33886765111314,2.32633448451686,2.31346660474155,2.32455750287644,6.86
0.455692735143565,0.699857351357247,-0.000151320342540326,2.33722715266366,2.32541899927337,2.31329812856664,2.32561034952844,6.93
0.461249502584931,0.699855924017788,7.9265032460139e-05,2.33571944263564,2.32466815673808,2.31319744378167,2.32672558382961,7
0.466805660747657,0.699855263339767,0.000293248367466975,2.3343611336896,2.32408763076484,2.31316821656216,2.32790649398422,7.07
0.472361552400343,0.699855306333761,0.000490530451339871,2.33316449241715,2.32368141577337,2.31321315251474,2.32915588553185,7.14
0.477917547890906,0.699855992621105,0.000671036917002548,2.33213565856195,2.32345400353316,2.31333426798619,2.33047612019581,7.21
0.483474005022429,0.699857264433301,0.000834654504768111,2.33127692318274,2.32340954802696,2.31353343082504,2.3318693641107,7.28
0.489031289102632,0.6998590665998,0.000981137540903847,2.33058780028973,2.32355247129814,2.31381262897901,2.33333771442082,7.35
0.494589732809532,0.699861346525213,0.00111019524780313,2.33006826173451,2.3238859899416,2.31417411733219,2.33488311394663,7.42
0.500149656217716,0.699864054156928,0.00122154927589289,2.32971853903655,2.32440856216315,2.31462035248256,2.33650738484685,7.49
0.505711326628287,0.699867141944109,0.0013150517255149,2.32953835048087,2.32511312957025,2.31515356498074,2.33821208036349,7.56
0.511274978547681,0.699870564788957,0.00139071322486179,2.3295266667305,2.32598722811027,2.31577529995173,2.3399982448808,7.63
0.516840773459617,0.699874279991101,0.00144870124197537,2.3296802999597,2.32701607442388,2.31648586588546,2.34186611235845,7.7
0.522408849824648,0.699878247185936,0.00148933871835483,2.32999330232006,2.32818528809211,2.31728426323642,2.34381504399809,7.77
0.527979373041096,0.699882428277677,0.00151310302115128,2.33045813660595,2.32948063240455,2.31816844238863,2.34584361487625,7.84
0.533552495101561,0.699886787367854,0.00152059512039482,2.3310662422934,2.33088952776845,2.31913549986259,2.34794963894072,7.91
0.539128374380741,0.699891290679941,0.00151244889502266,2.33180932094624,2.33240075757272,2.32018184288864,2.35013028283467,7.98
0.54470713520087,0.699895906480762,0.00148942125887759,2.3326808898246,2.33400290831376,2.32130326222295,2.35238214823679,8.05
0.550288887522929,0.699900604999294,0.0014524223932099,2.33367644901622,2.33568620778668,2.32249470265692,2.35470114224198,8.12
0.555873686410441,0.699905358343425,0.00140248607192975,2.33479259317199,2.33744342891099,2.32375021270011,2.35708240663387,8.19
0.561461581702582,0.699910140415221,0.00134064997554594,2.3360261811753,2.33927003989066,2.32506307352808,2.35952030612318,8.26
0.56705266763231,0.699914926825194,0.00126792650180688,2.33737548942324,2.3411640220667,2.3264259568637,2.3620085057275,8.33
0.57264704212531,0.69991969480604,0.00118530387895806,2.33883889579034,2.34312373080776,2.32783105173716,2.36453995686756,8.4
0.578244826216756,0.69992442312631,0.00109371738789944,2.34041067308188,2.34514716930615,2.32927010008133,2.36710685246985,8.47
0.583846123233205,0.699929092004391,0.000993900412331373,2.34207666008896,2.34723255496036,2.33073452182948,2.36970052111538,8.54
0.589451038088435,0.699933683023214,0.000886235651329236,2.34381501553705,2.34937539443093,2.33221550931343,2.37231107984929,8.61
0.595059636340407,0.699938179046016,0.00077072683243061,2.34560094193595,2.35156934863893,2.33370391059016,2.37492705642319,8.68
0.600671963358492,0.699942564133519,0.000647030742976619,2.34741053558826,2.35380697638176,2.33519017264597,2.37753519176357,8.75
0.606288003248809,0.699946823462809,0.000514579667258638,2.34922337205222,2.35607948413491,2.33666434464334,2.38012057331279,8.82
0.611907697887878,0.699950943248216,0.000372643796705662,2.35102280450018,2.35837843077106,2.33811620155852,2.3826670092183,8.89
0.617530905713937,0.699954910664471,0.000220453974048205,2.35279331341059,2.36069391138527,2.33953536803824,2.38515722241016,8.96
0.623157450715688,0.699958713772364,5.72343456670116e-05,2.35451749544603,2.36301165748943,2.34091129222108,2.38757295512175,9.03
0.62878717135772,0.69996234144716,-0.000117794888645295,2.35617591119231,2.36531314569328,2.34223306971089,2.38989492398984,9.1
0.634419879182494,0.699965783309979,-0.00030541452679291,2.35774678330153,2.36757495416431,2.34348920815659,2.39210265615133,9.17
0.64005537753051,0.699969029662335,-0.00050640320229212,2.359207440917,2.36977221132578,2.34466736272336,2.39417441729955,9.24
0.645693420031144,0.699972071424032,-0.000721503907178959,2.36053717980418,2.37187939755608,2.34575431345321,2.39608714180653,9.31
0.651333729218686,0.699974900074585,-0.000951300010524266,2.36171880060565,2.37387036577467,2.34673564315876,2.39781624495304,9.38
0.656975954927111,0.699977507598334,-0.00119618128582172,2.36273777251914,2.37572089102438,2.34759529661625,2.39933543803428,9.45
0.662619722907306,0.699979886433405,-0.00145633976139361,2.36358266332571,2.3774091460933,2.34831547263508,2.40061666713639,9.52
0.668264683409769,0.69998202942466,-0.00173176529906014,2.36424506085355,2.378913802735,2.34887654841694,2.40163005570773,9.59
0.673910469476238,0.699983929780771,-0.00202224089762603,2.36471675959289,2.38021385081664,2.34925682591202,2.40234376116828,9.66
0.679556715385278,0.699985581035558,-0.00232733772137706,2.36498595771008,2.38128824025431,2.34943255184309,2.40272395671114,9.73
0.685203014907525,0.6999869770137,-0.00264643994524121,2.36503739900623,2.3821151655895,2.34937827196465,2.40273493887098,9.8
0.69084893972819,0.699988111800945,-0.00297888968743657,2.36485089380517,2.38267511560648,2.3490670686689,2.40233921103098,9.87
0.696493997693216,0.699988979718922,-0.00332413168941251,2.36440294282241,2.38294941425238,2.34847122397648,2.40149775412696,9.94
0.702137651237842,0.699989575304683,-0.00368170731592781,2.36366854586587,2.38291735225145,2.34756261637825,2.40017021443499,10.01
0.707779275655502,0.699989893295038,-0.00405112797302668,2.36262301526096,2.38255398581202,2.34631270158873,2.39831491888336,10.08
0.713418177567787,0.69998992861583,-0.00443183856660812,2.36123967242832,2.38182854263127,2.34469210780673,2.39588874870487,10.15
0.7190535532558,0.699989676376203,-0.00482321083508308,2.35948830227715,2.38070530109133,2.34267032740297,2.39284702262097,10.22
0.724684507216436,0.69998913186798,-0.00522453647843378,2.35733553932186,2.37914540872615,2.34021571618017,2.38914351068724,10.29
0.730310010607148,0.699988290570235,-0.00563502009504764,2.35474631352203,2.3771063911246,2.33729559014215,2.38473048934367,10.36
0.735928919946392,0.699987148159132,-0.00605377193912506,2.35168403968956,2.37454431644651,2.33387608937814,2.37955880841633,10.43
0.741539935737346,0.699985700523126,-0.0064798005130502,2.34811108556932,2.37141404297856,2.32992226096824,2.37357797093204,10.5
0.747141651474352,0.699983943783601,-0.00691200501079325,2.34398828565518,2.36766908499586,2.32539803055638,2.36673622663251,10.57
0.75273260279211,0.699981874321013,-0.00734916763029418,2.33927428370411,2.36326233134141,2.32026630392368,2.35898068010007,10.64
0.758311226519827,0.699979488806619,-0.00778994577469506,2.33392771342823,2.35814539106885,2.31448925938826,2.35025741442826,10.71
0.763875880105407,0.699976784239838,-0.00823286416444388,2.32790704301769,2.35227059875572,2.30802838038485,2.34051163139211,10.78
0.769424801086999,0.699973757991336,-0.00867633697224741,2.32117157441693,2.3455945671087,2.30084458995924,2.32968783917866,10.85
0.774956126992531,0.699970407851847,-0.0091187801828772,2.3136806194167,2.33807624718482,2.29289866839892,2.3177301789295,10.92
0.78046785534813,0.69996673208682,-0.00955863367980376,2.3053931399659,2.32967422078927,2.28415165382687,2.30458274065771,10.99
0.785957864180032,0.699962729496899,-0.0099943532626258,2.29626677028091,2.32034608413229,2.2745649556758,2.29018971910768,11.06
0.791423872695204,0.699958399484285,-0.0104244327989229,2.28625519851368,2.31004739612692,2.26410063306182,2.27449574153219,11.13
0.79686346252998,0.699953742124994,-0.0108475167137792,2.27530586445309,2.29873311060427,2.25272168831463,2.25744606751556,11.2
0.802274039256936,0.699948758247027,-0.0112624223175146,2.26336173506751,2.28635818359553,2.24039213564648,2.23898642114009,11.27
0.807652884632382,0.699943449514442,-0.0116681321714635,2.25036601549843,2.27287786798325,2.22707702615411,2.21906284762489,11.34
0.812997209367986,0.699937818517325,-0.0120637866008998,2.23626621608258,2.2582480573869,2.21274255015375,2.19762201664601,11.41
0.818304116212298,0.699931868867615,-0.0124486462857728,2.22101399597631,2.24242474737008,2.19735639800666,2.17461185295917,11.48
0.82357062383121,0.69992560530075,-0.0128219647694504,2.2045640338044,2.22536466073199,2.18088816942978,2.14998213423372,11.55
0.828793631188734,0.699919033783059,-0.0131829514255159,2.18687276866555,2.20702574390414,2.16330968143544,2.12368505703652,11.62
0.833969942832891,0.699912161624816,-0.0135307647207665,2.16789656100033,2.1873644361967,2.14459526571131,2.09567571169479,11.69
0.83909623479173,0.699904997598855,-0.013864505700985,2.1475928545527,2.16633576029355,2.12472211612295,2.06591261733791,11.76
0.844169081488171,0.699897552064601,-0.0141832117147007,2.12592169248957,2.14389506136103,2.1036707469781,2.03435846836666,11.83
0.849184923382678,0.69988983709737,-0.0144858203034638,2.1028487016879,2.12000055312104,2.0814253518477,2.00098073204294,11.9
0.854140125844338,0.699881866622741,-0.0147710431006789,2.07834837248052,2.0946163708096,2.05797400311985,1.96575218813517,11.97
0.859031039051242,0.699873656555795,-0.0150373302848852,2.05240489648931,2.06771315308222,2.03330875274628,1.92865138111777,12.04
0.86385396872247,0.699865224944952,-0.0152828654353939,2.02501179659968,2.0392683800026,2.00742581492328,1.88966310576511,12.11
0.868605208186226,0.699856592120128,-0.015505560730573,1.9961713723459,2.00926761097737,1.98032574058627,1.84877904687653,12.18
0.873281011499852,0.699847780844891,-0.0157030525215699,1.9658930882809,1.97770298242525,1.95201382448774,1.80599848314255,12.25
0.877877658127328,0.699838816472234,-0.0158726973191897,1.93419249994468,1.94457182377954,1.92250053423359,1.76132899512408,12.32
0.882391518978499,0.699829727103568,-0.0160115682366008,1.90108879164792,1.90987761846109,1.89180184082982,1.714787147268,12.39
0.886819033613867,0.699820543750467,-0.0161164519356037,1.86660495755306,1.87363024091968,1.85993996204124,1.66639938452269,12.46
0.891156749119116,0.69981130049866,-0.0161838762170373,1.83076882044242,1.83584667318942,1.82694412713069,1.61620293263631,12.53
0.89540130036265,0.699802034673717,-0.0162102284886733,1.79361506828093,1.79655220077694,1.79285133248824,1.56424679192251,12.6
0.899549452049415,0.699792787007795,-0.016191754558904,1.75518632227676,1.75577931950291,1.75770705753255,1.51059267337863,12.67
0.903598082280752,0.699783601806794,-0.0161244378214302,1.71553272431792,1.71356694038677,1.72156578977527,1.45531590635731,12.74
0.907544228029612,0.699774527117164,-0.0160039695131315,1.67471157749137,1.66996109549982,1.6844915989285,1.39850628658709,12.81
0.911385072236476,0.699765614891581,-0.0158257800299839,1.63278637685005,1.62501386452024,1.646558668806,1.34026904370537,12.88
0.915117992930392,0.699756921152609,-0.0155851313787525,1.58982790720346,1.57878545554875,1.60785193629914,1.2807258665053,12.95
0.918740554074973,0.699748506153426,-0.0152770301448662,1.5459167749406,1.53134486590448,1.56846774582265,1.22001592381721,13.02
0.922250558537542,0.69974043453458,-0.0148962318517916,1.50114511602001,1.48277336418136,1.52851442743239,1.15829681865011,13.09
0.925646042874437,0.699732775475715,-0.0144373668897233,1.45561934410586,1.43316808441333,1.48811297739995,1.09574568369175,13.16
0.928925334322959,0.699725602841071,-0.0138949774938767,1.40946101866942,1.38264320350281,1.44739777911107,1.03256041531874,13.23
0.932087049684429,0.699718995317533,-0.0132635260446109,1.36280772665869,1.33133243103202,1.40651736210154,0.968960832301395,13.3
0.935130186567104,0.699713036543874,-0.0125374349633837,1.31581554010065,1.27939124482748,1.36563528706546,0.905189815802863,13.37
0.938054216750502,0.699707815229791,-0.011711218479761,1.26865913574107,1.22699607169896,1.32492552774809,0.841506122489876,13.44
0.940859091425809,0.699703425263205,-0.0107795258435087,1.22153282337783,1.17434633782935,1.2845512143287,0.778152197795865,13.51
0.943545308760452,0.699699965804244,-0.00973712616834178,1.17464898955601,1.1216590053612,1.24465986179539,0.715346990551567,13.58
0.94611389334897,0.699697541364186,-0.00857877482857984,1.12822369320907,1.0691484307189,1.2053840983638,0.653287096031274,13.65
0.948566347716627,0.699696261867604,-0.00729908185438514,1.08246111357835,1.0170138057228,1.16684238522205,0.59214788916053,13.72
0.950904605945161,0.699696242695802,-0.00589250277152824,1.03754641445202,0.965435621873772,1.12913972520515,0.532084644333126,13.79
0.953130989393744,0.699697604709562,-0.00435336171993303,0.993645667111218,0.914576009222927,1.09236835825844,0.473233638667177,13.86
0.955248164480259,0.69970047424913,-0.00267584677546645,0.950908435834417,0.864579667005798,1.05660844179226,0.415713235894929,13.93
0.95725910248121,0.699704983109246,-0.000853917402096199,0.909474527339814,0.815574781356769,1.02192871426079,0.359624948422085,14
0.959167041302197,0.699711268486948,0.00111872542181024,0.869472565480641,0.76767392748894,0.988387140515743,0.305054475417066,14.07
0.96097544916545,0.699719472899758,0.00324872664477944,0.831016797358153,0.720974954022569,0.956031537692168,0.25207271509409,14.14
0.962687990156068,0.699729744071789,0.00554307159859503,0.794206551434266,0.675561847427224,0.924900180578639,0.200736749641017,14.21
0.964308491564495,0.699742234785187,0.00800904752511967,0.759127142074477,0.631505574808254,0.895022385605523,0.151090801507292,14.28
0.965840912959112,0.69975710269425,0.0106542021354308,0.725850443550042,0.588864903519626,0.86641907275998,0.103167160020619,14.35
0.967289316920021,0.699774510099466,0.0134862990697447,0.694434800991928,0.54768719631849,0.839103304895557,0.0569870775293711,14.42
0.96865784136258,0.699794623678617,0.0165132701220576,0.66492545042082,0.50800918099911,0.813080804058135,0.0125616344866627,14.49
0.969950673377453,0.699817614172029,0.019743164089454,0.637355085746274,0.469857693648313,0.788350444590062,-0.0301074269108355,14.56
0.97117202451254,0.699843656018953,0.0231840921031371,0.6117443913897,0.433250394857372,0.764904722908261,-0.0710269007322394,14.63
0.972326107421277,0.699872926942007,0.0268441692959237,0.588102539939801,0.398196458403782,0.742730203975065,-0.11021134700289,14.7
0.973417113801376,0.69990560747651,0.030731452660019,0.566427654465259,0.364697232081376,0.72180794459521,-0.147682352956396,14.77
0.974449193547969,0.699941880441528,0.0348538749487513,0.546707235318279,0.332746870512373,0.702113893781579,-0.183467825587641,14.84
0.975426435045585,0.699981930349352,0.0392191744770032,0.528918551460682,0.302332939913978,0.683619270529257,-0.217601315118041,14.91
0.976352846524105,0.700025942750117,0.0438348206773692,0.513028996537808,0.273436994924013,0.666290919431555,-0.250121368873111,14.98
0.977232338404911,0.700074103508243,0.0487079352724976,0.498996410109056,0.246035127707669,0.650091644656357,-0.281070914967,15.05
0.978068706564953,0.700126598007332,0.0538452089291895,0.486769364623477,0.220098489677695,0.634980522880675,-0.310496675100646,15.12
0.97886561644819,0.700183610280186,0.0592528132656475,0.476287418899221,0.195593786256761,0.620913195852978,-0.338448605700536,15.19
0.979626587955918,0.700245322060585,0.0649363080916169,0.467481339035718,0.17248374520215,0.607842143322256,-0.36497936655615,15.26
0.980354981049858,0.70031191175352,0.0709005437701885,0.460273287848901,0.150727559092361,0.595716937133318,-0.390143816055361,15.33
0.9810539820045,0.700383553320598,0.0771495586011507,0.454576984078158,0.130281302647,0.584484477345375,-0.413998532069485,15.4
0.981726590248116,0.700460415077397,0.0836864711386759,0.450297832770203,0.111098325615191,0.574089211283702,-0.436601357498622,15.47
0.982375605734921,0.700542658399642,0.0905133673708043,0.44733302839723,0.0931296220248775,0.564473336482239,-0.45801096945688,15.54
0.9830036167943,0.700630436335164,0.0976311827046962,0.445571632415868,0.0763241766334188,0.555576988519447,-0.478286471055612,15.61
0.983612988406587,0.700723892118728,0.10503957872035,0.4448946271237,0.0606292894634163,0.547338414790268,-0.497487004725632,15.68
0.984205850858693,0.700823157586981,0.112736814676324,0.445174947814986,0.045990879343728,0.539694135294329,-0.51567138601329,15.75
0.984784088736939,0.700928351490931,0.12071961377395,0.446277585648088,0.0323537674064167,0.532579091554941,-0.532897756783091,15.82
0.985349330218655,0.70103957770359,0.128983024211793,0.448059853780401,0.0196619415143433,0.525926784814227,-0.549223256767105,15.89
0.985902936628566,0.701156923320632,0.137520275090056,0.450371187365992,0.00785880261559697,0.519669404678406,-0.564703712411491,15.96
0.986445992230603,0.701280456652206,0.146322657342374,0.453054796746245,-0.00311260596529754,0.513737949413546,-0.579393341990309,16.03
0.986979324318304,0.701410225104333,0.155379580256161,0.455956231283634,-0.0133093852783966,0.508062339115263,-0.593344475979579,16.1
0.98750361375962,0.701546252948661,0.164678924089576,0.458938766380234,-0.0227885825137541,0.502571553085727,-0.606607321800907,16.17
0.988019415454541,0.701688538979731,0.174207568624234,0.461896168878982,-0.031607006750981,0.497193852857909,-0.619229832166778,16.24
0.988527148868617,0.701837054059321,0.183951977520021,0.464753816961749,-0.0398210576639796,0.491856941709996,-0.631257525682347,16.31
0.989027118807842,0.701991738547894,0.193898838707154,0.467467864704278,-0.0474865661553918,0.486488242490881,-0.642733439365273,16.38
0.989519626602688,0.702152499623691,0.204035490268376,0.470020196058614,-0.0546586459033877,0.481015295061011,-0.653698212261923,16.45
0.990004991169144,0.702319208490547,0.214350252401282,0.472411335385604,-0.0613915548133317,0.475366094131298,-0.66419011885641,16.52
0.990483540116697,0.702491697476118,0.224832635600536,0.474653571464748,-0.0677385653795428,0.469469489158104,-0.674245171889652,16.59
0.990955600985234,0.702669757022855,0.235473485445808,0.476767002887342,-0.0737518429782599,0.46325549715424,-0.683897143458486,16.66
0.991421492604995,0.702853132574751,0.24626497392098,0.478771614535294,-0.0794823311305003,0.456655559787366,-0.693177533832474,16.73
0.991881516573666,0.703041521363663,0.257200437430089,0.480680740420627,-0.0849796427932816,0.449602685852959,-0.702115427203391,16.8
0.992335948844907,0.703234569099814,0.268274212090339,0.482500305351582,-0.0902919567599626,0.442031570622015,-0.710737324062248,16.87
0.992785031422876,0.703431866571946,0.27948155668611,0.48422885062549,-0.0954659182743296,0.433878753448288,-0.719067009854768,16.94
0.993228964157804,0.703632946163527,0.290818482860182,0.485857711799252,-0.100546542989013,0.425082874988591,-0.727125519612759,17.01
0.99366789663827,0.703837278292427,0.302281552803665,0.487369814089571,-0.105577123426421,0.415584854654994,-0.734931017605833,17.08
0.994101920176598,0.704044267782488,0.313867674604991,0.488739312054175,-0.110599137129832,0.405328049581255,-0.742498651809411,17.15
0.994531059884692,0.704253250176585,0.325573895320644,0.489931562372166,-0.115652155723393,0.394258426257608,-0.749840412949396,17.22
0.994955266838701,0.704463488001923,0.337397191824057,0.490903099225204,-0.120773754132485,0.382324745855566,-0.756964997850344,17.29
0.995374410332058,0.70467416699957,0.349334259486605,0.491601703168165,-0.12599941925039,0.369478764217951,-0.763877676871229,17.36
0.995788270217825,0.704884392331561,0.361381298745952,0.49196749699313,-0.131362457373198,0.355675447438426,-0.770580165272038,17.43
0.996196529342712,0.705093184780283,0.373533859797413,0.491937777420695,-0.136893990025712,0.340873203900737,-0.777070498416619,17.5
0.996598766076771,0.705299476956298,0.385786956091515,0.491457358860463,-0.142623127840389,0.325034163677789,-0.783342940868715,17.57
0.996994477032229,0.705502139620022,0.39813538654222,0.490491210955732,-0.148576599821539,0.308124596303468,-0.78938801968016,17.64
0.997383190154454,0.705700098311882,0.410574206359519,0.489028860168841,-0.154778559575663,0.290115407424845,-0.795192621799511,17.71
0.997764487667468,0.705892359784677,0.423099196160153,0.487084016113712,-0.161250477763038,0.270982714941084,-0.800740155771232,17.78
0.998137999057908,0.706078008432885,0.435707148918121,0.484688129054262,-0.168011030071393,0.250708234364157,-0.806010537260489,17.85
0.998503394192717,0.706256202824599,0.448395914654773,0.481881458779003,-0.175075980324541,0.229279624269115,-0.810980209316825,17.92
0.998860376577277,0.706426172352608,0.46116447371574,0.478709085977578,-0.182458058389219,0.206690822251529,-0.815622107476287,17.99
0.999208676759955,0.706587214019837,0.474012888234714,0.475215938123784,-0.190166832595815,0.182942281349655,-0.819905690478029,18.06
0.999548045888441,0.70673868937307,0.486942101714884,0.471440528189039,-0.198208576443633,0.158041227391964,-0.823796886645473,18.13
0.999878249422766,0.706880021597639,0.499953707078398,0.467412971622075,-0.206586129418413,0.132002057611306,-0.827258016658835,18.2
1.0001990610095,0.707010692784636,0.513049713255258,0.463154873888106,-0.215298751809119,0.104846790131098,-0.830247723422218,18.27
1.00051025652138,0.707130241381048,0.526232310283543,0.458679403111833,-0.22434197347327,0.0766055339745921,-0.832720909705491,18.34
1.00081160826651,0.707238259832192,0.539503632885443,0.453991366907667,-0.23370743656462,0.0473169791984909,-0.83462868430797,18.41
1.00110287937114,0.707334392424768,0.552865522480286,0.449087293159311,-0.243382732304396,0.0170289066053623,-0.83591831755792,18.48
1.00138381834018,0.707418333337919,0.566319287596688,0.443955514661586,-0.253351231947382,-0.0142012836646584,-0.836533207030863,18.55
1.00165415379976,0.707489824908699,0.57986546265135,0.438576257686961,-0.263591912167371,-0.0463060255270643,-0.836412854438627,18.62
1.00191358942634,0.707548656117497,0.593503565071582,0.432921734687174,-0.274079175162766,-0.0792070233691002,-0.835492854711042,18.69
1.00216179906734,0.707594661298061,0.607231850752644,0.426956241486587,-0.284782663862377,-0.112814672710353,-0.833704898362384,18.76
1.00239842205865,0.707627719075936,0.621047067859356,0.420636259468613,-0.295667072694066,-0.147027466522712,-0.830976788305248,18.83
1.00262305874486,0.707647751538319,0.634944209004213,0.413910653662665,-0.306691954464847,-0.181731388829315,-0.827232472345139,18.9
1.00283526620878,0.707654723637507,0.648916291949128,0.406721990499105,-0.317811523990352,-0.216799297416582,-0.822392092658897,18.97
1.00303455421751,0.707648642829371,0.662954259185073,0.399011714133769,-0.328974459204443,-0.252090297719659,-0.81637205362966,19.04
1.003220381393,0.707629558947463,0.677046966428221,0.390729934556322,-0.340123700576159,-0.287449200441463,-0.809085169655536,19.11
1.00339218170374,0.707597564312645,0.691181470810174,0.381848745352207,-0.35119624976103,-0.322706576941719,-0.800441165229597,19.18
1.00354948146266,0.707552794077322,0.705343588874874,0.372372482768163,-0.362122968517482,-0.357680588618488,-0.79034795009255,19.25
1.00369192631482,0.707495426802625,0.719518363561537,0.36233845769481,-0.372828379026201,-0.392182880001947,-0.77871490467939,19.32
1.00381927839881,0.707425685266093,0.733690350165109,0.351805422502885,-0.383230557124347,-0.426028328211243,-0.765458628829419,19.39
1.00393141377597,0.707343837496633,0.747843721543378,0.340842559375533,-0.39324121008071,-0.459042785040388,-0.750508266956293,19.46
1.00402832013172,0.707250198032734,0.761962192849258,0.329519620950949,-0.402765218285199,-0.491067491131896,-0.733809087309058,19.53
1.00411009475123,0.707145129399085,0.776028796161906,0.317901561792919,-0.411700364553218,-0.521960406070654,-0.715324075889512,19.6
1.00417694276974,0.707029043795925,0.790025625662217,0.306047478920018,-0.419937162499835,-0.551595901470614,-0.695034538905036,19.67
1.00422917569571,0.706902404994568,0.803933583747485,0.294010731101185,-0.427358695566262,-0.579864203654224,-0.672940466615787,19.74
1.00426721020305,0.706765730431658,0.817732128409265,0.281839152692587,-0.433840558938965,-0.606670858984249,-0.649060899614155,19.81
1.00429156718699,0.706619593493776,0.831399022219925,0.269575270788647,-0.43925117726154,-0.631936253918197,-0.623434327623585,19.88
1.00430287107582,0.706464625983049,0.844910113387242,0.257256524823122,-0.443453733980758,-0.655595281755912,-0.596119150559542,19.95
1.00430184938936,0.706301520753408,0.858239269629979,0.244915487851803,-0.446314288029712,-0.677597428307622,-0.567194562208939,20.02
1.00428933253267,0.706131034506072,0.871358555573835,0.232580088840278,-0.447713282135657,-0.697908601517044,-0.536762818278174,20.09
1.00426625381203,0.705953990731751,0.884238774489846,0.220273835368104,-0.44756011417058,-0.716514705946191,-0.504952977636257,20.16
1.00423361957034,0.705771282785895,0.896850043913015,0.208016036244488,-0.44580099515086,-0.733426601674258,-0.471924760948889,20.23
1.00419238924987,0.705583846994389,0.909162586192855,0.195822023610454,-0.442425902427386,-0.748683619603472,-0.437867860764778,20.3
1.00414344589076,0.705392545598224,0.921147584074218,0.183703374178243,-0.437470326472153,-0.762349404808701,-0.402996128506996,20.37
1.00408759687272,0.705198140046886,0.932777981492725,0.171668129330495,-0.431013135297733,-0.774503065916682,-0.367536665049784,20.44
1.00402557479612,0.705001294449564,0.944029019488378,0.159721013869574,-0.423167517014079,-0.785230022199549,-0.331716187982821,20.51
1.00395803848804,0.704802579082679,0.954878537812014,0.147863653271194,-0.414067105268115,-0.794616368122857,-0.295751531504305,20.58
1.00388557411992,0.704602473941754,0.965306982495161,0.136094789356389,-0.403849331528096,-0.80274654320871,-0.259845899615402,20.65
1.00380869642502,0.704401372327302,0.975297240134234,0.124410494351875,-0.392646472377756,-0.809702620754511,-0.224188281169063,20.72
1.00372785000504,0.704199584456066,0.984834449681175,0.112804383360822,-0.380583697347728,-0.815564100639497,-0.188953947053936,20.79
1.00364341071662,0.703997341090504,0.993905822137666,0.10126782531435,-0.367779090253916,-0.820407783510006,-0.154305093380871,20.86
1.00355568712973,0.70379479718089,1.00250046842197,0.0897901525183371,-0.354343866606934,-0.82430766473327,-0.120391477067376,20.93
1.00346492205104,0.703592035515878,1.01060923563947,0.0783588689507423,-0.340382604434333,-0.827334846733635,-0.0873510408899703,21
1.00337129410689,0.703389070378703,1.01822455195429,0.0669598575014096,-0.325993486507166,-0.829557468375509,-0.0553105252992018,21.07
1.00327491938125,0.703185851207517,1.02534028022744,0.0555775863792912,-0.311268552082033,-0.831040650109662,-0.0243860645051304,21.14
1.00317585310563,0.702982266259595,1.03195158055874,0.0441953149412843,-0.296293956385557,-0.831846453653066,0.0053162354563146,21.21
1.00307409139875,0.702778146280319,1.03805478184389,0.0327952992226978,-0.281150236179132,-0.832033855027049,0.0336997387750447,21.28
1.00296957305489,0.702573268178924,1.04364726243409,0.0213589974704383,-0.26591257984734,-0.831658729832855,0.0606767439526489,21.35
1.00286218138121,0.702367358714076,1.04872733996498,0.00986718573597715,-0.250651100555758,-0.830773849700373,0.0861679716692713,21.42
1.00275174608492,0.702160098193281,1.05329417040287,-0.00170010640094294,-0.235431111119809,-0.829428888901426,0.110102078016325,21.49
1.00263804521244,0.701951124191054,1.0573476563384,-0.0133631175253004,-0.220313399318114,-0.827670440174766,0.132415194527423,21.56
1.00252080714381,0.701740035291613,1.06088836454356,-0.0251421455058368,-0.20535450247044,-0.825542038865899,0.153050496296885,21.63
1.00239971264601,0.701526394862607,1.06391745279396,-0.0370576076754319,-0.190606980182098,-0.823084194540745,0.171957799340265,21.7
1.00227439699044,0.701309734867151,1.06643660594612,-0.0491296476008782,-0.176119684233246,-0.820334429287015,0.189093188223844,21.77
1.00214445214007,0.701089559721999,1.06844798124949,-0.0613781907063197,-0.161938024663482,-0.817327321971861,0.204418674870179,21.84
1.00200942901295,0.700865350210319,1.06995416286256,-0.0738229669829607,-0.148104231169038,-0.81409455777835,0.21790185924582,21.91
1.0018688398294,0.700636567458001,1.07095812553455,-0.0864836508638803,-0.13465760899199,-0.810664982396311,0.229515532442672,21.98
1.001722160551,0.700402656982843,1.0714632074058,-0.0993788241354723,-0.121634788538411,-0.807064660295447,0.239237403265015,22.05
1.0015688334202,0.700163052826353,1.07147309187357,-0.112525506621145,-0.10906996801503,-0.803316936559777,0.247049888638929,22.12
1.00140826960989,0.699917181778155,1.07099179846302,-0.125938923338256,-0.0969951484225384,-0.799442501812694,0.252939938160536,22.19
1.00123985199319,0.699664467703193,1.07002368263652,-0.139632267120111,-0.0854403602873787,-0.79545945981097,0.256898893098743,22.26
1.00106293804386,0.699404335982087,1.06857344446933,-0.153616456428806,-0.0744338815536684,-0.791383397334052,0.258922380090942,22.33
1.00087686287863,0.699136218075019,1.06664614611233,-0.167899888121451,-0.0640024460924355,-0.78722745604154,0.259010239685926,22.4
1.00068094245299,0.698859556219501,1.06424723795751,-0.182488184973516,-0.0541714423170788,-0.783002406017303,0.257166489815855,22.47
1.00047447692234,0.698573808272286,1.06138259341434,-0.197383937808395,-0.0449651014218792,-0.778716720762749,0.253399324197452,22.54
1.00025675418102,0.698278452705481,1.05805855219874,-0.212586442132422,-0.0364066747845212,-0.774376653444607,0.247721145592272,22.61
1.00002705359168,0.697972993766611,1.0542819720283,-0.228091429229487,-0.0285186000948753,-0.769986314244009,0.240148633776441,22.68
0.999784649917917,0.697656966812059,1.05006028860941,-0.243890791728672,-0.0213226557896047,-0.765547748693753,0.230702847996648,22.75
0.999528817473171,0.697329943822803,1.04540158379206,-0.259972303722801,-0.0148401033871001,-0.761061016929333,0.21940936361039,22.82
0.999258834498912,0.696991539110818,1.04031466175807,-0.276319335585159,-0.00909181732928161,-0.756524273816546,0.206298442530612,22.89
0.998973987785272,0.696641415223869,1.03480913309645,-0.29291056370592,-0.00409840194586314,-0.751933849954351,0.191405237011553,22.96
0.998673577547094,0.696279289055612,1.02889550660673,-0.309719765712542,0.000119704835807599,-0.747284333586067,0.174770026229476,23.03
0.998356922568266,0.695904938167111,1.02258528865675,-0.326715791822787,0.00354214140808411,-0.742568683572602,0.156438485023133,23.1
0.99802336562697,0.695518207324835,1.01589108990452,-0.343862080961788,0.00614854639634662,-0.737778433700532,0.136461984066003,23.17
0.997672279214115,0.695119015259147,1.00882667900084,-0.361119633610468,0.0079184969362335,-0.732903807925174,0.114897920643858,23.24
0.997303071556804,0.69470733155833,1.00140683260634,-0.378457082650412,0.00883146168269303,-0.727933897139775,0.0918098384088238,23.31
0.996915192958146,0.694283063524278,0.99364728235194,-0.395845808580642,0.00886676891936526,-0.722857168436245,0.0672667032308365,23.38
0.996508142464084,0.693846033517027,0.985564818651485,-0.413254722318923,0.00800359013947677,-0.717661946000149,0.0413424171590248,23.45
0.99608147486713,0.693395986614439,0.977177430731549,-0.430646340856721,0.00622093947110477,-0.712336803671357,0.0141158701272803,23.52
0.995634808056038,0.692932598502519,0.968504452487062,-0.447975720902282,0.00349768932285373,-0.706870718941305,-0.0143286524570131,23.59
0.995167830719422,0.692455483600914,0.959566713837594,-0.465190235314542,-0.000187397370855763,-0.701253169118973,-0.0439009784556839,23.66
0.994680310410211,0.691964203429454,0.950386697234683,-0.482229531210029,-0.00485561792420266,-0.695474230039785,-0.0745045658603952,23.73
0.994172101976514,0.691458275222647,0.940988668856255,-0.49902503885085,-0.010528263310275,-0.689524677507001,-0.1060360895756,23.8
0.993643156363083,0.690937180800035,0.931398723906151,-0.515500687229333,-0.017226533823386,-0.683396091644553,-0.138384919341958,23.87
0.993093529785958,0.690400375701081,0.921644896019301,-0.531576963813037,-0.0249714366092468,-0.677081024502859,-0.171432671193014,23.94
0.992523363193439,0.689847298593943,0.911757119687136,-0.547177748144748,-0.0337836646801286,-0.670573471771003,-0.205053406110626,24.01
0.991932771836994,0.689277380967901,0.901766985021672,-0.562235919045332,-0.0436834570367837,-0.663869859342225,-0.239114989506732,24.08
0.9913218254762,0.688690057119567,0.891707675459112,-0.576690575899769,-0.0546904395237933,-0.656970935978575,-0.273481944765878,24.15
0.990690559040254,0.688084774443099,0.881613967481903,-0.590480659193792,-0.066823446052984,-0.649883759765086,-0.308018389102509,24.22
0.990038983657069,0.687461004034606,0.871522231584794,-0.60354050755997,-0.0801003198419558,-0.642623116404214,-0.342589820573399,24.29
0.989367098049252,0.686818251620683,0.861470463944801,-0.61579885683509,-0.0945376943275709,-0.635212459481919,-0.377063969306841,24.36
0.988674900296764,0.686156068820595,0.851498378226119,-0.627180439860715,-0.110150753433454,-0.627684763576115,-0.411311557830394,24.43
0.987962399966221,0.685474064751003,0.841647255956575,-0.637615122694916,-0.126952970891747,-0.620083711009467,-0.445207514461639,24.5
0.987229630606867,0.684771917981278,0.831959614934584,-0.647048440671697,-0.144955828345597,-0.612466565595156,-0.478634808407848,24.57
0.986476662612973,0.684049358758717,0.822478815273247,-0.655447457822676,-0.164168511990553,-0.604908943192347,-0.511490728294606,24.64
0.985703616452038,0.683306061334077,0.813248512052008,-0.662804839048655,-0.184597587547897,-0.597510304602235,-0.543693349638235,24.71
0.984910646169769,0.682541626918931,0.804311953794872,-0.669142640008332,-0.206246653405442,-0.590398815475737,-0.575186959500322,24.78
0.984097832994246,0.681755597105335,0.795711246339957,-0.674515273267092,-0.229115971808124,-0.583733495369819,-0.605945597330846,24.85
0.98326516956317,0.680947467667269,0.787486611409612,-0.679014628982463,-0.253202168297713,-0.577699682053845,-0.635972937819591,24.92
0.982412574597295,0.680116672664342,0.779675639123209,-0.682770549303993,-0.27849808966104,-0.572500576278385,-0.665295898593091,24.99
0.981539907932446,0.679262478681473,0.772312563816505,-0.685947407020731,-0.30499209834278,-0.568344773423306,-0.693955252271718,25.06
0.980646955823795,0.678383969741423,0.765427682841978,-0.688734048139493,-0.332667525559578,-0.565433148219115,-0.721997484797449,25.13
0.979733326349563,0.677480062727992,0.75904697790931,-0.691331307737962,-0.361502193063307,-0.563950986007707,-0.749470306338253,25.2
0.978798435444614,0.676549523248683,0.753192028683433,-0.693937878001623,-0.391467913593799,-0.56406487553685,-0.776420640522444,25.27
0.977841523395627,0.675590981956312,0.747880097820382,-0.696742016703435,-0.422529970421867,-0.565921922847658,-0.802893677025041,25.34
0.976861671720625,0.674602951351815,0.743124236612562,-0.69992026598551,-0.454646576493624,-0.569649628424878,-0.828932324731924,25.41
0.975857820446518,0.673583843092922,0.738933380843859,-0.703636859626876,-0.487768313804481,-0.575355732937714,-0.854576733702687,25.48
0.974828785801194,0.672531985835479,0.735312436618533,-0.708043996138475,-0.521837553758386,-0.583128119533423,-0.879863824983804,25.55
0.973773278339238,0.671445643636069,0.732262356002447,-0.713282222526757,-0.556787859406877,-0.593034710562367,-0.904826797460696,25.62
0.972689921522593,0.670323034946023,0.729780202387822,-0.71947954194201,-0.592543370609524,-0.605123327061897,-0.929494550908423,25.69
0.971577270779392,0.669162352228118,0.72785920556396,-0.726751078027617,-0.629018173317012,-0.619421509772063,-0.953891205169692,25.76
0.970433833065743,0.667961782228057,0.726488806547071,-0.735198962695765,-0.666115654348765,-0.635936300821776,-0.978035654764427,25.83
0.969258086956498,0.666719526933303,0.725654692291104,-0.744912204549861,-0.703727843217299,-0.654653985587572,-1.00194112840909,25.9
0.96804850329189,0.665433825251934,0.725338820470052,-0.755966536110148,-0.74173474274602,-0.675539794599394,-1.02561475310603,25.97
0.966803566407442,0.664102975443917,0.725519434590294,-0.76842423823612,-0.780003740694441,-0.698537565742003,-1.04905712256534,26.04
0.9655217959747,0.662725358336534,0.726171069758286,-0.782333940379642,-0.818389194822032,-0.723569367379817,-1.07226189991953,26.11
0.96420176948007,0.661299461354589,0.727264549496665,-0.797730395544093,-0.856731471680896,-0.750535083421544,-1.09521551489707,26.18
0.962842145368428,0.659823903394574,0.728767034243758,-0.814634229073237,-0.894860707120031,-0.779311961731045,-1.11789677504359,26.25
0.961441686877114,0.658297460570017,0.730642332677053,-0.833051660642432,-0.932614347775298,-0.809754368396399,-1.14027654167569,26.32
0.959999286584437,0.656719092852875,0.73285141627728,-0.852974199081436,-0.969842781646556,-0.841694682792747,-1.1623178921788,26.39
0.95851399169498,0.655087971632966,0.73535310769701,-0.874378309916635,-1.006415757697,-0.874945787380399,-1.18397716031516,26.46
0.956984999993855,0.653403478126436,0.738104913548667,-0.897225055787863,-1.04222719013874,-0.909306629556084,-1.20520669766133,26.53
0.955411566311732,0.651665112472773,0.741063851914095,-0.921459710164951,-1.07719555158372,-0.944571370408975,-1.22595980827105,26.6
0.953793000041673,0.649872494058129,0.744187124901824,-0.947011345068334,-1.11125820214918,-0.980539386001121,-1.24619710521587,26.67
0.952128693545845,0.64802539289855,0.74743266711359,-0.973792484046568,-1.14436684697192,-1.01702272494628,-1.26589215359928,26.74
0.950418151376717,0.64612376200214,0.750759751317431,-1.00169891195454,-1.17648556748558,-1.05385096571079,-1.28503546801908,26.81
0.948661020323668,0.64416777071424,0.754129531734034,-1.03060892100761,-1.20758941146211,-1.09087440973403,-1.30363623310102,26.88
0.946857090206114,0.642157808958641,0.757505646020819,-1.06038280736336,-1.23766603975076,-1.12796618510241,-1.32172000218229,26.95
0.945006205244104,0.640094402196326,0.7608547262146,-1.09086614069279,-1.26671739130003,-1.16501965294641,-1.33932454030151,27.02
0.94310826653676,0.637978217621269,0.764146759112307,-1.12190622670939,-1.29476278080383,-1.20194346570117,-1.35649417209916,27.09
0.941163235388191,0.635810071320626,0.767354965726136,-1.15337000109611,-1.32183741138276,-1.23865725785468,-1.37327489054261,27.16
0.939171047219528,0.633590846124109,0.770455531320234,-1.1851557754276,-1.34799253011506,-1.27509007698606,-1.38971290349742,27.23
0.937131616594326,0.63132147056663,0.773427246688587,-1.21719294026182,-1.37329310376312,-1.31118047339136,-1.40585535363463,27.3
0.935044873183063,0.629002838597493,0.776251301806864,-1.24942932636009,-1.39781427746212,-1.34687695580594,-1.42175140557457,27.37
0.932910768492719,0.626635820458184,0.778911322504906,-1.28181720736618,-1.42163772845349,-1.38213715950634,-1.43745159327267,27.44
0.930729193187251,0.624221304537153,0.78139337970976,-1.31430937826143,-1.44484568702726,-1.41692527640826,-1.45300503562107,27.51
0.928499985526419,0.621760210010337,0.783686091905858,-1.34685559213608,-1.46751824961966,-1.45120982398581,-1.46845707681853,27.58
0.926222970749437,0.61925341007588,0.785780730800167,-1.37939971719234,-1.48973491530917,-1.48496139261219,-1.48384656834819,27.65
0.923898001318573,0.616701746293024,0.787671179958964,-1.41188321121055,-1.51157095689197,-1.5181494692659,-1.49920170859485,27.72
0.921524998025692,0.614106073833906,0.78935377666164,-1.44424682088489,-1.53309500370896,-1.5507404743704,-1.51453759862352,27.79
0.919103961876602,0.611467277457515,0.790827217608672,-1.4764293336593,-1.5543682861886,-1.58269641057009,-1.52985470124912,27.86
0.91663489657912,0.608786198014872,0.792092348023947,-1.50836885910192,-1.57543883130758,-1.61397373291232,-1.54513763146255,27.93
0.914117822161417,0.606063649995998,0.793151804087805,-1.53999866767365,-1.59633250340754,-1.64452457735276,-1.56035788873498,28
0.911552819545089,0.603300469928006,0.79400962903756,-1.57124450819613,-1.61704756900164,-1.67429896433165,-1.5754779439257,28.07
0.908940075984722,0.600497565521734,0.794670862889001,-1.60202484944222,-1.63755347713785,-1.7032475871379,-1.59045571848909,28.14
0.90627993137238,0.597655965551693,0.795141045531725,-1.6322514295573,-1.65779048552945,-1.73132479481446,-1.6052489150654,28.21
0.903572925403486,0.594776870452767,0.795425753459675,-1.66183143864121,-1.67766938081233,-1.75849131917065,-1.6198187488865,28.28
0.900819815510081,0.591861673527243,0.795530049687386,-1.69067533774409,-1.69707734164009,-1.78471668654165,-1.63413323118731,28.35
0.898021505376242,0.58891189256498,0.795458358244096,-1.71870219224381,-1.71590357594639,-1.80998101411928,-1.64816991505006,28.42
0.895179034460819,0.585929162290384,0.795214522453131,-1.74584935111845,-1.7340574146858,-1.83427498789109,-1.66191635916312,28.49
0.892293508160287,0.58291516725792,0.794802107091684,-1.77207464907076,-1.75148090996252,-1.85759925614197,-1.67536966384525,28.56
0.889366088944057,0.579871635517736,0.794224733746922,-1.79735245648976,-1.76814847739261,-1.87996308825054,-1.68853489903524,28.63
0.88639792809145,0.576800272670126,0.793486268776577,-1.82167738828527,-1.78406600997436,-1.90138232886,-1.70142284553185,28.7
0.883390158360413,0.573702756628721,0.79259083372042,-1.8450643289765,-1.79926281454548,-1.92187745963075,-1.71404786176795,28.77
0.880343827216346,0.570580672710745,0.791542698268219,-1.86754441307978,-1.81377874767491,-1.94147252048753,-1.72642671838667,28.84
0.877259921039392,0.567435539462834,0.790346296411847,-1.88915434290671,-1.82766054128833,-1.96019519087185,-1.73857900211827,28.91
0.874139390028045,0.56426883493059,0.789006335616704,-1.90992785894485,-1.84095483091532,-1.97807601468825,-1.75052647102221,28.98
0.870983083518033,0.561081933081179,0.787527728142607,-1.92989342402613,-1.85369972108655,-1.99514758081538,-1.76229214302343,29.05
0.867791776225841,0.557876130878836,0.7859155851311,-1.94907258454026,-1.86592529741513,-2.01144456126465,-1.7739005013879,29.12
0.86456622522602,0.554652705812921,0.784175213195118,-1.96748210721969,-1.8776576989712,-2.02700346306475,-1.7853773424231,29.19
0.861307197472683,0.551412943679524,0.782312023155556,-1.98513892829343,-1.88892163548184,-2.04186212333425,-1.79674929504944,29.26
0.858015407676003,0.548158076418026,0.780331531355575,-2.00206129539401,-1.89974360545611,-2.0560594282887,-1.80804379405933,29.33
0.854691547046372,0.544889310505903,0.778239393279474,-2.01827031418898,-1.91015256530539,-2.06963480418398,-1.81928857386377,29.4
0.851336312630072,0.541607855626298,0.776041439288783,-2.03378979326298,-1.92017886134741,-2.08262784054804,-1.8305112839871,29.47
0.847950346960731,0.538314863323332,0.773743682285592,-2.04864480809711,-1.92985626829705,-2.09507810516602,-1.84173922581058,29.54
0.844534268540479,0.535011426062092,0.771352267110146,-2.06286190222964,-1.93922009316365,-2.10702436782368,-1.8529985782241,29.61
0.841088702875961,0.531698516321649,0.76887357217836,-2.07646927031982,-1.94830865526676,-2.11850407455357,-1.86431386388856,29.68
0.837614223794784,0.528377016140145,0.766314162370815,-2.08949656158255,-1.95715968707908,-2.12955259028191,-1.87570708397139,29.75
0.834111355469876,0.525047746831161,0.763680773584526,-2.10197544641877,-1.96581293811072,-2.14020299148332,-1.8871974536342,29.82
0.830580514790523,0.521711408592184,0.760980238565878,-2.11393853868712,-1.97430857079459,-2.15048550557381,-1.8988006848061,29.89
0.827022044509391,0.51836861051686,0.758219504341956,-2.12542052427646,-1.98268766608148,-2.16042692741175,-1.91052823712616,29.96
0.823436246894736,0.51501990073512,0.755405680951399,-2.1364567114398,-1.99099200977246,-2.17004998227504,-1.92238659694873,30.03
0.819823327618374,0.511665706406961,0.752546061173805,-2.14708032612722,-1.99926120314601,-2.17937236404316,-1.93437613289153,30.1
0.816183430400423,0.508306364086459,0.749648050953832,-2.1573227639695,-2.00753173064287,-2.18840580922953,-1.94648994904062,30.17
0.81251670223157,0.504942180272801,0.746719160827137,-2.1672114426977,-2.01583323003702,-2.19715523663509,-1.95871276589689,30.24
0.808823328994642,0.501573461966602,0.743766907775898,-2.17676883487702,-2.02418524400661,-2.20561810285258,-1.9710199796305,30.31
0.805103481307252,0.498200457050482,0.740798657466329,-2.18601307160323,-2.03259737108841,-2.21378544783276,-1.98337900606229,30.38
0.801357351108681,0.49482338501483,0.737821406732988,-2.19495816105234,-2.04106475215385,-2.22164718801154,-1.9957557982334,30.45
0.79758518872461,0.491442497848756,0.734841746879291,-2.20361087295918,-2.04957164943978,-2.22919437591579,-2.0081176020789,30.52
0.793787250143009,0.488058110916653,0.731865797054018,-2.21197018597431,-2.05809327952679,-2.23641950958099,-2.02043339502254,30.59
0.789963835023102,0.484670543640283,0.72889922793588,-2.22002785356809,-2.06660056414014,-2.24331663702891,-2.03267405404736,30.66
0.78611532516953,0.481280150507184,0.725947315440186,-2.2277733680602,-2.07506581341693,-2.24988116567742,-2.04481207327536,30.73
0.782242133203029,0.477887352136387,0.723014994257349,-2.23519727527684,-2.08346618293687,-2.25610967766758,-2.05682113246014,30.8
0.778344711859484,0.474492576131798,0.720106911127824,-2.24229193738388,-2.09178249798853,-2.26199966092826,-2.06867560715342,30.87
0.774423503558995,0.471096258154404,0.717227477764243,-2.24905239178351,-2.09999822943441,-2.26754930647962,-2.08035035198705,30.94
0.770478980675538,0.46769878285473,0.714380893248974,-2.25547516998166,-2.10809804985734,-2.27275761272277,-2.09182072744592,31.01
0.766511686235954,0.464300515096439,0.711571075651964,-2.26155784458945,-2.11606524818576,-2.27762440560799,-2.10306253962083,31.08
0.762522184776455,0.460901831200885,0.708801653231847,-2.26729957531243,-2.12388390027535,-2.28215051540112,-2.11405222435116,31.15
0.758511073785595,0.457503059942776,0.706075894798756,-2.27270093896929,-2.13153667916311,-2.28633792952438,-2.12476691514101,31.22
0.754478935372591,0.454104513816659,0.70339669952441,-2.27776590188939,-2.1390063687968,-2.29019001171941,-2.13518460588783,31.29
0.750426378588963,0.450706520305023,0.700766525789633,-2.28250139142714,-2.14627656839009,-2.29371166714501,-2.1452844389238,31.36
0.746354082129692,0.447309362879136,0.698187379368028,-2.28691852836488,-2.15333366376471,-2.2969095736994,-2.15504687806449,31.43
0.742262747139615,0.443913312253203,0.695660740550642,-2.29103359446151,-2.16016847132061,-2.29979229895129,-2.16445373695313,31.5
0.738153110551546,0.440518657623456,0.693187580614155,-2.29486539520648,-2.16677454610304,-2.30237030255889,-2.17348818340389,31.57
0.73402589859254,0.437125647624065,0.690768407430456,-2.29843341029994,-2.17314887080412,-2.30465600454857,-2.18213472007255,31.64
0.72988184079603,0.433734521521116,0.688403310112144,-2.30175983056046,-2.17929290993588,-2.30666376882542,-2.1903790514954,31.71
0.72572162415579,0.430345540376931,0.686092002684709,-2.30486771827066,-2.18520948598068,-2.30840938046364,-2.19820843953066,31.78
0.721545907759576,0.426958927917157,0.683833836695899,-2.30777739670642,-2.19089981013323,-2.30990808379955,-2.20561360052987,31.85
0.717355277539126,0.423574901622401,0.681627752679705,-2.31050552142625,-2.19636117908373,-2.31117400929387,-2.21258904542826,31.92
0.713150291563348,0.420193703777124,0.679472411188537,-2.31306204900959,-2.20158678203743,-2.31221993581968,-2.21913285581542,31.99
0.70893152560082,0.416815542208613,0.677366262710599,-2.31545187268938,-2.20656785872206,-2.31305732794608,-2.22524664827921,32.06
0.704699528678254,0.413440621238158,0.67530758658413,-2.31767495671157,-2.21129360507834,-2.31369634710973,-2.23093548635552,32.13
0.700454869150939,0.410069172577422,0.673294529024116,-2.31972948249084,-2.21575421249365,-2.3141458665548,-2.236207770143,32.2
0.696198181012004,0.406701395903072,0.671325140292376,-2.32161367392219,-2.21994036129138,-2.31441351994583,-2.24107510349162,32.27
0.691930120166903,0.403337489631981,0.669397411044421,-2.32332305240192,-2.2238442835666,-2.31450590384372,-2.24555141650845,32.34
0.687651381100424,0.399977681630141,0.667509307888149,-2.32485175677388,-2.2274614026384,-2.31443016750314,-2.24965013966507,32.41
0.683362653573455,0.396622169588461,0.665658808190549,-2.32619374608482,-2.23078854758762,-2.31419431206052,-2.25338325040411,32.48
0.679064639687972,0.393271151587832,0.663843934169017,-2.32734313305803,-2.23382283489769,-2.31380716178941,-2.25676125928587,32.55
0.674758010956861,0.38992485658663,0.662062756215977,-2.32829774032324,-2.23656296234689,-2.31327839841952,-2.25979323282744,32.62
0.670443425716926,0.386583484563847,0.660313305317062,-2.32905820712984,-2.23900873300746,-2.31261871853524,-2.2624870032829,32.69
0.66612148652201,0.383247236840199,0.658593575124265,-2.32962800219952,-2.24116359332341,-2.31183999352764,-2.26484929441098,32.76
0.661792757855364,0.379916346310357,0.656901553544173,-2.33001464358387,-2.24303552166693,-2.31095531155539,-2.26688570291292,32.83
0.657457723799442,0.376591017319426,0.655235253789672,-2.33023001932039,-2.24463635757136,-2.30997902165121,-2.26860068585777,32.9
0.653116836091674,0.373271455705944,0.653592714843651,-2.33028559646945,-2.24597611141107,-2.30892687000034,-2.26999767434501,32.97
0.64877056229416,0.369957898744488,0.651971881107402,-2.3301956967531,-2.2470616717879,-2.30781559628971,-2.27107976463959,33.04
0.644419343805829,0.366650554720899,0.650370481620354,-2.32998209892971,-2.24790346079798,-2.30666108721313,-2.27185197960994,33.11
0.640063614147356,0.363349632662368,0.648786029239504,-2.32967112184261,-2.24851607633301,-2.30547767437957,-2.27232167040634,33.18
0.635703757159922,0.360055371955341,0.647215849556377,-2.3292872195127,-2.2489137636819,-2.30427797458572,-2.2724983520597,33.25
0.631340125461002,0.356767981584262,0.645657109508606,-2.3288502186086,-2.24910877969175,-2.30307291114169,-2.27239366488603,33.32
0.626972998799325,0.353487669513289,0.64410684573433,-2.32837463329996,-2.24910991125346,-2.30187185584681,-2.27202137126189,33.39
0.622602632741341,0.350214671944007,0.642562022808192,-2.32786916161158,-2.24892196026348,-2.30068265071594,-2.27139735747286,33.46
0.618229307420865,0.346949192182094,0.641019681587685,-2.32733552056168,-2.24854950455386,-2.29951159955041,-2.27053970056203,33.53
0.613853286083969,0.34369142963522,0.6394769971979,-2.32677059151,-2.24799711188552,-2.29836385043998,-2.26946892024248,33.6
0.609474833862772,0.340441608675221,0.637931306883339,-2.32616955892354,-2.24726961744778,-2.29724410890537,-2.26820757309042,33.67
0.605094176422477,0.337199917097744,0.636380107777721,-2.32552907980006,-2.24637240460544,-2.29615810281462,-2.26677882759722,33.74
0.600711518827832,0.333966534701774,0.634820964464416,-2.3248495511073,-2.24531048529644,-2.29511094775552,-2.26520787090541,33.81
0.596327004274032,0.330741661722443,0.633251476811554,-2.32413662573009,-2.24409083296828,-2.29410623390617,-2.2635221150518,33.88
0.591940733029353,0.327525456850608,0.631669187775017,-2.32340224770307,-2.24272474856951,-2.29314565378779,-2.26175089428005,33.95
0.587552721235997,0.324318065362103,0.630071611739207,-2.32266460486951,-2.24123040990213,-2.29222862925697,-2.25992525468296,34.02
0.583162919918347,0.321119647090538,0.628456413527604,-2.32194543418927,-2.23963527315814,-2.29135250937472,-2.25807711354038,34.09
0.578771173847396,0.317930313977802,0.626821587688844,-2.32126633420037,-2.23797507683121,-2.29051475328495,-2.25623664446149,34.16
0.574377270700959,0.314750157725872,0.625165517749046,-2.32064820627022,-2.23628842452834,-2.28971291595068,-2.25443095671047,34.23
0.569980990259168,0.311579277284675,0.623486975641866,-2.32011018363441,-2.23461299368434,-2.2889443924956,-2.25268382747304,34.3
0.565582063375773,0.308417715911101,0.621785031257736,-2.31966967258566,-2.23298463317762,-2.28820640259947,-2.25101570429461,34.37
0.561180191167941,0.305265488323887,0.620059082748766,-2.31934136923947,-2.23143649083674,-2.28749603446808,-2.24944376664677,34.44
0.556775004078487,0.302122607690364,0.618308977518283,-2.31913317551245,-2.22999823036839,-2.2868102882524,-2.24798195598961,34.51
0.552366111254646,0.298989022181535,0.616534953116051,-2.31904641563933,-2.22869202746184,-2.28614581809212,-2.24664061296704,34.58
0.547953149986742,0.295864641621784,0.614737608656117,-2.31907767527827,-2.22753361866904,-2.28549909494386,-2.24542662411605,34.65
0.54353574495053,0.292749394058607,0.612917816489943,-2.31922021721021,-2.22653024888505,-2.28486659911353,-2.24434365667486,34.72
0.539113557786159,0.289643252078403,0.611076724562861,-2.31946364982989,-2.22568442311575,-2.28424531334548,-2.2433927822419,34.79
0.534686336757266,0.286546168694099,0.609215759174934,-2.31979226977933,-2.22499305203992,-2.28363285460067,-2.24257267684936,34.86
0.530253876232966,0.283458103331602,0.607336537862341,-2.32018722391623,-2.22445014509495,-2.28302748527971,-2.24187975848381,34.93
0.525816036436024,0.280379047652713,0.60544087290012,-2.32062653352599,-2.22404489736184,-2.28242815437224,-2.24130826207749,35
0.521372703109976,0.277308960951975,0.603530775133877,-2.32108641111748,-2.22376209053902,-2.28183465882727,-2.24085043256095,35.07
0.516923807458719,0.274247795654144,0.601608337756887,-2.3215432985289,-2.22358297284776,-2.28124786498727,-2.24049686616836,35.14
0.512469286009703,0.271195552737464,0.599675620347487,-2.32197349764397,-2.22348568542206,-2.28067005026465,-2.24023687978341,35.21
0.508009100752954,0.268152306908044,0.597734623392498,-2.32235866826786,-2.22345053095888,-2.28010524469302,-2.24005887840691,35.28
0.50354319920615,0.265118141349768,0.595787202820961,-2.32268840796003,-2.22346048702486,-2.27955948204783,-2.23995075102546,35.35
0.499071534757418,0.262093142487201,0.593835074950937,-2.32295985397179,-2.22350412525099,-2.27904056932276,-2.2399008065806,35.42
0.494594026935874,0.25907733440913,0.591879851640413,-2.32317734633738,-2.22357807838025,-2.27855611076919,-2.23989991218402,35.49
0.490110581961738,0.256070703389955,0.58992304543577,-2.32335179111842,-2.2236853244899,-2.27811300574978,-2.23994200553788,35.56
0.485621053226536,0.253073222245291,0.587965984513291,-2.32349981398874,-2.22383347064754,-2.27771739728809,-2.24002406488152,35.63
0.481125262056083,0.250084784258768,0.586009817912938,-2.3236409287895,-2.22403345718018,-2.27737440925981,-2.24014595780203,35.7
0.476622958407955,0.247105227207059,0.584055580952721,-2.32379443576316,-2.22429904347565,-2.2770879729928,-2.24031028931466,35.77
0.47211387194538,0.244134387309537,0.582104380978129,-2.32397604912345,-2.22464680433098,-2.27686113432429,-2.24052152711067,35.84
0.467597763228761,0.241172122929895,0.580157583076518,-2.32419425362273,-2.22509465080969,-2.27669723218369,-2.24078247831407,35.91
0.4630743847664,0.238218247857173,0.578216845297296,-2.32445150475674,-2.2256585142608,-2.27659960180042,-2.24109278127384,35.98
0.458543502367446,0.235272554695265,0.576284003353167,-2.32474527788816,-2.22634734362471,-2.27657133695094,-2.24144853980151,36.05
0.45400485645061,0.232334868188764,0.574360925123709,-2.32507182457507,-2.22716189171824,-2.27661553241371,-2.24184255828287,36.12
0.449458213751577,0.229405068313279,0.572449395104048,-2.32542598675254,-2.22809542490247,-2.27673597648767,-2.2422651777334,36.19
0.44490341917049,0.226483022957897,0.570551088940669,-2.3258028757654,-2.22913557383687,-2.27693763158651,-2.24270493064401,36.26
0.440340357500407,0.223568610728455,0.568667487583646,-2.32619973142802,-2.23026855903219,-2.27722708336517,-2.24314916522835,36.33
0.435768975478238,0.220661743610795,0.56679985137617,-2.32661504268484,-2.23147953316711,-2.27761277776144,-2.24358442866248,36.4
0.431189243809293,0.217762299232963,0.564949103616117,-2.32704787852087,-2.23274958199538,-2.27810522635912,-2.2439967298952,36.47
0.426601179517418,0.214870143254456,0.56311571383043,-2.32750049809858,-2.23405798920809,-2.27871672860421,-2.2443724043764,36.54
0.422004808270264,0.211985181709231,0.561299671009126,-2.32797735004256,-2.23538281532268,-2.27945919656208,-2.24470006235679,36.61
0.417400187030412,0.209107383129292,0.559500396351973,-2.32848732083409,-2.23670511649717,-2.28034330138626,-2.24497079275427,36.68
0.412787366680922,0.206236710275058,0.557716745966851,-2.32904387661455,-2.23801186926706,-2.28137812891791,-2.24517797673936,36.75
0.408166414975266,0.20337314199959,0.555947073442567,-2.32966348937723,-2.23929591662576,-2.28257098317182,-2.24531725277999,36.82
0.403537379459798,0.20051669498414,0.554189382404265,-2.3303635207301,-2.24055407901724,-2.28392736763298,-2.2453865129144,36.89
0.398900310718511,0.197667355082159,0.552441388554398,-2.33116215048248,-2.24178692055108,-2.28545108405681,-2.24538590024321,36.96
0.394255225588277,0.194825098798013,0.550700551410547,-2.3320767091284,-2.24299671041046,-2.28714423805908,-2.24531780767863,37.03
0.389602130694657,0.191989914637414,0.548964105868959,-2.33312107583318,-2.24418562541388,-2.2890072116025,-2.24518690803605,37.1
0.384940985957009,0.189161734066784,0.547229093639552,-2.33430683530261,-2.24535723255466,-2.29103866251745,-2.24500027560013,37.17
0.380271728413778,0.186340452608277,0.545492394602235,-2.33564049082427,-2.24651363928153,-2.29323561122524,-2.24476741855427,37.24
0.375594236017744,0.183525980896196,0.543750758137825,-2.33712232959633,-2.24765258392071,-2.29559343416183,-2.24450028232127,37.31
0.370908381841046,0.180718295608815,0.542000864577539,-2.33874624821204,-2.24876678296433,-2.29810579404327,-2.24421325373102,37.38
0.366214088428897,0.17791746018935,0.540239477004978,-2.34049879320778,-2.24984520430344,-2.30076450705672,-2.24392316579973,37.45
0.361511292040942,0.175123555181005,0.538463502943772,-2.34236084678747,-2.2508748223223,-2.30355958779354,-2.24364930286096,37.52
0.356799967220352,0.172336698701451,0.536670026164564,-2.34430822708418,-2.25184201259214,-2.30647947207199,-2.24341244293734,37.59
0.352080091340884,0.169557066792097,0.53485633875479,-2.34631869514424,-2.25273764823704,-2.3095118691451,-2.24323095121858,37.66
0.347351669483311,0.166784823376773,0.5330199735038,-2.34837300299666,-2.25355491618532,-2.31264373911374,-2.24311961086105,37.73
0.342614699290722,0.164020140353188,0.531158706564397,-2.35045846794319,-2.25429110628458,-2.31586135857398,-2.2430897465706,37.8
0.337869196153536,0.161263217550984,0.529270470259871,-2.35256854437042,-2.25494883015254,-2.31915053490938,-2.24314952745565,37.87
0.333115158373366,0.15851421229006,0.52735335660327,-2.35470064989327,-2.25553531586145,-2.32249660842264,-2.24330411798038,37.94
0.328352592656398,0.155773259062094,0.525405681478495,-2.356851343323,-2.25606010937605,-2.32588433282595,-2.24355555651907,38.01
0.323581479585392,0.153040519156912,0.523426109517471,-2.35901487206459,-2.25653467279685,-2.32929748391651,-2.24390248176972,38.08
0.318801799421144,0.150316200055709,0.521413599001669,-2.36118520936104,-2.2569699076588,-2.33271840732771,-2.24433964681555,38.15
0.314013497882812,0.147600484412688,0.519367407514001,-2.36335529314884,-2.25737449150677,-2.33612801714126,-2.24485794296557,38.22
0.309216512258449,0.144893549147925,0.517287098184447,-2.36551975496909,-2.25775799913516,-2.33950588462662,-2.2454445423286,38.29
0.304410737495757,0.142195584384929,0.515172486367356,-2.3676706083518,-2.25812752543067,-2.34283020683765,-2.24608291858299,38.36
0.2995960827129,0.139506721966498,0.513023767460214,-2.36979453195866,-2.2584881598312,-2.34607765543577,-2.24675274617349,38.43
0.294772527867935,0.136827054071967,0.510841585165083,-2.37187162728579,-2.25883976025359,-2.34922295569466,-2.24742952779546,38.5
0.289940090325188,0.134156681757972,0.508627070276699,-2.37387104774963,-2.25917432895213,-2.35223864742505,-2.24808437176233,38.57
0.285098851757618,0.131495763333207,0.506381849985478,-2.37575448154584,-2.25947624689699,-2.35509466722375,-2.24868349847138,38.64
0.280248925033913,0.128844532477474,0.504107937411846,-2.37747909435401,-2.25972169611479,-2.35775826403522,-2.24918816850824,38.71
0.275390511527525,0.126203225926679,0.501807591606004,-2.3790005945007,-2.2598797675554,-2.3601942786563,-2.2495550330003,38.78
0.270523958582284,0.1235721012461,0.499483178064921,-2.38027284090622,-2.259911915175,-2.36236560724837,-2.24973675647858,38.85
0.265649726867627,0.120951484512144,0.497137059813912,-2.38125052365119,-2.2597749920581,-2.36423366896369,-2.24968258206399,38.92
0.260768418055862,0.118341787722369,0.494771609273595,-2.38188920132083,-2.25942263400213,-2.36575875800365,-2.24933886991838,38.99
0.255880742462178,0.115743435752392,0.492389220518641,-2.38214417024338,-2.25880806028665,-2.36690028080433,-2.248649519612,39.06
0.250987546987564,0.113156883378803,0.489992231622294,-2.38197030265616,-2.257883327982,-2.36761666845119,-2.24755591632179,39.13
0.246089783000766,0.110582632097151,0.487582907482292,-2.38132517136129,-2.25659991485507,-2.36786532610906,-2.24599679301366,39.2
0.241188534495052,0.10802115646364,0.485163332647412,-2.38016781939563,-2.25490792384057,-2.36760265030528,-2.24390828045706,39.27
0.2362849861516,0.105472920477994,0.48273530436724,-2.37845922311615,-2.25275667802692,-2.36678420509834,-2.24122426652825,39.34
0.231380451640929,0.102938423823433,0.480300346178739,-2.37616282470175,-2.25009776012546,-2.36536502783069,-2.23787685534048,39.41
0.226476341790021,0.10041821777982,0.477859751733965,-2.37324125345884,-2.24688159136411,-2.36329982456538,-2.23379653625262,39.48
0.221574192942392,0.0979128306254557,0.475414628753577,-2.36965678861792,-2.24305835218081,-2.36054305601787,-2.22891239494654,39.55
0.216675635134678,0.095422783044124,0.472965912994937,-2.36537099096088,-2.23857779973206,-2.35704909532607,-2.22315233773956,39.62
0.211782420412985,0.0929486333523543,0.470514292039326,-2.36034076597928,-2.23338581680042,-2.35277233813006,-2.21644324014836,39.69
0.206896390908595,0.090491022449655,0.46806021940791,-2.35451892277724,-2.22742641845707,-2.34766735604767,-2.20871114135642,39.76
0.202019506992388,0.0880506883937763,0.465603958818597,-2.34785522782934,-2.22064160525759,-2.34168891384249,-2.19988130537794,39.83
0.197153815123759,0.0856283904139599,0.463145628487701,-2.34029792435413,-2.2129724638939,-2.33479215198131,-2.18987845113054,39.9
0.192301475709609,0.0832249228753854,0.460685215383845,-2.33179815531085,-2.2043607942412,-2.32693275487135,-2.17862700232668,39.97
0.187464730585511,0.0808411590056323,0.458222529344166,-2.32230811418636,-2.19474963912179,-2.3180672259367,-2.16605153906857,40.04
0.182645930431023,0.0784780641932485,0.455757337754981,-2.31177921279256,-2.18408560625533,-2.30815314998308,-2.15207712154395,40.11
0.177847501727711,0.0761366186671803,0.453289410010449,-2.30016083861,-2.17231612341746,-2.29714923302053,-2.1366292765703,40.18
0.17307200365616,0.07381783006618,0.450818441665583,-2.28740000343573,-2.15938529848031,-2.28501536101206,-2.11963412974278,40.25
0.168322184624814,0.0715227757050322,0.448344038814319,-2.27344224530234,-2.14523464354188,-2.27171291899481,-2.10101892523264,40.32
0.163600948121142,0.0692526143438267,0.445865642347303,-2.2582339651489,-2.1298046323972,-2.25720519077095,-2.08071257351521,40.39
0.158911378274191,0.0670085072653649,0.443382542535339,-2.24172433378106,-2.11303980029685,-2.24145774960075,-2.05864625842626,40.46
0.154256674637461,0.0647916291663391,0.440893893685384,-2.2238667399944,-2.09488736784125,-2.22443878038411,-2.03475389421546,40.53
0.14964008639975,0.0626032086658293,0.438398638618697,-2.20462330103784,-2.0753004923857,-2.20611894281133,-2.00897312585483,40.6
0.145064936229595,0.0604445382343741,0.435895523512967,-2.18396359045497,-2.05423982947683,-2.18646951237256,-1.98124771624806,40.67
0.140534583255961,0.0583168933459535,0.433383142952003,-2.16186179627206,-2.03167199103931,-2.16546201914807,-1.95152846312611,40.74
0.136052445476199,0.0562215413561115,0.430859985117776,-2.1382974851783,-2.00757139997481,-2.14306896367027,-1.91977300769446,40.81
0.131621961179671,0.0541597799077385,0.428324477150052,-2.11325579096864,-1.98192078791129,-2.11926618203666,-1.88594402442914,40.88
0.127246609676359,0.0521329446660559,0.425775030700762,-2.08672838156544,-1.95470886226356,-2.09403367146421,-1.85000913252866,40.95
0.122929870917415,0.0501423261839499,0.423210087711368,-2.05871342970846,-1.92593107020577,-2.06735614040302,-1.81194162706464,41.02
0.118675244295857,0.0481891764000733,0.420628166441774,-2.02921275211307,-1.89558942800187,-2.03922358444661,-1.77172124813226,41.09
0.114486206213663,0.0462747445709803,0.418027877691035,-1.99822963740124,-1.86368973086551,-2.0096316776986,-1.72933477786678,41.16
0.110366226703076,0.0444003125268646,0.415407851061127,-1.96577169541107,-1.83024294314513,-1.97858228065212,-1.68477676656693,41.23
0.106318724688448,0.0425671991405125,0.412766751815415,-1.93185234922005,-1.79526622548038,-1.9460840947471,-1.63805041824961,41.3
0.102347082176994,0.0407766738108921,0.410103328181038,-1.8964924741257,-1.75878320758787,-1.91215328304275,-1.58916848529271,41.37
0.0984545969657865,0.0390299594641336,0.407416459031466,-1.85972185237274,-1.72082714698047,-1.8768141771976,-1.53815435263202,41.44
0.0946444941550033,0.0373282648735412,0.404705171883966,-1.82157758491095,-1.68143899993788,-1.84009995011218,-1.48504301040171,41.51
0.0909198760569593,0.0356727861010329,0.401968540968984,-1.78210511614261,-1.64066600044973,-1.80205286265273,-1.42988260661019,41.58
0.0872837307936891,0.0340646168627271,0.399205555652488,-1.74136096835512,-1.59856300297535,-1.76272285025987,-1.37273742167227,41.65
0.0837388791762609,0.0325047483236785,0.396415019403795,-1.6994118594837,-1.55519036000524,-1.72216733710447,-1.31368904453236,41.72
0.0802879801628286,0.0309940981265854,0.393595539502894,-1.65633670213412,-1.51061796151095,-1.68045131408301,-1.25283692263638,41.79
0.0769334744936653,0.0295335385487639,0.390745457070284,-1.61222660844387,-1.46492472395307,-1.63764743891363,-1.19029900638329,41.86
0.0736775868061824,0.0281238936830118,0.387862867883269,-1.5671822976035,-1.41819885311393,-1.59383603680868,-1.12621236590732,41.93
0.0705222658350126,0.0267658454511941,0.384945673833182,-1.52131432019024,-1.37054041380309,-1.54910542163965,-1.06073392849941,42
0.0674692130957726,0.0254599289622736,0.381991634970019,-1.47474089231944,-1.32206066869545,-1.50355232553008,-0.994041304102589,42.07
0.0645199097540647,0.0242065570270438,0.378998422172209,-1.42759061885299,-1.27288537546181,-1.45728240519259,-0.926333786309466,42.14
0.0616755513857857,0.0230060437321213,0.375963670481787,-1.38000528948694,-1.22315614298095,-1.41041088343788,-0.857833435388878,42.21
0.0589370410407824,0.0218585969779411,0.372885033146888,-1.33214262503783,-1.17303297348167,-1.3630627823675,-0.788785848601004,42.28
0.0563049202374026,0.0207642197996741,0.369760236414058,-1.28417746697336,-1.12269618278726,-1.31536898520465,-0.719452580368212,42.35
0.0537793582227489,0.019722700993934,0.366587135112602,-1.23629608181071,-1.07234107647033,-1.26745024153543,-0.650078840171786,42.42
0.0513600791379933,0.0187336348758026,0.363363708896403,-1.18868706741825,-1.02216255043271,-1.21941384575108,-0.58088637907608,42.49
0.0490463775245431,0.0177964400822042,0.360087878831074,-1.14153024192086,-0.972339511291149,-1.17135450178454,-0.512074771527652,42.56
0.0468371620004885,0.0169103774289026,0.356757505416115,-1.0949890780654,-0.923032411868894,-1.12335515992116,-0.443822784211504,42.63
0.0447309970323326,0.0160745668315514,0.353370447728668,-1.04920719131458,-0.874384150149848,-1.07548776379599,-0.376289647831897,42.7
0.0427261428214276,0.0152880033041143,0.349924623551993,-1.00430842741211,-0.826520958971558,-1.02781408660386,-0.309616288760933,42.77
0.0408205933310461,0.0145495720504652,0.346418070527036,-0.960397688493781,-0.779553283874592,-0.980386595046093,-0.243926547765477,42.84
0.0390121124853004,0.0138580626672801,0.342849008364515,-0.917561743312479,-0.733576646826677,-0.933249309807923,-0.179328383264072,42.91
0.0372982685760642,0.0132121824783098,0.339215902152797,-0.875870019681755,-0.688672493825576,-0.886438661617096,-0.115915056874916,42.98
0.0356764669181306,0.0126105690218362,0.335517526793472,-0.835375377568327,-0.644909024653195,-0.839984342086316,-0.053766299302015,43.05
0.0341439807963972,0.012051801714605,0.331753032592176,-0.796115042104708,-0.602342003308666,-0.793910148679283,0.00705054512722991,43.12
0.0326979807518684,0.0115344127168062,0.327921981938827,-0.758112718547123,-0.561015547886108,-0.748234823261795,0.066479396716041,43.19
0.031335562255572,0.0110568970237094,0.3240242969171,-0.721382219465361,-0.520962898888895,-0.702972883805825,0.124474342662886,43.26
0.0300537718214075,0.010617721810431,0.32006023820204,-0.685931009076553,-0.482207165180821,-0.658135448905654,0.180998564352412,43.33
0.0288496316102666,0.0102153350569557,0.316030204633284,-0.651767124550275,-0.444762046972219,-0.613730994666042,0.236023260417303,43.4
0.0277201625786858,0.00984817348107453,0.311934624249235,-0.618895362989873,-0.408632535421829,-0.569765893321053,0.289526506062897,43.47
0.0266624062257141,0.00951466980722931,0.307773996950758,-0.587310346148204,-0.373815588604573,-0.526245034305732,0.341492229704939,43.54
0.0256734449916915,0.00921325939946192,0.303548968435696,-0.556995519216707,-0.340300783753666,-0.483172587839476,0.391909247143641,43.61
0.02475042136233,0.00894238628674231,0.299260405307178,-0.527923811330974,-0.308070945829356,-0.440552790579535,0.440770323479033,43.68
0.0238905557306482,0.00870050860889819,0.294909471343914,-0.500058634230401,-0.277102752600989,-0.398390723179268,0.48807126297319,43.75
0.0230911630683463,0.00848610351122319,0.290497704916534,-0.473354918680259,-0.247367316550648,-0.35669307967233,0.53381002699174,43.82
0.0223496684567166,0.00829767151559511,0.286027067441049,-0.44776012913829,-0.218830744017363,-0.315468928588773,0.57798588010343,43.89
0.0216636215255419,0.00813374039555754,0.281499902666074,-0.423215107037884,-0.191454672102104,-0.274730435592349,0.620598564377442,43.96
0.0210307098463941,0.00799286858244861,0.276918987284812,-0.399653871089489,-0.165196783943307,-0.234493487297324,0.66164750189377,44.03
0.0204487713245409,0.00787364812912239,0.272287612653947,-0.377006256984912,-0.140011303054465,-0.194778396570079,0.701131025473647,44.1
0.0199158056311752,0.00777470725729344,0.267609637393598,-0.355197019091053,-0.11584946748577,-0.155610628850705,0.739045637643367,44.17
0.0194299847149535,0.00769471251390554,0.262889420545617,-0.33415045180602,-0.0926599846349745,-0.117021488950579,0.775385297863428,44.24
0.0189896624289283,0.00763237056128845,0.258131635220763,-0.313800832799322,-0.0703894675865108,-0.0790485873377004,0.810140768175747,44.31
0.0185933532181332,0.00758642962516401,0.253340752042582,-0.294105560348477,-0.0489828539032915,-0.0417356942029786,0.843299227994479,44.38
0.0182396197221446,0.00755568062384948,0.248520523270128,-0.275048078287562,-0.0283838078337734,-0.00513134878658511,0.874844669699383,44.45
0.0179270498461149,0.00753895800124978,0.243673467520328,-0.256636125468173,-0.00853510692721331,0.0307144688386842,0.904759737191678,44.52
0.0176542631508438,0.00753514028546487,0.238800685988748,-0.238887457142216,0.0106209859270879,0.0657555442184089,0.933028766994282,44.59
0.0174199164996343,0.0075431503940511,0.233901799509794,-0.221819135099725,0.0291423640049576,0.0999526929477704,0.959639354394023,44.66
0.0172227089868558,0.00756195570618145,0.228975006436664,-0.205444327764562,0.0470867307551598,0.133274271539053,0.984582414814759,44.73
0.0170613861724333,0.00759056792115004,0.224017171084562,-0.189772197054821,0.0645112652662105,0.165695680519311,1.00785176362927,44.8
0.0169347436457312,0.00762804272185933,0.21902391268171,-0.174808193963666,0.0814722981512871,0.197198762962123,1.02944366588993,44.87
0.0168416299414837,0.00767347926113609,0.213989694884507,-0.160554341466062,0.0980249968199889,0.227771219250534,1.04935641626691,44.94
0.0167809488294892,0.00772601948792287,0.208907915935639,-0.147009504652428,0.114223059121141,0.257406038400446,1.06758994926273,45.01
0.0167516609988528,0.00778484732961071,0.203770999564817,-0.134169648051502,0.130118414361448,0.286100946168506,1.0841454797349,45.08
0.0167527851565715,0.00784918774600482,0.198570486751069,-0.122028080162516,0.145761171433319,0.313857870072448,1.09902517372894,45.15
0.0167833985592045,0.0079183056696595,0.193297128483036,-0.110575685268433,0.16120005381641,0.340682481542052,1.1122319097765,45.22
0.016842636995359,0.00799150484657591,0.187940979669748,-0.0998011426507201,0.176481394932808,0.366583935518412,1.12376925097084,45.29
0.0169296942356365,0.00806812659053629,0.182491494368538,-0.089691133369202,0.191648618593435,0.391574446347024,1.13364126671506,45.36
0.0170438209656479,0.00814754846364829,0.176937622509359,-0.0802305348110321,0.206741962998953,0.415668820151514,1.14185232443062,45.43
0.0171843232166588,0.0082291828949935,0.171267908305574,-0.0714026032484566,0.221798206810412,0.438884003644695,1.14840691132823,45.5
0.017350560307387,0.00831247574862149,0.165470590550435,-0.0631891446778375,0.236850396563995,0.461238649110753,1.15330948616335,45.57
0.0175419423094959,0.00839690485150088,0.159533705005725,-0.0555706742418773,0.251927574766773,0.48275269525386,1.156564360895,45.64
0.01775792704835,0.00848197849143508,0.153445189094603,-0.0485265645627214,0.267054508077676,0.503446963578092,1.15817561216859,45.71
0.0179980166497024,0.00856723389437446,0.147192989114301,-0.0420351833374957,0.282251415050251,0.523342769939577,1.15814702254451,45.78
0.0182617536420978,0.00865223569000547,0.140765170186113,-0.0360740205681434,0.29753369299086,0.542461550896373,1.15648205139922,45.85
0.0185487166239981,0.00873657437397621,0.134150029159979,-0.0306198058155846,0.3129116435682,0.560824504472304,1.15318383543126,45.92
0.0188585155039046,0.00881986477462256,0.12733621068875,-0.0256486158844655,0.328390196896961,0.578452244948934,1.14825521870893,45.99
0.0191907863210953,0.00890174453159175,0.120312826683065,-0.0211359733580219,0.343968633910527,0.595364471303834,1.14169881220303,46.06
0.0195451856540317,0.00898187259332179,0.113069579351441,-0.0170569364148147,0.359640306934513,0.611579648924285,1.13351708275365,46.13
0.0199213846230351,0.00905992773992258,0.105596888021824,-0.0133861803688892,0.375392358475061,0.62711470424138,1.12371247142279,46.2
0.0203190624934312,0.00913560713761963,0.0978860199301094,-0.0100980713832172,0.391205438342367,0.641984731952664,1.11228754118956,46.27
0.0207378998851351,0.00920862493056483,0.0899292251481384,-0.00716673281371784,0.407053419343132,0.65620271452794,1.09924515394057,46.34
0.0211775715944811,0.00927871087548406,0.0817198758084956,-0.00456610464611153,0.422903111891404,0.669779253727128,1.08458867671201,46.41
0.0216377390340792,0.00934560902432755,0.0732526097655584,-0.00226999649265204,0.438713978010654,0.682722313896447,1.06832221712886,46.48
0.0221180422966113,0.00940907645980291,0.0645234788119005,-0.000252134619220523,0.454437845327108,0.695036976851971,1.05045088797998,46.55
0.0226180918486732,0.00946888208841962,0.055530101546687,0.00151379652491956,0.470018712050092,0.706725208208244,1.03098110085574,46.62
0.0231374598612122,0.00952480549542973,0.0462718209666236,0.0030541178001958,0.485392734072836,0.717785665147969,1.00992088875304,46.69
0.0236756711836006,0.00957663586584186,0.0367498668220119,0.00439512341784174,0.500487673099424,0.728213605773581,0.987280257532005,46.76
0.0242321939691127,0.00962417097549085,0.026967522749415,0.00556305305391177,0.515222529057431,0.738000719538806,0.963071566078155,46.83
0.0248064299603874,0.00966721625597186,0.0169302981580858,0.00658406756166879,0.529507508540027,0.747134939021988,0.937309934988169,46.9
0.025397704444531,0.00970558393709205,0.00664607472275658,0.00748422780865899,0.543246075827614,0.755600323454645,0.910013743730482,46.97
0.0260052558886742,0.00973909227035454,-0.00387486288039721,0.00828947616631464,0.55633975003365,0.763377615978035,0.881205577058704,47.04
0.0266282252682049,0.00976756483686804,-0.0146197917859589,0.0090256201816196,0.568686563611671,0.770446377545219,0.850913921220507,47.11
0.0272656451014513,0.00979082994296346,-0.0255733911346925,0.00971831796261976,0.58017850953252,0.776786742108324,0.819174767092942,47.18
0.0279164282063543,0.00980872010670604,-0.036717548145402,0.0103930648118832,0.590698069243034,0.782380432401837,0.786032818848142,47.25
0.028579356196633,0.00982107163840338,-0.0480311604280975,0.0110751806447759,0.600117253366903,0.787210856151461,0.75154218714503,47.32
0.0292530677371032,0.00982772431813272,-0.0594899348661473,0.011789797732321,0.608297412183995,0.791263005143175,0.715766987265912,47.39
0.0299360465801793,0.009828521173246,-0.0710661834488953,0.012561848311599,0.615089066006431,0.794523368066532,0.678781961570068,47.46
0.0306266094081695,0.0098233083587429,-0.0827286164939438,0.0134160516100137,0.620331757954883,0.796979857403304,0.64067312510545,47.53
0.0313228935087756,0.00981193514334945,-0.0944421939349652,0.014376899833364,0.623856278676395,0.798621750605816,0.601538433027056,47.6
0.0320228443142203,0.00979425400407566,-0.106168275942168,0.0154686426715468,0.625498232033579,0.79944033780057,0.561488889494839,47.67
0.0327242329253883,0.00977012083197637,-0.117865133682917,0.016715269879749,0.625120838639002,0.799433284981039,0.520652142245122,47.74
0.0334247638334566,0.0097393952517757,-0.12948882091854,0.0181404914974452,0.622634162765578,0.798613434938712,0.479179583802565,47.81
0.0341221224403281,0.00970194105795696,-0.140994316924866,0.0197678055352894,0.61800420592124,0.797017021299257,0.437252383674136,47.88
0.0348140827700476,0.00965762676984964,-0.152336640649174,0.0216207429649351,0.611256532280904,0.794703984091029,0.395079167545305,47.95
0.0354985550617791,0.00960632630817177,-0.163471997088429,0.023722567481402,0.602474577017122,0.791749333121104,0.352883745566294,48.02
0.0361736936352667,0.00954791979539941,-0.174358685907877,0.026096151719586,0.591789929178052,0.788232388014738,0.310888331875844,48.09
0.036837914627579,0.00948229448223491,-0.184957803175584,0.0287639392419471,0.579370575091884,0.784230392544048,0.26930380505698,48.16
0.0374898838098494,0.00940934580233759,-0.195233676788217,0.031747901621533,0.565402977940685,0.779816682359362,0.228326764840766,48.23
0.0381285046003513,0.00932897855734871,-0.205153795587343,0.0350694902152812,0.550072804559239,0.775060576488807,0.188139289330199,48.3
0.0387529062980395,0.00924110823409215,-0.214688623950607,0.0387495822311477,0.533556692291276,0.770027577159738,0.148909433494111,48.37
0.039362432556384,0.00914566245567017,-0.223811422796385,0.0428084207018217,0.516021442050395,0.764779485549574,0.110791924063333,48.44
0.03995663011325,0.00904258256797148,-0.232498077535522,0.0472655479885117,0.497624586766638,0.759374492458742,0.0739288672674355,48.51
0.0405352377887088,0.00893182536289492,-0.240726933453281,0.052139732449427,0.478514436680663,0.753867272877448,0.0384504365285065,48.58
0.0410981757589943,0.0088133649393419,-0.248478638957588,0.0574488879204045,0.45883032074591,0.748309083395535,0.00447553754463104,48.65
0.0416455351113533,0.00868719470275515,-0.25573599708476,0.0632099856691922,0.438702931197946,0.74274786146807,-0.0278875515888792,48.72
0.0421775676812575,0.00855332950366031,-0.262483825612507,0.0694389585000913,0.418254678511325,0.737228325611054,-0.0585405673688045,48.79
0.0426946761703721,0.00841180791532567,-0.268708826091287,0.0761505967031279,0.397600054383598,0.731792075661557,-0.0873946769410774,48.86
0.0431974045407524,0.00826269465026469,-0.274399462068142,0.0833584355601553,0.376846000535607,0.72647769229472,-0.114369924999865,48.93
0.0436864286780384,0.00810608311487946,-0.279545846743829,0.0910746341414334,0.356092281260067,0.72132083504628,-0.139394713136004,49
0.0441625473138554,0.00794209810106555,-0.284139640271581,0.0993098451485203,0.335431857786688,0.716354338143873,-0.162405313077974,49.07
0.0446266731952338,0.00777089861308797,-0.288173956876481,0.108073075584574,0.314951262661694,0.711608303503114,-0.183345415120548,49.14
0.0450798244866704,0.00759268082746289,-0.291643281946043,0.117371538060071,0.294730972462509,0.707110190295351,-0.202165712892288,49.21
0.0455231163883714,0.00740768118296952,-0.294543399216861,0.127210492571603,0.274845777284254,0.702884900543449,-0.218823525479805,49.28
0.0459577529523236,0.00721617959723791,-0.29687132815675,0.137593078624436,0.25536514554416,0.698954860249656,-0.233282457800402,49.35
0.0463850190760864,0.00701850280563747,-0.298625271619013,0.148520137604024,0.236353582752655,0.695340095605741,-0.245512099994157,49.42
0.0468062726525915,0.00681502781740183,-0.299804573822624,0.159990115603626,0.21787098299595,0.692058303880295,-0.25548776649378,49.49
0.0472229368527797,0.00660618548308005,-0.300409688690838,0.171999136956254,0.199972971964599,0.689124918621495,-0.263190275321422,49.56
0.0476364925165837,0.00639246416649994,-0.30044215856038,0.184540526393692,0.18271124044565,0.686553168855668,-0.268605768059603,49.63
0.0480484706265868,0.00617441351345201,-0.299904603252851,0.19760450200881,0.166133867273374,0.684354132002787,-0.271725570842175,49.7
0.0484604448376484,0.00595264830826765,-0.298800719480693,0.211177948880089,0.150285630804167,0.682536780269908,-0.272546096616414,49.77
0.0488740240348808,0.0057278524083592,-0.29713529054042,0.22524418327175,0.135208308047237,0.681108020322836,-0.271068788833853,49.84
0.0492908448915891,0.00550078274560585,-0.294914206226146,0.239782707647671,0.120940960641124,0.680072726073076,-0.267300106632501,49.91
0.0497125643981548,0.00527227338223458,-0.292144492877249,0.254769047063619,0.107520206921546,0.679433764456146,-0.26125155148684,49.98
0.0501408523323357,0.00504323960751559,-0.288834353453642,0.270175690291047,0.0949804793744532,0.67919201411271,-0.252939735208195,50.05
0.0505773836410962,0.00481468206020375,-0.284993127248629,0.285978528918372,0.0833542668122669,0.679346346833163,-0.242386458999066,50.12
0.051023830703843,0.00458766077247109,-0.28063095847706,0.302168253328205,0.0726723406511997,0.679893511574356,-0.22961865282372,50.19
0.0514818554468537,0.00436317894190513,-0.275758654975113,0.318742635775811,0.062963964702506,0.680828101595595,-0.214668114525931,50.26
0.0519531012787339,0.00414215693910305,-0.270387736828656,0.33569609856731,0.0542570879212975,0.682142544597093,-0.197571409260811,50.33
0.052439184816918,0.00392543635739028,-0.264530524296466,0.353017669777523,0.04657851958407,0.683827085870996,-0.17837007910575,50.4
0.0529416873755809,0.00371378400031678,-0.258200234732348,0.370690406438878,0.0399540863902019,0.68586976460153,-0.157110951576272,50.47
0.0534621461857903,0.00350789579172729,-0.251411088283541,0.388690991629292,0.0344087710025063,0.688256383490611,-0.133846486119352,50.54
0.0540020453193909,0.00330840059454929,-0.244178422126262,0.406989415502928,0.0299668315606516,0.690970471924841,-0.10863515773893,50.61
0.0545628062888835,0.00311586392572471,-0.236518812981527,0.425548650422549,0.026651901715581,0.693993242940283,-0.0815418768047753,50.68
0.0551457782965519,0.00293079155592129,-0.228450207633937,0.44432432073622,0.0244870707471416,0.697303544282584,-0.0526384439881588,50.75
0.0557522281071927,0.00275363298380594,-0.219992061153769,0.463264367867806,0.0234949433378898,0.700877803901629,-0.0220040391504704,50.82
0.0563833295201219,0.00258478477573435,-0.211165482498025,0.482308801786494,0.0236976785859291,0.704689970262817,0.0102742571116756,50.89
0.0570401524176303,0.00242459376273574,-0.201993387138705,0.501389630059059,0.0251170078486586,0.708711447900631,0.0441009106968194,50.96
0.0577236513687231,0.00227336008762524,-0.192500656336833,0.520430243462836,0.027774231017668,0.712911028685082,0.0793713515781524,51.03
0.0584346838565838,0.00213134009596915,-0.182714272560345,0.539345643423706,0.0316901908318685,0.717254819317313,0.115971363457741,51.1
0.059174118287918,0.00199874906548017,-0.17266334033307,0.558045348012342,0.0368852248449566,0.721706195705829,0.153776477473868,51.17
0.0599428512420518,0.0018757637692033,-0.162379082290831,0.576437383375295,0.0433790946708209,0.72622584501071,0.192651492375078,51.24
0.0607417941194962,0.00176252486860193,-0.151894779831541,0.594435197573202,0.0511908921400983,0.730771775665999,0.232450183585705,51.31
0.0615718592615555,0.00165913913334226,-0.141245477269447,0.611965031272671,0.0603389220112261,0.735299657142552,0.273015504481005,51.38
0.0624339455245542,0.00156568148523274,-0.130467659507728,0.628967097446302,0.0708405608919872,0.739763881348737,0.314181004616693,51.45
0.0633289232922808,0.00148219686438295,-0.119599022948589,0.645394332373605,0.0827120920410989,0.744119617255557,0.355773467743473,51.52
0.0642576189104346,0.00140870191622427,-0.108678188544299,0.66121232955234,0.0959685157369661,0.748325739212466,0.397616772603634,51.59
0.0652208286151637,0.00134518649857849,-0.0977445067481323,0.676395372545461,0.110623334920347,0.752348238614043,0.439537461028658,51.66
0.0662194221161387,0.00129161500846433,-0.0868379235808618,0.690921666431866,0.126688315840269,0.756163457719889,0.48136991036002,51.73
0.0672543552931896,0.0012479275288248,-0.0759989071028223,0.704774808865786,0.144173223460607,0.759760785179273,0.52296009032664,51.8
0.0683266521661877,0.00121404079581419,-0.0652681627811781,0.717951019730382,0.163085531415408,0.76314580657428,0.564169411743645,51.87
0.0694373862086991,0.00118984898772281,-0.0546862573735383,0.730462381238976,0.18343010633797,0.766344391567033,0.604879662696056,51.94
0.0705876609869723,0.00117522433704058,-0.0442931505942617,0.742340842401685,0.205208866429255,0.769406423765951,0.644997530308579,52.01
0.0717786201926657,0.00117001756756582,-0.0341277842710916,0.753638354119083,0.228420414178878,0.772408480815248,0.684458108467754,52.08
0.0730115472247987,0.00117405815886875,-0.0242276079210593,0.764428640377782,0.253060154696839,0.775453869149932,0.723225979047251,52.15
0.0742878737736541,0.00118715444080061,-0.0146281603950704,0.774806572850762,0.279121501434329,0.778669139489962,0.761292664296267,52.22
0.0756091575589059,0.00120909352112673,-0.00536258656537036,0.784889750994299,0.306595672093421,0.782198615692731,0.798671985511732,52.29
0.0769770893715848,0.00123964104974442,0.00353870097014766,0.794818133818848,0.335480154230147,0.786196663906307,0.835393809564851,52.36
0.0783935895672285,0.00127854082332987,0.0120480954131601,0.804751029194367,0.365790906298429,0.79082088873952,0.87149886085814,52.43
0.0798608134530515,0.00132551423464682,0.0201408457703713,0.814861558523566,0.397551124933287,0.796229172191476,0.907036253014254,52.5
0.081381125709905,0.0013802595711411,0.0277952342759045,0.825332054011383,0.430784499621989,0.802575046451439,0.942060339656221,52.57
0.0829570738979113,0.00144245116785379,0.0349927312384034,0.836343164366656,0.465508892522629,0.810002721592664,0.976627485156775,52.64
0.084591361003154,0.00151173842010513,0.0417179170904459,0.848064157519312,0.50173438451347,0.818643991894459,1.01079371719169,52.71
0.0862868169795396,0.00158774466182565,0.0479583525011019,0.860650133787626,0.539462648295588,0.828617319075904,1.04461356096437,52.78
0.0880463692370987,0.00167006591587382,0.0537044570060502,0.874242114694078,0.578686294422721,0.840027435240095,1.07813930190051,52.85
0.0898730120257374,0.00175826952313842,0.0589493963801584,0.888966785243342,0.619388190228827,0.852964861636887,1.11142013425185,52.92
0.0917697746616756,0.00185189265772459,0.0636889789257233,0.90493618799448,0.661540751789676,0.867505461706314,1.14450146545715,52.99
0.0937396885426271,0.00195044073603903,0.0679215608001409,0.922246554273441,0.705105209229537,0.883709936506041,1.17742419484809,53.06
0.0957857528971174,0.0020533857281352,0.0716479604588864,0.940977774891887,0.750031026399437,0.901623501857381,1.21022408623341,53.13
0.0979108992133365,0.0021601643802487,0.0748713822438217,0.961193087409175,0.796256408347992,0.921275625763632,1.24293117344939,53.2
0.100117954293471,0.00227017635806503,0.0775973491022637,0.982938737794297,0.843709205478343,0.94268000581141,1.27556928849602,53.27
0.102409631968435,0.00238278232088933,0.079833614291305,1.00624361534723,0.892305417345458,0.965834966550136,1.30815595241985,53.34
0.104788613597418,0.00249730193756458,0.0815899917928601,1.0311188600455,0.941952909594071,0.990723644757765,1.34070214710988,53.41
0.10725753677674,0.00261301185568468,0.0828782858258945,1.05755753205973,0.992545211420561,1.01731513604557,1.37321268979668,53.48
0.109818952385032,0.00272914363639042,0.0837122591036409,1.0855344335003,1.0439588444497,1.04556440669749,1.40568588619511,53.55
0.112475280004997,0.00284488166781288,0.0841076095351236,1.11500536041601,1.09605240978207,1.07541169340816,1.43811294360856,53.62
0.115228761675832,0.0029593610710433,0.0840819551225672,1.14590735006342,1.14866566026799,1.10678196340137,1.4704773847288,53.69
0.118081413932795,0.00307166561335913,0.0836548568588534,1.17816151889308,1.2016185605639,1.13958416521995,1.5027543419409,53.76
0.121034978093539,0.00318082564432657,0.0828479695705301,1.21167494202992,1.2547103378663,1.17370963970104,1.53490937138038,53.83
0.12409086875498,0.00328581607132521,0.08168520000142,1.24634527645563,1.30772096368196,1.20903014410207,1.5668969376335,53.9
0.12725012046946,0.00338555439200634,0.0801926310440109,1.28205579359181,1.360422802798,1.24539543116878,1.59865850953173,53.97
0.130513332574749,0.00347892888991604,0.0783979408975951,1.31866852560246,1.41259461058196,1.2826341464329,1.63012288549969,54.04
0.133880642247158,0.00356491718817815,0.0763297078245939,1.35602235745615,1.4640285253985,1.32056027294029,1.66120980258237,54.11
0.137351785942441,0.00364261465463435,0.074016720358152,1.39393335934932,1.5145331290631,1.35898299025568,1.69183562691755,54.18
0.140926068695493,0.00371123285225054,0.0714873225350242,1.43220010038084,1.56393248881276,1.39771619010717,1.72191983331295,54.25
0.144602331546893,0.00377009813884578,0.0687689741623038,1.47061521046648,1.61206398241004,1.43658452296419,1.75138932682246,54.32
0.148379007372071,0.00381865043037901,0.065888206133915,1.50898171979665,1.65878029526493,1.47542582845172,1.78018009627029,54.39
0.152254114695222,0.0038564421399622,0.0628706694241481,1.5471250027772,1.70395468987278,1.51409127661858,1.80823725410848,54.46
0.156225339954931,0.00388313730270938,0.0597411569282049,1.58489596725426,1.74748437512408,1.55244475746066,1.83551457700832,54.53
0.16029014808157,0.0038985108945093,0.0565235074234797,1.62216961418312,1.78929251934236,1.5903622735805,1.86197402958155,54.6
0.164445861252456,0.00390244835078224,0.0532404814674522,1.65884038456017,1.82932671249719,1.62773175967032,1.88758548268142,54.67
0.168689645694858,0.00389494528929296,0.0499136388899398,1.69481935062493,1.86755748950966,1.66445324079437,1.91232668714633,54.74
0.173018557023842,0.00387610743908111,0.0465632475568806,1.73003084622899,1.90397363603937,1.7004389704407,1.93618314247767,54.81
0.177429523815096,0.00384615077559396,0.0432082831921839,1.76440944061888,1.93857857984328,1.73561309883063,1.95914759006399,54.88
0.181919419904519,0.00380540186010908,0.0398663694531332,1.79790098788504,1.97138771748105,1.76991081289576,1.98121904095227,54.95
0.186485135206677,0.00375429837954806,0.0365537782678654,1.83046248790408,2.00242754885659,1.80327752096118,2.0024019701417,55.02
0.191123554845146,0.00369338988078513,0.0332853396781456,1.86205714922608,2.03173472379435,1.83566811339475,2.02270558715763,55.09
0.195831597089597,0.00362333869154567,0.0300743511571437,1.89265109346975,2.05935436833296,1.86704587898253,2.04214264124769,55.16
0.200606189804819,0.00354492101797275,0.0269325763979047,1.92221510181196,2.08533796086852,1.89738131854939,2.06072809200281,55.23
0.205444305818287,0.00345902820689853,0.0238702129815825,1.95072586803771,2.10974129891883,1.92665127771923,2.07847815666784,55.3
0.210342936910745,0.00336663807109072,0.0208960393272285,1.97816714981421,2.13262090076057,1.95483821882397,2.09540976396243,55.37
0.215299126835417,0.00326869608602293,0.0180175000368114,2.00452747887006,2.15403389567965,1.98192999343363,2.11154065482268,55.44
0.220309943069142,0.00316608696719653,0.0152407595644738,2.02979834178284,2.17403733997267,2.00791942380759,2.12688919703871,55.51
0.22537250769982,0.00305963643558867,0.0125707541632041,2.05397364395574,2.1926879204777,2.0328038138384,2.14147409399428,55.58
0.23048396715208,0.00295011306753315,0.0100112419974525,2.07704841097444,2.21004180390288,2.05658444979449,2.15531404735358,55.65
0.235641521154134,0.00283823021411971,0.00756488142016586,2.09902069903613,2.22615219382494,2.07926609091217,2.16842737335816,55.72
0.240842390646342,0.00272464797623304,0.00523339752160038,2.11989229164087,2.24107076233362,2.10085675069232,2.18083220424018,55.79
0.246083845033034,0.00260997522234643,0.00301768646281345,2.13966998784081,2.25484723869051,2.12136740776375,2.19254658240268,55.86
0.251363168476779,0.00249477163714823,0.000917977913267264,2.1583653758712,2.26752868854405,2.14081191695928,2.20358871782895,55.93
0.256677715723109,0.00237954979000282,-0.00106609486274016,2.17599366370757,2.27916061903376,2.15920696996752,2.21397725795592,56
0.262024967241394,0.0022647772131363,-0.00293542701198002,2.19257439458931,2.28978723112323,2.17657195487223,2.22373138915562,56.07
0.267402493466296,0.00215087848028722,-0.00469128592097853,2.20813218179398,2.29945352623457,2.19292877445331,2.23287107036504,56.14
0.272807978624001,0.0020382372773765,-0.0063352473781145,2.22269628888643,2.30820532488865,2.20830159281271,2.24141709764003,56.21
0.278239183836118,0.00192719845752452,-0.00786916387103003,2.23630134166669,2.31609005487227,2.22271666036901,2.24939111962386,56.28
0.283693969894063,0.00181807007348392,-0.0092951349032056,2.24898544040836,2.32315686389195,2.23620209643406,2.25681563364235,56.35
0.289170259393388,0.00171112538125543,-0.01061550938414,2.26078618326001,2.32945650717365,2.2487877191616,2.26371381159638,56.42
0.294666088705383,0.00160660480932027,-0.0118329802306389,2.27174004601,2.33504386745485,2.26050462148369,2.27010900480754,56.49
0.300179659560147,0.00150471788855019,-0.0129505906101791,2.28188162736352,2.33997441109427,2.27138452258538,2.27602401766317,56.56
0.305709300013252,0.00140564513844795,-0.0139717119532133,2.29124272898714,2.34429876151206,2.28145934567434,2.28148063104514,56.63
0.311253485267189,0.00130953990593154,-0.014899993679497,2.29985400768184,2.34805930037919,2.29076108164943,2.2864995556581,56.7
0.316810767939115,0.00121653015339657,-0.015739194314576,2.30774360278934,2.35128909652915,2.29932199826769,2.29110090512767,56.77
0.322379708065788,0.00112672019328336,-0.0164930142819679,2.31493842486184,2.35401430516398,2.30717471282827,2.29530467700178,56.84
0.327958923222926,0.00104019236683472,-0.0171650506545071,2.32146425385475,2.3562564563112,2.31435221805341,2.2991311510275,56.91
0.333547138433933,0.000957008665153031,-0.0177587835351173,2.32734569942695,2.35803508336898,2.32088786057805,2.3026009937273,56.98
0.339143145629662,0.000877212291069506,-0.01827756391429,2.33261026525121,2.35937075151794,2.32681515110107,2.30573512908341,57.05
0.344745823120934,0.00080082916069929,-0.0187246029415764,2.33728836310678,2.36028601844514,2.33216773656211,2.30855479618595,57.12
0.350354094754696,0.000727869343897073,-0.0191029625505664,2.3414125558189,2.36080658358494,2.33697932312493,2.31108161294057,57.19
0.355966949125064,0.000658328443144064,-0.0194155473794485,2.34501705148056,2.36096057950112,2.34128354935988,2.31333740475007,57.26
0.361583398507743,0.000592188910677496,-0.0196650979318835,2.34813735810779,2.36077681731697,2.34511377893016,2.31534400839447,57.33
0.367202527974802,0.000529421303939725,-0.0198541849257803,2.35081057951471,2.36028514490124,2.34850302278873,2.31712323124232,57.4
0.372823544444335,0.000469985479659594,-0.0199852348682347,2.35307481729322,2.35951795448162,2.35148396019646,2.31869687513605,57.47
0.378445735418207,0.000413831727093885,-0.0200606168978711,2.35496894191336,2.35850919852857,2.35408878717587,2.32008649359269,57.54
0.384068487860939,0.000360901841149216,-0.0200825501487586,2.35653369506425,2.35729313981875,2.35634913251278,2.32131333324287,57.61
0.389691246881649,0.000311130136280988,-0.0200531023828902,2.3578110535832,2.35590521199878,2.35829601063715,2.32239842903151,57.68
0.395313534581117,0.000264444402214201,-0.0199743400266089,2.35884080116917,2.35438186090533,2.35995978072461,2.32336258200687,57.75
0.400934908723068,0.000220766802670971,-0.019848479134588,2.35965644336138,2.35276059959901,2.36137002119568,2.32422606887962,57.82
0.406554981589292,0.000180014718405511,-0.0196779469804791,2.36028615165573,2.35107898268174,2.36255510845096,2.32500790245109,57.89
0.412173378675647,0.000142101535948148,-0.0194654745848762,2.36075292922197,2.34937252931149,2.36354195062548,2.32572521421344,57.96
0.417789787674683,0.000106937383548155,-0.0192140095225034,2.36107896218584,2.34767327915474,2.36435584576288,2.32639287913139,58.03
0.423404007488324,7.44298158768399e-05,-0.0189266595735953,2.36128537043402,2.34600913107857,2.36502058427514,2.32702383361296,58.1
0.429015907012948,4.44844491114384e-05,-0.0186065769032692,2.36139051675258,2.34440366312854,2.36555858461661,2.32762942447007,58.17
0.43462544413922,1.70055480657057e-05,-0.0182569331517487,2.36141006322089,2.34287661381587,2.36599094139168,2.32821957802038,58.24
0.440232624618096,-8.1034329287618e-06,-0.0178809252031537,2.3613555852313,2.3414426473567,2.36633753592994,2.32880281921256,58.31
0.445837521144784,-3.09393536657621e-05,-0.0174817814878686,2.36123682768038,2.3401119227742,2.36661708859658,2.32938635121003,58.38
0.451440232309596,-5.1598934490088e-05,-0.0170627386730491,2.36106218732655,2.33889144361453,2.36684727282999,2.32997640589287,58.45
0.457040901765395,-7.01783437577637e-05,-0.0166269285075942,2.36084064052278,2.33778670668569,2.36704477021738,2.33057838374334,58.52
0.462639677258925,-8.67728245869864e-05,-0.0161773552898345,2.36058484537735,2.33680413109135,2.36722538664005,2.33119711396714,58.59
0.468236729874419,-0.000101476359164517,-0.0157168736382922,2.36031075457495,2.33595023569886,2.36740410883587,2.33183708431326,58.66
0.473832213135893,-0.00011438136888861,-0.015248076248195,2.36003650670083,2.33523204799801,2.36759519135682,2.33250270068032,58.73
0.479426312403749,-0.000125578448653561,-0.0147732721088608,2.35978146832725,2.33465705931955,2.36781206303646,2.33319833572555,58.8
0.485019294299619,-0.000135156133607813,-0.014294494959778,2.35956512566051,2.33423092102341,2.36806726332462,2.33392828674781,58.87
0.490611465892786,-0.000143200696750574,-0.0138135118559503,2.35940558470049,2.33395718407229,2.3683722878959,2.33469664276575,58.94
0.496203194082097,-0.000149795975770092,-0.0133318318057673,2.35931798044256,2.33383838987181,2.36873746365723,2.33550724124024,59.01
0.501794864816885,-0.000155023227565685,-0.0128507445371946,2.35931414874729,2.33387628581854,2.3691720334734,2.33636365419196,59.08
0.507386902501274,-0.000158961008941237,-0.0123714796280822,2.35940172525476,2.33407486629897,2.36968420972238,2.33726914346952,59.15
0.512979729223971,-0.00016168508200318,-0.0118953656259526,2.35958513832544,2.33444001094068,2.37028125668854,2.33822646475281,59.22
0.518573784156874,-0.000163268342845178,-0.0114238386959965,2.35986678086702,2.33497587048352,2.37096939103161,2.33923758040879,59.29
0.524169482763952,-0.000163780772152035,-0.0109583007732656,2.36024980517393,2.33568314517523,2.37175380107736,2.3403036722911,59.36
0.52976723616346,-0.000163289406407239,-0.0104999776321607,2.36073640283352,2.33655778132377,2.37263887508115,2.34142551462361,59.43
0.535367410285052,-0.000161858328440553,-0.0100498971992078,2.36132641376976,2.33759110897991,2.373628187054,2.34260363527858,59.5
0.540970345165379,-0.000159548676105625,-0.00960889782390483,2.36201812982779,2.33877199248966,2.37472424007223,2.34383820525975,59.57
0.546576314024624,-0.000156418667930781,-0.00917763640133482,2.36280870535585,2.34008645082079,2.37592835814705,2.34512898734593,59.64
0.552185542468841,-0.000152523644639113,-0.00875659633139008,2.36369459604237,2.3415194415501,2.37724051599537,2.34647531380444,59.71
0.557798167462219,-0.000147916125486869,-0.00834609530272013,2.36467091281254,2.34305414516162,2.37865916686374,2.34787603300342,59.78
0.563414286503936,-0.000142645878420875,-0.00794629289265778,2.36573053330652,2.34467311264906,2.38018118875743,2.34932939484741,59.85
0.569034006743808,-0.000136760003106641,-0.00755719797736237,2.36686447541611,2.34635895996811,2.38180191901483,2.35083311575906,59.92
0.574657403771681,-0.000130303025928478,-0.00717864586155901,2.36806419493723,2.34809235307266,2.38351530737132,2.35238435244903,59.99
0.580284540517338,-0.000123317006111073,-0.00681021504006455,2.36932207661624,2.34985435446882,2.385313676105,2.35397955442755,60.06
0.585915425908635,-0.000115841652158347,-0.00645132429607469,2.37063096119892,2.35163081487429,2.38718756877771,2.35561443601118,60.13
0.591550063725444,-0.000107914447850036,-0.00610126944177791,2.37198517581417,2.35341231136453,2.38912598858773,2.35728409797672,60.2
0.597188501385939,-9.95707870787322e-05,-0.00575922979939704,2.37338165369555,2.35519234015579,2.39111666545131,2.3589831184129,60.27
0.602830788401851,-9.08441168502577e-05,-0.0054242745230696,2.37481846553287,2.35696538893773,2.39314605113373,2.36070543233176,60.34
0.608476994940559,-8.17660878081101e-05,-0.00509539886408332,2.37628979970649,2.35872494905405,2.39519919308998,2.36244430101509,60.41
0.614127170142184,-7.23667116774349e-05,-0.00477168065931566,2.37778241610346,2.36046387465422,2.39725978813722,2.36419231103017,60.48
0.619781360541443,-6.26745250574445e-05,-0.00445243670968897,2.37927814696417,2.36217408016072,2.39931014543898,2.36594098180821,60.55
0.625439568242408,-5.27167590186429e-05,-0.00413725871389757,2.38075570534237,2.36384605758553,2.40133102900861,2.36768049341199,60.62
0.631101769196358,-4.25195139904747e-05,-0.00382598894511548,2.38219462974629,2.36546950761481,2.40330159066494,2.36939953464641,60.69
0.63676787123176,-3.21079394467024e-05,-0.00351860559038545,2.38357591945614,2.36703285814045,2.40519936370054,2.37108539204062,60.76
0.642437732187787,-2.15064179168433e-05,-0.00321519828220352,2.384880504219,2.36852305446113,2.40700034772633,2.37272409937941,60.83
0.648111117802138,-1.07387528691204e-05,-0.00291597364732818,2.38608783533517,2.36992592223926,2.40867900457174,2.3743005577496,60.9
0.653787719706705,1.71639975811522e-07,-0.00262126078345912,2.38717435778285,2.37122319204522,2.41020825593671,2.37579856617799,60.97
0.659467113184402,1.12015383305949e-05,-0.00233151666003895,2.38811357875666,2.37239241391144,2.41155957351994,2.37720091357173,61.04
0.665148805131436,2.23277164497673e-05,-0.00204730134950178,2.38887791357137,2.37340861889308,2.41270298158539,2.37848941190256,61.11
0.670832281969385,3.35267460809259e-05,-0.00176916290535462,2.38944029352629,2.3742449298777,2.41360700256991,2.37964499129632,61.18
0.6765169672527,4.47747956784478e-05,-0.00149761240364371,2.38977619815344,2.37487482998768,2.41423845601012,2.38064767682959,61.25
0.682202239419591,5.60474283032132e-05,-0.00123309887482839,2.38986388584057,2.37527274931674,2.41456217153283,2.38147644737764,61.32
0.687887389345816,6.73193986392591e-05,-0.000975893853754,2.38968432765722,2.37541333153024,2.41454085721054,2.38210915740109,61.39
0.693571668151282,7.8564449569027e-05,-0.000726066066280142,2.38922093503952,2.37527287096856,2.41413482304031,2.38252240170026,61.46
0.699254335008982,8.97551087636653e-05,-0.000483486072302888,2.3884579985201,2.37482807658399,2.41330180092154,2.38269147397569,61.53
0.704934614706467,0.000100862485762903,-0.000247860863910502,2.38737780771991,2.37405381796759,2.41199689193786,2.38259032935471,61.6
0.710611715411967,0.000111856070041141,-1.88585963519106e-05,2.38595750596386,2.37292472810361,2.41017255144258,2.38219152124207,61.67
0.716284786308214,0.000122703530581851,0.000203826981873136,2.38416868862187,2.37141413426536,2.40777900389923,2.38146641384255,61.74
0.721952935459276,0.000133370517511741,0.000420352043121028,2.38197766953626,2.36949353689949,2.40476463701803,2.38038527970979,61.81
0.727615187574811,0.000143820466378909,0.000630688572354909,2.37934764964407,2.36713384049079,2.40107625573517,2.37891740318899,61.88
0.733270502038883,0.000154014405695624,0.000834650546100105,2.37623989997467,2.36430225919868,2.39665928722851,2.37703103985118,61.95
0.738917730869967,0.000163910768406553,0.00103201048675385,2.37261377915744,2.36096151709849,2.39145781757924,2.37469350326325,62.02
0.744555636981983,0.000173465207986369,0.00122252586893889,2.36842724096289,2.35707131353389,2.38541440088844,2.3718711088769,62.09
0.750182852416108,0.000182630419917812,0.00140593555736659,2.36363629813577,2.35258835345966,2.37846994273613,2.368529186241,62.16
0.755797896916729,0.000191355969351213,0.00158195636831853,2.35819314240375,2.34746723016874,2.37056371919548,2.36463213005759,62.23
0.761399136525291,0.000199588125800074,0.0017502797594706,2.35204626119801,2.34166017539321,2.36163371299537,2.36014346061938,62.3
0.766984802569755,0.00020726970578359,0.00191056865318426,2.34514110773835,2.33511685102052,2.35161681661044,2.3550258942718,62.37
0.772552950728251,0.000214339924386623,0.00206245439883789,2.33742255900659,2.32778704162143,2.34044899366117,2.34924142455734,62.44
0.778101510637546,0.000220734256769792,0.00220550379258228,2.32883489013018,2.31962107360254,2.3280654599378,2.34275141471548,62.51
0.783628335818145,0.00022638431072767,0.00233909598582942,2.31932293687235,2.3105713317132,2.31440091529168,2.33551673231157,62.58
0.789131163690083,0.000231217711459964,0.00246238981698191,2.3088349888106,2.3005944525709,2.29938988773793,2.32749798686721,62.65
0.794607636156867,0.000235157999790974,0.00257432140227444,2.29732311164665,2.28965202974229,2.28296701042113,2.31865569067149,62.72
0.800055260447485,0.000238124545144008,0.00267360191319584,2.28474246414184,2.27771268949395,2.2650672928006,2.30895034348393,62.79
0.805471460697766,0.000240032474651363,0.00275871555970805,2.27105180694903,2.26475006193523,2.24562641732196,2.29834235157815,62.86
0.810853630052773,0.000240792619855846,0.00282788771481161,2.25621153344688,2.25074019847606,2.22458106274786,2.28679214289274,62.93
0.816199093073414,0.000240311482535772,0.00287896303248409,2.24018129937982,2.23566051213668,2.20186925530723,2.27426032856468,63
0.821505128933046,0.000238491221263848,0.00290934402998601,2.22291752281524,2.21949009070593,2.17743071871834,2.26070770094557,63.07
0.826768935101434,0.000235229660387117,0.00291586982275493,2.20437192857481,2.20220756201464,2.15120710385126,2.2460949785481,63.14
0.831987651916145,0.000230420323195134,0.00289481558546061,2.18449649354524,2.18379186732219,2.12314215929458,2.23038259950945,63.21
0.837158327741034,0.000223952491119847,0.00284201279627943,2.16324537626838,2.16422221232215,2.09318217484133,2.2135309253325,63.28
0.842277945114435,0.000215711290890133,0.00275287971724131,2.14057644930449,2.14347749702533,2.06127663873606,2.19550070518163,63.35
0.847343387589374,0.000205577811638745,0.00262242236124347,2.11645171308496,2.12153820358038,2.02737892912158,2.17625368109479,63.42
0.852351467671249,0.000193429254035246,0.00244523611616723,2.0908352982431,2.09838631951371,1.99144692024582,2.15575309411786,63.49
0.857298895558297,0.000179139113591738,0.00221553820394573,2.06369326939474,2.07400483121389,1.95344359453148,2.13396409205025,63.56
0.862182309093351,0.000162577400356854,0.00192729124753555,2.03499499031589,2.0483782021109,1.91333772144262,2.11085421999027,63.63
0.86699824463529,0.000143610897281295,0.00157423752343525,2.0047129520898,2.02149130848672,1.8711046639893,2.08639390404449,63.7
0.871743169261876,0.000122103459601271,0.00114990418413994,1.97282428416418,1.99333227907887,1.82672713290606,2.06055710931247,63.77
0.876413454015516,9.79163576436789e-05,0.000647639738881182,1.93931190284478,1.96389174689884,1.78019597920955,2.03332187180172,63.84
0.881005438694401,7.09086655089275e-05,6.07420848534143e-05,1.90416641088087,1.93316407971005,1.73151108562046,2.00467091535415,63.91
0.885515497991177,4.09376981361199e-05,-0.00061750231770755,1.86738811660287,1.90115055924336,1.68068208622259,1.9745922637167,63.98
0.889940018781901,7.85949929240986e-06,-0.00139377774255838,1.82898845067099,1.86785987573274,1.62772903471062,1.94307966753957,64.05
0.894275439069332,-2.84706169394886e-05,-0.00227463667008383,1.78898990788037,1.83331011994055,1.57268305113707,1.91013308721829,64.12
0.898518228294848,-6.81974685774745e-05,-0.00326657601693307,1.74742586776445,1.79753073803456,1.51558721758532,1.87575917151577,64.19
0.902664929434216,-0.000111465349449297,-0.00437605130234247,1.70434098560896,1.7605618313541,1.45649757176515,1.83997191249058,64.26
0.906712142589897,-0.000158417311585113,-0.00560945872162682,1.65979064888565,1.72245462167475,1.39548413757377,1.80279320581876,64.33
0.910656600581007,-0.000209194383687898,-0.00697311509798747,1.61384067172312,1.68327223879121,1.33263205178409,1.7642535870453,64.4
0.914495246328916,-0.000263934723102398,-0.00847323559724477,1.56656830957387,1.64308754992953,1.26804287585602,1.72439293275347,64.47
0.918225221834018,-0.000322772698739242,-0.0101159090915347,1.51806254692103,1.60198401731173,1.20183567010098,1.68326115618675,64.54
0.921843919237561,-0.000385837902464104,-0.011907071059899,1.46842383715531,1.56005540036136,1.13414812924037,1.64091892668791,64.61
0.92534897366906,-0.000453254086527197,-0.0138524739158175,1.41776233021032,1.5174030975362,1.06513774711798,1.59743838196585,64.68
0.928738318277261,-0.00052513802469829,-0.0159576546547445,1.36619807632271,1.47413732417298,0.994982947900998,1.55290380200383,64.75
0.932010181136372,-0.000601598294875232,-0.0182278997177677,1.31386347471847,1.43037731047564,0.923884361450269,1.50741245391992,64.82
0.935163144415644,-0.000682733981064204,-0.0206682069716919,1.26090387311986,1.38625340607704,0.852065878580949,1.46107530537708,64.89
0.938196145493388,-0.000768633292770714,-0.0232832447100682,1.20748073857682,1.34190970498124,0.779775843642591,1.41401778531286,64.96
0.941108540391708,-0.000859372100023803,-0.0260773075852261,1.15377417760252,1.29750655668245,0.707279775284352,1.36637520427962,65.03
0.943900109200279,-0.000955012382436672,-0.0290542994747048,1.09998086120017,1.2532219378698,0.634827791909691,1.31827242179543,65.1
0.946571123851455,-0.00105560059094808,-0.0322178936433909,1.04629555714926,1.20924247497668,0.562647284493074,1.26981959112983,65.17
0.94912232781204,-0.00116116592112254,-0.0355719002179729,0.992896123951544,1.16575362210832,0.490943922967685,1.22111332823157,65.24
0.951554887862169,-0.00127171849718133,-0.0391204196783598,0.939941530860458,1.12292712556908,0.419902778128325,1.17223776666522,65.31
0.953870348035892,-0.00138724746623915,-0.0428678123843474,0.887572821403117,1.08091476790774,0.349689585421255,1.12326546672204,65.38
0.956070585702387,-0.00150771900257285,-0.0468186345024576,0.835914068925627,1.03984847866187,0.28045202692518,1.07425829753413,65.45
0.958157769760188,-0.00163307422212016,-0.0509775703418559,0.785073321612877,0.999842356078724,0.212320998439694,1.0252683209672,65.52
0.960134320910557,-0.00176322700782974,-0.055349361017587,0.735143534739845,0.960992144442334,0.145411859011709,0.976338676172273,65.59
0.962002873971042,-0.0018980617469283,-0.0599387293565497,0.686203488201211,0.923375534773288,0.0798256605326833,0.927504463853883,65.66
0.963766242185612,-0.00203743098166753,-0.0647503009609229,0.638318687638299,0.887052865943183,0.0156503553205667,0.878793629473344,65.73
0.965427383483878,-0.00218115297564699,-0.0697885213441476,0.591542247738753,0.852067803572325,-0.0470380201412627,0.830227844750698,65.8
0.966989368638761,-0.00232900919837863,-0.0750575690559674,0.545915756523376,0.818447995617806,-0.108174186899569,0.781823386958249,65.87
0.968455351269276,-0.00248074173138463,-0.0805612647167491,0.501470209921787,0.786205703862866,-0.167702492037758,0.733592015611806,65.94
0.969828539633118,-0.00263605059977876,-0.0863029758857608,0.458227106147075,0.755338410805962,-0.225575805174529,0.685541846263153,66.01
0.971112170152148,-0.00279459103399805,-0.0922855176948937,0.416198977200683,0.725829401726504,-0.281754443962991,0.637678221178829,66.08
0.972309482612993,-0.00295597066710652,-0.0985110491872135,0.375390079223372,0.697648321971212,-0.336205129444622,0.590004576756023,66.15
0.973423696984399,-0.00311974667390312,-0.104980965309788,0.335797151200641,0.670751709760595,-0.388899971976962,0.542523307576614,66.22
0.974457991792896,-0.0032854228589271,-0.111695784522289,0.29741015168062,0.645083505062198,-0.439815488339656,0.495236627034758,66.29
0.975415483998731,-0.00345244670136337,-0.11865503199643,0.260212973560894,0.620575535314241,-0.488931650524076,0.448147424492063,66.36
0.976299210314746,-0.0036202063658136,-0.125857118397223,0.224184137123234,0.597147979009161,-0.53623096663493,0.401260118917906,66.43
0.977112109911996,-0.00378802768891723,-0.133299214255046,0.189297461605181,0.574709808367189,-0.58169759426668,0.354581508960161,66.5
0.97785700845731,-0.00395517115287619,-0.140977119957521,0.155522715694162,0.553159302802382,-0.625316486674216,0.308121619364042,66.57
0.978536603429817,-0.00412082885806388,-0.148885131412753,0.122826247414696,0.532384725086252,-0.667072572025818,0.261894543613598,66.64
0.979153450665458,-0.00428412150807619,-0.157015901460063,0.0911715939527146,0.512264439937711,-0.706949966012741,0.215919282612679,66.71
0.979709952080801,-0.00444409542181994,-0.165360327219446,0.0605200720225626,0.492668192056541,-0.744931218089543,0.17022057914806,66.78
0.980208344530119,-0.00459971958851977,-0.173907583863416,0.030831349433186,0.473464901405986,-0.780996621722822,0.124829777877208,66.85
0.980650689752322,-0.00474988278287067,-0.182645395238854,0.0020639985502256,0.454540197458739,-0.815123679227175,0.0797858006544045,66.92
0.981038895455201,-0.00489339075895537,-0.191560691971864,-0.0258239676200229,0.435811118053097,-0.847286631283989,0.0351361162756603,66.99
0.98137482767505,-0.00502896354299617,-0.200640356398204,-0.0528745759775712,0.417234153739404,-0.877456021461972,-0.0090624765895102,67.06
0.981660333850651,-0.00515526293423,-0.209871934202005,-0.0791293897514216,0.39880299847628,-0.905598476732538,-0.0527437054545219,67.13
0.981897236753246,-0.00527101041236526,-0.219244192646732,-0.104629020039624,0.380540610889881,-0.931677516880469,-0.0958337642965949,67.2
0.982087329326918,-0.0053750149491123,-0.228747495533597,-0.129412651718716,0.362489166672524,-0.955655754463585,-0.138256091445835,67.27
0.982232370406478,-0.00546617092222033,-0.23837396500157,-0.153517582990343,0.344699917613622,-0.977497673602977,-0.179937151049423,67.34
0.982334081280496,-0.00554345624124725,-0.24811737016689,-0.176978777859264,0.327222384865418,-0.997171814851472,-0.220810511580998,67.41
0.982394143067756,-0.00560593070503224,-0.257972953358689,-0.199828430870769,0.310100377392845,-1.01465134379135,-0.260817688236884,67.48
0.982414194876042,-0.00565273460931725,-0.26793725423921,-0.222095543477461,0.293371886129179,-1.02991381629561,-0.29990758576661,67.55
0.982395832712937,-0.00568308762151033,-0.278007931895011,-0.243805511455585,0.277069663748443,-1.04294086304419,-0.338035806479615,67.62
0.98234060911903,-0.0056962879380929,-0.288183584962183,-0.264979722848711,0.261221255770731,-1.05371791405121,-0.375164065054017,67.69
0.982250033494738,-0.00569171173878816,-0.298463569828274,-0.285635256244514,0.245849204514078,-1.06223396353674,-0.411259530425138,67.76
0.982125573092686,-0.00566881295013039,-0.308847816936958,-0.305784769262469,0.230971335132284,-1.06848140549318,-0.446294155621136,67.83
0.981968654648423,-0.00562712332972313,-0.319336645207443,-0.325435854839719,0.216601033067076,-1.07245600032177,-0.480244026229415,67.9
0.981780666622973,-0.00556625288103185,-0.329930574570524,-0.344590587193275,0.202747512592659,-1.07415679215089,-0.513088728001436,67.97
0.981562962031442,-0.0054858906071653,-0.34063013661607,-0.363245167059981,0.189416076209654,-1.07358603708663,-0.544810734029688,68.04
0.981316861832629,-0.00538580561068044,-0.351435683343119,-0.381389575914606,0.176608364721735,-1.07074917250226,-0.57539481186695,68.11
0.981043658855191,-0.00526584854502908,-0.362347194003579,-0.399007239235716,0.164322597898193,-1.06565482732538,-0.60482745090649,68.18
0.980744622236506,-0.0051259534218047,-0.373364080033731,-0.416074699001228,0.152553805692136,-1.05831487322506,-0.633096310299618,68.25
0.980421002350896,-0.00496613977648274,-0.384484988074492,-0.432561295713829,0.141294050045919,-1.04874451654252,-0.660189687656306,68.32
0.980074036204254,-0.00478651519383524,-0.395707601091753,-0.448428860380623,0.130532637372633,-1.03696243075038,-0.686096008753067,68.39
0.979704953272519,-0.00458727819266614,-0.407028437621635,-0.463631507264704,0.120256321856557,-1.0229909291674,-0.710803338461074,68.46
0.979314981761623,-0.00436872146790859,-0.418442649183323,-0.478115618361366,0.110449499764815,-1.00685617758824,-0.734298943192289,68.53
0.97890535526672,-0.00413123548649795,-0.429943815922712,-0.491819298322246,0.101094395008854,-0.988588446427647,-0.756568965256681,68.6
0.978477319808483,-0.00387531243171805,-0.441523740575211,-0.504672022901917,0.0921712362368622,-0.968222401903615,-0.777598028833805,68.67
0.978032141224188,-0.00360155048897056,-0.45317224086405,-0.51659448204587,0.0836584257775535,-0.945797435714182,-0.79736883798677,68.74
0.977571112891078,-0.00331065846405761,-0.464876970570545,-0.527500303805421,0.0755327007916412,-0.921358032579073,-0.815861827171955,68.81
0.977095563759114,-0.00300346072317604,-0.47662332963601,-0.537300864014884,0.0677692870204121,-0.894954445725624,-0.833055376049491,68.88
0.97660686666975,-0.00268090244179793,-0.488394313079982,-0.545901840205639,0.0603420455510497,-0.866644281265855,-0.848927371227484,68.95
0.976106446936718,-0.00234405514755904,-0.500170419349543,-0.553204569438026,0.0532236130452716,-0.836493666695458,-0.863455888834514,69.02
0.975595791164004,-0.00199412254006007,-0.511929498056224,-0.559103636748734,0.0463855359029637,-0.804578634311184,-0.876620292089275,69.09
0.975076456275273,-0.00163244656822207,-0.523646687891539,-0.563486623283547,0.0397983988542097,-0.770986236946841,-0.888401811540932,69.16
0.974550078727863,-0.00126051374345782,-0.535294415033492,-0.566241251282602,0.0334319484930735,-0.73581560526538,-0.89878408975421,69.23
0.974018383883221,-0.000879931576679493,-0.546842572843792,-0.567267159854799,0.0272552122837898,-0.699180298979357,-0.907755556214979,69.3
0.973483195504216,-0.000492314936951438,-0.558259003703853,-0.566488943709508,0.0212366135851584,-0.661212642221118,-0.915314204411221,69.37
0.972946415260417,-9.92628294233884e-05,-0.56951016318076,-0.563864709863067,0.0153440832518616,-0.62206940915757,-0.921473928827997,69.44
0.972409912033061,0.000297634611980657,-0.580561816663192,-0.559391296989561,0.0095450781193369,-0.581936059285729,-0.926270105118911,69.51
0.971875501511999,0.000696789033722624,-0.591379769070616,-0.553106699733635,0.00380641668793173,-0.541025096670479,-0.929762246870288,69.58
0.971344925787815,0.00109660670238592,-0.601930688427271,-0.545088043213213,-0.00190534530051179,-0.49956951259006,-0.932029255242264,69.65
0.970819742643219,0.00149551139140186,-0.612182813301486,-0.535447453872623,-0.00762372090091977,-0.457811939613508,-0.933160931127522,69.72
0.970301305038929,0.00189205751890837,-0.622106484534691,-0.524324200569638,-0.0133821887518231,-0.415992100481195,-0.933249870447057,69.79
0.969790770590542,0.00228495303853915,-0.631674471743957,-0.511874277317122,-0.0192140897429073,-0.37433820393686,-0.932386539143384,69.86
0.969289110924212,0.00267305228461029,-0.640862004869664,-0.498256823442359,-0.025152522959179,-0.333063306192116,-0.930657104987022,69.93
0.968797120890215,0.00305534888276943,-0.649646631610382,-0.483623756984873,-0.0312302403002469,-0.292364678212788,-0.928142881235998,70
0.968315427616835,0.00343096874681057,-0.658008051631269,-0.468118004193282,-0.0374795391773997,-0.252424369719529,-0.924920297436679,70.07
0.967844499390195,0.00379916317984424,-0.66592795803952,-0.451873763260196,-0.0439321526976655,-0.213409943357572,-0.921060944581968,70.14
0.967384654348677,0.00415930209562418,-0.673389886493803,-0.43501678383842,-0.0506191367520274,-0.175475195220045,-0.916631633072215,70.21
0.966936068983458,0.00451086737356282,-0.68037907227865,-0.417664659913707,-0.0575707534353399,-0.138760858698345,-0.911694462185528,70.28
0.966498786439393,0.00485344635883762,-0.686882315641447,-0.399927133763935,-0.0648163502375892,-0.103395288880853,-0.906306899851801,70.35
0.966072724613033,0.00518672551695153,-0.692887855658933,-0.381906408880284,-0.0723842344606765,-0.0694951249570623,-0.900521871608601,70.42
0.965657684046968,0.00551048425022603,-0.698385252871977,-0.363697469868848,-0.0803015423310797,-0.0371659283081163,-0.894387857701703,70.49
0.96525335562197,0.00582458888189777,-0.703365280901102,-0.345388407486279,-0.088594102298076,-0.00650279417663047,-0.887948997374111,70.56
0.964859328050494,0.00612898681182496,-0.707819827231846,-0.327060747094084,-0.09728629202767,0.022409064992679,-0.881245199468454,70.63
0.964475095177109,0.00642370084622851,-0.711741803336469,-0.308789778940029,-0.106400888626864,0.0494937662586859,-0.874312258545194,70.7
0.964100063093255,0.00670882370244175,-0.715125064279111,-0.290644888794155,-0.115958911658075,0.0746842344775017,-0.867181975796182,70.77
0.963733557075443,0.00698451268826672,-0.717964337932175,-0.272689887579028,-0.12597945853354,0.0979217135537286,-0.85988228410676,70.84
0.963374828357604,0.00725098455428278,-0.720255163915516,-0.25498333874079,-0.136479531910354,0.119155311863491,-0.852437376692113,70.91
0.963023060749737,0.00750851051628353,-0.721993842353469,-0.237578972471117,-0.147473858742047,0.138341582909514,-0.84486783880312,70.98
0.962677377116366,0.0077574114439409,-0.723177392530543,-0.220526275984874,-0.158974700680391,0.15544414212955,-0.837190782064574,71.05
0.962336845729507,0.00799805321081936,-0.723803521512586,-0.203870536776321,-0.1709916555619,0.170433320643161,-0.829419981073776,71.12
0.962000486511969,0.00823084219995985,-0.723870602787625,-0.187653060065749,-0.183531449758548,0.183285856594898,-0.821566011950139,71.19
0.961667277187796,0.00845622095843606,-0.723377664967447,-0.171911469355084,-0.196597721219813,0.193984624630339,-0.813636392586897,71.26
0.961336159357507,0.00867466399357243,-0.722324390579464,-0.15667999908293,-0.210190793085498,0.202518403925094,-0.805635724413159,71.33
0.961006044516589,0.00888667370283541,-0.720711124966522,-0.141989778698619,-0.224307437804168,0.208881685077933,-0.797565835530609,71.4
0.960675820036316,0.00909277642885048,-0.718538895300261,-0.127869107536682,-0.238940631752113,0.213074516070136,-0.78942592514113,71.47
0.960344355126542,0.00929351863048615,-0.715809439701769,-0.114343719928764,-0.25407930041187,0.215102387391529,-0.781212709231942,71.54
0.960010506800526,0.00948946316051187,-0.712525246450702,-0.10143704004165,-0.269708054237944,0.214976156331975,-0.772920567532275,71.61
0.959673125862176,0.0096811856399799,-0.708689603251656,-0.0891704259754832,-0.285806915410325,0.21271201034063,-0.764541691800445,71.68
0.959331062936359,0.00986927091917911,-0.704306656512672,-0.0775634026991607,-0.302351035754405,0.208331469255615,-0.756066235542321,71.75
0.958983174562963,0.0100543096147803,-0.699381480576212,-0.0666338834360687,-0.319310406188935,0.201861426113707,-0.747482465301729,71.82
0.958628329375482,0.0102368947126247,-0.693920156827579,-0.0563983791476556,-0.336649558151408,0.1933342261492,-0.73877691370002,71.89
0.958265414384713,0.0104176182255043,-0.687929862589037,-0.0468721957902645,-0.354327347806673,0.182787783498029,-0.729934534436248,71.96
0.957893341388,0.0105970678952393,-0.681418969689456,-0.0380696190469127,-0.372296913942914,0.170265735022209,-0.720938859490542,72.03
0.957511053524075,0.0107758239283745,-0.674397152579708,-0.0300040862569467,-0.390505088192474,0.155817630569544,-0.711772158801886,72.1
0.957117531993135,0.0109544557548951,-0.666875505842294,-0.0226883452853582,-0.408891980530805,0.139499158880146,-0.70241560271705,72.17
0.956711802961214,0.0111335187994964,-0.658866670920296,-0.016134600088366,-0.427390650751091,0.121372408245839,-0.692849427530352,72.24
0.956292944667205,0.0113135512551382,-0.650384971864749,-0.0103546427453117,-0.445926776733972,0.101506160914027,-0.683053104453535,72.31
0.955860094750115,0.0114950708488661,-0.641446559872233,-0.00535997173528859,-0.464418320721399,0.0799762201167253,-0.673005512372191,72.38
0.955412457813153,0.0116785715901947,-0.632069566353123,-0.00116189624619882,-0.482775194937666,0.0568657684803928,-0.662685114758729,72.45
0.954949313240202,0.0118645204927143,-0.622274264239024,0.00222837369254536,-0.500898928039405,0.0322657564477719,-0.652070141122653,72.52
0.954470023279015,0.0120533542600148,-0.612083237201088,0.00479965145722577,-0.518682334022013,0.00627531920863456,-0.641138773386379,72.59
0.953974041404107,0.0122454759275047,-0.601521556413104,0.00654071266040493,-0.536009185361038,-0.0209977795033535,-0.629869337579091,72.66
0.95346092097085,0.0124412514522518,-0.590616964450892,0.00744024876611581,-0.552753892324621,-0.0494366785393403,-0.618240501241975,72.73
0.952930324170594,0.0126410062435806,-0.579400065874967,0.0074868356933218,-0.568781280819239,-0.0789149273354335,-0.606231476935273,72.8
0.952382031294851,0.0128450216278306,-0.567904523994999,0.00666891761117985,-0.583946561299842,-0.109296002984288,-0.593822232231948,72.87
0.951815950314633,0.0130535312414087,-0.556167233175419,0.00497480613290594,-0.598096273465567,-0.140432898836391,-0.5809937065725,72.94
0.951232126778853,0.0132667173470726,-0.544228285547412,0.0023926951165132,-0.611078483474403,-0.172167666747283,-0.567728065429546,73.01
0.950630754033444,0.0134847070692348,-0.53213058102289,-0.00108930871658351,-0.622760611680174,-0.204331577555189,-0.554009262915012,73.08
0.950012183760323,0.0137075685450104,-0.51991944094043,-0.00548313913188515,-0.633028536738502,-0.236747136236516,-0.539824454729184,73.15
0.949376906744976,0.0139353069887239,-0.507642164394509,-0.0108007074865043,-0.641789905320203,-0.269231443287798,-0.525166201561615,73.22
0.948725443690929,0.0141678606686563,-0.495347646782036,-0.0170538233730393,-0.648976474394639,-0.301601898423219,-0.510036004748083,73.29
0.948058326598878,0.0144051268836731,-0.483085939362539,-0.0242540985881721,-0.654541516163781,-0.333683948995013,-0.49444926457024,73.36
0.947376110525717,0.0146470781162047,-0.470907899389309,-0.0324128342123534,-0.658453821361148,-0.36531844930474,-0.478440668261452,73.43
0.946679385626081,0.0148937878367681,-0.458864869733524,-0.0415408905920064,-0.660697959934725,-0.396367069372678,-0.462068834003415,73.5
0.945968789466371,0.0151454261358895,-0.447008356996485,-0.0516485400200647,-0.661274270641485,-0.426716748917271,-0.445420571326074,73.57
0.94524498951283,0.0154022552698333,-0.435389647008645,-0.0627453019197267,-0.660205078779209,-0.456283018501805,-0.428614365699281,73.64
0.944508575606793,0.0156646251170791,-0.424059176260416,-0.074839760346078,-0.65754064308412,-0.485012942072368,-0.411802303458178,73.71
0.943760042941681,0.015932968540828,-0.413065838867109,-0.0879393636345782,-0.653365433126535,-0.512886208104945,-0.395166944741768,73.78
0.942999775268007,0.0162077966512323,-0.402456288335093,-0.102050206041742,-0.64779871873622,-0.539910037682586,-0.378914585919335,73.85
0.942227938054323,0.0164896939595554,-0.392274263336211,-0.117176791244706,-0.640994344139489,-0.566110407165007,-0.363264216211555,73.92
0.94144446212384,0.0167793134150403,-0.382560026913507,-0.133321777589548,-0.633136645797477,-0.59152286490831,-0.34843351876279,73.99
0.940649057588325,0.0170773713139573,-0.373349888242619,-0.150485705008851,-0.624431217407382,-0.616186702558333,-0.334628772253366,74.06
0.939841227992777,0.0173846420690559,-0.364676016837397,-0.168666703560484,-0.615088352452128,-0.64014248029365,-0.322041146432938,74.13
0.939020284676067,0.0177019528265055,-0.356566548544988,-0.187860183579201,-0.605309661249577,-0.663431069964959,-0.310845957862824,74.2
0.938185361356457,0.0180301779163598,-0.349045742047287,-0.208058507475554,-0.5952857417287,-0.68609316233193,-0.30120277627723,74.27
0.937335428954398,0.0183702331216336,-0.342134125185285,-0.229250643266057,-0.585196626176595,-0.708168846520452,-0.293255596118068,74.34
0.936469310668187,0.0187230697502188,-0.33584863066755,-0.251421799973492,-0.575211690865501,-0.729697200791573,-0.287132889835555,74.41
0.93558569732102,0.0190896684931337,-0.330202720792311,-0.274553045097645,-0.565489747415129,-0.750715893899743,-0.282947720881838,74.48
0.934683163000656,0.0194710330519377,-0.32520650087644,-0.298620994687506,-0.556179222569136,-0.771260796336071,-0.280797853901147,74.55
0.933760181015244,0.0198681835176462,-0.32086682114885,-0.323597666621558,-0.547418333255263,-0.791365600777586,-0.28076582998953,74.62
0.932815140191036,0.0202821494830224,-0.317187366924573,-0.349449775412445,-0.539335254248928,-0.811061451096366,-0.28291900525706,74.69
0.9318463615395,0.0207139628698668,-0.314168736936402,-0.376138191149244,-0.532048275944676,-0.830376579321205,-0.28730955120312,74.76
0.930852115322828,0.0211646504527452,-0.311808509756973,-0.403617563180064,-0.525665949921103,-0.849335949990742,-0.293974415689116,74.83
0.929830638548157,0.0216352260605255,-0.310101328387892,-0.431836861434599,-0.520287220163461,-0.867960911389425,-0.302935273654256,74.9
0.928780152921629,0.0221266824372317,-0.309039063235213,-0.460740866292209,-0.516001537983683,-0.886268883304496,-0.314198527082821,74.97
0.927698883294089,0.0226399827439259,-0.308610873040377,-0.49026740273636,-0.512888958851364,-0.904273141094906,-0.327755173305007,75.04
0.926585076630455,0.0231760516837346,-0.308803224089884,-0.520346337345125,-0.511020219521004,-0.921982515231953,-0.343580601693554,75.11
0.925437021534752,0.0237357662326431,-0.309599897985812,-0.55089877468085,-0.510456794009093,-0.939401066248536,-0.361634349003945,75.18
0.924253068362399,0.0243199459594018,-0.3109819882222,-0.581836424260543,-0.511250927145165,-0.956527765026111,-0.381859813805935,75.25
0.923031649950602,0.0249293429187373,-0.31292788585981,-0.61306122979582,-0.513445644585539,-0.973356178347115,-0.40418393073582,75.32
0.921771302996526,0.025564631103113,-0.315413254640886,-0.644466014490854,-0.51707473834806,-0.989874159732312,-0.428516835681679,75.39
0.920470690111521,0.0262263954394777,-0.318410995933674,-0.675935542411659,-0.522162727089586,-1.00606354568024,-0.454751583394846,75.46
0.919128622577722,0.0269151203188858,-0.321891234034363,-0.707345320051805,-0.528724790517951,-1.02189985752879,-0.482763768714916,75.53
0.917744083831114,0.027631177648449,-0.325821442666058,-0.738565812546475,-0.536766677494331,-1.03735203935557,-0.512411203775699,75.6
0.916316223604717,0.0283748144169248,-0.330166773389626,-0.769473099752415,-0.546284587553695,-1.05238238279824,-0.543533743704915,75.67
0.914844262574844,0.0291461397672506,-0.33489058651225,-0.799958964061317,-0.557265025738861,-1.06694688005764,-0.575954045663234,75.74
0.91332748805235,0.0299451416593349,-0.339954854156584,-0.829930092065884,-0.569684630817868,-1.08099639690334,-0.609480136657327,75.81
0.911765280557556,0.0307717932965177,-0.345320676852253,-0.859306441332513,-0.583509977128368,-1.09447881691157,-0.643909672968173,75.88
0.910157141203876,0.0316260687892874,-0.35094855328222,-0.888011312216013,-0.598697350471863,-1.10734203746495,-0.679035623859315,75.95
0.908502719901282,0.032507928232116,-0.356798373797514,-0.915961310050729,-0.615192498661016,-1.11953634414773,-0.714650434603156,76.02
0.906801844388497,0.033417302281663,-0.362829469378563,-0.943062276852008,-0.632930357511139,-1.1310156228908,-0.750547860182799,76.09
0.905054550100183,0.0343540762370958,-0.369000716766931,-0.969212006414528,-0.65183475325487,-1.14173810277821,-0.78652379726957,76.16
0.903261080784377,0.035318073623847,-0.37527079076454,-0.994312091340943,-0.671818082556523,-1.15166756306447,-0.822377923460953,76.23
0.901421799694165,0.0363090392829007,-0.381598594529671,-1.01827539442442,-0.692781061764594,-1.1607767803286,-0.857918343861475,76.3
0.899537191875684,0.0373266219688771,-0.387943838526861,-1.0410308611391,-0.714612727511533,-1.16905216333813,-0.892967142468956,76.37
0.897607897370539,0.0383703564615535,-0.394267618432143,-1.06252474207786,-0.737191472733413,-1.17649810180266,-0.927365427690617,76.44
0.895634715148297,0.0394396451972107,-0.400532842280687,-1.08272289021254,-0.760390881074674,-1.18313934433663,-0.960977062817531,76.51
0.893618517582033,0.0405337394282831,-0.406704477470179,-1.10160841727392,-0.784087653961062,-1.18901938966771,-0.993691355103529,76.58
0.891560255979124,0.0416517500098543,-0.412749618288746,-1.11918325478681,-0.808175393563691,-1.19419850117555,-1.02542211835508,76.65
0.88946096688834,0.0427927480019296,-0.418637404687446,-1.1354681440956,-0.832569169891432,-1.19875272801616,-1.0561064206816,76.72
0.88732168890289,0.0439557745769121,-0.424338973417851,-1.15050836666176,-0.85720791444497,-1.20277329990552,-1.08570356054543,76.79
0.885143440379544,0.0451398204244781,-0.429827622618296,-1.16437615783666,-0.882048744765571,-1.20636537120802,-1.11419358023223,76.86
0.882927137704295,0.0463438348466383,-0.435078979755431,-1.17716829890093,-0.907065496787455,-1.20964536049443,-1.14157471572796,76.93
0.880673574437272,0.0475668247366375,-0.440071323840998,-1.18900348949319,-0.93224108550926,-1.21273796683647,-1.16786050547425,77
0.878383340969587,0.0488078629340265,-0.44478576148589,-1.20002097298788,-0.957567805620178,-1.21577150679816,-1.19307568549996,77.07
0.87605683511657,0.0500660661492721,-0.449206437709198,-1.21037376329702,-0.983042063002478,-1.21887274330778,-1.21725192376637,77.14
0.873694303461326,0.0513406026501242,-0.45332063140428,-1.22022044218202,-1.00866102910727,-1.22216165542534,-1.24042390478388,77.21
0.871295853265814,0.0526307899011201,-0.457118675572148,-1.22971781100422,-1.03442470845413,-1.22574750068034,-1.26262657630845,77.28
0.868861374769579,0.0539361016446149,-0.460593792815421,-1.23901776389818,-1.06033424254469,-1.22972764212389,-1.28389415925477,77.35
0.866390554400678,0.0552561446110954,-0.463742086969387,-1.24826479910771,-1.08638660063439,-1.23418694172292,-1.30425941581141,77.42
0.863882918725389,0.0565906349560447,-0.466562329940216,-1.25758631285548,-1.11257272797105,-1.2391966652703,-1.32375269374005,77.49
0.861337879054424,0.0579393744305553,-0.469055603996364,-1.26708785869315,-1.13887773743844,-1.24481605649298,-1.3424024913567,77.56
0.858754776714142,0.0593022262908546,-0.471225100414018,-1.27685340013387,-1.16527679625846,-1.25109570652266,-1.36023715150615,77.63
0.856132928993183,0.0606790909504259,-0.473076164720396,-1.28694721492448,-1.19172643724387,-1.25807979914091,-1.37728596900916,77.7
0.85347167577632,0.0620698813772411,-0.47461628760033,-1.2974116425057,-1.21816224700571,-1.26580548579088,-1.39357853764693,77.77
0.850770426877696,0.0634744982379946,-0.475855041369402,-1.3082666308754,-1.2444995019071,-1.2743023983315,-1.40914420159421,77.84
0.848028710085228,0.0648928047909736,-0.476803961878728,-1.31951222542506,-1.27063503792429,-1.2835924793917,-1.42401182138282,77.91
0.845246219926668,0.0663246015294415,-0.477476646468322,-1.33113168262777,-1.29644644453544,-1.29368967847421,-1.43820931228715,77.98
0.84242283707802,0.0677696005780676,-0.477888917322055,-1.34310745426887,-1.32180188327368,-1.30459840016802,-1.45176253338446,78.05
0.839558558244278,0.0692274299338193,-0.478058929627141,-1.35543337387746,-1.34657677216,-1.31630932018744,-1.46469274450834,78.12
0.836653517041217,0.0706977277319183,-0.478007013638363,-1.36811407949804,-1.37066437053864,-1.32879536732872,-1.4770142553731,78.19
0.833708005615038,0.0721801460169959,-0.477755310495095,-1.38115901431918,-1.39397791969021,-1.34201024845435,-1.48873347000106,78.26
0.830722406734252,0.0736743242013898,-0.477327291688427,-1.39457199798817,-1.41645014807271,-1.35588915594561,-1.49984917575881,78.33
0.827697216875039,0.0751798923924072,-0.476747402481783,-1.40835228487604,-1.43803273030221,-1.37035271152715,-1.51035470872812,78.4
0.824633070029953,0.0766965647704585,-0.47604079877476,-1.42249269720336,-1.45868468898368,-1.38531065744631,-1.52023997954934,78.47
0.821530671967777,0.0782241424981696,-0.47523290618021,-1.43696601734394,-1.47836240722954,-1.4006634309903,-1.529492397045,78.54
0.818390825459591,0.0797624863410552,-0.474349011475692,-1.45171976816147,-1.49701799228446,-1.41630568580809,-1.53809912690759,78.61
0.815214486282806,0.0813114890911381,-0.473413795708486,-1.46667562092093,-1.51460177876811,-1.4321308591922,-1.54605035470794,78.68
0.812002819900783,0.082871047796118,-0.472450928849881,-1.48173024242588,-1.53106241327039,-1.44803582440148,-1.55334298177852,78.75
0.80875722871289,0.0844410357961035,-0.471482605203568,-1.49676056147716,-1.5463524944407,-1.46392457686425,-1.55998370106822,78.82
0.805479289678427,0.0860212745698577,-0.470529229756215,-1.51163766878352,-1.56043585807785,-1.47971116672668,-1.5659915131904,78.89
0.802170752727918,0.087611535480635,-0.469609375421432,-1.52624517031083,-1.57329286744119,-1.49532067596181,-1.57139694455341,78.96
0.798833479582377,0.0892116316002826,-0.468739830282546,-1.54048978072808,-1.58492280678674,-1.51068721860547,-1.57623426644354,79.03
0.795469443300084,0.0908214190891246,-0.467935734498752,-1.55430635542276,-1.59534680847733,-1.52575332819685,-1.58053968233958,79.1
0.792080638078599,0.0924407683104517,-0.467210626044862,-1.56765393275472,-1.60460424305552,-1.54047004159758,-1.58435154135476,79.17
0.788668989539888,0.0940695347700073,-0.466576485274337,-1.58050811326265,-1.61274931155872,-1.55479692803322,-1.58771065153761,79.24
0.785236385813648,0.0957075599706312,-0.466043838236507,-1.59285287562064,-1.61984368726995,-1.56870140231152,-1.590659789707,79.31
0.781784709033153,0.0973547623600874,-0.465621677829661,-1.60467474831892,-1.62595326945743,-1.58215804505431,-1.59324303892831,79.38
0.778315776946234,0.0990111378483695,-0.465317473389671,-1.61596198509447,-1.63114333133205,-1.59514759956872,-1.59550474224631,79.45
0.774831345046232,0.100676730071369,-0.465137328727206,-1.62670754084876,-1.63547904139926,-1.60765657853865,-1.59748936565418,79.52
0.771333048839177,0.102351600488812,-0.465086138039679,-1.63691109439575,-1.63902545983166,-1.61967727027149,-1.59924175800716,79.59
0.767822436654328,0.10403579831575,-0.465167649324018,-1.64658288623184,-1.64185082982706,-1.63120811465574,-1.600807867253,79.66
0.764301002705237,0.105729360374312,-0.465384585640426,-1.65574549000564,-1.64402952215263,-1.64225408791493,-1.60223546085131,79.73
0.760770130110171,0.107432401040267,-0.465738673720367,-1.66443083969101,-1.64564502277567,-1.65282691565862,-1.60357451858557,79.8
0.757231094283658,0.109145111757154,-0.466230640045153,-1.67267997381859,-1.64678832871974,-1.66294439203479,-1.60487660488656,79.87
0.753685006323317,0.110867730291328,-0.466860234539213,-1.68053977952394,-1.64755686555669,-1.67262985784401,-1.60619442327559,79.94
0.750132816719981,0.112600509812322,-0.467626311952745,-1.6880611284878,-1.64805007366684,-1.6819112957168,-1.60758085998053,80.01
0.74657525902019,0.114343717881997,-0.468526760323855,-1.69529726059463,-1.64836999582007,-1.69082082421651,-1.60908862902175,80.08
0.743012883862622,0.116097725523391,-0.469558547330685,-1.7023022338695,-1.64861843971947,-1.69939392843379,-1.61076943465622,80.15
0.739446093112005,0.117863005837823,-0.47071764386958,-1.70912974061397,-1.64889853648096,-1.70766887781137,-1.61267340242379,80.22
0.735875083817274,0.11964010233902,-0.471999095703932,-1.71583270999696,-1.64931094478533,-1.71568551819169,-1.61484778496922,80.29
0.732299882513216,0.121429597083523,-0.473397032642048,-1.72246459876377,-1.64995766665925,-1.72348473117198,-1.61733650630028,80.36
0.72872037959879,0.123232078587673,-0.474904645421258,-1.72908047357781,-1.65094107691626,-1.73110726627736,-1.62017873836723,80.43
0.725136273528365,0.125048139608465,-0.476514190579663,-1.73573454428974,-1.65236288819134,-1.73859281776124,-1.62340777285907,80.5
0.721547105344365,0.126878464953108,-0.478217053526196,-1.74247926205975,-1.65432292937287,-1.74597889398435,-1.62704952558306,80.57
0.717952293293469,0.128723828780007,-0.480003659334616,-1.74936194960256,-1.65691710375768,-1.75329953883458,-1.63112088344509,80.64
0.714351077271419,0.130585061554237,-0.48186353229428,-1.75642368639036,-1.66023431451898,-1.76058390451458,-1.63562771304153,80.71
0.710742553633401,0.132463016731381,-0.483785293776472,-1.76369139155937,-1.6643484443615,-1.76785521666553,-1.6405633730202,80.78
0.707125740208199,0.134358537154802,-0.485756598605296,-1.77117231064406,-1.66931700164292,-1.77513007112862,-1.64590773010843,80.85
0.703499641444486,0.136272421151086,-0.487764010138831,-1.77885144724896,-1.67518089549149,-1.7824172194709,-1.65162526480907,80.92
0.699863283619109,0.138205388308494,-0.4897931151609,-1.7867020790961,-1.68196413537312,-1.78971707657608,-1.65766428300991,80.99
0.696215659949763,0.14015804492417,-0.491828848738018,-1.79469058395051,-1.6896648492836,-1.79702607216122,-1.66396382336136,81.06
0.692555766156131,0.142130849107159,-0.49385596912525,-1.80277750150551,-1.69825121980715,-1.8043409719883,-1.6704596562467,81.13
0.688882666312109,0.144124075526448,-0.495859562640682,-1.81091889367396,-1.7076609239665,-1.81166268741862,-1.67708916481343,81.2
0.68519555891934,0.146137809883543,-0.497825578782088,-1.81906857566008,-1.71780097840342,-1.81899960344449,-1.68379547026324,81.27
0.68149381313102,0.148172033280115,-0.499741516204344,-1.82718522026523,-1.72854766005193,-1.8263690110493,-1.6905306219922,81.34
0.677776914964916,0.150226615952565,-0.501597259809133,-1.83523690457324,-1.73974659424523,-1.83379408628367,-1.69725746245799,81.41
0.674044504043438,0.152301280549335,-0.503385888643805,-1.84320677044952,-1.75121605134982,-1.84129792014109,-1.70394592526597,81.48
0.670296410606806,0.154395595128831,-0.505104123824649,-1.85109390222013,-1.76276690391395,-1.84889411742866,-1.71056584320836,81.55
0.666532602542517,0.156509056058448,-0.506752175906435,-1.85890833867465,-1.77422775404245,-1.8565793499465,-1.71708168261071,81.62
0.662753192872956,0.158641080295915,-0.508333172284158,-1.86665910617887,-1.78545471451187,-1.86433312910318,-1.72345233366867,81.69
0.658958387350816,0.160790997325238,-0.509852375238976,-1.87434568310274,-1.79633652783134,-1.87212326355454,-1.72963484417174,81.76
0.655148492511335,0.162958131020943,-0.511316702065436,-1.88196474998795,-1.80678630039225,-1.8799138430086,-1.73559044252018,81.83
0.651323863826717,0.165141790926172,-0.512734366660134,-1.88951507544409,-1.81673766567035,-1.88766924980648,-1.74128776596798,81.9
0.647484944395977,0.167341263220014,-0.514114642448028,-1.89699340702919,-1.82613574999009,-1.89535609444169,-1.74670443811523,81.97
0.643632303900496,0.16955589164972,-0.515467656235633,-1.90439298100888,-1.83493296128694,-1.9029443995148,-1.75182795901853,82.04
0.639766587554032,0.171785067914136,-0.516804152648908,-1.91170335728551,-1.84308803730974,-1.91040836368737,-1.75665629946094,82.11
0.635888525475636,0.174028191685664,-0.518135168798275,-1.91891254242666,-1.85057241596715,-1.91772691678829,-1.76119831995627,82.18
0.63199888212293,0.176284660457284,-0.51947176941638,-1.92601058860695,-1.85737493231572,-1.92488493908034,-1.76547383399678,82.25
0.628098466123603,0.178553949400961,-0.520824691831548,-1.93298850068614,-1.86350442146341,-1.93187526541461,-1.76951132959466,82.32
0.624188080140388,0.180835600721742,-0.522203990841401,-1.93984096643115,-1.86898869310791,-1.93869801445199,-1.7733458761348,82.39
0.620268531105992,0.183129212780217,-0.523618833732485,-1.94656833670269,-1.87387237483478,-1.94535904834617,-1.77701724611873,82.46
0.616340580462536,0.185434519254795,-0.525077445264989,-1.95317583981937,-1.87821148745117,-1.95186843543467,-1.78056807064584,82.53
0.612404954742015,0.187751377824486,-0.526587082106359,-1.95967403176187,-1.88206700814536,-1.95823921671373,-1.78404235888441,82.6
0.608462296123065,0.190079728552488,-0.52815403656541,-1.9660771423847,-1.88550054960236,-1.96448692723485,-1.78748501260943,82.67
0.604513203389727,0.192419552060966,-0.529783759759071,-1.97240304832706,-1.88857251504087,-1.97062939078556,-1.79094170317196,82.74
0.600558273017279,0.194770857585978,-0.531480983746937,-1.97867282640115,-1.89134314929259,-1.97668678757445,-1.7944590800023,82.81
0.596598050111086,0.197133761088347,-0.533249752271655,-1.98490955617162,-1.89387079825172,-1.98268148310743,-1.79808455762863,82.88
0.59263303962642,0.199508472893785,-0.535093510458306,-1.99114031284047,-1.89621378429617,-1.98863788868072,-1.801866191861,82.95
0.588663657508511,0.201895255035628,-0.537015133048523,-1.99739370773412,-1.89842978881469,-1.99458196194705,-1.80585213279385,83.02
0.584690242094724,0.204294408471974,-0.539016981370334,-2.00369824126205,-1.9005757194731,-2.00053956483509,-1.81008866086637,83.09
0.580713005420468,0.206706350347953,-0.54110080846526,-2.01007984309873,-1.9027078806524,-2.00653599511278,-1.81461963336295,83.16
0.576732074861431,0.209131600771159,-0.543267783119857,-2.01656061495889,-1.90487985848704,-2.01259551770826,-1.81948595648509,83.23
0.572747534845076,0.211570739268188,-0.54551839206819,-2.02315988874728,-1.9071441370371,-2.01874098559596,-1.82472526273046,83.3
0.568759378365773,0.214024361000742,-0.547852491133944,-2.02989519266348,-1.90955163769246,-2.02499342946041,-1.83037134152629,83.37
0.564767548828546,0.216493062818686,-0.550269294689143,-2.03678303464645,-1.91215224980996,-2.03137176616466,-1.83645392419355,83.44
0.560771981958228,0.218977519314806,-0.552767333519909,-2.04383667459458,-1.91499397473327,-2.03789259555725,-1.84299849166775,83.51
0.556772557511821,0.221478468343927,-0.555344411201191,-2.05106636103473,-1.91812323975313,-2.04456978439926,-1.85002574338759,83.58
0.552769111233904,0.223996666169721,-0.557997589094942,-2.05847658612303,-1.92158177771968,-2.05141401763954,-1.85755108794566,83.65
0.548761386706391,0.226532842313716,-0.56072326018679,-2.06606700818673,-1.92540635981144,-2.05843249731543,-1.86558421530449,83.72
0.544749077534325,0.229087684180727,-0.563517131287767,-2.07383183654761,-1.92962825158541,-2.06562875879924,-1.87412887065198,83.79
0.540731869609053,0.231661911623007,-0.566374173841698,-2.08176125907373,-1.93427404647081,-2.07300245382238,-1.88318261910788,83.86
0.536709393191032,0.234256260904186,-0.569288603591321,-2.08984112150705,-1.93936655227985,-2.08054922056504,-1.89273669147761,83.93
0.532681265344398,0.236871438225474,-0.572253949369437,-2.09805498076261,-1.9449253090247,-2.08826030985288,-1.90277558013294,84
0.528647132466687,0.239508072888701,-0.575263060680671,-2.106382153852,-1.95096742964476,-2.09612253920751,-1.91327689667008,84.07
0.524606622657323,0.242166700171317,-0.578308204629316,-2.11480130054107,-1.95750482179807,-2.10411767227727,-1.92421052881903,84.14
0.520559358370019,0.244847834077457,-0.581381192146512,-2.12329069431479,-1.96454287524042,-2.11222281853703,-1.93553920315062,84.21
0.516504909004867,0.247551949428902,-0.584473503568361,-2.13182915361274,-1.97207974203779,-2.12041113148004,-1.94721937096586,84.28
0.512442833885688,0.250279433462122,-0.587576413712349,-2.14039417363702,-1.98010440425319,-2.12865277562511,-1.95920241803724,84.35
0.508372725367117,0.253030567098437,-0.590681146693283,-2.14896108026068,-1.98859193449859,-2.13691589203143,-1.97143580784476,84.42
0.504294161816099,0.25580559605578,-0.593779120811191,-2.15750380820013,-1.99750299009094,-2.14516810443552,-1.9838648511978,84.49
0.500206751001607,0.25860471127048,-0.596862103142579,-2.16599351284189,-2.00678727047471,-2.1533779949146,-1.99643447134437,84.56
0.496110173636911,0.261427998800104,-0.599922334164932,-2.17440049216324,-2.01638702720682,-2.16151588772619,-2.00909021335628,84.63
0.492004136818177,0.264275419379534,-0.602952652650431,-2.1826943043496,-2.02624029643717,-2.16955445338029,-2.02177885983447,84.7
0.487888417891639,0.267146877804177,-0.605946590880873,-2.19084716646888,-2.03628481772387,-2.17746889277614,-2.03444865391543,84.77
0.48376290849131,0.270042201614553,-0.608898410225066,-2.1988369339527,-2.0464599925713,-2.18523709303675,-2.04704943141615,84.84
0.479627568488,0.272961119347139,-0.611803287809389,-2.20664851804391,-2.05670483784373,-2.19283978557616,-2.05953284357764,84.91
0.475482440290285,0.275903328617855,-0.614657353507347,-2.21427359116692,-2.06696090129528,-2.20026094749993,-2.07185285183854,84.98
0.471327603147287,0.278868473516545,-0.617457727773698,-2.22170635400344,-2.07717108390455,-2.20748796528191,-2.08396595393094,85.05
0.467163187803457,0.28185612158115,-0.620202379866545,-2.2289389448747,-2.08728165130108,-2.2145111999535,-2.09583177397115,85.12
0.462989331153055,0.284865830621213,-0.622890047211623,-2.23596320111057,-2.09724418583433,-2.22132166026248,-2.10741495004813,85.19
0.458806221330672,0.287897124872022,-0.625520155770172,-2.24276815157696,-2.10701498296907,-2.2279104847718,-2.11868549178732,85.26
0.454614142972046,0.290949470750591,-0.628092621082604,-2.24934013060432,-2.11655703788256,-2.23426957113256,-2.12961827045685,85.33
0.45041343237846,0.294022342485309,-0.630607650349776,-2.25566376842705,-2.12583950813477,-2.2403933827767,-2.14019061917666,85.4
0.446204493018346,0.297115197102356,-0.633065665904893,-2.26172382829002,-2.13483546544928,-2.2462790748373,-2.1503812329898,85.47
0.44198775100907,0.300227449041644,-0.635467289897031,-2.26750984619574,-2.14352263085286,-2.25192632343062,-2.16016988780452,85.54
0.437763670922647,0.303358534675286,-0.637813420266524,-2.27301635250074,-2.15188038409624,-2.25733727958048,-2.16953734675099,85.61
0.43353271155675,0.306507886212676,-0.640105247562052,-2.27824165423356,-2.15989195373204,-2.26251670796568,-2.17846554458083,85.68
0.429295342013654,0.30967490526558,-0.642344332934106,-2.28319029314905,-2.1675448680401,-2.26747146799565,-2.18693805045613,85.75
0.425051997727907,0.31285902634673,-0.644532596844503,-2.28787072489302,-2.17482918569838,-2.27220846458578,-2.19494204304973,85.82
0.420803126872958,0.316059689786221,-0.646672278639229,-2.29229152885142,-2.18173817002595,-2.27673395693578,-2.20246857886061,85.89
0.41654923687563,0.319276314339138,-0.648765897037765,-2.29646111301631,-2.18826881943201,-2.28105347299555,-2.2095124477479,85.96
0.412290850767012,0.3225083597578,-0.650816211498634,-2.30038673152187,-2.19441879410311,-2.28517184810245,-2.21607215742343,86.03
0.408028523799359,0.325755298812555,-0.652826184415773,-2.30407555268397,-2.20018729100945,-2.28909317707579,-2.22214983638372,86.1
0.403762799968614,0.329016589034164,-0.654798944096047,-2.30753669425118,-2.20557646735785,-2.2928207097693,-2.22775108539576,86.17
0.399494228783558,0.332291734450517,-0.656737748464535,-2.31077763652122,-2.21058859846618,-2.29635665992016,-2.23288474741123,86.24
0.395223321920814,0.335580256800974,-0.658645919353508,-2.31380367843229,-2.21522862818698,-2.29970213785055,-2.23756280642256,86.31
0.390950600194537,0.338881666500524,-0.660526687141037,-2.31661860114483,-2.21950299525262,-2.30285720698205,-2.24180041510174,86.38
0.38667664056823,0.342195523625662,-0.662383126206043,-2.31922235682315,-2.22341714247356,-2.3058213650196,-2.24561535898749,86.45
0.382402032936006,0.345521408404291,-0.664218120966243,-2.32161270273113,-2.22697700411988,-2.30859553296075,-2.24902602423018,86.52
0.37812739710159,0.348858891480869,-0.666034362443579,-2.32378744090098,-2.23018905559353,-2.31118203166966,-2.25205123840347,86.59
0.373853339593501,0.352207594227597,-0.667834405392796,-2.32574533779481,-2.23306205440724,-2.31358257608737,-2.25471222475344,86.66
0.369580470656201,0.355567158582936,-0.669620545242655,-2.32748629566267,-2.23561038208442,-2.31579813827037,-2.25703254752157,86.73
0.365309361055382,0.358937216687497,-0.671394755505802,-2.32900960219764,-2.23785137461913,-2.31783088984101,-2.25903598778348,86.8
0.361040559037327,0.362317450587054,-0.673158655528299,-2.3303160955126,-2.23980470475322,-2.31968455312457,-2.26074586964731,86.87
0.356774547081161,0.365707561482797,-0.674913508543312,-2.33141081444503,-2.24149182997014,-2.32136400338893,-2.26218454261269,86.94
0.352511788872779,0.36910723879784,-0.676660310175145,-2.33230053785096,-2.2429343926062,-2.32287394159447,-2.26337157546014,87.01
0.348252776228488,0.3725162193286,-0.678399816931973,-2.33299430640098,-2.2441561149424,-2.3242186534474,-2.26432336916779,87.08
0.343997985696638,0.375934255960198,-0.680132665107794,-2.33350515157885,-2.2451790723016,-2.32540210247937,-2.26505319560835,87.15
0.33974789526715,0.379361086213841,-0.681859459728716,-2.33384581066186,-2.24601939847062,-2.32642835707574,-2.26557187234437,87.22
0.335502940829354,0.382796490893941,-0.683580683093228,-2.33402555824988,-2.24669039630742,-2.32730199032707,-2.26588835117479,87.29
0.331263532720566,0.386240262313186,-0.685296753860723,-2.33405092219287,-2.24720137919766,-2.32802806148874,-2.26600976891996,87.36
0.327030012006569,0.389692172362789,-0.687008056153063,-2.33392718471235,-2.24755889250992,-2.32861222054523,-2.26594165230091,87.43
0.322802696925339,0.393152030694917,-0.688715059012427,-2.33366292517317,-2.24776544066714,-2.32906093578739,-2.26568809625716,87.5
0.318581929224564,0.396619652494921,-0.690418466032706,-2.33327017273017,-2.24781875857983,-2.32938136289647,-2.2652527881465,87.57
0.314368030123895,0.400094826110064,-0.692119334980087,-2.3327619739572,-2.24771340257323,-2.32957932094493,-2.26464126889023,87.64
0.310161316334508,0.403577370801333,-0.693819047038895,-2.33214942121397,-2.24744261487979,-2.32965850431369,-2.2638613319553,87.71
0.305962055779238,0.407067104095683,-0.695519155751396,-2.33144003705007,-2.24700190600003,-2.32962035875641,-2.26292294410719,87.78
0.301770513446315,0.410563809005196,-0.697221326241129,-2.3306367020827,-2.24638761539396,-2.32946435075522,-2.26183850016166,87.85
0.297586997108541,0.414067291379751,-0.698927274428742,-2.32973950314509,-2.24559953707961,-2.32918878057933,-2.26062250892283,87.92
0.293411812639868,0.417577346870597,-0.700638585859573,-2.32874448410436,-2.24464213423203,-2.32879283107144,-2.25928950657634,87.99
0.289245279362507,0.421093727771616,-0.702356534463431,-2.32764730268425,-2.24352464365983,-2.32827678323896,-2.25785314587807,88.06
0.285087685068167,0.424616200005198,-0.704082021569369,-2.32644616694965,-2.2422609125348,-2.32764172252395,-2.25632585912468,88.13
0.28093930105863,0.428144539818467,-0.705815574977197,-2.3251433294173,-2.24086860615541,-2.32688948794039,-2.25471873360766,88.2
0.276800336849589,0.431678590544924,-0.707557438157188,-2.32374562022385,-2.23936844842666,-2.32602271362091,-2.25304165950246,88.27
0.272670954883812,0.435218228996833,-0.709307569041868,-2.32226353790568,-2.23778310359916,-2.32504499282729,-2.25130353937781,88.34
0.268551224898987,0.438763331754384,-0.711065638668639,-2.32070862688036,-2.2361358493354,-2.32396104402576,-2.24951246888321,88.41
0.264441168385991,0.44231383161716,-0.712831119937187,-2.31909353425507,-2.23444810797864,-2.32277678869872,-2.2476758583653,88.48
0.260340802873083,0.445869683693617,-0.714603316048718,-2.31743245908692,-2.23273953640115,-2.32149952133361,-2.24580073596863,88.55
0.256250095772305,0.449430831393083,-0.716381448987351,-2.31573787184771,-2.23102369369397,-2.32013750955185,-2.24389444269997,88.62
0.252169008314252,0.452997262584307,-0.71816465761737,-2.31402069481186,-2.22931180284753,-2.31869776056302,-2.24196659187114,88.69
0.248097539308494,0.456568975395137,-0.719951995673565,-2.31228970077312,-2.22761263125469,-2.31718577494224,-2.24002865216792,88.76
0.244035678467074,0.460145943916765,-0.721742519923337,-2.31055091217569,-2.22593179948335,-2.31560680620135,-2.23809070285694,88.83
0.239983419729827,0.463728174075882,-0.723535287991108,-2.30880850488894,-2.2242728650041,-2.31396630929645,-2.2361606864595,88.9
0.235940714240803,0.467315669148668,-0.725329326037478,-2.30706219186526,-2.22263479506694,-2.31226999920385,-2.23424456406371,88.97
0.231907513414624,0.470908395179837,-0.727123596397972,-2.30530936073627,-2.221014614284,-2.31052388051806,-2.2323463802361,89.04
0.227883811830386,0.474506336569872,-0.728916995286779,-2.30354820438142,-2.21940899877141,-2.30873430814435,-2.23046835777597,89.11
0.223869599690686,0.478109461304647,-0.730708410671925,-2.30177700038354,-2.21781481689908,-2.30690816924027,-2.22861117267765,89.18
0.219864875284615,0.481717686090924,-0.732496629727611,-2.2999950755469,-2.21623243784706,-2.30505300576455,-2.2267739880317,89.25
0.215869597103983,0.485330931661597,-0.73428039676126,-2.2982014237513,-2.21466124722575,-2.30317689698245,-2.22495430702825,89.32
0.21188372605153,0.488949087725704,-0.736058411022952,-2.29639221075509,-2.21309832169647,-2.30128864337061,-2.22314818665677,89.39
0.207907267478617,0.492571977827879,-0.737829294507651,-2.29456282246409,-2.21153948032683,-2.29939777037157,-2.22135033074346,89.46
0.203940222789794,0.496199414382526,-0.739591589949233,-2.29270834892224,-2.20997853053755,-2.29751468280393,-2.21955418274781,89.53
0.199982601052893,0.499831193447122,-0.741343849206641,-2.2908267163868,-2.20841105722718,-2.29565084940485,-2.21775219894016,89.6
0.196034370263724,0.503467149588929,-0.743084661629609,-2.28892206054953,-2.20683586508745,-2.29381892705343,-2.21593603128814,89.67
0.192095468616222,0.507107120410045,-0.744812712693176,-2.2870048206681,-2.20525684225473,-2.29203306516917,-2.21409695115271,89.74
0.188165755427706,0.510750910997035,-0.746526692399953,-2.28508993856786,-2.20368392145404,-2.290309089179,-2.21222606262734,89.81
0.184245052159129,0.514398348561338,-0.74822535435136,-2.28319397469937,-2.20212736172027,-2.28866447253379,-2.2103142755896,89.88
0.180333183269552,0.518049246747505,-0.749907544984962,-2.28133405949926,-2.20059356448197,-2.28711848812891,-2.20835248994152,89.95
0.176429926644819,0.521703369875622,-0.751572323351226,-2.27952675414486,-2.19908167164209,-2.28569187688325,-2.20633241243051,90.02
0.172535054130022,0.525360487384589,-0.753219111274694,-2.27778985925611,-2.19758452598895,-2.2844047393579,-2.20424863805456,90.09
0.168648371906528,0.529020368041702,-0.754847843828411,-2.27614341027568,-2.19609047368685,-2.28327541811637,-2.20209883698487,90.16
0.164769670454382,0.532682834273639,-0.756459059956141,-2.27460907692207,-2.19458787440871,-2.28231973862493,-2.19988319043606,90.23
0.160898734542344,0.536347726184231,-0.75805378280468,-2.27320832740859,-2.19306678316727,-2.28155060836417,-2.19760406842256,90.3
0.157035292898421,0.540014865525514,-0.759633460546364,-2.27195914642837,-2.1915158182603,-2.28097785351635,-2.19526597948655,90.37
0.153179058003551,0.543684109888193,-0.761199937585774,-2.2708781665278,-2.18992381350146,-2.28060814255751,-2.19287546139,90.44
0.149329765750032,0.547355316588282,-0.762755395949117,-2.26998011894089,-2.18828258423529,-2.2804447558754,-2.19044097286504,90.51
0.145487124706634,0.551028306515727,-0.764302206647762,-2.26927701060327,-2.18658734724207,-2.28048759243383,-2.1879729367436,90.58
0.1416508555216,0.554702918210887,-0.765842841415543,-2.26878024646855,-2.18483834502987,-2.28073341342434,-2.18548390422595,90.65
0.137820730205563,0.558379001733322,-0.767379724426443,-2.26849901743014,-2.18303991363028,-2.28117593176572,-2.18298865957283,90.72
0.1339965210361,0.562056472676711,-0.768915174387071,-2.26843955706853,-2.18119900977348,-2.28180646961511,-2.18050369332794,90.79
0.130178009526826,0.56573527589384,-0.770451346697181,-2.26860583872694,-2.17932566456181,-2.28261608663351,-2.17804441906844,90.86
0.126364935114209,0.569415349196466,-0.771990115461121,-2.26900059955528,-2.17743112114643,-2.2835958093316,-2.17562413506082,90.93
0.122557034004816,0.573096677294297,-0.773533136013391,-2.26962762416679,-2.17552723667017,-2.28473637577921,-2.173253888091,91
0.118754077924419,0.576779255447749,-0.775081847222566,-2.27049212864046,-2.17362814117027,-2.2860283683853,-2.17094257729899,91.07
0.114955822510436,0.580463053098026,-0.776637473719097,-2.27160252436138,-2.17174855690588,-2.28746219333597,-2.16869696685359,91.14
0.111162015790597,0.584148067737854,-0.778201118284195,-2.27296946966951,-2.16990283970279,-2.28902829800128,-2.16652202853449,91.21
0.107372346401326,0.587834288496974,-0.779773763851077,-2.27460151715056,-2.16810200406971,-2.29071735569371,-2.16442140348455,91.28
0.103586481989158,0.591521659705675,-0.781356245274114,-2.27650361463494,-2.16635297420449,-2.29252041795019,-2.16239759190083,91.35
0.0998041075375198,0.595210134699863,-0.782949220935923,-2.27867466870264,-2.16465936867607,-2.294429004418,-2.16045217147512,91.42
0.0960248733616224,0.598899669429872,-0.784553144177434,-2.2811094660504,-2.16302111076015,-2.2964349800671,-2.15858568348581,91.49
0.0922484333035997,0.60259027622481,-0.786168264626844,-2.28380146255976,-2.16143797927658,-2.29853049067186,-2.15679769800388,91.56
0.0884744828709588,0.606281987274416,-0.787794719594706,-2.2867428296254,-2.15990864527019,-2.30070792662158,-2.15508678741378,91.63
0.0847027070612947,0.609974818091527,-0.789432535004062,-2.28992699312498,-2.1584323253313,-2.3029599152016,-2.15345067904649,91.7
0.080932818405261,0.613668821217802,-0.791081626116289,-2.29334794849732,-2.15700829771534,-2.30527943174564,-2.15188646659905,91.77
0.0771645949701887,0.617364049645976,-0.792741858227639,-2.29699695380436,-2.15563418390879,-2.30765990944122,-2.15039079011802,91.84
0.0733978280662941,0.621060520220937,-0.794412926636045,-2.30086400247378,-2.15430919372973,-2.31009519747604,-2.1489598642477,91.91
0.069632330098211,0.624758267281958,-0.796094326670488,-2.30493465841995,-2.15303023873307,-2.31257939773172,-2.14758938489154,91.98
0.0658678822147394,0.628457306019289,-0.797785443876201,-2.30919103934712,-2.15179198622717,-2.31510679075043,-2.14627452496937,92.05
0.0621042721989259,0.632157595807769,-0.799485553750549,-2.31361056989612,-2.15058501693972,-2.31767182099354,-2.1450099591727,92.12
0.0583413323391802,0.635859093780436,-0.801193791216089,-2.31816572434706,-2.14939590757528,-2.32026917158306,-2.14378991780507,92.19
0.054578887021961,0.639561718116416,-0.802909150019437,-2.32282725656715,-2.14821089325868,-2.32289374809983,-2.1426083299791,92.26
0.0508167905755582,0.643265311307098,-0.804630572246988,-2.32756664523458,-2.14701709255174,-2.32554063170985,-2.14145887574741,92.33
0.0470549651048452,0.646969693665382,-0.806356977536802,-2.33236157599948,-2.14580656063904,-2.32820506188624,-2.14033506762783,92.4
0.043293348056383,0.65067465664205,-0.808087352356526,-2.33719696923824,-2.14457555871009,-2.33088256916671,-2.13923060233851,92.47
0.0395318999540131,0.654380016303422,-0.809820748928007,-2.34206125292372,-2.14332343249055,-2.33356922794423,-2.13813983242039,92.54
0.035770551955192,0.658085606623013,-0.811556253992322,-2.34694525238604,-2.14205377780034,-2.33626178866904,-2.13705799680671,92.61
0.0320092436675094,0.661791332941424,-0.813292987607879,-2.35184207243935,-2.14077455341013,-2.33895765944495,-2.1359812405286,92.68
0.0282479609633869,0.665497135158683,-0.815030222261224,-2.35674427125108,-2.13949157490297,-2.34165488751705,-2.13490657408123,92.75
