,"x(Wd,We)","y(Wd,We)","theta(Wd,We)",Wd_true,We_true,Wd,We,tempo
0,1.12999318317577e-05,6.04873352033137e-07,0.0001610960286136,0.0077902744078861,0.0050807248991159,2.32983168396857,2.3293429502264,0.0
1,2.42680785401334e-05,1.64145889036301e-06,0.0001598594738578,0.0077878293153946,0.0050994806317569,2.32953620316259,2.32933796453196,0.07
2,3.72359482378893e-05,2.67802857036168e-06,0.000158619529914,0.007785220156147,0.0051181293007689,2.32924072679061,2.3293329926909,0.14
3,5.02028598114759e-05,3.714538721019e-06,0.0001573704064216,0.0077821657122266,0.0051364870705425,2.32894526715296,2.32932805853116,0.21
4,6.3167459943372e-05,4.75089732604084e-06,0.0001561034495474,0.007778244223345,0.0051542777106409,2.3286498502568,2.32932319792177,0.28
5,7.61274890292771e-05,5.78694531238997e-06,0.0001548071645622,0.0077728934432521,0.0051711322652249,2.32835452114983,2.32931845886186,0.35
6,8.90795471397627e-05,6.82243784176463e-06,0.0001534672387466,0.007765410712221,0.0051865887329953,2.32805934925329,2.32931390156827,0.42
7,0.0001020188600678,7.85702560794266e-06,0.0001520665648363,0.0077549530557575,0.0052000917643137,2.32776443369314,2.32930959856088,0.49
8,0.0001149390455247,8.89023614446734e-06,0.0001505852652617,0.0077405373222199,0.0052109923838436,2.32746990862843,2.3293056347447,0.56
9,0.00012783187957,9.92145514903021e-06,0.0001490007174945,0.0077210403745683,0.0052185477487381,2.32717594857489,2.32930210748728,0.63
10,0.0001406870633937,1.09499078331708e-05,0.0001472875808567,0.0076951993539757,0.0052219209540893,2.32688277372136,2.32929912668998,0.7
11,0.0001534919905972,1.19746403083713e-05,0.000145417825202,0.00766164212333,0.0052201808990536,2.32659065523587,2.3292968148513,0.77
12,0.0001662315151611,1.29945010226536e-05,0.0001433607619269,0.0076189780010106,0.0052123022287549,2.32629992055741,2.32929530712035,0.84
13,0.0001788877203288,1.4008122264929e-05,0.0001410830778172,0.0075657081077164,0.0051971653687859,2.32601095866846,2.32929475133816,0.91
14,0.0001914396886778,1.50139017579418e-05,0.0001385488722834,0.0075001960534525,0.0051735566708051,2.32572422534234,2.32929530806445,0.98
15,0.0002038632737053,1.6009984364561e-05,0.0001357196985868,0.0074206689041187,0.0051401686894497,2.32544024835834,2.32929715058718,1.05
16,0.0002161308733045,1.69942439363935e-05,0.0001325546097048,0.0073252183695052,0.0050956006124675,2.32515963267645,2.32930046491201,1.12
17,0.0002282112055694,1.79642653382694e-05,0.0001290102095276,0.0072118022447107,0.0050383588676736,2.32488306556207,2.32930544972843,1.19
18,0.0002400690874263,1.89173266870336e-05,0.0001250407101269,0.0070782762271382,0.0049668579320132,2.32461132164979,2.32931231634937,1.26
19,0.0002516652166582,1.98503818482968e-05,0.0001205979958801,0.006922486233566,0.0048794213696989,2.3243452679338,2.32932128862054,1.33
20,0.0002629559579567,2.07600432403346e-05,0.0001156316952742,0.0067421805539673,0.004774283128035,2.324085868671,2.32933260279584,1.4
21,0.0002738931337129,2.16425650001789e-05,0.0001100892612604,0.0065351631092977,0.004649589121187,2.32383419018109,2.32934650737461,1.47
22,0.0002844238203345,2.24938265731047e-05,0.0001039160610671,0.0062998382920438,0.0045033991337868,2.32359137543842,2.32936326289672,1.54
23,0.0002944901509607,2.3309316793194e-05,9.70554764195157e-05,0.0060346731292896,0.0043336890778232,2.32335852826119,2.32938314169069,1.61
24,0.0003040291255291,2.40841185293869e-05,8.94490151527041e-05,0.0057380210092376,0.0041383536378454,2.32313668760381,2.32940642757043,1.68
25,0.0003129724292419,2.48128939785407e-05,8.10364352392189e-05,0.0054081264730986,0.0039152093410127,2.32292683175733,2.32943341547552,1.75
26,0.0003212462605679,2.54898706942768e-05,7.17558822868736e-05,0.0050431305757242,0.0036619980899793,2.32272988235125,2.32946441104995,1.82
27,0.0003287711700139,2.61088284480302e-05,6.15440415939837e-05,0.0046410768466597,0.0033763911980313,2.32254670813923,2.32949973015398,1.89
28,0.000335461911,2.66630870265651e-05,5.03363058786355e-05,0.0041999178851775,0.0030559939672299,2.32237812855194,2.32953969830366,1.96
29,0.0003412273042711,2.71454950782418e-05,3.80669598233031e-05,0.0037175226245535,0.0026983508515595,2.32222491700132,2.32958465003224,2.03
30,0.000345970117386,2.75484201287144e-05,2.46693826017213e-05,0.0031916843025604,0.0023009512483347,2.32208780392161,2.32963492816763,2.1
31,0.0003495869609294,2.78637398951666e-05,1.00762695734997e-05,0.0026201291766183,0.0018612359621577,2.32196747953303,2.32969088301988,2.17
32,0.0003519682032028,2.80828350368918e-05,-5.78012565181417e-06,0.0020005260234039,0.0013766043867285,2.32186459631489,2.32975287147245,2.24
33,0.0003529979052607,2.81965834888594e-05,-2.29677275671416e-05,0.0013304964639247,0.0008444224506745,2.32177977117586,2.32982125597104,2.31
34,0.0003525537782716,2.8195356533926e-05,-4.15543523135602e-05,0.0006076261561493,0.0002620313743602,2.32171358730942,2.32989640340342,2.38
35,0.0003505071652976,2.80690167783758e-05,-6.16073971946696e-05,-0.0001705231019184,-0.0003732427148202,2.32166659572338,2.32997868386381,2.45
36,0.0003467230496987,2.78069182045141e-05,-8.31935049368676e-05,-0.0010064003152186,-0.0010640782607253,2.32163931643308,2.33006846929516,2.52
37,0.0003410600924859,2.73979084835213e-05,-0.0001063782014779,-0.0019024512365982,-0.0018131468020215,2.32163223930807,2.33016613200265,2.59
38,0.0003333707010598,2.68303337405238e-05,-0.0001312255060845,-0.0028611032696905,-0.0026231004927631,2.32164582456318,2.33027204303171,2.66
39,0.0003235011318855,2.60920459733933e-05,-0.0001577975126143,-0.0038847492855264,-0.0034965585717343,2.32168050288483,2.33038657040384,2.73
40,0.0003112916297699,2.51704133355219e-05,-0.0001861539407697,-0.0049757303091289,-0.0044360927327824,2.32173667518452,2.33051007720352,2.8
41,0.0002965766065133,2.40523335018551e-05,-0.0002163516562241,-0.0061363170329841,-0.0054442113488658,2.32181471197159,2.33064291950958,2.87
42,0.0002791848618211,2.27242503461716e-05,-0.0002484441585424,-0.0073686901151319,-0.0065233425034447,2.32191495233803,2.33078544416454,2.94
43,0.0002589398494647,2.11721741662185e-05,-0.0002824810358717,-0.0086749192209395,-0.0076758157839661,2.32203770254868,2.33093798637542,3.01
44,0.0002356599917782,1.93817057011562e-05,-0.0003185073854381,-0.0100569407693219,-0.0089038427937177,2.32218323423075,2.33110086713974,3.08
45,0.0002091590456817,1.73380641939409e-05,-0.0003565631989557,-0.0115165343460262,-0.0102094963399903,2.32235178215701,2.33127439049079,3.15
46,0.0001792465235037,1.50261197585053e-05,-0.000396682712136,-0.0130552977491571,-0.0115946882587091,2.32254354161784,2.33145884055629,3.22
47,0.0001457281719654,1.24304303182881e-05,-0.000438893717578,-0.0146746206348992,-0.0130611458382122,2.32275866537794,2.33165447842501,3.29
48,0.0001084065127671,9.53528338956246e-06,-0.0004832168404193,-0.0163756567344949,-0.0146103868077031,2.32299726021408,2.33186153881612,3.36
49,6.70814482745384e-05,6.3247429875537e-06,-0.000529664776257,-0.0181592946178537,-0.0162436928592534,2.32325938303124,2.33208022654673,3.43
50,2.15509358757781e-05,2.78270193946916e-06,-0.0005782414909595,-0.0200261269826604,-0.0179620816760679,2.3235450365552,2.3323107127933,3.5
51,-2.83882653836318e-05,-1.10706010827641e-06,-0.000628941382147,-0.0219764184532125,-0.0197662774439497,2.32385416460048,2.33255313114324,3.57
52,-8.29397722458503e-05,-5.36081269822245e-06,-0.0006817484022713,-0.0240100718784322,-0.0216566798276943,2.32418664691372,2.33280757343359,3.64
53,-0.0001423066750914,-9.9948042923384e-06,-0.0007366351433967,-0.0261265931242153,-0.0236333313993907,2.3245422935935,2.3330740853745,3.71
54,-0.0002066905525323,-1.50251854317792e-05,-0.0007935618839778,-0.0283250543621574,-0.0256958835115629,2.32492083908871,2.33335266195569,3.78
55,-0.0002762903990757,-2.04679250325691e-05,-0.0008524755981285,-0.0306040558635621,-0.0278435606144607,2.32532193577897,2.33364324263526,3.85
56,-0.0003513014622255,-2.63387195258442e-05,-0.0009133089281036,-0.0329616863156164,-0.0300751230238833,2.32574514714198,2.33394570631085,3.92
57,-0.0004319139854369,-3.26528945549409e-05,-0.0009759791209547,-0.0353954816851981,-0.0323888281537042,2.32618994051393,2.33425986607417,3.99
58,-0.0005183118533957,-3.94252989460146e-05,-0.0010403869305772,-0.0379023826648438,-0.0347823902355411,2.32665567945108,2.33458546375142,4.06
59,-0.0006106711361959,-4.66701906757796e-05,-0.0011064154866464,-0.040478690745538,-0.0372529385571404,2.32714161570192,2.33492216423255,4.13
60,-0.000709158529103,-5.44011145689526e-05,-0.0011739291322396,-0.0431200229716864,-0.0397969742609489,2.32764688080166,2.33526954959444,4.2
61,-0.0008139296847225,-6.26307714681105e-05,-0.0012427722322545,-0.045821265445152,-0.0424103257547248,2.3281704773024,2.33562711302378,4.27
62,-0.0009251274345765,-7.1370878632e-05,-0.0013127679550786,-0.0485765256576623,-0.0450881027975603,2.32871126965476,2.33599425254742,4.34
63,-0.0010428798972782,-8.06320211333413e-05,-0.0013837170303222,-0.051379083743994,-0.0478246493367217,2.329267974759,2.33637026457921,4.41
64,-0.001167298470734,-9.04234940449269e-05,-0.0014553964858111,-0.0542213427624907,-0.0506134951837379,2.32983915220615,2.33675433729423,4.48
65,-0.0012984757060671,-0.0001007531352237,-0.0015275583674396,-0.0570947781243775,-0.0534473066320112,2.3304231942324,2.3371455438433,4.55
66,-0.0014364830612564,-0.0001116271485256,-0.0015999284459139,-0.0599898863091508,-0.0563178361328689,2.3310183154126,2.33754283542222,4.62
67,-0.0015813685328266,-0.0001230499173091,-0.0016722049148656,-0.0628961330201037,-0.0592158711626242,2.33162254212221,2.33794503421258,4.69
68,-0.0017331541643085,-0.0001350238081181,-0.0017440570852889,-0.0658019009517007,-0.0621311824296888,2.3322337017997,2.33835082621321,4.76
69,-0.0018918334306087,-0.0001475489644632,-0.0018151240817556,-0.0686944373591297,-0.0650524715881874,2.33284941204518,2.33875875398332,4.83
70,-0.0020573684978981,-0.0001606230906616,-0.0018850135463796,-0.0715598016399143,-0.0679673186429126,2.3334670695946,2.33916720932133,4.9
71,-0.0022296873591486,-0.0001742412257314,-0.0019533003570517,-0.0743828131579639,-0.0708621292497373,2.33408383921233,2.33957442590551,4.97
72,-0.0024086808460051,-0.0001883955073846,-0.0020195253670296,-0.0771469995618848,-0.0737220821358552,2.33469664254935,2.33997847192559,5.04
73,-0.0025941995183066,-0.0002030749262074,-0.0020831941735624,-0.0798345458717432,-0.0765310768854248,2.33530214701824,2.34037724273727,5.11
74,-0.0027860504332311,-0.0002182650701712,-0.0021437759238435,-0.0824262446318479,-0.0792716823583432,2.33589675474045,2.34076845357445,5.18
75,-0.0029839937967757,-0.000233947859674,-0.0022007021672169,-0.0849014474512468,-0.0819250860329376,2.33647659162621,2.34114963235722,5.25
76,-0.0031877395010653,-0.0002501012733726,-0.0022533657632287,-0.0872380182788573,-0.0844710445874243,2.33703749665191,2.34151811263693,5.32
77,-0.0033969435518256,-0.0002666990651334,-0.0023011198557847,-0.0894122887861754,-0.0868878360599112,2.33757501140509,2.34187102672295,5.39
78,-0.003611204391273,-0.0002837104724993,-0.0023432769243808,-0.0913990162572181,-0.0891522139524924,2.338084369972,2.34220529903922,5.46
79,-0.0038300591226387,-0.0003010999171491,-0.0023791079240833,-0.0931713444131515,-0.0912393636717354,2.33856048924839,2.34251763976251,5.53
80,-0.0040529796435893,-0.0003188266979035,-0.0024078415266782,-0.0947007676274627,-0.0931228617253912,2.33899795975959,2.34280453879781,5.6
81,-0.0042793686969124,-0.0003368446769221,-0.0024286634761458,-0.0959570990165346,-0.0947746381233188,2.33939103708149,2.34306226015031,5.67
82,-0.004508555848011,-0.0003551019598277,-0.0024407160723956,-0.0969084429203333,-0.096164942459866,2.33973363396043,2.34328683675737,5.74
83,-0.0047397934000031,-0.0003735405705902,-0.0024430977979554,-0.0975211723183472,-0.0972623141844688,2.34001931323534,2.34347406584792,5.81
84,-0.0049722522585394,-0.0003920961221089,-0.0024348631031022,-0.0977599117564248,-0.0980335575976502,2.34024128167241,2.34361950490087,5.88
85,-0.0052050177598522,-0.0004106974835412,-0.0024150223657094,-0.0975875263918377,-0.0984437221404362,2.34039238482823,2.34371846827854,5.95
86,-0.0054370854770132,-0.0004292664455395,-0.0023825420428861,-0.0969651177952576,-0.0984560885766078,2.34046510306419,2.34376602461515,6.02
87,-0.0056673570209252,-0.0004477173846837,-0.0023363450322613,-0.0958520271796674,-0.0980321616985319,2.34045154884133,2.34375699504518,6.09
88,-0.0058946358541945,-0.0004659569285196,-0.0022753112615793,-0.0942058467588242,-0.097131670219799,2.34034346543129,2.34368595236035,6.16
89,-0.0061176231377236,-0.0004838836227521,-0.0021982785260506,-0.0919824399691537,-0.0957125745494022,2.34013222718586,2.34354722118905,6.23
90,-0.0063349136316378,-0.0005013876022785,-0.0021040435936673,-0.0891359713203495,-0.0937310831744503,2.33980884151411,2.34333487929582,6.3
91,-0.0065449916740062,-0.0005183502678954,-0.001991363599464,-0.0856189466716608,-0.0911416784102586,2.33936395272283,2.34304276010373,6.37
92,-0.0067462272627359,-0.0005346439706623,-0.0018589577504495,-0.0813822647610013,-0.0878971523085444,2.33878784788271,2.34266445654618,6.44
93,-0.0069368722680168,-0.000550131706065,-0.0017055093636315,-0.0763752808443146,-0.0839486535450254,2.3380704648889,2.34219332635977,6.51
94,-0.0071150568047469,-0.0005646668202838,-0.0015296682602489,-0.0705458833311731,-0.0792457461385161,2.33720140289154,2.3416224989336,6.58
95,-0.007278785796516,-0.0005780927310399,-0.0013300535399824,-0.0638405843307135,-0.0737364808836192,2.3361699352777,2.34094488383513,6.65
96,-0.0074259357649086,-0.0005902426656703,-0.0011052567595065,-0.0562046250487147,-0.0673674804068791,2.33496502539249,2.3401531811364,6.72
97,-0.0075542518801534,-0.0006009394192555,-0.0008538455402956,-0.0475820970005314,-0.0600840387839617,2.333575345193,2.33923989366879,6.79
98,-0.0076613453114623,-0.0006099951358151,-0.0005743676311069,-0.0379160800284567,-0.0518302366816038,2.33198929703414,2.33819734133784,6.86
99,-0.0077446909177762,-0.0006172111157687,-0.0002653554509884,-0.0271487981321483,-0.042549073011151,2.33019503879096,2.33701767763364,6.93
100,-0.0078016253220437,-0.000622377653053,7.46688610033238e-05,-0.0152217941401385,-0.0321826141028759,2.3281805125266,2.33569290847522,7.0
101,-0.0078293454146255,-0.0006252739054866,0.0004471878628626,-0.002076124262778,-0.0206721614296955,2.32593347691966,2.33421491353065,7.07
102,-0.0078249073339177,-0.0006256678021643,0.0008536826668469,0.0123474264162648,-0.0079584389257247,2.3234415436685,2.33257547015705,7.14
103,-0.0077852259747809,-0.0006233159918704,0.0012956262100713,0.0281081064479777,0.0060181990415308,2.3206922180935,2.33076628010702,7.21
104,-0.0077070750779466,-0.0006179638367003,0.0017744759117736,0.0452649374567515,0.0213175379754858,2.31767294416052,2.32877899914986,7.28
105,-0.0075870879560733,-0.0006093454552825,0.0022916656906888,0.0638764294410221,0.0379992507556038,2.31437115415126,2.32660526975736,7.35
106,-0.0074217589147152,-0.0005971838201996,0.0028485973162323,0.0840002708710968,0.056122621264269,2.31077432320698,2.32423675700454,7.42
107,-0.0072074454289399,-0.0005811909144058,0.0034466310676522,0.10569299252949,0.0757462430599294,2.30687002897207,2.32166518783631,7.49
108,-0.006940371138919,-0.0005610679516434,0.0040870756758519,0.12900960405228,0.0969276920260845,2.3026460165638,2.31888239385022,7.56
109,-0.0066166297302151,-0.0005365056660556,0.0047711775233655,0.154003202152949,0.119723171940014,2.29809026909188,2.31588035774467,7.63
110,-0.0062321897669244,-0.0005071846763896,0.0055001090789034,0.180724549536576,0.144187131922837,2.29319108394928,2.31265126357972,7.7
111,-0.0057829005481916,-0.0004727759303706,0.0062749565439857,0.209221623546727,0.170371854757378,2.28793715509051,2.30918755099532,7.77
112,-0.0052644990608549,-0.000432941235015,0.0070967066905351,0.239539133630239,0.198327015091739,2.28231766150897,2.30548197352766,7.84
113,-0.0046726181031243,-0.0003873338788139,0.0079662328698788,0.271718006756115,0.228099206587037,2.27632236211665,2.30152766116015,7.91
114,-0.0040027956562229,-0.0003355993518984,0.008884280175364,0.305794839981249,0.259731437112689,2.26994169722165,2.29731818723946,7.98
115,-0.0032504855828374,-0.0002773761704397,0.0098514497428839,0.341801319426578,0.293262591150786,2.26316689678784,2.29284763988065,8.05
116,-0.0024110697328419,-0.0002122968116799,0.0108681821758941,0.379763605005871,0.328726858633964,2.25599009564908,2.28811069797699,8.12
117,-0.0014798715383728,-0.0001399887661204,0.0119347400841341,0.41970168033487,0.366153129517201,2.2484044558358,2.28310271192115,8.19
118,-0.0004521711815706,-6.00757134957073e-05,0.013051189728142,0.461628667352205,0.405564353467106,2.24040429615578,2.27781978913347,8.26
119,0.0006767775806507,2.78211707432664e-05,0.014217381764878,0.505550105292508,0.446976864150719,2.23198522915195,2.27225888448095,8.33
120,0.0019117288496238,0.0001240817716492,0.0154329310933182,0.551463193777457,0.490399667709809,2.2231443055396,2.26641789565711,8.4
121,0.0032574241901308,0.000229085446865,0.0166971958027817,0.599355999926402,0.535833695128866,2.21388016620145,2.26029576357724,8.47
122,0.0047185703220139,0.0003432092877255,0.0180092552309942,0.649206629540349,0.583271018336776,2.20419320179377,2.25389257782683,8.54
123,0.0062998148126684,0.0004668262225291,0.0193678871435516,0.700982362576575,0.632694030026439,2.19408571998728,2.24720968718192,8.61
124,0.0080057196855315,0.0006003029551813,0.0207715440514755,0.754638753312094,0.684074587339495,2.18356212033543,2.24024981519938,8.68
125,0.0098407328607124,0.0007439977324786,0.0222183286889824,0.810118695788883,0.737373119735426,2.17262907672781,2.23301718085246,8.75
126,0.0118091573455847,0.0008982579334275,0.0237059686795012,0.867351455347254,0.792537701556754,2.16129572734862,2.22551762416208,8.82
127,0.0139151180949707,0.0010634174741274,0.0252317904242321,0.926251667279146,0.849503090006062,2.14957387201952,2.2177587367474,8.89
128,0.0161625264635326,0.0012397940219657,0.0267926922543768,0.98671830388334,0.908189729476806,2.13747817676085,2.20974999718967,8.96
129,0.0185550421758223,0.0014276860130957,0.0283851168953715,1.04863361146534,0.968502723416936,2.12502638535784,2.20150291107208,9.03
130,0.0210960327436806,0.0016273694674786,0.0300050232992062,1.11186201911007,1.03033077516667,2.1122395376664,2.19303115552392,9.1
131,0.0237885302648717,0.0018390945961079,0.0316478579091246,1.17624902135524,1.09354509948487,2.09914219433734,2.1843507280611,9.17
132,0.0266351855423992,0.0020630821954451,0.0333085254297553,1.24162003721731,1.15799830677746,2.08576266757879,2.17548009947546,9.24
133,0.0296382194698846,0.0022995198245603,0.0349813591849527,1.30777924836188,1.22352326235618,2.07213325751249,2.16644037048372,9.31
134,0.0327993716352292,0.0025485577610014,0.0366600911554274,1.37450841957388,1.28993192339127,2.0582904936123,2.15725543180225,9.38
135,0.0361198461027613,0.0028103047320203,0.0383378217985545,1.44156570506641,1.35701415657943,2.04427538064097,2.14795212726606,9.45
136,0.0396002543424533,0.0030848234184561,0.0400069897636018,1.50868444457132,1.42453653992495,2.03013364842511,2.13856041956032,9.52
137,0.0432405552848011,0.0033721257293239,0.0416593416270287,1.57557195358088,1.49224115243118,2.01591600472731,2.12911355807937,9.59
138,0.0470399924904111,0.0036721678459957,0.043285901784444,1.64191035852366,1.55984649214796,2.00167839038897,2.11964824837174,9.66
139,0.0509970585230146,0.0039848450357695,0.0448769727360291,1.70737142697954,1.62706105792999,1.98748226591564,2.11020482257034,9.73
140,0.0551095768027128,0.0043099862356341,0.0464222862783438,1.77165048345313,1.69361026187723,1.9733948382308,2.1008273499695,9.8
141,0.0593748107034287,0.0046473484081375,0.0479113358648303,1.83448165644044,1.75924460412958,1.95948853447032,2.09156344631842,9.87
142,0.0637895397579264,0.004996610672463,0.0493338301439608,1.8956437593492,1.82373567407156,1.94583963134283,2.08246351024662,9.94
143,0.0683500428442564,0.0053573682151217,0.0506799970738536,1.95494925803672,1.88687237860298,1.93252516620883,2.07357878420982,10.01
144,0.0730521689380663,0.0057291259860649,0.0519406184473436,2.01223251618445,1.94846456248806,1.9196202045632,2.06495947264865,10.08
145,0.077891405234622,0.0061112921875535,0.0531070056178647,2.06734725087787,2.00834012405589,1.90719759876706,2.0566545110899,10.15
146,0.0828628524520648,0.0065031715647307,0.0541709767680556,2.1201645060383,2.06634270030885,1.89532770930588,2.04871130037256,10.22
147,0.0879612879237897,0.0069039585086091,0.0551248659657357,2.17057006319557,2.12232920244615,1.88407805717174,2.04117534494024,10.29
148,0.0931812263050544,0.0073127299840393,0.0559616243303796,2.21846354851704,2.17616882937078,1.87351296627635,2.0340899748722,10.36
149,0.0985168877247549,0.0077284382972295,0.056674832921826,2.26375821517401,2.22774286974797,1.86369307432573,2.02749600039314,10.43
150,0.103962254007777,0.0081499338072148,0.0572586876539108,2.30637947724485,2.2769436100645,1.85467486143558,2.02143144851975,10.5
151,0.109511122808971,0.0085760777755659,0.0577079864366142,2.34626165514653,2.32367162872999,1.84651037592062,2.0159312908445,10.57
152,0.115157069504072,0.0090057648484307,0.0580181487393419,2.38334467903733,2.36783358431344,1.83924700580005,2.01102716177119,10.64
153,0.120893497475925,0.0094379153668398,0.0581853579322611,2.4175760167389,2.4093396572609,1.83292747560668,2.00674736744899,10.71
154,0.12671371673647,0.009871467612973,0.0582067061371471,2.44891620251834,2.4481052201186,1.8275888340482,2.00311619193888,10.78
155,0.132610990827835,0.0103053700118993,0.0580802213052867,2.4773445376623,2.48406179261697,1.82326046183935,2.00015243992855,10.85
156,0.138578491947762,0.0107385733079817,0.0578048668380133,2.50286318836299,2.51716512767034,1.81996326535847,1.99786884029818,10.92
157,0.144609344947452,0.0111700227349548,0.0573805137854948,2.52549850785606,2.54739711985495,1.81770981489871,1.99627215976125,10.99
158,0.150696700149455,0.0115986501986379,0.0568078254671013,2.54530033496061,2.5747650875105,1.81650470503032,1.99536339450762,11.06
159,0.156833805021826,0.0120233664913518,0.0560882350424022,2.56233770398688,2.59929848896878,1.81634486605713,1.99513791937578,11.13
160,0.163014074831981,0.0124430535573422,0.0552239257576524,2.57669752424615,2.62104734524307,1.81722006718454,1.99558592550042,11.2
161,0.169231162401929,0.0128565568288963,0.0542177235788498,2.58848156432498,2.64007923952951,1.81911346101488,1.99669281555266,11.27
162,0.175478996995831,0.0132626776533614,0.0530730826985838,2.59780402623112,2.65647711911588,1.82200213946505,1.99843961692443,11.34
163,0.181751732278915,0.0136601959196488,0.0517941036902181,2.60479048986042,2.67033654453924,1.82585776158456,2.00080353346987,11.41
164,0.188043783983805,0.0140479830812314,0.0503855240716304,2.60957675142968,2.68176238450134,1.83064689263285,2.00375809456591,11.48
165,0.194349897214261,0.0144250250710075,0.0488526210289997,2.61230638018908,2.69086847509066,1.83633075404944,2.00727299216614,11.55
166,0.200665183311496,0.0147904153037743,0.0472011766540718,2.61312735202468,2.69777464510366,1.84286543799152,2.01131435851928,11.62
167,0.206985066202383,0.0151433478723543,0.0454373852488225,2.6121885095605,2.70260549822485,1.85020225617301,2.01584506387061,11.69
168,0.213305318844283,0.0154831109537659,0.0435678229442892,2.60963918583751,2.70548899420552,1.85828870520083,2.02082533563386,11.76
169,0.21962209958585,0.0158090804400038,0.0415993591709946,2.60562678370763,2.70655509758512,1.86706911656461,2.02621321829867,11.83
170,0.22593189825683,0.0161207138062982,0.0395391302133525,2.60029540728942,2.70593470226277,1.87648550371723,2.03196526593057,11.9
171,0.232231542494985,0.0164175442281401,0.0373944543732595,2.59378533221431,2.70375828799782,1.88647842672234,2.03803719722921,11.97
172,0.238518144022607,0.0166991749568823,0.0351728089652119,2.58623219881866,2.70015433656818,1.89698760472325,2.04438448383952,12.04
173,0.244789105280929,0.0169652739623648,0.0328817486599595,2.57776613636464,2.69524864856817,1.90795245783096,2.05096281253802,12.11
174,0.251042066123676,0.0172155688497379,0.0305288853928876,2.56851057514314,2.68916362581041,1.91931266978119,2.05772851235987,12.18
175,0.257274941055412,0.0174498420564941,0.0281218093499106,2.55858242902481,2.68201757723721,1.93100883262747,2.06463897755307,12.25
176,0.263485956794011,0.0176679263346413,0.0256680712445606,2.54809157017799,2.67392398595932,1.94298296394345,2.07165305705916,12.32
177,0.269673599931634,0.0178697005219576,0.0231751053984521,2.53713989472156,2.66499112642797,1.95517889760527,2.0787313511131,12.39
178,0.275836625164988,0.0180550856053614,0.0206502138399068,2.52582244452541,2.65532224030769,1.96754272972573,2.08583656614265,12.46
179,0.28197400377126,0.0182240410785926,0.0181004909356966,2.51422778515726,2.64501416295351,1.98002314022674,2.09293374815142,12.53
180,0.288084932703273,0.0183765615956483,0.0155328388629217,2.50243854089093,2.63415596319476,1.99257147067125,2.09999033508252,12.6
181,0.294168783971503,0.0185126739207064,0.0129540136174473,2.49053178429815,2.62282933976912,2.00514146901762,2.10697605888141,12.67
182,0.300225114678497,0.0186324341746496,0.0103706713464548,2.47857912849264,2.6111093887624,2.01768915349164,2.11386281819706,12.74
183,0.306253617366121,0.0187359253777088,0.0077894148829971,2.46664658081033,2.5990655299634,2.03017267606037,2.12062458244346,12.81
184,0.312254131034652,0.0188232552872277,0.0052168102745376,2.45479397610697,2.58676141735364,2.04255236682889,2.12723741799245,12.88
185,0.318226592488362,0.0188945545290474,0.002659313010792,2.44307507164104,2.57425593861998,2.0547907495009,2.13367957679212,12.95
186,0.324171048361528,0.0189499750205816,0.000123254271148,2.43153694851439,2.56160409902886,2.06685270914588,2.13993167793031,13.02
187,0.330087607475078,0.01898968868322,-0.0023852332757046,2.42022055405245,2.54885703640356,2.07870587312412,2.14597683209686,13.09
188,0.335976453874078,0.0190138864413241,-0.0048602298831341,2.40916051883425,2.53606110603602,2.0903208447498,2.15180082964464,13.16
189,0.341837800193145,0.0190227775047173,-0.0072961038104469,2.39838499982624,2.52325687706888,2.10167144071437,2.15739224211544,13.23
190,0.347671931785233,0.0190165889312213,-0.0096874967473518,2.3879163613639,2.51047936337362,2.11273472218633,2.16274246757445,13.3
191,0.353479251346644,0.0189955654654671,-0.0120292798561482,2.37777200145293,2.49775870591109,2.12349100058612,2.1678456898719,13.37
192,0.359260233769833,0.0189599696498784,-0.0143165407039419,2.36796553359819,2.48512184751903,2.13392393880126,2.17269890242578,13.44
193,0.365015441655447,0.0189100822034099,-0.016544661352957,2.35850814331611,2.47259444738466,2.1440205676704,2.17730187627971,13.51
194,0.370745481124132,0.0188462026633022,-0.0187093372587842,2.34940828373018,2.46020162058725,2.15377127820659,2.18165716275355,13.58
195,0.376451018268936,0.0187686502847796,-0.0208066574107796,2.34067157548669,2.44796765268387,2.16316975970647,2.18576985990133,13.65
196,0.382132735886453,0.0186777651932829,-0.0228330953534473,2.33230157276872,2.43591649414889,2.17221270339231,2.18964720290664,13.72
197,0.387791350825681,0.0185739097834694,-0.0247855014226134,2.32430031214642,2.42407159001698,2.1808994522283,2.19329812876316,13.79
198,0.393427571591356,0.0184574703588397,-0.0266611564355376,2.31666858402218,2.41245435227989,2.18923168723507,2.19673287528669,13.86
199,0.399042116539802,0.0183288590054383,-0.0284576461898593,2.30940637794937,2.40108338075896,2.19721324057824,2.19996276473685,13.93
200,0.404635672303592,0.0181885156926516,-0.0301727975226381,2.30251344163319,2.38997464268326,2.20484994513804,2.20300023204003,14.0
201,0.410208942870771,0.0180369105936577,-0.0318046458855225,2.2959899837,2.3791422796718,2.2121494904038,2.20585879653167,14.07
202,0.415762699042927,0.0178745466175771,-0.0333514043876746,2.28983688839552,2.36859953033818,2.21912128458819,2.20855300708129,14.14
203,0.421297737996115,0.0177019621448308,-0.034811464429688,2.28405517141793,2.35835958773337,2.22577632282287,2.21109839044411,14.21
204,0.426814903369418,0.0175197339566191,-0.036183488136263,2.27864576002944,2.34843630112149,2.23212703117846,2.21351134240131,14.28
205,0.432315045515828,0.0173284803487873,-0.0374664120900157,2.27360980804277,2.33884499263822,2.23818699604764,2.21580881097035,14.35
206,0.437799042251218,0.0171288644196656,-0.0386594526537564,2.2689474395244,2.32960224524574,2.24397066893093,2.21800798200439,14.42
207,0.44326775973509,0.0169215975207055,-0.0397622031635807,2.264657990145,2.3207241502172,2.24949310655634,2.22012581643711,14.49
208,0.448722073818279,0.0167074428579309,-0.0407746424802896,2.2607400010862,2.31222515008454,2.25476980624804,2.2221787999169,14.56
209,0.454162831491015,0.0164872192313551,-0.0416971150818978,2.25719099560378,2.30411774755221,2.25981648583443,2.22418287443698,14.63
210,0.459590872766526,0.0162618048985722,-0.0425302826976765,2.25400830195805,2.29641268897667,2.26464895825468,2.2261534012257,14.7
211,0.465006992633956,0.0160321415477316,-0.0432749873022458,2.25118941836797,2.28911953192204,2.26928304040538,2.22810512452153,14.77
212,0.470411993504143,0.0157992383640255,-0.0439322360721683,2.24873188994833,2.2822473558945,2.27373446585415,2.23005213595545,14.84
213,0.475806737870579,0.0155641460849619,-0.0445033082899008,2.2466327879388,2.2758056762565,2.27801880113483,2.23200780918716,14.91
214,0.481192110907773,0.0153278408508405,-0.0449897735626215,2.24488815232313,2.26980390632908,2.28215133525303,2.23398461427751,14.98
215,0.486569043430123,0.0150911983581317,-0.0453934815081353,2.24349369166527,2.26425129312647,2.28614688194575,2.23599390181963,15.05
216,0.491938474844405,0.0148549981227722,-0.0457165529673287,2.24244490488069,2.25915597260595,2.29001967494591,2.23804571677966,15.12
217,0.497301376430039,0.0146199277498402,-0.0459613426220808,2.24173647458151,2.25452314426855,2.29378329580944,2.2401487621936,15.19
218,0.502658714579239,0.0143865871955217,-0.0461303128050171,2.24136171435916,2.25035420032028,2.29745063404802,2.24231051253905,15.26
219,0.508011474330496,0.0141554930089445,-0.0462259989852809,2.24131312317248,2.24664729070626,2.30103396958561,2.24453735627352,15.33
220,0.513360622827,0.013927082543035,-0.0462510067105476,2.24158293371468,2.24339787978022,2.30454505695503,2.246834767404,15.4
221,0.518707133033211,0.0137017181250607,-0.0462080098717994,2.24216332392791,2.24059950525509,2.30799512074939,2.24920756614724,15.47
222,0.524051947341158,0.01347969117895,-0.0460997502438167,2.24304650241919,2.23824516074257,2.31139491255478,2.25166005796732,15.54
223,0.529396001399905,0.013261226292836,-0.0459290382531441,2.24422496879575,2.2363282188361,2.31475467872298,2.25419602081509,15.61
224,0.53474018780021,0.0130464852265515,-0.0456987549240054,2.24569149774388,2.23484259398375,2.31808409896539,2.25681863075516,15.68
225,0.540085379948478,0.0128355708550084,-0.045411854951434,2.24743842575872,2.23378256649837,2.32139219558359,2.25953029582469,15.75
226,0.545432395762943,0.0126285310445296,-0.0450713708496007,2.24945729372769,2.23314208728897,2.32468715298651,2.26233257859342,15.82
227,0.550782021527302,0.0124253624602644,-0.0446804181219916,2.25173830392808,2.2329132926292,2.32797622785825,2.26522614720621,15.89
228,0.556134975536075,0.0122260143038114,-0.0442421713109492,2.25427052431238,2.23308585381357,2.33126571974129,2.26821075488026,15.96
229,0.561491931868506,0.0120303919811005,-0.0437597506949664,2.25704223850334,2.23364716184521,2.33456103199198,2.27128533810788,16.03
230,0.566853483927062,0.0118383607014343,-0.0432362001030905,2.26004177265976,2.23458313672698,2.33786667255572,2.27444814330597,16.1
231,0.572220198167086,0.011649749009393,-0.0426744956147233,2.26325804722935,2.23587927044098,2.34118631481522,2.27769685184332,16.17
232,0.577592667743565,0.0114643522520194,-0.0420775550021381,2.26668013169216,2.23752160299006,2.34452276799167,2.28102867338919,16.24
233,0.582971475801469,0.0112819359843721,-0.0414482478619396,2.27029607328566,2.23949696983075,2.34787791720799,2.2844402571863,16.31
234,0.588357218837662,0.0111022393171305,-0.0407894063827818,2.27409271491223,2.24179215989596,2.35125266325139,2.28792739121096,16.38
235,0.593750469772901,0.0109249782104734,-0.0401038366974945,2.27805587060315,2.2443942109391,2.35464683191371,2.29148485033455,16.45
236,0.59915180107416,0.0107498487189311,-0.039394330768465,2.28217055789922,2.24728982655994,2.35805899271797,2.29510621303642,16.52
237,0.604561747565966,0.0105765301923295,-0.0386636787555753,2.28642065556086,2.25046403549873,2.36148639764903,2.29878379720167,16.59
238,0.609980829271435,0.0104046884383029,-0.0379146818162528,2.29078891959893,2.25389917660084,2.36492503991424,2.3025087452078,16.66
239,0.615409513922365,0.0102339788521557,-0.0371501351995152,2.29525783932042,2.25757532297056,2.36836965225726,2.30627116817527,16.73
240,0.620848239480024,0.0100640495200942,-0.0363727214080518,2.29981046115406,2.26147118282469,2.37181379533597,2.31006037962936,16.8
241,0.626297376307226,0.009894544302043,-0.0355849939045097,2.3044301876747,2.26556445442061,2.37524994599609,2.3138650382247,16.87
242,0.631757249334787,0.0097251059003885,-0.0347893911381747,2.30910123704537,2.269832808863,2.37866946520574,2.31767325990049,16.94
243,0.637228099864724,0.0095553789210688,-0.0339882507581916,2.31380895080691,2.27425492952234,2.38206256613756,2.32147269967077,17.01
244,0.642710107355331,0.0093850129334521,-0.0331838239692521,2.31853958924648,2.27881076600888,2.3854183728177,2.32525051300079,17.08
245,0.648203350832832,0.0092136655354099,-0.0323782899875147,2.32327961461012,2.28348091282316,2.38872488899191,2.32899328725587,17.15
246,0.653707860365069,0.0090410054299015,-0.0315737404683484,2.32801557565535,2.28824562453796,2.39196893758041,2.33268700362991,17.22
247,0.659223668332518,0.0088667155192421,-0.0307720736911712,2.33273317966554,2.29308334751418,2.39513610102633,2.33631712005931,17.29
248,0.664750770232741,0.0086904960230262,-0.0299749789902545,2.33741675568054,2.29797021272202,2.39821066277537,2.33986865502395,17.36
249,0.670289145456429,0.0085120676254214,-0.0291839512218363,2.3420499215717,2.30288061040902,2.40117558023523,2.34332618223464,17.43
250,0.675838717684169,0.0083311746572341,-0.0284003051492788,2.3466171242771,2.30778848599141,2.40401254967383,2.34667391700349,17.5
251,0.681399375255304,0.0081475883177813,-0.0276251897192471,2.35110370664611,2.3126686956974,2.4067019527498,2.3498958043126,17.57
252,0.68697093115932,0.007961109941172,-0.0268596022051302,2.35549417020878,2.31749730918315,2.40922271509362,2.35297548851461,17.64
253,0.692553143002793,0.0077715743111234,-0.0261044021969008,2.35977209422818,2.3222520329954,2.41155234808329,2.35589622513069,17.71
254,0.698145672604302,0.0075788530278815,-0.0253603254194096,2.3639207184199,2.32691266504825,2.41366690340573,2.35864067486588,17.78
255,0.703748135660434,0.0073828579302257,-0.0246279973635169,2.3679234976169,2.33146013630482,2.41554081072187,2.36119070049576,17.85
256,0.709360151225656,0.0071835445748594,-0.0239079467167541,2.37176282341693,2.33587420020674,2.4171468094826,2.36352728728863,17.92
257,0.714981300749701,0.0069809157747717,-0.0232006185821802,2.37541895908008,2.34013163564126,2.41845594526952,2.36563052711588,17.99
258,0.720611147118057,0.0067750251973593,-0.0225063874758545,2.37887057203261,2.34420703986945,2.41943766124051,2.36747972676892,18.06
259,0.726249193352175,0.006565981022248,-0.02182557009484,2.38209575108618,2.34807395525354,2.42005980467596,2.36905352049098,18.13
260,0.731894901328303,0.0063539496578341,-0.0211584378489532,2.38507242559653,2.35170596918582,2.42028860935299,2.37032986674625,18.2
261,0.73754765017297,0.006139159514581,-0.0205052291504896,2.38777812678067,2.35507757707933,2.42008868441571,2.37128601987504,18.27
262,0.743206754695845,0.0059219048320562,-0.0198661614570008,2.39018996413535,2.35816468854395,2.41942301035118,2.37189850712084,18.34
263,0.748871423520246,0.0057025495555735,-0.0192414430627747,2.39228385455569,2.36094441615383,2.41825294270999,2.37214308135209,18.41
264,0.75454080736239,0.0054815312571163,-0.0186312846350639,2.39403447886757,2.36339438794367,2.41653819415193,2.37199455963963,18.48
265,0.760214047210361,0.0052593650939612,-0.0180359104912631,2.39541392024394,2.36549047080343,2.41423673533917,2.37142666847854,18.55
266,0.76589023215484,0.0050366477970901,-0.0174555696131987,2.39639094066791,2.36720456000667,2.41130479593062,2.37041201646076,18.62
267,0.771568417325812,0.0048140616800787,-0.016890546394449,2.39693047472067,2.36850378926236,2.40769693634893,2.36892213469711,18.69
268,0.777247581600772,0.0045923786576762,-0.016341171116169,2.39699535713701,2.36935176355413,2.40336622119712,2.36692764565875,18.76
269,0.782926645452487,0.0043724341740299,-0.015807830146254,2.39654823879101,2.36971070211111,2.39826428453129,2.36439844060042,18.83
270,0.788604428603829,0.004155010851255,-0.0152909758558443,2.39555137502321,2.36954241610805,2.39234128783593,2.36130374574448,18.9
271,0.79427966786015,0.0039408123699382,-0.0147911362461745,2.39396497900122,2.36880881379181,2.38554601227739,2.35761216803236,18.97
272,0.799950974789595,0.003730467392083,-0.0143089242775636,2.39174799202844,2.36747265582688,2.37782608613455,2.35329175108635,19.04
273,0.805616853625155,0.003524533426065,-0.0138450468909909,2.3888585937097,2.36549792970352,2.36912813771654,2.34831001186085,19.11
274,0.811275659062592,0.0033235006222343,-0.0134003137111654,2.38525463323994,2.36284921203744,2.3593979048008,2.34263386829621,19.18
275,0.816925644419957,0.0031277954890915,-0.0129756454182945,2.3808941931835,2.35949062116755,2.34858030155389,2.33622960900107,19.25
276,0.822565009925122,0.0029377845211746,-0.0125720516862012,2.3757356847489,2.35538445095737,2.33661968461683,2.32906311617391,19.32
277,0.828191860899518,0.0027537777309498,-0.0121905184947904,2.36973801689454,2.35049135189077,2.32346004855857,2.32110013175799,19.39
278,0.833804226309335,0.0025760320780769,-0.0118319853252893,2.36286068957696,2.34477133803686,2.30904509152661,2.31230638691858,19.46
279,0.839400017367416,0.0024047547904422,-0.0114973520451011,2.35506348091838,2.33818420646847,2.2933182724561,2.30264762554791,19.53
280,0.844977046572461,0.002240106572312,-0.0111874853775629,2.3463055484991,2.33068976099543,2.27622295111706,2.29208973303087,19.6
281,0.850532986872284,0.0020822046958553,-0.0109032550280685,2.33654578085456,2.32224841260391,2.25770276245835,2.28059891071358,19.67
282,0.856065421429368,0.0019311259731242,-0.0106456596262388,2.32574196280796,2.31282188653679,2.23770198556825,2.2681418966907,19.74
283,0.861571893767382,0.0017869096063668,-0.0104158619417422,2.31385110222548,2.30237328453415,2.21616602861891,2.25468629369581,19.81
284,0.867049868079008,0.001649559915279,-0.010215193531069,2.30082968535827,2.2908662020477,2.19304194053587,2.24020082416862,19.88
285,0.872496750178137,0.0015190489404747,-0.0100451588819822,2.28663371110856,2.27826374355408,2.16827883002564,2.22465557325807,19.95
286,0.877909848791258,0.0013953189230953,-0.0099074390315789,2.27121925719767,2.26452812864466,2.14182825309193,2.20802225041311,20.02
287,0.883286397585874,0.0012782846610476,-0.0098038645430869,2.25454354894134,2.24962137096233,2.11364453986969,2.19027447010067,20.09
288,0.888623517633591,0.001167835742915,-0.0097362976356914,2.23656562879012,2.23350648908702,2.08368521208963,2.17138802207242,20.16
289,0.893918240708807,0.0010638386610646,-0.0097066340487142,2.21724533363363,2.21614813680576,2.05191137164567,2.15134107148102,20.23
290,0.899167473124011,0.0009661388059433,-0.0097169246065544,2.1965432584173,2.19751319501217,2.01828824155604,2.13011449989573,20.3
291,0.90436802050629,0.0008745623439635,-0.0097694058357445,2.17442161653429,2.17757183736299,1.9827858901084,2.10769238761113,20.37
292,0.909516553219915,0.0007889179817661,-0.0098664997724439,2.15084512515755,2.15629831809352,1.9453799883744,2.08406239689052,20.44
293,0.914609662931396,0.0007089986199915,-0.0100108130077291,2.12578212680501,2.13367048963279,1.90605248128141,2.05921605643018,20.51
294,0.919643920113763,0.0006345829000093,-0.0102051349269535,2.09920546636826,2.10966898320447,1.86479226294187,2.03314918796855,20.58
295,0.92461584228829,0.0005654366473393,-0.0104524050083968,2.07109324452465,2.08427719614896,1.82159585656395,2.00586247519133,20.65
296,0.92952192350427,0.0005013142157547,-0.0107555889555227,2.04142920731861,2.05748193587773,1.77646800887898,1.97736193430512,20.72
297,0.934358604768713,0.0004419597362942,-0.0111176441364641,2.0102025316049,2.02927426944181,1.72942228940956,1.94765928626539,20.79
298,0.939122305840249,0.00038710827561,-0.0115415441895746,1.97740766857745,1.99965097009088,1.68048175466666,1.91677244116323,20.86
299,0.943809398100534,0.0003364869082694,-0.0120303928293095,1.94304445619405,1.96861562825968,1.62967979737906,1.88472603438238,20.93
300,0.948416269006403,0.0002898157077891,-0.0125874462720906,1.90711822980701,1.93617939695012,1.5770611803374,1.8515520142018,21.0
301,0.952939387925003,0.0002468086613263,-0.0132161044015111,1.86964014161625,1.90236146170384,1.52268313389429,1.81729034057233,21.07
302,0.957375283153698,0.0002071745130776,-0.0139199007018229,1.83062804990024,1.86718905443732,1.46661645613564,1.78198958387474,21.14
303,0.961720580627193,0.000170617541546,-0.0147024908983812,1.79010794773345,1.83069737184488,1.40894649433396,1.74570739284836,21.21
304,0.965971984023549,0.00013683827593,-0.0155676402412511,1.74811490788099,1.79292921735301,1.34977406658013,1.70851101133858,21.28
305,0.970126316680932,0.0001055341569752,-0.0165192093660712,1.70469423541559,1.75393547923584,1.28921659283741,1.67047802334642,21.35
306,0.974180505033565,7.64001476894493e-05,-0.017561138664234,1.65990309820989,1.71377701578531,1.22740919289404,1.63169708446315,21.42
307,0.978131623975236,4.91292993815546e-05,-0.0186974310926826,1.61381143097277,1.67252647231349,1.16450577917828,1.59226872855007,21.49
308,0.981976883854766,2.34132785310285e-05,-0.0199321333523131,1.56650114898775,1.63026954747885,1.10068017208174,1.55230606753393,21.56
309,0.985713709594894,-1.05713997395453e-06,-0.0212693454504349,1.51806670915292,1.58710555718283,1.03612720492076,1.5119353524136,21.63
310,0.989339821721575,-2.45916076642802e-05,-0.0227133187497052,1.46861656552613,1.54314849799707,0.971063755219472,1.47129651378512,21.7
311,0.992853229086733,-4.74997598026855e-05,-0.0242684619028519,1.41827419380651,1.49852659244741,0.905729849232787,1.43054370969202,21.77
312,0.996252283764257,-7.00907895931354e-05,-0.0259392846841639,1.3671787429664,1.4533816379583,0.840381381141577,1.38984040230818,21.84
313,0.999535677804167,-9.26730336981005e-05,-0.02773024955063,1.31548519145191,1.40786851819696,0.775257924450953,1.34933803884319,21.91
314,1.00270250222552,-0.0001155535634832,-0.0296457414657544,1.2633639151767,1.36215523531191,0.710575546595307,1.30917130992353,21.98
315,1.00575224792071,-0.0001390377764246,-0.0316901859933409,1.21099298503845,1.31641966921698,0.646527863587086,1.26945900071249,22.05
316,1.00868486883832,-0.0001634289821361,-0.0338681651431065,1.15855251809886,1.27084733335381,0.583287177033798,1.23030474575561,22.12
317,1.01150075701507,-0.0001890279775047,-0.0361844406247145,1.10622186150986,1.22562744592133,0.521005599760873,1.19179777566831,22.19
318,1.01420068963313,-0.0002161326054606,-0.0386440348660795,1.05417647682035,1.18094710262111,0.459816076664139,1.15401374405561,22.26
319,1.01678577818357,-0.0002450372919511,-0.0412522192711115,1.00258304713678,1.13698703769552,0.399833448480671,1.11701548261208,22.33
320,1.01925744980984,-0.0002760325557455,-0.0440144998894187,0.951597678195313,1.09391779647297,0.341155435724225,1.08085380338489,22.4
321,1.02161752098671,-0.0003094044857547,-0.0469366906660166,0.901365294815684,1.05189974616886,0.283863691147827,1.04556819662459,22.47
322,1.02386818298236,-0.0003454341806251,-0.0500249237328677,0.852017762727294,1.01108340160058,0.228024858790782,1.01118748347983,22.54
323,1.02601195924625,-0.0003843971454412,-0.0532857169880444,0.803671726051854,0.971606151516444,0.173691577956994,0.977730482996414,22.61
324,1.02805166477122,-0.0004265626404659,-0.0567259484131233,0.756429347366562,0.933588933182924,0.120903370743712,0.945206753073815,22.68
325,1.02999036738417,-0.0004721929769463,-0.0603527971865912,0.710378608503354,0.897135350039531,0.0696875926935505,0.913617224511135,22.75
326,1.03183135091476,-0.0005215427551267,-0.0641736815570101,0.66559386225614,0.862332147084252,0.0200603856782686,0.882954788143234,22.82
327,1.03357808018692,-0.0005748580397341,-0.0681961933465055,0.622136633406456,0.829249868695285,-0.0279723975703777,0.853204865136085,22.89
328,1.03523416777376,-0.0006323754683451,-0.0724280289509474,0.580056427020742,0.797943486708681,-0.0744142975763428,0.824345960568392,22.96
329,1.03680334245365,-0.0006943212881932,-0.0768769166998738,0.539391512819099,0.768452997474626,-0.119277380990501,0.796350200560889,23.03
330,1.03828941930228,-0.0007609103171459,-0.0815505404374312,0.500169684718292,0.740803986900079,-0.162581402156026,0.769183853339062,23.1
331,1.03969627135347,-0.0008323448247741,-0.0864564591851504,0.4624089948568,0.715008162752595,-0.204352993152096,0.742807834731845,23.17
332,1.04102780275986,-0.0009088133296362,-0.0916020227479871,0.426118461597944,0.6910638537623,-0.244624881962203,0.717178198713373,23.24
333,1.04228792338382,-0.0009904893091301,-0.0969942831274495,0.391298751182393,0.668956475309661,-0.28343513828871,0.692246613691714,23.31
334,1.04348052474806,-0.001077529818513,-0.102639901609457,0.357942832865802,0.648658961727164,-0.320826446424537,0.667960825336619,23.38
335,1.04460945727536,-0.0011700740159632,-0.108545051399779,0.326036607527524,0.630132165476931,-0.356845404497553,0.644265106817514,23.45
336,1.04567850874748,-0.0012682415908508,-0.114715315687196,0.295559509874995,0.613325223692221,-0.391541849318895,0.62110069739354,23.52
337,1.04669138391347,-0.0013721310927112,-0.12115558102319,0.266485084496941,0.598175892787685,-0.424968205996025,0.598406230360411,23.59
338,1.0476516851794,-0.0014818181587659,-0.127869925917773,0.238781536134886,0.584610852056455,-0.457178861412822,0.576118151413632,23.66
339,1.04856289431245,-0.0015973536382152,-0.134861504563442,0.212412254648547,0.572545977375818,-0.488229560632253,0.554171128534546,23.73
340,1.04942835509441,-0.001718761611946,-0.142132425614118,0.187336315248123,0.561886586345061,-0.51817682524159,0.532498454545401,23.8
341,1.05025125686198,-0.0018460373067393,-0.149683625962392,0.163508954652161,0.552527656373036,-0.547077392635584,0.511032443511554,23.87
342,1.05103461887326,-0.0019791449035514,-0.157514739477463,0.140882023909206,0.544354017424447,-0.57498767521853,0.489704822193958,23.94
343,1.05178127544319,-0.0021180152399607,-0.165623960687189,0.119404418688974,0.537240551407132,-0.601963238503546,0.468447117772526,24.01
344,1.05249386179319,-0.0022625434074324,-0.174007903411319,0.0990224879118412,0.531052430367445,-0.628058297091264,0.447191043071857,24.08
345,1.0531748005642,-0.0024125862446603,-0.182661454378879,0.0796804216375662,0.525645185137292,-0.653325227526746,0.425868880524215,24.15
346,1.05382628894529,-0.0025679597288826,-0.19157765197909,0.0613206191807075,0.520865960814012,-0.677814097057411,0.404413866101342,24.22
347,1.05445028637431,-0.0027284362677693,-0.200747710589206,0.0438840384591615,0.516559542115964,-0.701572207347897,0.382760574436495,24.29
348,1.05504850277093,-0.0028937418952042,-0.210161190605083,0.0273105276144303,0.512577105390297,-0.724643682336832,0.36084533642848,24.36
349,1.0556223872667,-0.0030635533750877,-0.219806224069211,0.0115391399689419,0.508782163908149,-0.7470691896463,0.338606780770704,24.43
350,1.05617311740128,-0.0032374952181066,-0.229669826171873,-0.0034915665952151,0.505054100256514,-0.768885704484934,0.315986410289884,24.5
351,1.05670161884654,-0.0034151366173195,-0.239738142400012,-0.0178432447363551,0.50128754319227,-0.790126285223646,0.292929184112798,24.57
352,1.05720867581249,-0.003595988309346,-0.249996751918489,-0.0315774861238761,0.497389185786902,-0.810819890064586,0.26938413680315,24.64
353,1.05769495159179,-0.0037794993689435,-0.260430846906486,-0.0447555621673373,0.493275236071939,-0.830991294382846,0.24530509563573,24.71
354,1.05816097940408,-0.0039650539458154,-0.271025288108911,-0.0574381758931613,0.488870284157861,-0.850660897604268,0.220651286311569,24.78
355,1.05860715361577,-0.0041519679536077,-0.281764747483993,-0.0696852238624018,0.484108309447958,-0.869844419172446,0.195387827946425,24.85
356,1.05903372132588,-0.0043394857222175,-0.292633878044486,-0.0815555670366349,0.478932940884243,-0.888552693852097,0.169486328680228,24.92
357,1.05944077431063,-0.0045267766257779,-0.303617481080969,-0.0931068095091596,0.473297151942857,-0.906791505909625,0.142925522360729,24.99
358,1.0598282413225,-0.0047129316999672,-0.314700671043793,-0.104395084040814,0.467163384292355,-0.924561401800774,0.115691886636431,25.06
359,1.06019588074212,-0.0048969602636509,-0.325869038357585,-0.115474843360675,0.460503138156236,-0.941857421085775,0.0877801525773718,25.13
360,1.06054330367183,-0.0050777865612726,-0.337108810436462,-0.126398656219232,0.453297384006625,-0.958668896001913,0.0591937963297443,25.2
361,1.06087008765094,-0.0052542464438919,-0.348407011159694,-0.137217007211364,0.445535328909025,-0.97497916934455,0.0299455429857114,25.27
362,1.06117580047281,-0.0054250841082952,-0.359751588968193,-0.147978099420889,0.437214456374552,-0.990765321113646,5.78525163997812e-05,25.34
363,1.06145999428679,-0.0055889790029295,-0.371131453640274,-0.158727658975828,0.42833937272102,-1.00599799449027,-0.0304367027263878,25.41
364,1.06172220008071,-0.0057446630986824,-0.382536602490448,-0.169508740644793,0.418922829816655,-1.02064117111873,-0.0614951392584305,25.48
365,1.06196192255181,-0.0058909480216838,-0.393958245927926,-0.180361533649592,0.408985102979611,-1.03465207675146,-0.0930640235766614,25.55
366,1.06217863537473,-0.0060267222463719,-0.405388842291871,-0.19132316691744,0.398553920208548,-1.0479812780825,-0.125079663826487,25.62
367,1.06237177687548,-0.0061509484580103,-0.416822192560561,-0.202427513047753,0.387663437992611,-1.06057297154132,-0.157468623249844,25.69
368,1.0625407461209,-0.0062626611047287,-0.42825347471945,-0.213704990323912,0.376354941010173,-1.0723654950267,-0.190148676913191,25.76
369,1.06268489943372,-0.0063609641578153,-0.439679338250806,-0.22518236215908,0.364676918255598,-1.08329218393691,-0.223030513915736,25.83
370,1.06280354734421,-0.0064450290977082,-0.451097938480825,-0.236882563515219,0.352684905988872,-1.09328257260699,-0.256020006030443,25.9
371,1.06289595198984,-0.0065140931418571,-0.462509031195467,-0.248824583900528,0.34044136742261,-1.10226388217753,-0.289020954120433,25.97
372,1.0629613550634,-0.0065674577294262,-0.473913977119445,-0.261023165829697,0.328012057793424,-1.11016279616265,-0.321938253846179,26.04
373,1.06299909649794,-0.0066044872766085,-0.485315686350472,-0.273488559106935,0.315463537297462,-1.11690686309571,-0.354680188618752,26.11
374,1.06300864337578,-0.0066246082151659,-0.496718442548939,-0.286226300578629,0.302860266149059,-1.12242564792301,-0.387160032035385,26.18
375,1.06298958924885,-0.0066273083256742,-0.508127697094171,-0.299236989083544,0.290262123025884,-1.12665124230967,-0.419296600395685,26.25
376,1.06294165396747,-0.0066121363758302,-0.519549863218267,-0.312516055501249,0.277724120919761,-1.12951840591717,-0.451014027651852,26.32
377,1.06286468402527,-0.0065787020730619,-0.530992110019735,-0.326053527888689,0.265296273348142,-1.1309646407551,-0.482241456276804,26.39
378,1.06275865342491,-0.0065266763396012,-0.542462156241767,-0.339833821875864,0.253023609933539,-1.13093016969718,-0.51291252506983,26.46
379,1.06262366506775,-0.0064557919170469,-0.553968063686346,-0.35383558658881,0.240946370535663,-1.12935791055252,-0.5429648056189,26.53
380,1.06245995266762,-0.00636584430637,-0.565518030125474,-0.368031365680173,0.229100226684236,-1.12619347685984,-0.572339248795024,26.6
381,1.06226788318706,-0.0062566930481835,-0.577120181564601,-0.382387314555349,0.217516499497609,-1.12138520643446,-0.60097964240719,26.67
382,1.06204795979158,-0.0061282633469527,-0.58878236371088,-0.396862944203176,0.206222373442578,-1.11488421865019,-0.628832081085458,26.74
383,1.0618008253156,-0.0059805480416878,-0.600511932500199,-0.411410862155086,0.195241105369394,-1.10664450138824,-0.655844449408781,26.81
384,1.06152726623063,-0.0058136099244623,-0.61231554354197,-0.425976511304495,0.184592228330434,-1.0966230285357,-0.681965919251809,26.88
385,1.06122821710438,-0.0056275844068704,-0.624198940349527,-0.440497937530468,0.174291749762246,-1.08477990886339,-0.707146462293627,26.95
386,1.0609047655364,-0.0054226825332946,-0.636166771324309,-0.454906279128795,0.164352343677648,-1.07107856706003,-0.731336408694732,27.02
387,1.06055812746569,-0.0051991943385194,-0.648222495566178,-0.469128032237674,0.154783536578325,-1.05548607799257,-0.754486293548521,27.09
388,1.06018953265536,-0.0049574925458766,-0.660368196899889,-0.483084670599483,0.145591886858613,-1.03797401590486,-0.776547353057272,27.16
389,1.05980020085888,-0.0046980366006756,-0.67260436623126,-0.496689861688562,0.136781157527877,-1.01851933774317,-0.797472009394082,27.23
390,1.05939134847057,-0.0044213770321733,-0.684929682283834,-0.509849094666055,0.128352482132708,-0.997104819714894,-0.817213653112177,27.3
391,1.05896419555039,-0.0041281601357793,-0.697340790707784,-0.522460638563534,0.120304523810306,-0.973719468724502,-0.835726385891004,27.37
392,1.0585199732011,-0.0038191329655468,-0.709832111673358,-0.534414492661888,0.112633627452354,-0.94835914969625,-0.852965175776764,27.44
393,1.05805993127583,-0.0034951486252591,-0.722395736185363,-0.54559285116821,0.105333965002781,-0.921027158192584,-0.868885854079264,27.51
394,1.0575853463937,-0.0031571718446183,-0.735021230693462,-0.555869225841999,0.0983976739551763,-0.891735039277079,-0.883445195439787,27.58
395,1.05709753024089,-0.0028062848251107,-0.747695440404808,-0.565110290541762,0.0918149891545754,-0.860503261420807,-0.896600871252651,27.65
396,1.05659783813429,-0.002443693338124,-0.760402411838811,-0.573180630496631,0.0855743680451145,-0.82736228681927,-0.90831208958988,27.72
397,1.05608767782371,-0.0020707330557505,-0.773123404774066,-0.579950970361821,0.079662609539574,-0.792354458976337,-0.918541433881725,27.79
398,1.05556851850843,-0.0016888760925004,-0.785837144313963,-0.585305159706273,0.0740649667187361,-0.755537519367102,-0.927258713453309,27.86
399,1.05504190004254,-0.0012997076460676,-0.798520132882251,-0.589144684648494,0.0687652535985271,-0.71698921082702,-0.934445863773326,27.93
400,1.05450944230245,-0.0009048125352062,-0.811146992443949,-0.591390226320221,0.0637459462309156,-0.676811913539087,-0.940101783699892,28.0
401,1.0539728546889,-0.0005057521327569,-0.823690897550203,-0.591982043107275,0.0589882784303871,-0.63513640957191,-0.944246056965036,28.07
402,1.05343391564637,-0.0001040714898457,-0.836123919137628,-0.59088116388807,0.0544723324421699,-0.592123540511327,-0.946921527818616,28.14
403,1.05289436199362,0.0002986934646746,-0.848417369828496,-0.588071152642224,0.0501771248905227,-0.547960957662338,-0.94819503845266,28.21
404,1.05235586856006,0.0007010086774534,-0.860542271585854,-0.583560324777458,0.0460806883666061,-0.50285893350636,-0.948154281465943,28.28
405,1.05182005792108,0.0011013647920093,-0.872469855976858,-0.577382971253749,0.0421601490343841,-0.457044057617456,-0.9469022404696,28.35
406,1.05128851011432,0.0014983902413001,-0.884172067478113,-0.569600372631543,0.0383918006508822,-0.410750181419108,-0.944550330512897,28.42
407,1.05076277230782,0.0018908741120884,-0.895622070341166,-0.560299827247207,0.0347511754135889,-0.364208262542079,-0.941212011666659,28.49
408,1.05024436839109,0.0022777589812297,-0.906794729435053,-0.549590669429016,0.0312131120626671,-0.317638624855717,-0.936998378157372,28.56
409,1.04973477837384,0.0026581338334878,-0.91766694519816,-0.537598780576432,0.0277518216795302,-0.271247164500482,-0.932016021895047,28.63
410,1.04923532738916,0.0030312270799858,-0.928217843152195,-0.52446199816245,0.0243409516357873,-0.225224294446593,-0.926366235675715,28.7
411,1.04874716480126,0.0033963996937602,-0.938428878570107,-0.510323170926752,0.0209536481579289,-0.179745089391553,-0.920144711680991,28.77
412,1.04827127321843,0.0037531384763695,-0.948283706235813,-0.495322512617058,0.0175625878955891,-0.134969785102423,-0.913441462657345,28.84
413,1.0478084773027,0.0041010494671112,-0.957767996157332,-0.479592230406692,0.0141399488903379,-0.0910445387774819,-0.906340903872421,28.91
414,1.04735945235845,0.0044398515041324,-0.966869255704299,-0.463255712140259,0.0106575621401087,-0.0481022369186758,-0.898921973872364,28.98
415,1.04692473268504,0.0047693699445681,-0.97557665842922,-0.446428080724962,0.0070870035593151,-0.0062632878979963,-0.891258262428041,29.05
416,1.04650471968134,0.0050895305487983,-0.983880879798313,-0.429216308174937,0.0033996569306193,0.0343636031831668,-0.883418144244889,29.12
417,1.0460996896923,0.0054003535319954,-0.991773940028052,-0.411719368633929,-0.0004332215509885,0.0736806795180718,-0.875464917107307,29.19
418,1.0457098015905,0.0057019477843227,-0.999249054196103,-0.39402860897064,-0.0044404366254062,0.111600399466313,-0.867456943222987,29.26
419,1.04533510408748,0.0059945052594333,-1.00630048977123,-0.37622800419431,-0.0086507846872091,0.148044727040674,-0.859447792623993,29.33
420,1.04497554277216,0.0062782955293231,-1.01292343168511,-0.358394566829965,-0.0130929813582184,0.182944447590942,-0.851486387570595,29.4
421,1.04463096687525,0.0065536605020878,-1.01911385504979,-0.340598698122187,-0.0177955853932549,0.216238510096485,-0.843617146990306,29.47
422,1.04430113576071,0.0068210092977322,-1.02486840560833,-0.322904479676038,-0.0227869184008453,0.247873397317897,-0.835880130068545,29.54
423,1.04398572514702,0.0070808132758773,-1.03018428799138,-0.305369874175658,-0.0280949798636626,0.277802524912659,-0.828311178188626,29.61
424,1.04368433306242,0.0073336012079925,-1.03505916184089,-0.288047014549331,-0.0337473569475879,0.305985670482338,-0.820942054497418,29.68
425,1.04339648554019,0.00757995458566,-1.03949104585146,-0.270982520358407,-0.0397711285941907,0.332388433394018,-0.813800580449287,29.75
426,1.04312164206092,0.0078205030553365,-1.04347822977196,-0.254217810380233,-0.0461927633989879,0.356981726104034,-0.806910768754445,29.82
427,1.04285920075058,0.0080559199691328,-1.0470191944036,-0.2377894105426,-0.053038010786916,0.379741297605905,-0.800292952229123,29.89
428,1.04260850334395,0.0082869180402547,-1.05011253962519,-0.221729256460908,-0.0603317850074013,0.400647289529808,-0.793963908113627,29.96
429,1.04236883992442,0.0085142450909641,-1.05275692047378,-0.206064989918,-0.0680980414846744,0.419683825332197,-0.787936977490828,30.03
430,1.04213945345179,0.0087386798802053,-1.05495099130558,-0.190820248708983,-0.076359645073874,0.436838632935297,-0.782222179501976,30.1
431,1.04191954409117,0.0089610279974108,-1.05669335806203,-0.176014949351387,-0.085138229791002,0.452102701104328,-0.776826320118485,30.17
432,1.04170827335639,0.0091821178084388,-1.05798253866517,-0.161665562232927,-0.0944540496039457,0.465469969785353,-0.771753095288615,30.24
433,1.04150476808244,0.0094027964391125,-1.05881693156791,-0.147785378836516,-0.104325819895111,0.476937054567165,-0.767003188335764,30.31
434,1.04130812424215,0.0096239257814178,-1.05919479248565,-0.134384770744533,-0.114770549229987,0.486503005376693,-0.762574361541514,30.38
435,1.04111741062266,0.0098463785070807,-1.05911421933861,-0.121471440181394,-0.125803361094604,0.494169099471053,-0.758461541900674,30.45
436,1.04093167237819,0.0100710340729748,-1.05857314543606,-0.109050661906688,-0.137437305295148,0.499938668742875,-0.75465690108854,30.52
437,1.04074993447578,0.0102987747026177,-1.05756934093724,-0.0971255163188181,-0.14968315874735,0.503816961317432,-0.751149929731621,30.59
438,1.04057120505132,0.010530481327893,-1.05610042262579,-0.0856971136735568,-0.162549215420856,0.505811037380689,-0.747927506123082,30.66
439,1.04039447869332,0.0107670294750817,-1.05416387203823,-0.0747648093609369,-0.17604106524435,0.505929699144707,-0.744973959572261,30.73
440,1.04021873967254,0.0110092850793144,-1.0517570619894,-0.0643264102199159,-0.190161361822525,0.504183454822923,-0.742271128625064,30.8
441,1.04004296513537,0.011258100211648,-1.04887729154019,-0.0543783719018261,-0.204909578864723,0.500584516456313,-0.739798414437875,30.87
442,1.0398661282795,0.0115143087031518,-1.04552182945498,-0.0449159873216166,-0.220281755277996,0.49514683140111,-0.737532829632758,30.94
443,1.03968720153017,0.0117787216506303,-1.0416879661972,-0.0359335662603131,-0.236270228934921,0.487886147256941,-0.735449043005614,31.01
444,1.03950515973564,0.0120521227889465,-1.03737307451239,-0.027424606203141,-0.252863389276188,0.478820109983873,-0.733519420502184,31.08
445,1.03931898340039,0.0123352637153124,-1.03257467864756,-0.0193819545152771,-0.270045478974527,0.46796839492421,-0.731714062918992,31.15
446,1.03912766197451,0.012628858951419,-1.02729053225368,-0.0117979620725795,-0.287796204168854,0.45535287040871,-0.730000840828096,31.22
447,1.03893019721769,0.0129335808298468,-1.02151870501613,-0.0046646284756398,-0.306090394255655,0.440997793592892,-0.728345427265197,31.29
448,1.03872560665612,0.0132500541918776,-1.01525767805324,0.0020262610151293,-0.324897681517411,0.424930038127578,-0.726711328761096,31.36
449,1.0385129271502,0.0135788508845808,-1.00850644811763,0.0082830066793987,-0.344182170955685,0.407179353225038,-0.725059915336071,31.43
450,1.03829121859078,0.0139204840459166,-1.0012646406271,0.0141138735236784,-0.363902100878114,0.387778653634436,-0.723350450115865,31.5
451,1.0380595677415,0.0142754021675474,-0.993532631543332,0.0195269783058249,-0.384009494888241,0.366764339989742,-0.721540119266633,31.57
452,1.03781709224387,0.0146439829261093,-0.985311678104364,0.0245301842480616,-0.404449806033288,0.344176648933532,-0.719584062984098,31.64
453,1.03756294480192,0.0150265267748719,-0.976604058403961,0.0291310032925578,-0.425161553976849,0.32006003235977,-0.717435408309753,31.71
454,1.037296317562,0.0154232502889789,-0.967413219794645,0.0333365057578188,-0.446075956182491,0.294463565047429,-0.715045304583864,31.78
455,1.03701644670328,0.015834279258874,-0.957743936072706,0.0371532372604867,-0.467116554219144,0.267441379881055,-0.712362962381319,31.85
456,1.03672261725336,0.0162596415280204,-0.947602473382708,0.0405871427752961,-0.488198836431193,0.23905312977158,-0.70933569681236,31.92
457,1.03641416814282,0.0166992595726635,-0.936996764754506,0.0436434977150251,-0.509229858354485,0.209364475298196,-0.705908976103632,31.99
458,1.03609049751161,0.0171529428231525,-0.925936593159681,0.0463268459237452,-0.530107862405376,0.178447596993724,-0.702026476413181,32.06
459,1.03575106827919,0.0176203797282519,-0.914433782942965,0.0486409444878359,-0.550721928609343,0.146381731085697,-0.697630143861043,32.13
460,1.03539541398924,0.0181011295659039,-0.902502399451821,0.0505887152831652,-0.570951688294899,0.113253727388746,-0.692660264793094,32.2
461,1.03502314493864,0.018594614006088,-0.890158956650204,0.052172203190747,-0.590666892142234,0.079158627916873,-0.687055545326219,32.27
462,1.03463395459917,0.0191001084337596,-0.877422602373988,0.053392540928232,-0.609729753269406,0.0442002646449133,-0.680753201252102,32.34
463,1.03422762633886,0.0196167330423385,-0.86431516057862,0.0542499204603157,-0.628005333051391,0.0084918446147322,-0.673689089493736,32.41
464,1.03380404044853,0.0201434737985719,-0.850861030233337,0.0547435709678831,-0.645364868093084,-0.0278435697534738,-0.66579794242325,32.48
465,1.03336318147746,0.0206792934700265,-0.837087060818891,0.0548717433723843,-0.661686674290772,-0.0646726270145868,-0.657013555759524,32.55
466,1.03290514588029,0.0212231522068741,-0.82302240398885,0.054631701429376,-0.676858361181503,-0.101851422290288,-0.64726911174954,32.62
467,1.03243014997536,0.021773997872063,-0.808698280734837,0.0540197194229217,-0.690777049120937,-0.139225554945872,-0.636497699003588,32.69
468,1.03193853821285,0.0223307562264039,-0.794147844056278,0.053031086510199,-0.703349817809125,-0.176630631300782,-0.624633060275848,32.76
469,1.03143079174862,0.0228923209875875,-0.779406076396116,0.0516601177835365,-0.714492673020554,-0.213893576211248,-0.611610719835611,32.83
470,1.0309075373177,0.0234575437825595,-0.764509661068936,0.049900172134984,-0.724128665060798,-0.250834816664301,-0.597369581884213,32.9
471,1.03036955639852,0.0240252240132543,-0.749496766874727,0.047743677025825,-0.732187567489162,-0.287271250237916,-0.58185388082637,32.97
472,1.02981779465672,0.0245940986564483,-0.734406925763224,0.0451821602810651,-0.738604529953931,-0.323019941484563,-0.565015695106844,33.04
473,1.02925334156651,0.0251628621071575,-0.719280942684566,0.0422062890453303,-0.743320955885807,-0.357902128304692,-0.546817814997987,33.11
474,1.02867732001731,0.0257302762637582,-0.70416080682524,0.0388059160530523,-0.746285289462334,-0.391747842477427,-0.527237115632422,33.18
475,1.02809086641249,0.0262951903517553,-0.689089603492908,0.0349701333812859,-0.747453682812396,-0.424400636070729,-0.506268405855299,33.25
476,1.02749514106465,0.0268565306839244,-0.674111395804673,0.0306873338682002,-0.746791477107444,-0.455722025644696,-0.483928422337314,33.32
477,1.02689133877919,0.0274132904653583,-0.659270985138149,0.0259452803940373,-0.744275107187733,-0.485595566796061,-0.460259878766375,33.39
478,1.0262806996051,0.0279645196628244,-0.644613639813789,0.020731183233699,-0.739893768412025,-0.513930411092408,-0.435335148576057,33.46
479,1.02566451973145,0.0285093149566449,-0.630184821288186,0.0150317857017314,-0.733651929310237,-0.540664197049437,-0.409259460077522,33.53
480,1.02504416250715,0.0290468097922767,-0.616029876954309,0.0088334282327631,-0.725571938033198,-0.565765276782815,-0.38217227881916,33.6
481,1.02442103947278,0.02957616454793,-0.60219360846562,0.0021220610484867,-0.715696030493187,-0.589233587435327,-0.354244377989416,33.67
482,1.02379650120456,0.0300965869216176,-0.588719835117768,-0.0051165536402182,-0.704088161014497,-0.611097490141894,-0.325673693389244,33.74
483,1.02317181847158,0.0306074427281698,-0.575651041743381,-0.0128966903448971,-0.690834511391704,-0.631408050840868,-0.296679117447114,33.81
484,1.02254819350649,0.0311082765938677,-0.563027929803805,-0.0212325295805166,-0.676043459481496,-0.650232056208803,-0.267491777406762,33.88
485,1.02192677127914,0.031598802735523,-0.550888961175187,-0.0301380173708356,-0.659843260683514,-0.667645268204074,-0.23834505744606,33.95
486,1.02130862066339,0.0320788959199668,-0.539270014246468,-0.0396267147226915,-0.642379546501757,-0.683727420419433,-0.209466489707683,34.02
487,1.02069462530139,0.03254858260914,-0.528204091460506,-0.0497116368176166,-0.62381149454517,-0.698559255768706,-0.181072924175542,34.09
488,1.02008546467242,0.0330080322930679,-0.517721167914798,-0.0604050816767459,-0.60430711866547,-0.712221032409805,-0.153368431724782,34.16
489,1.01948162517509,0.0334575490102697,-0.507848150338521,-0.0717184480644785,-0.584037556022298,-0.724791804433775,-0.126543672753175,34.23
490,1.01888341112281,0.0338975630525676,-0.498608795466419,-0.0836620424092919,-0.563173868322741,-0.73634899446968,-0.100776065781387,34.3
491,1.01829095564378,0.0343286228488323,-0.490023828025867,-0.0962448745367566,-0.541881209155414,-0.746968106340625,-0.0762300906504698,34.37
492,1.01770423147994,0.0347513870199219,-0.482111107469216,-0.109474442029087,-0.520315228559076,-0.756722395848128,-0.0530576027614161,34.44
493,1.0171230616824,0.0351666165949364,-0.474885782901286,-0.123356503049363,-0.498621795013033,-0.76568264876089,-0.0313982456500584,34.51
494,1.01654713020391,0.0355751673769222,-0.468360435879195,-0.137894837495674,-0.476937384320914,-0.773917004511408,-0.0113798688912449,34.58
495,1.01597599239147,0.0359779824443103,-0.462545210810655,-0.153090996382028,-0.455389470823659,-0.781490794234698,0.0068810812775108,34.65
496,1.01540908538469,0.0363760847726625,-0.457447932723105,-0.168944039378509,-0.434096918476627,-0.788466391919997,0.0232792009217834,34.72
497,1.01484573842809,0.0367705699597213,-0.453074212220333,-0.185450260483412,-0.413170369488519,-0.794903077496245,0.0377197990693598,34.79
498,1.01428518310726,0.0371625990353186,-0.449427537484789,-0.202602931933015,-0.392712628375059,-0.800856910725789,0.0501186019658965,34.86
499,1.01372656352103,0.0375533913363871,-0.446509353224414,-0.220392096504193,-0.372819039428999,-0.806380614836657,0.0604014926375948,34.93
500,1.0131689464036,0.0379442174261349,-0.444319126500135,-0.238804167630382,-0.353577855749234,-0.811523468881568,0.0685042872833475,35.0
501,1.01261133121185,0.0383363920353933,-0.442854399408601,-0.257821578213529,-0.335070598106996,-0.816331207872212,0.0743725498344983,35.07
502,1.01205266019487,0.0387312670032214,-0.442110828628865,-0.277422448290623,-0.317372402054582,-0.820845929799608,0.0779614458417214,35.14
503,1.01149182846349,0.0391302241930556,-0.442082211877578,-0.297580241785197,-0.3005523518039,-0.825106008715134,0.0792356366726318,35.21
504,1.01092769407913,0.0395346683600188,-0.442760501351051,-0.318263412739849,-0.284673799517684,-0.829146013112446,0.0781692148288173,35.28
505,1.01035908818174,0.0399460199444672,-0.44413580426613,-0.339435041509934,-0.269794668765011,-0.832996628917822,0.0747456810215654,35.35
506,1.00978482517739,0.0403657077664348,-0.446196370645082,-0.361052491576809,-0.25596774099672,-0.83668458646514,0.0689579634730547,35.42
507,1.00920371300667,0.0407951615953553,-0.448928568523031,-0.383067117735539,-0.243240954081837,-0.840232590901511,0.0608084797412686,35.49
508,1.00861456351528,0.0412358045692924,-0.452316846790334,-0.405424206954345,-0.231657742038716,-0.843659255542162,0.0503092411966974,35.56
509,1.00801620294814,0.0416890454378839,-0.456343685916034,-0.428063904976951,-0.221257204481157,-0.846979037763088,0.037482000105629,35.63
510,1.00740748258868,0.04215627060334,-0.460989566921023,-0.450920150968573,-0.212074375783657,-0.850202177097407,0.0223584391033064,35.7
511,1.00678728956428,0.0426388359340789,-0.46623301909246,-0.473920569885697,-0.204140322469653,-0.853334635273763,0.0049804026643555,35.77
512,1.00615455783855,0.0431380583260052,-0.472050566265803,-0.496985007008307,-0.197482278804822,-0.856378038012225,-0.0145998300030132,35.84
513,1.00550827941075,0.0436552069869738,-0.478416632237364,-0.520025203226121,-0.192123789945606,-0.859329618470292,-0.036319261482928,35.91
514,1.00484751574121,0.0441914944206922,-0.485303465906827,-0.54294663550928,-0.188084832063543,-0.862182192397503,-0.0601039432174245,35.98
515,1.00417140942126,0.0447480670871783,-0.492681176875239,-0.565653607309251,-0.185381909019928,-0.864924225224139,-0.085868613723762,36.05
516,1.00347919610427,0.0453259957179136,-0.500517821823391,-0.588054431370319,-0.184028125230179,-0.867539810687176,-0.113516299562653,36.12
517,1.00277021671346,0.0459262652650166,-0.508779602385835,-0.610063246576121,-0.18403323441908,-0.870008651464963,-0.1429380310363,36.19
518,1.00204392994019,0.0465497644651497,-0.517431084833043,-0.631602111094819,-0.185403664030868,-0.872306162458681,-0.174012704455164,36.26
519,1.00129989495678,0.0471972750003992,-0.526435412083886,-0.652600575208941,-0.188142515117728,-0.874403636911261,-0.20660709294173,36.33
520,1.00053766417834,0.0478694602401214,-0.535754508687014,-0.672994359974776,-0.192249537590486,-0.876268596158045,-0.24057606813255,36.4
521,0.99975676660823,0.0485668535496781,-0.54534924934864,-0.692723052724232,-0.197721080775949,-0.877865383701593,-0.275763185621318,36.47
522,0.998956721599696,0.0492898461541201,-0.555179531517696,-0.711730190400922,-0.204550019285343,-0.879155763493721,-0.312001456235295,36.54
523,0.99813705295461,0.050038704634942,-0.565204433261163,-0.729962602698058,-0.212725654259938,-0.880099793855863,-0.349114636931782,36.61
524,0.997297303367805,0.0508136782282428,-0.575382366889599,-0.747370700931635,-0.22223359012291,-0.880657037901012,-0.386919014237408,36.68
525,0.996437049225633,0.051615015392823,-0.585671138808177,-0.763908209222107,-0.233055587030992,-0.880788050999136,-0.425225894020855,36.75
526,0.99555591576692,0.0524429498191313,-0.596028096870082,-0.779532753003088,-0.245169389286163,-0.880456326537818,-0.463844590293934,36.82
527,0.994653592613953,0.053297685962314,-0.606410305818039,-0.79420571104201,-0.258548530037042,-0.879630610421401,-0.502585946525973,36.89
528,0.99372984968019,0.0541793840952024,-0.616774751583506,-0.807894370597429,-0.273162112672404,-0.878287524785108,-0.541266122114017,36.96
529,0.992784523372539,0.0550881448775948,-0.627078635393406,-0.820573618333682,-0.28897456938551,-0.876414802357666,-0.579710978377095,37.03
530,0.991817412916965,0.0560239934389846,-0.637279608021457,-0.832226565824028,-0.305945397467502,-0.874014981446232,-0.61776055588893,37.1
531,0.990828267337003,0.0569868629729578,-0.647336095394593,-0.842845764918195,-0.324028873972832,-0.871109050262646,-0.655273194963493,37.17
532,0.989816802913399,0.0579765778428688,-0.657207626054877,-0.852434140731651,-0.343173749488674,-0.867739860007865,-0.692129031379163,37.24
533,0.988782721041646,0.0589928362000351,-0.666855070963278,-0.861005371599135,-0.363322921834866,-0.863975005448417,-0.72823286988846,37.31
534,0.98772572649248,0.0600351921176896,-0.676240976901557,-0.868583776113423,-0.384413090620194,-0.859908239483144,-0.763516558019254,37.38
535,0.986645546080663,0.0611030673339052,-0.685329934002079,-0.875205361827689,-0.406374393687385,-0.855657645300272,-0.79794098222979,37.45
536,0.985541947747339,0.062195852786943,-0.694088947993028,-0.880918681231703,-0.429130748695507,-0.8513628811924,-0.831494197466432,37.52
537,0.984414729973114,0.0633129194268463,-0.702487757621578,-0.8857860660162,-0.452604270924607,-0.847181195028575,-0.864187616450051,37.59
538,0.983263621350636,0.0644535984896824,-0.710498917323492,-0.889883072428956,-0.476724069540097,-0.843282627102464,-0.896051552689671,37.66
539,0.982088270846944,0.0656171914212769,-0.718097796123616,-0.893296768441593,-0.501431901766504,-0.83984596309359,-0.927131410803024,37.73
540,0.98088826858506,0.066803069637938,-0.725262493262965,-0.896127524964446,-0.526686250794741,-0.837055674786075,-0.957484794397714,37.8
541,0.979663136975675,0.0680106836101507,-0.731973821435687,-0.898489555672742,-0.552461729427037,-0.835098792256119,-0.987178838684346,37.87
542,0.978412232030903,0.0692395414560097,-0.738215237680621,-0.900510745209457,-0.578748925123115,-0.834161102453387,-1.01628725529842,37.94
543,0.977134735395355,0.0704892172298047,-0.743972872712526,-0.902332335370265,-0.605552189625475,-0.83442297168795,-1.04488735891775,38.01
544,0.975829676930725,0.0717594490900642,-0.74923556872844,-0.904108286436349,-0.632886486586268,-0.836054758594554,-1.07305695400246,38.08
545,0.974495957780884,0.0730501468281265,-0.753994835676186,-0.906000098826671,-0.660773146687922,-0.839212566524013,-1.10087162185018,38.15
546,0.973132373934927,0.0743613689373802,-0.758244876625329,-0.908174102744469,-0.689238922807172,-0.844035866773579,-1.12840300832461,38.22
547,0.971737610220218,0.0756932993126014,-0.761982531955006,-0.91079721124388,-0.718313290103418,-0.850646027037611,-1.15571771975757,38.29
548,0.97031014457174,0.0770462235783889,-0.765207202639015,-0.914036128288314,-0.748028142661958,-0.859145381513052,-1.18287643459428,38.36
549,0.968848243128123,0.0784205351311738,-0.767920782773157,-0.918054352298351,-0.778415162388787,-0.869616479418497,-1.20993307914349,38.43
550,0.967349986006358,0.079816831065074,-0.770127601355602,-0.92301073315369,-0.809504620554261,-0.882121600345505,-1.23693412651488,38.5
551,0.965813293698756,0.0812359174478727,-0.771834343199106,-0.929054284263427,-0.841323565451921,-0.89670226416274,-1.26391798768472,38.57
552,0.964235954126674,0.0826787841117796,-0.773049888720933,-0.93631849632633,-0.873891800983151,-0.913379456456866,-1.2909147044667,38.64
553,0.962615650388521,0.0841465790322105,-0.773785253017297,-0.944920084493804,-0.907217791918541,-0.932154297969326,-1.31794591360757,38.71
554,0.960949989241855,0.0856405822767892,-0.774053563886453,-0.954958856880444,-0.941294886631879,-0.953008405455328,-1.34502469032522,38.78
555,0.959236530361332,0.0871621795039363,-0.773870048513917,-0.966517558982613,-0.976100053568478,-0.975903673154835,-1.37215512046028,38.85
556,0.957472816415615,0.0887128349880124,-0.773252028582984,-0.979661692203058,-1.01159326613329,-1.00078189643591,-1.39933181162067,38.92
557,0.955656404007208,0.0902940641460721,-0.772218923535463,-0.994439304988943,-1.04771705501269,-1.02756435864965,-1.42653940342214,38.99
558,0.953784895519492,0.0919074055399,-0.770792231582502,-1.0108807554011,-1.0843978233034,-1.05615141233757,-1.45375207692377,39.06
559,0.951855971914951,0.0935543923260309,-0.768995367763746,-1.02899844424774,-1.12155109179728,-1.08642235709007,-1.48093321397547,39.13
560,0.949867426527815,0.0952365231260766,-0.766853388755341,-1.04878651823587,-1.15908544047232,-1.11823639813638,-1.50803571843634,39.2
561,0.947817199892834,0.0969552322897756,-0.764392784530851,-1.07022054291696,-1.19690394419373,-1.15143483828029,-1.53500281939721,39.27
562,0.945703415649966,0.0987118595237852,-0.761641185985045,-1.09325714553343,-1.23490536085038,-1.18584402431376,-1.56176941743078,39.34
563,0.943524417561997,0.100507618860434,-0.758627048218451,-1.11783362820883,-1.27298495332188,-1.22127917111484,-1.58826406515336,39.41
564,0.941278807678894,0.102343566942317,-0.75537933907275,-1.14386755226513,-1.31103578955759,-1.25754876567644,-1.61441143282876,39.48
565,0.938965455590949,0.10422057060094,-0.751927202316376,-1.17125632488815,-1.34894904835626,-1.2944592535112,-1.64013535056006,39.55
566,0.936583418620465,0.106139303798135,-0.748299534783025,-1.19987790287666,-1.38661426549501,-1.33181952947221,-1.66536206736706,39.62
567,0.934131953498966,0.108100334090052,-0.744524687552214,-1.22959526304364,-1.42392042480302,-1.36944466480363,-1.69002321702394,39.69
568,0.931610559371471,0.110104118074991,-0.740630320738907,-1.26026118137247,-1.46075579003057,-1.40715836236856,-1.7140577999614,39.76
569,0.929019022053401,0.112150965990267,-0.736643291029894,-1.29172440654474,-1.49700999978094,-1.44479426373628,-1.73741336298859,39.83
570,0.926357429461296,0.114241005537704,-0.732589541380236,-1.32383337925087,-1.53257731427075,-1.48219638209691,-1.76004655845803,39.9
571,0.923626098045739,0.116374175019984,-0.728493992385269,-1.35643876368735,-1.56735890976072,-1.51921944628611,-1.78192347495973,39.97
572,0.920825590751445,0.118550305960986,-0.724380434860171,-1.38939386124914,-1.60126434290968,-1.55572915873479,-1.80301995093968,40.04
573,0.917956736235569,0.120769114684696,-0.72027142317749,-1.42255555683188,-1.63421311955096,-1.59160240005337,-1.82332187185428,40.11
574,0.915020559070848,0.12303016303117,-0.716188168933512,-1.45578486766952,-1.66613552706272,-1.62672735258643,-1.84282536103245,40.18
575,0.91201830144519,0.125332848390234,-0.71215043453659,-1.48894833088615,-1.69697324327446,-1.66100408673935,-1.86153635300884,40.25
576,0.908951446075924,0.1276764832363,-0.708176426334866,-1.52191917919643,-1.72668041518341,-1.69434603332145,-1.87946816536401,40.32
577,0.905821650053131,0.130060283648624,-0.704282686926889,-1.55457945049399,-1.75522493774169,-1.72667942519654,-1.89664001756839,40.39
578,0.902630740024014,0.132483357092611,-0.700484016414569,-1.5868218902765,-1.7825882185373,-1.75794215401621,-1.91307586475188,40.46
579,0.899380648337586,0.134944779739506,-0.696793482475451,-1.61855059596094,-1.80876451210763,-1.78808264512481,-1.92880333544165,40.53
580,0.896073410467738,0.137443582814037,-0.693222368548508,-1.64968079616395,-1.83376045606548,-1.81705869158573,-1.94385268257582,40.6
581,0.892711103328951,0.139978738249897,-0.689780210336326,-1.68013800738082,-1.85759155966823,-1.84483615800028,-1.95825568712177,40.67
582,0.889295844798953,0.142549233933739,-0.686474860244416,-1.70985702091167,-1.88027946586218,-1.8713880362885,-1.97204481463344,40.74
583,0.885829734059957,0.145154058029718,-0.683312549497605,-1.73878075147054,-1.90185034758195,-1.89669370361209,-1.98525256400128,40.81
584,0.882314883159035,0.14779215257832,-0.680297947791559,-1.76685843716647,-1.9223332043237,-1.92073811214051,-1.99791085737169,40.88
585,0.878753449486464,0.150462396563336,-0.677434220366755,-1.7940460201384,-1.94175965317286,-1.9435110012973,-2.01005047065151,40.95
586,0.87514757887066,0.153163678641565,-0.674723112508181,-1.8203060610397,-1.96016343858854,-1.96500625311213,-2.02170056419813,41.02
587,0.87149940968954,0.155894879028944,-0.672165121588763,-1.84560797044856,-1.97758041256861,-1.98522130060218,-2.03288813261487,41.09
588,0.867811017608661,0.158654850826387,-0.669759576098236,-1.86992729419554,-1.99404832265583,-2.00415652912024,-2.0436374333023,41.16
589,0.864084451346317,0.161442491068759,-0.667504681823617,-1.89324501596934,-2.0096059257354,-2.02181458045359,-2.05396942336754,41.23
590,0.860321769164824,0.164256720991157,-0.665397595368762,-1.91554762983735,-2.02429296141873,-2.03819961984512,-2.06390117436772,41.3
591,0.856524985787791,0.16709643570792,-0.663434585220567,-1.93682569635767,-2.03814881799801,-2.05331653580282,-2.07344517424775,41.37
592,0.852696080144928,0.16996048349941,-0.661611099886374,-1.9570724470919,-2.05121232736354,-2.06717016288879,-2.08260851616643,41.44
593,0.848836943557153,0.172847734902032,-0.659921803345156,-1.9762837013776,-2.06352082273457,-2.07976425661133,-2.09139176337379,41.51
594,0.844949418764995,0.175757061095758,-0.65836060798229,-1.99445533451788,-2.07511002306723,-2.091101814986,-2.09978938554125,41.58
595,0.84103533950291,0.178687311872747,-0.656920705104111,-2.01158398405046,-2.08601140372877,-2.1011891537139,-2.10779507618258,41.65
596,0.837096480322935,0.181637383470698,-0.655594593142109,-2.02766642083459,-2.09625433402931,-2.11003702534954,-2.11540331607359,41.72
597,0.833134567073342,0.184606195765146,-0.65437413375721,-2.04270008229983,-2.10586603077361,-2.11766049734098,-2.12260922874501,41.79
598,0.829151227649344,0.187592639016163,-0.653250696154998,-2.05668485817602,-2.11487230598646,-2.12407882234473,-2.12940856349928,41.86
599,0.825148033423434,0.190595550364534,-0.652215209231868,-2.06962354120182,-2.12329868709067,-2.12931545098275,-2.13579771577618,41.93
600,0.821126541062699,0.193613780272979,-0.651258181883353,-2.08152244719806,-2.13117133740114,-2.13339806634288,-2.14177366459336,42.0
601,0.817088244441449,0.196646168406875,-0.65036975181364,-2.0923907903311,-2.13851690392775,-2.13635851944828,-2.1473340076529,42.07
602,0.813034587059806,0.199691519238475,-0.649539823192999,-2.10223929485762,-2.14536075043638,-2.1382327855474,-2.15247700390562,42.14
603,0.80896691459036,0.2027486676588,-0.648758112814369,-2.11107966792519,-2.1517252602043,-2.13906106100041,-2.15720153335282,42.21
604,0.804886517965591,0.205816454092262,-0.648014165106703,-2.11892403060512,-2.15762962214024,-2.1388878797612,-2.16150715464373,42.28
605,0.80079467671845,0.208893699398301,-0.647297396366067,-2.12578436712377,-2.16308944504101,-2.13776215846644,-2.16539420031293,42.35
606,0.796692612289535,0.211979269844192,-0.64659722856858,-2.13167331593448,-2.16811704209572,-2.13573734985354,-2.16886390966556,42.42
607,0.792581501716477,0.215072051643797,-0.645903162517239,-2.13660473784982,-2.17272175351254,-2.13287164344805,-2.17191865947945,42.49
608,0.788462431332581,0.218170895258253,-0.645204910864256,-2.14059538486438,-2.17691069818539,-2.12922764088926,-2.17456259337805,42.56
609,0.784336440892204,0.221274589654296,-0.644492470847172,-2.14366601458793,-2.18068938256293,-2.12487033142276,-2.17680358254899,42.63
610,0.780204567839961,0.224381926716504,-0.643756257275104,-2.14584297296597,-2.18406234711578,-2.11986631503251,-2.17865338860432,42.7
611,0.776067801441718,0.227491675308796,-0.642987175594446,-2.14715780780244,-2.18703366977433,-2.11428336941018,-2.18012726203686,42.77
612,0.771927097197355,0.230602555270247,-0.642176755557699,-2.14764587541773,-2.18960831914834,-2.10819002859565,-2.18124357781544,42.84
613,0.767783331166539,0.233713301630669,-0.641317195220627,-2.14734544426216,-2.19179321411748,-2.10165535259278,-2.18202362819614,42.91
614,0.763637314541252,0.23682263854257,-0.640401375595939,-2.14629735502503,-2.19359756847166,-2.09474894689928,-2.18249154233021,42.98
615,0.759489748098356,0.239929253215549,-0.639422876192041,-2.14454457461946,-2.19503249038749,-2.0875409599145,-2.18267415175872,43.05
616,0.755341266956279,0.243031860139413,-0.638375991565306,-2.14213305743017,-2.19611140113743,-2.080102117144,-2.18260092170924,43.12
617,0.75119248535987,0.246129205180912,-0.637255718914007,-2.13911186708056,-2.19685027993467,-2.07250358032046,-2.18230379727208,43.19
618,0.747043951218676,0.249220129928173,-0.636057656641518,-2.13553331008247,-2.19726815589911,-2.06481687086616,-2.18181702409982,43.26
619,0.742896160826284,0.252303545866669,-0.634777994505711,-2.13145262916666,-2.19738739553865,-2.05711382632512,-2.18117697314181,43.33
620,0.738749513399903,0.255378408670894,-0.63341353525859,-2.12692746596456,-2.19723387566441,-2.04946655838591,-2.18042199888374,43.4
621,0.734604325782262,0.258443782894607,-0.631961687669464,-2.12201673099309,-2.19683649975675,-2.04194744128637,-2.17959239061135,43.47
622,0.730460786947673,0.261498816552003,-0.630420370813947,-2.11677990288783,-2.19622581661472,-2.0346282567544,-2.17872951337464,43.54
623,0.726319002745293,0.264542715869921,-0.628788010202161,-2.11127609389328,-2.19543165050794,-2.02757644821604,-2.17787275389265,43.61
624,0.722179040612861,0.267574810489716,-0.627063565608316,-2.10556423448668,-2.19448281123414,-2.02085410938978,-2.17705860329288,43.68
625,0.718040883995725,0.270594528606597,-0.625246560542227,-2.09970281150635,-2.19340692784294,-2.01451781052622,-2.17632037159107,43.75
626,0.713904446908665,0.273601342234068,-0.62333711338152,-2.09374979056346,-2.19223088690985,-2.00861847889203,-2.17568799167446,43.82
627,0.709769528289889,0.276594742779372,-0.621335970173003,-2.08776245089225,-2.19098154389545,-2.00320124221409,-2.17518788210019,43.89
628,0.705635856587495,0.279574307115,-0.619244509013239,-2.08179725194368,-2.18968571420748,-1.99830547486673,-2.17484292834422,43.96
629,0.701503134318732,0.282539673628927,-0.617064655819426,-2.07590994130272,-2.18836935321794,-1.9939648955487,-2.17467246167302,44.03
630,0.697370992343667,0.285490518524443,-0.614798891992255,-2.07015599317314,-2.18705670703432,-1.9902075352123,-2.17469208478647,44.1
631,0.693239004297374,0.288426622639332,-0.612450293760538,-2.06458806677274,-2.18576955390967,-1.98705533393441,-2.17491337397102,44.17
632,0.689106640836373,0.29134784826374,-0.610022542987233,-2.05925475610138,-2.18452770927735,-1.98452411841752,-2.1753437583598,44.24
633,0.684973314145761,0.294254086136179,-0.607519819118154,-2.05419993811759,-2.18334910910331,-1.98262383937396,-2.17598675661712,44.31
634,0.6808384224533,0.297145232795769,-0.604946692558075,-2.04946148485175,-2.18224971189982,-1.98135900833148,-2.17684223994779,44.38
635,0.67670130429777,0.30002125846818,-0.602308109662302,-2.04507138463257,-2.1812433093403,-1.98072936376676,-2.17790687180553,44.45
636,0.67256128308892,0.302882184960641,-0.599609288734897,-2.04105576735705,-2.18034217790687,-1.98073049569412,-2.17917451368732,44.52
637,0.668417711707651,0.305728063829757,-0.596855617207746,-2.03743591638393,-2.17955766868836,-1.98135451897542,-2.18063671742368,44.59
638,0.664269926895366,0.308559045084982,-0.594052640169731,-2.03422960464636,-2.17890052449107,-1.98259061490217,-2.18228321381109,44.66
639,0.660117263882893,0.311375355900284,-0.59120595962247,-2.03145134047261,-2.17838233817951,-1.98442547127867,-2.18410230747427,44.73
640,0.655959010920039,0.314177249506797,-0.588321134625971,-2.02911353867033,-2.17801538397833,-1.98684383181404,-2.18608129849361,44.8
641,0.651794454156511,0.316964984437961,-0.585403672496547,-2.02722611932843,-2.17781280731635,-1.98982879400885,-2.18820672039342,44.87
642,0.647622922623748,0.319738894298066,-0.582458960518051,-2.02579667034159,-2.17778805974483,-1.99336221686419,-2.19046463542136,44.94
643,0.643443743067273,0.322499367523016,-0.579492288505813,-2.02483123365326,-2.17795381939617,-1.99742496792692,-2.19284089709811,45.01
644,0.639256255080405,0.325246797302788,-0.576508871862812,-2.02433403016569,-2.17832126928721,-2.00199679938422,-2.19532113958634,45.08
645,0.635059766200556,0.327981561834161,-0.573513784769338,-2.02430702583997,-2.17889937218795,-2.00705621460575,-2.1978906144853,45.15
646,0.63085359741877,0.33070409507212,-0.570511983938527,-2.02474918847311,-2.17969332948747,-2.01258020514842,-2.20053405583709,45.22
647,0.626637128851721,0.333414867446571,-0.567508332582938,-2.02565642801311,-2.1807052326718,-2.01854385861263,-2.20323536299739,45.29
648,0.622409755325108,0.336114336712037,-0.564507534239441,-2.02702089657157,-2.18193284547586,-2.02492001829297,-2.20597731226103,45.36
649,0.618170902318399,0.338802929097426,-0.56151415689116,-2.02883271715694,-2.18337105992091,-2.03167881454759,-2.20874117718322,45.43
650,0.613919981930891,0.341481110923098,-0.558532687126039,-2.03108035021234,-2.18501160337881,-2.03878697811499,-2.21150625790842,45.5
651,0.609656439318221,0.344149370151018,-0.555567584161673,-2.03374977866143,-2.18684217017718,-2.04620771820002,-2.21424983133758,45.57
652,0.605379799346605,0.346808168035056,-0.552623333655278,-2.03682512930481,-2.18884687342387,-2.05390321189515,-2.21694914724444,45.64
653,0.601089623211565,0.349457921038218,-0.549704501218093,-2.0402899786248,-2.19100702437656,-2.06183513226014,-2.21958192039422,45.71
654,0.596785525468406,0.352099073183969,-0.546815755465403,-2.04412720705362,-2.19330232990539,-2.06996438916265,-2.2221262818809,45.78
655,0.592467131131477,0.354732078307606,-0.543961800344224,-2.04831737191385,-2.19571106417158,-2.07825101629147,-2.22456076175225,45.85
656,0.588134123287862,0.357357352375141,-0.541147367093163,-2.05283803645045,-2.19821068918635,-2.08665432539953,-2.22686442366832,45.92
657,0.583786290969005,0.359975256037104,-0.538377115310997,-2.05766324293893,-2.2007786839386,-2.09513314797118,-2.22901718206835,45.99
658,0.579423487022655,0.362586167585222,-0.535655533311976,-2.06276487536416,-2.20339367275889,-2.10364619513552,-2.23100024204747,46.06
659,0.57504564642769,0.365190465778955,-0.532986927947219,-2.06811341485335,-2.20603598077908,-2.11215244630446,-2.23279645169071,46.13
660,0.570652744703523,0.367788482710531,-0.530375353372593,-2.07367856977235,-2.20868788766132,-2.12061150710448,-2.23439059729001,46.2
661,0.566244816766286,0.370380486877227,-0.527824599036431,-2.07943065355969,-2.21133454275776,-2.12898384707832,-2.23576961166552,46.27
662,0.561821915881279,0.372966756630403,-0.525338116463043,-2.08534162768364,-2.21396418807078,-2.13723097806048,-2.23692284630351,46.34
663,0.557384133062073,0.375547563469878,-0.522919035202433,-2.09138406516698,-2.21656651586019,-2.14531554385206,-2.23784225710762,46.41
664,0.552931556564358,0.378123155441867,-0.520570177620734,-2.09753080325917,-2.21913171857062,-2.15320147232789,-2.23852253404279,46.48
665,0.548464321911617,0.380693830898751,-0.518293982211607,-2.10375405215541,-2.22164902775938,-2.16085401012373,-2.23896114472884,46.55
666,0.543982662187723,0.383259922089684,-0.516092515904256,-2.1100257053436,-2.22410642711842,-2.16823964055444,-2.23915844251815,46.62
667,0.539486868330699,0.385821748752144,-0.51396751514852,-2.11631674593932,-2.22649012566296,-2.17532606591735,-2.23911768866433,46.69
668,0.534977309862159,0.388379571786265,-0.511920425651908,-2.12259671232524,-2.2287843328841,-2.18208210434705,-2.23884504875058,46.76
669,0.530454395696227,0.390933577094062,-0.509952440737103,-2.12883415633963,-2.23097190778185,-2.18847759206825,-2.23834962349464,46.83
670,0.525918595372267,0.393483949754309,-0.508064538293735,-2.13499788394836,-2.23303482899149,-2.19448338187322,-2.23764357399407,46.9
671,0.521370400353096,0.396030858003188,-0.506257486215015,-2.14105759492954,-2.23495532876732,-2.20007128792951,-2.23674216072121,46.97
672,0.516810345731199,0.398574407192844,-0.504531756126161,-2.14698410265803,-2.23671669825111,-2.20521457919882,-2.23566324473199,47.04
673,0.512238971983128,0.401114623900388,-0.502887525917295,-2.15274784076449,-2.23830204934356,-2.20988980425508,-2.23442525792026,47.11
674,0.50765684711343,0.403651530360944,-0.501324710896892,-2.15832095263874,-2.23969684041386,-2.21407705955768,-2.23304668086055,47.18
675,0.503064528827378,0.406185128697696,-0.499842963386992,-2.16367760869103,-2.24088944947808,-2.21775984493578,-2.23154588457514,47.25
676,0.498462617160994,0.408715385211772,-0.498441580586289,-2.16879306336429,-2.24187084817728,-2.22092483760844,-2.22994085448855,47.32
677,0.493851807294949,0.411242304995101,-0.497119501233969,-2.17364413017347,-2.24263608466094,-2.22356176556521,-2.22824915729122,47.39
678,0.489232822190493,0.413765916340328,-0.495875300823836,-2.17820899916478,-2.24318474728854,-2.22566362125017,-2.22648836100215,47.46
679,0.484606345385935,0.416286225123179,-0.494707095124722,-2.18246748037166,-2.24352086055308,-2.22722643345314,-2.22467588492921,47.53
680,0.479973044203984,0.418803199332336,-0.493612502471821,-2.18640101173084,-2.24365209288347,-2.2282490187636,-2.22282867035113,47.6
681,0.475333532918944,0.421316843922202,-0.492588544512163,-2.1899942972613,-2.24359065318532,-2.228732772835,-2.22096288222162,47.67
682,0.470688396222709,0.423827185462602,-0.491631635886126,-2.19323454408222,-2.24335085132983,-2.22868147139398,-2.21909373185372,47.74
683,0.466038152627512,0.4263342267608,-0.490737632811086,-2.19611097635516,-2.24294774527257,-2.22810111105729,-2.21723536011789,47.81
684,0.461383308233589,0.42883793163094,-0.489901970719478,-2.1986146564706,-2.24239660375819,-2.22699988015223,-2.21540084105474,47.88
685,0.45672441058907,0.431338299986338,-0.489119710499357,-2.20073783139326,-2.2417121011833,-2.225388169169,-2.21360221538429,47.95
686,0.452062012369646,0.433835352728743,-0.488385553595156,-2.202472864505,-2.24090772574739,-2.2232785906096,-2.21185052358757,48.02
687,0.447396695306829,0.436329086610041,-0.487693856145491,-2.20381198668476,-2.23999585194479,-2.22068600804541,-2.21015580825562,48.09
688,0.442729034003883,0.438819429153897,-0.487038642253598,-2.20474741544877,-2.23898661171522,-2.21762757415604,-2.20852705541881,48.16
689,0.438059619979909,0.441306223725227,-0.486413646579999,-2.20527307588688,-2.23788848254167,-2.21412280756824,-2.20697234546468,48.23
690,0.433389025580751,0.443789304924314,-0.485812446540558,-2.20538479440801,-2.23670806494257,-2.2101937984487,-2.20549906304328,48.3
691,0.428717828097055,0.44626848378184,-0.485228503696347,-2.20508049987712,-2.235450433241,-2.20586545223406,-2.20411410563782,48.37
692,0.424046573728168,0.448743502933301,-0.484655174626557,-2.2043605826573,-2.23412126299939,-2.20116568083583,-2.20282406057919,48.44
693,0.419375801732467,0.451214021951799,-0.484085751577914,-2.20322988589137,-2.23272718467092,-2.19612542051899,-2.20163529020368,48.51
694,0.414706008403291,0.453679693019337,-0.483513593185837,-2.20169747778197,-2.23127665003076,-2.19077883700307,-2.20055410556113,48.58
695,0.410037671211739,0.456140146416212,-0.482932134774003,-2.19977402425701,-2.22977926529982,-2.18516353670017,-2.19958690820727,48.65
696,0.40537121275641,0.458594976097996,-0.482334778352184,-2.19747238826825,-2.22824792344223,-2.17932054277087,-2.1987400893518,48.72
697,0.400707024862466,0.461043815629979,-0.48171487304524,-2.19480781491462,-2.22669798870211,-2.17329424593309,-2.19801986677332,48.79
698,0.396045432471435,0.463486323959852,-0.481065725896979,-2.19179893575389,-2.22514756490383,-2.16713244963453,-2.19743211956158,48.86
699,0.391386717665653,0.465922141210736,-0.480380643168943,-2.18846853895452,-2.22361728267623,-2.16088635834852,-2.19698225066316,48.93
700,0.386731083470554,0.468350874676279,-0.479653062430231,-2.18484509784344,-2.22213020702888,-2.15461065856881,-2.19667516738782,49.0
701,0.382078677780682,0.47077217519981,-0.478876625120237,-2.18096195839904,-2.22070969859249,-2.14836275885962,-2.19651562048001,49.07
702,0.377429557054814,0.473185723418071,-0.478045310053398,-2.17685665237043,-2.21937874837674,-2.14219929244944,-2.19650944324469,49.14
703,0.372783710128522,0.475591186051334,-0.477153477541774,-2.1725688611251,-2.21815964229238,-2.1361748157289,-2.19666346414691,49.21
704,0.36814102179219,0.47798820242123,-0.47619588441944,-2.16813832332526,-2.21707263116396,-2.13034149812529,-2.19698514585009,49.28
705,0.363501296485684,0.480376461377775,-0.475167700158175,-2.16360419010899,-2.21613541109802,-2.12474886965067,-2.1974823417114,49.35
706,0.358864221760811,0.482755688115573,-0.474064524169077,-2.15900480407807,-2.21536266164978,-2.11944353491924,-2.19816295898595,49.42
707,0.354229421953784,0.48512560106029,-0.472882434464968,-2.15437781112339,-2.21476570164557,-2.11446876247746,-2.19903458877472,49.49
708,0.349596511810039,0.487485899005907,-0.471618127938276,-2.14976039378131,-2.21435247301128,-2.10986403887029,-2.20010410257442,49.56
709,0.344965059804852,0.489836338683347,-0.470268971798547,-2.14518881307221,-2.21412676924441,-2.10566458666335,-2.20137712503035,49.63
710,0.340334611605413,0.492176722239332,-0.468833026404411,-2.14069855192341,-2.21408902514327,-2.10190075544684,-2.20285744294534,49.7
711,0.335704653331217,0.494506854805357,-0.467309069625249,-2.1363227126792,-2.21423635096786,-2.09859740553763,-2.20454635044465,49.77
712,0.331074634971944,0.496826502248196,-0.465696622767445,-2.13209333165861,-2.21456442865639,-2.09577346436087,-2.20644226119619,49.84
713,0.326443933621172,0.499135379193302,-0.463995978087275,-2.12804245094932,-2.21506654637151,-2.09344159488627,-2.20854046731171,49.91
714,0.321811906974542,0.501433227500798,-0.462208197811201,-2.12420038939955,-2.2157346456681,-2.09160746428906,-2.21083244320506,49.98
715,0.317177946840322,0.503719804672672,-0.460334994395208,-2.12059301749797,-2.21655943280377,-2.09026951523986,-2.21330547677477,50.05
716,0.312541442410625,0.505994842371295,-0.458378612355182,-2.11724101428671,-2.21753111889891,-2.08941917954655,-2.21594286876787,50.12
717,0.307901803742987,0.508258035229213,-0.456341801900971,-2.11415951119374,-2.21864009709412,-2.08904138373706,-2.21872427932574,50.19
718,0.303258425112371,0.510509120130531,-0.454227703807365,-2.11135776135936,-2.2198763834586,-2.08911513612219,-2.22162616183691,50.26
719,0.298610708595237,0.512747865442825,-0.452039705648104,-2.10883883418504,-2.22122854393013,-2.0896141655211,-2.22462210393652,50.33
720,0.293958027545666,0.514974030379847,-0.449781329512139,-2.10660111011363,-2.22268475518909,-2.09050734123697,-2.22768313625178,50.4
721,0.289299780413045,0.517187354674713,-0.447456211316711,-2.10463913847595,-2.22423278028399,-2.09175902519453,-2.2307780093694,50.47
722,0.28463544464929,0.519387638743432,-0.445068021215169,-2.10294427965837,-2.22585903974828,-2.09332929662483,-2.23387328910853,50.54
723,0.27996454045316,0.521574733816899,-0.442620475472714,-2.10150425914402,-2.2275485235198,-2.09517374906291,-2.23693321048762,50.61
724,0.275286654799803,0.523748502220425,-0.440117349480609,-2.10030355919905,-2.22928422004881,-2.09724334178293,-2.23991953169087,50.68
725,0.270601405413227,0.525908777891326,-0.437562401578587,-2.09932449798565,-2.23104684514769,-2.09948403568365,-2.24279114797879,50.75
726,0.265908465040162,0.528055357224907,-0.434959388143833,-2.09854664953663,-2.23281327624147,-2.10183615433499,-2.24550349632195,50.82
727,0.261207525681246,0.530188080427287,-0.432312109703218,-2.0979462898249,-2.23455612947699,-2.10423413309316,-2.24800841343169,50.89
728,0.25649835322416,0.532306822852193,-0.429624457913106,-2.09749565868399,-2.23624279519728,-2.10660870332721,-2.25025589220312,50.96
729,0.251780842220934,0.534411456500073,-0.426900463337985,-2.09716230879991,-2.23783489508533,-2.10888745109203,-2.25219451804884,51.03
730,0.247054980550349,0.536501811769601,-0.424144313869812,-2.09691013692627,-2.23928939516419,-2.11099477447893,-2.25377142848061,51.1
731,0.242320874406013,0.538577669551731,-0.421360283539798,-2.09670002185285,-2.24055957007954,-2.11285184270578,-2.25493227827118,51.17
732,0.237578713259418,0.540638843844822,-0.418552752173591,-2.09649061135641,-2.24159651145645,-2.11437655831141,-2.25562121115037,51.24
733,0.23282879514699,0.542685174368218,-0.415726225549443,-2.09623832611817,-2.24235012809895,-2.11548358405308,-2.25578089919221,51.31
734,0.228071491926815,0.544716489353112,-0.412885265717112,-2.09589799547752,-2.24276993978967,-2.1160846165154,-2.25535280133984,51.38
735,0.223307304938318,0.546732568601414,-0.410034511922656,-2.09542328335038,-2.24280458243345,-2.1160886672684,-2.2542773412252,51.45
736,0.218536920794877,0.548733136903549,-0.407178701793562,-2.09476591223177,-2.24240152984372,-2.11540214255421,-2.25249397525193,51.52
737,0.213761177036994,0.550717947994625,-0.404322602437213,-2.09387507015648,-2.2415080259944,-2.11392902402194,-2.24994139271884,51.59
738,0.208981088072323,0.552686778527374,-0.401470971718286,-2.09269645991224,-2.24007184464782,-2.11157124246271,-2.24655790925142,51.66
739,0.204197811036482,0.554639392241757,-0.398628369102783,-2.0911713825658,-2.23804259941381,-2.10822927636507,-2.24228205464714,51.73
740,0.199412671907323,0.55657550442311,-0.395799116860599,-2.08923790224993,-2.23537255210899,-2.10380300714701,-2.23705326598334,51.8
741,0.194627131500795,0.558494776740893,-0.392987200930376,-2.08683054291645,-2.23201613804221,-2.09819253198158,-2.23081244639351,51.87
742,0.189842811675473,0.560396902648674,-0.390196171544362,-2.08388128624474,-2.22792847987954,-2.09129893602062,-2.22350263130488,51.94
743,0.185061461368391,0.562281602824851,-0.387429163892492,-2.08032133030557,-2.22306406433615,-2.08302490546757,-2.21506937206285,52.01
744,0.180284982783909,0.564148590835116,-0.384688948498383,-2.07608180493962,-2.21737600373786,-2.07327506293184,-2.20546101849448,52.08
745,0.175515397353067,0.565997539109515,-0.381977951075045,-2.07109392649465,-2.21081567266204,-2.06195614717152,-2.19462890139435,52.15
746,0.170754871780073,0.567828045239391,-0.379298181634805,-2.06528826219843,-2.20333281076822,-2.04897718938423,-2.18252750612701,52.22
747,0.166005683788473,0.569639628687931,-0.376651253336179,-2.05859451953493,-2.194875701556,-2.0342497178172,-2.16911466831209,52.29
748,0.161270247878876,0.571431818097036,-0.37403843085591,-2.05094174152638,-2.18539175892193,-2.01768802242533,-2.15435182250095,52.36
749,0.156551080706152,0.573204148672609,-0.371460678169182,-2.04225881892691,-2.17482746937668,-1.99920957143741,-2.13820436478067,52.43
750,0.151850856471223,0.574956129832219,-0.368918705715039,-2.03247577192248,-2.16312868376694,-1.97873543093732,-2.12064194947393,52.5
751,0.147172462018679,0.576687213211346,-0.366412986841756,-2.02152327524893,-2.15024029666055,-1.95619050842348,-2.10163878073461,52.57
752,0.142518961328636,0.578396791124881,-0.363943683343819,-2.00933364737892,-2.13610784174119,-1.93150392264632,-2.08117392967313,52.64
753,0.137893619789406,0.58008428566922,-0.361510660608546,-1.99584234221865,-2.12067946972914,-1.90460962143118,-2.05923173765204,52.71
754,0.133299837757016,0.581749147949341,-0.359113532193916,-1.98098853040976,-2.10390737708654,-1.87544770007859,-2.03580191498818,52.78
755,0.128741083605959,0.58339082761674,-0.356751673664476,-1.96471588464466,-2.08574874661362,-1.84396687284693,-2.01087792122057,52.85
756,0.124220916473176,0.585008742815943,-0.354424145516816,-1.94697396123233,-2.06616758483176,-1.8101253305212,-1.98445669608282,52.92
757,0.119742948193987,0.586602250549612,-0.352129705732444,-1.9277194568207,-2.04513598262197,-1.77389112832391,-1.95653880857839,52.99
758,0.115310864716691,0.588170647560578,-0.349866821711808,-1.90691538548239,-2.02263437853722,-1.7352425863261,-1.92712869325005,53.06
759,0.110928386579708,0.589713261917822,-0.347633561260986,-1.88453118571858,-1.99865223941433,-1.69416864275855,-1.89623479310512,53.13
760,0.106599288735724,0.591229454792528,-0.345427483009919,-1.86054041831226,-1.97318687196984,-1.65066928096306,-1.86386954894129,53.2
761,0.10232735930471,0.592718592611752,-0.343245646648258,-1.83492135102777,-1.94624259206443,-1.60475578948204,-1.83004926500771,53.27
762,0.0981164175386976,0.59418001968906,-0.341084652759739,-1.80765799352691,-1.91782934905599,-1.55645103581099,-1.79479403130388,53.34
763,0.0939702705789827,0.595613031343638,-0.338940682220284,-1.77874068025989,-1.8879616777112,-1.50578993413647,-1.7581279429241,53.41
764,0.0898927292878088,0.597016877607534,-0.336809535221134,-1.74816791661677,-1.85665872969207,-1.45282013673285,-1.72007955590828,53.48
765,0.0858875627348879,0.598390857709158,-0.334686669985787,-1.71594711157975,-1.82394529409193,-1.39760288820955,-1.68068248890004,53.55
766,0.0819585116209708,0.599734324819989,-0.332567241256476,-1.68209440751426,-1.7898522721982,-1.34021383113234,-1.63997595948049,53.62
767,0.0781092402195136,0.601046661252565,-0.330446138632053,-1.64663456977341,-1.7544164555946,-1.28074382208618,-1.59800531474455,53.69
768,0.0743433471199286,0.602327254209226,-0.32831805493235,-1.60960102608719,-1.71767969730886,-1.21929981698689,-1.55482258549842,53.76
769,0.0706643143553507,0.603575472092833,-0.326177644856506,-1.57103548362262,-1.67968867885246,-1.15600588417375,-1.51048706325698,53.83
770,0.0670755152010064,0.60479067147831,-0.324019593504284,-1.53098817618339,-1.64049542283684,-1.09100416282392,-1.46506589910121,53.9
771,0.0635801602294173,0.605972294931842,-0.321838655032092,-1.48951967351365,-1.60015906181265,-1.02445579453257,-1.41863466314718,53.97
772,0.0601813019125579,0.607119879162726,-0.319629691627277,-1.44670277749619,-1.55874690668579,-0.9565417954031,-1.37127774306208,54.04
773,0.056881777362156,0.608233033693353,-0.317387742982981,-1.40262474484717,-1.51633713039421,-0.887463986086125,-1.32308888113922,54.11
774,0.0536842095040607,0.609311420143461,-0.315108186541541,-1.35738893235519,-1.47301882325345,-0.81744579597057,-1.27417157761714,54.18
775,0.0505909462845661,0.61035476222351,-0.312786808069193,-1.31111607369832,-1.4288935104897,-0.746733208670576,-1.22463950898829,54.25
776,0.0476040582124222,0.611362946618678,-0.310419872908468,-1.26394500544298,-1.38407524192626,-0.675587570648786,-1.1746129577605,54.32
777,0.044725273843277,0.612336034241846,-0.308004258159566,-1.21603244890316,-1.338691418306,-0.604254522680053,-1.12420397040212,54.39
778,0.0419559735202221,0.613274242033036,-0.305537405156009,-1.16755046131823,-1.29288329911865,-0.532957219969596,-1.07351343897541,54.46
779,0.0392971209883952,0.614177925391965,-0.303017302905104,-1.11867839431827,-1.24680227822754,-0.461897619230812,-1.02263192058475,54.53
780,0.0367492832975203,0.615047561239861,-0.300442382188586,-1.06959714931363,-1.2006071901081,-0.391257795269242,-0.971640492026176,54.6
781,0.0343126787994787,0.615883731704158,-0.297811380535506,-1.02048542571123,-1.15446168116591,-0.321201343598486,-0.920611517650187,54.67
782,0.0319872231428476,0.616687108417533,-0.295123208183797,-0.971516033089227,-1.10852866459068,-0.251874685270381,-0.869609359059421,54.74
783,0.0297725431725536,0.617458437420802,-0.292376845141461,-0.922850037623828,-1.06296501501936,-0.183408331137863,-0.81869099524511,54.81
784,0.0276678985606955,0.618198524657623,-0.289571329542793,-0.87463274133278,-1.01791568771441,-0.115918102903054,-0.76790670243706,54.88
785,0.0256721917018566,0.618908222047544,-0.286705686879476,-0.826993898257687,-0.973509756724133,-0.0495062484158306,-0.717300702373371,54.95
786,0.0237840057107937,0.619588414122917,-0.283778950562729,-0.780047832329689,-0.929858429595371,0.0157373703453931,-0.66691201878206,55.02
787,0.0220016404544577,0.62024000521434,-0.280790213658613,-0.733893966067072,-0.887055337191542,0.0797340786351028,-0.616775390835146,55.09
788,0.0203231466438332,0.620863907168666,-0.277738681726044,-0.688617637688516,-0.84517732143228,0.142415211358583,-0.566922182692472,55.16
789,0.018746358016181,0.621461027583337,-0.274623726773754,-0.644290934054891,-0.804285207770674,0.203720957969367,-0.517381288505364,55.23
790,0.0172689216427936,0.622032258540575,-0.271444942350365,-0.600973507809409,-0.764424561018682,0.263599231089933,-0.468180032311368,55.3
791,0.0158883264012551,0.622578465825109,-0.268202199778742,-0.558713377411711,-0.725626423420205,0.322004559938278,-0.419345062295456,55.37
792,0.0146019296546089,0.623100478609337,-0.264895705541805,-0.517547708987,-0.687908034147384,0.378897009504415,-0.370903238922076,55.44
793,0.0134069821827001,0.623599079590365,-0.261526059821939,-0.477503579120672,-0.651273529657088,0.434241126300504,-0.322882516454038,55.51
794,0.0123006514132721,0.624074995563937,-0.258094316190125,-0.438598717925595,-0.615714624594817,0.488004911409133,-0.275312817370784,55.58
795,0.0112800430024529,0.624528888421197,-0.25460204243373,-0.400842231890652,-0.581211784659968,0.540158821472773,-0.228226899178769,55.65
796,0.0103422208156373,0.624961346555155,-0.251051352416078,-0.36423530618844,-0.547738178245497,0.590674798204677,-0.181661182983448,55.72
797,0.0094842253609885,0.625372876664961,-0.247444788588506,-0.328771886275644,-0.515266828420858,0.639525357045914,-0.135656392790376,55.79
798,0.0087030907285054,0.625763895947372,-0.243785055117104,-0.294439338762569,-0.483776693264766,0.686682885915562,-0.0902578243497228,55.86
799,0.0079958600880205,0.62613472466629,-0.240074721929904,-0.261219091659409,-0.453255418437704,0.732119304991605,-0.0455150622819866,55.93
800,0.0073595997996313,0.626485579092881,-0.236315959812069,-0.229087254224622,-0.423699243768824,0.775806178285149,-0.0014810243168283,56.0
801,0.0067914121898997,0.626816594898201,-0.23251036667888,-0.198015216749969,-0.395112531274384,0.817715458040232,0.041789608071182,56.07
802,0.0062884470467434,0.627127941169824,-0.228658734549279,-0.167970230710661,-0.367505861605959,0.85782062176952,0.0842425434935092,56.14
803,0.0058479118852952,0.627419844523344,-0.224760907630428,-0.138915969795961,-0.340894955434952,0.89609784137494,0.125826228784825,56.21
804,0.0054670810361479,0.627692583481074,-0.220815671323954,-0.110813072409661,-0.315298945287069,0.932526974215897,0.166494422507901,56.28
805,0.0051433036063783,0.627946483201585,-0.216820672157038,-0.0836196662942628,-0.290735289653539,0.967092466814243,0.206208362906454,56.35
806,0.0048740103625156,0.62818191055507,-0.212772458923682,-0.0572918759882475,-0.267216413873572,0.999783479540419,0.244937297538223,56.42
807,0.0046567195833059,0.628399269538687,-0.208666554815338,-0.0317843138705454,-0.244749491605785,1.03059338299873,0.282657946952561,56.49
808,0.0044890419286377,0.628598997025252,-0.204497530515276,-0.0070505555831912,-0.223336869384316,1.05951916788816,0.319353805601305,56.56
809,0.0043686843693999,0.62878155883803,-0.20025907833729,0.0169563993505217,-0.202976472198728,1.08656088881191,0.35501446093136,56.63
810,0.0042934532213993,0.628947446143723,-0.195944087506546,0.0402836808751628,-0.183662190054498,1.11172114209045,0.389634930959386,56.7
811,0.0042612563247339,0.629097172155272,-0.191544720696188,0.0629781148726837,-0.165384245550049,1.13500457757975,0.423215020518007,56.77
812,0.0042701044082091,0.629231269135612,-0.187052491947868,0.0850858019026676,-0.148129542579804,1.15641744444858,0.455758696265869,56.84
813,0.0043181116765571,0.629350285693121,-0.182458346117399,0.106651707369444,-0.131881996338684,1.175967170832,0.487273480466656,56.91
814,0.0044034956563891,0.629454784359163,-0.177752739998584,0.127719292372362,-0.1166228448633,1.19366197725075,0.517769863467534,56.98
815,0.0045245763348911,0.629545339437838,-0.172925725288332,0.148330214517105,-0.102330942399306,1.20951052366235,0.547260764830416,57.05
816,0.0046797746234781,0.629622535117776,-0.167967033565163,0.168523857201687,-0.0889830349328198,1.2235215899972,0.575761103104093,57.12
817,0.004867610176716,0.629686963835621,-0.162866163460441,0.188336927329008,-0.0765540182668702,1.23570379002465,0.603287293478693,57.19
818,0.005086698595046,0.629739224880666,-0.157612470207373,0.207803090647828,-0.0650171790618803,1.24606531838971,0.629856733230122,57.26
819,0.0053357480380161,0.62977992322994,-0.152195257757197,0.226952613973552,-0.0543444192923345,1.25461373066817,0.655487304747656,57.33
820,0.0056135552730489,0.629809668602937,-0.146603873654333,0.24581201368162,-0.0445064646018006,1.26135575629085,0.680196895831674,57.4
821,0.0059190011830642,0.629829074725072,-0.140827806863378,0.264403709928476,-0.035473057062326,1.26629714420193,0.704002936940672,57.47
822,0.006251045754695,0.629838758788851,-0.134856788739928,0.282745716210016,-0.0272131328664024,1.26944254113063,0.726921955065667,57.54
823,0.0066087225673092,0.629839341101684,-0.128680897334699,0.300851393941526,-0.0196949854972913,1.27079540237183,0.748969143918755,57.61
824,0.0069911328016484,0.629831444909191,-0.122290665215919,0.318729031032801,-0.0128864149377184,1.27035793499293,0.770157950138798,57.68
825,0.0073974387855151,0.62981569638282,-0.115677190988981,0.336381484920404,-0.0067548634891986,1.26813107340511,0.790499675241281,57.75
826,0.0078268570927871,0.629792724760508,-0.108832254683665,0.353805859820625,-0.0012675387824909,1.26411448725738,0.810003093070469,57.82
827,0.008278651210881,0.629763162629088,-0.10174843716952,0.370993188065002,0.0036084754329943,1.2583066216384,0.828674082551433,57.89
828,0.0087521237908389,0.629727646337088,-0.0944192437472837,0.387928115571447,0.0079061201295993,1.25070476959112,0.846515275584284,57.96
829,0.0092466084933515,0.629686816526488,-0.0868392320499719,0.404588591613938,0.0116582728773074,1.24130517696842,0.863525719975778,58.03
830,0.0097614614433379,0.629641318771955,-0.0790041443705165,0.420945563168879,0.014897670161183,1.23010317967762,0.879700557361746,58.1
831,0.0102960523051348,0.629591804315987,-0.0709110445136727,0.436962674237075,0.017656839546476,1.21709337338171,0.89503071613837,58.17
832,0.0108497549899406,0.629538930888307,-0.0625584592488429,0.452596000754392,0.0199680411011774,1.20226981574154,0.909502619491042,58.24
833,0.0114219380069266,0.62948336359775,-0.0539465244162372,0.467793851836156,0.0218632174887137,1.18562629138233,0.923097908685635,58.31
834,0.0120119544693478,0.62942577588477,-0.0450771357126548,0.482497149639817,0.0233739521485382,1.16715669986778,0.935793181867704,58.38
835,0.0126191317670789,0.629366850522543,-0.0359540740661083,0.496642855970862,0.0245314349882061,1.14685550661614,0.947559989403969,58.45
836,0.0132427609172895,0.629307280654528,-0.0265830153016608,0.510166655635898,0.0253664350167648,1.12471879844704,0.958365988819898,58.52
837,0.0138820856054276,0.629247770856137,-0.0169715443810324,0.523000414602182,0.0259092793565949,1.10074588367965,0.968176898790932,58.59
838,0.0145362909293494,0.629189038208009,-0.0071292944643347,0.535069739658931,0.026189838078183,1.07494062447991,0.976957838642557,58.66
839,0.015204491860277,0.629131813368159,0.0029318796065805,0.54629133994055,0.0262375143105184,1.04731238111432,0.984673993798772,58.73
840,0.0158857214353345,0.629076841630062,0.013197723665279,0.556572297802901,0.0260812390877693,1.01787656803779,0.991290607806226,58.8
841,0.0165789186976716,0.629024883953464,0.0236514327206769,0.565810468277743,0.0257494704015733,0.986655152609744,0.996772873229693,58.87
842,0.0172829164016688,0.628976717954483,0.0342735860329659,0.573897001676679,0.0252701959365879,0.953677276685107,1.001086083099,58.94
843,0.0179964285024156,0.62893310875352,0.0450420487182773,0.580720961092549,0.0246709389755851,0.91898042190976,1.00419649485104,59.01
844,0.0187180374505678,0.628894689491602,0.0559320809346243,0.586176096925481,0.0239787669687844,0.882612539418806,1.00607341888241,59.08
845,0.0194461813158422,0.628861932028019,0.0669165346976098,0.590166922082429,0.0232203022706062,0.844635444131947,1.00669307389405,59.15
846,0.0201791407647755,0.628835147632475,0.0779661989473261,0.592613969398771,0.0224217345550817,0.805128991366793,1.00604333702682,59.22
847,0.0209150560087033,0.628814487575509,0.0890502632677583,0.593457420622099,0.0216088344293381,0.76419537271135,1.00412863700978,59.29
848,0.0216520339283865,0.628799943611564,0.100136690170643,0.592658807504308,0.020807088123191,0.721962596982138,1.00097417815701,59.36
849,0.0223881648822197,0.62879134835199,0.111192586761996,0.590201778971378,0.0200420731400801,0.678586011079311,0.996628321699234,59.43
850,0.0231215094075857,0.628788375528094,0.122184666631719,0.586091995238921,0.0193391116011092,0.634246263774118,0.991161348812799,59.5
851,0.0238501150253099,0.628790570235016,0.133079652120116,0.580357202238635,0.0187231636285112,0.589145063577812,0.984662108862285,59.57
852,0.0245721233576132,0.628797469337636,0.143844767999596,0.573048208358884,0.0182188399608635,0.543499208846863,0.977233153352661,59.64
853,0.0252857870681735,0.628808631520073,0.154448236907663,0.564239409047791,0.0178504129985128,0.497532675887585,0.968984925668496,59.71
854,0.0259894568332332,0.62882363716246,0.164859656770523,0.554027594676552,0.0176418258349213,0.451467723976636,0.96003011801171,59.78
855,0.0266815684630539,0.628842088140702,0.175050351052986,0.542527896989406,0.0176166988356955,0.405517751263572,0.950479216543742,59.85
856,0.027360630203531,0.628863607556784,0.184993692382493,0.529868707756594,0.017798333333058,0.359883462125887,0.94043774420215,59.92
857,0.0280252403339658,0.628887839406815,0.194665279712919,0.516185326864816,0.018209712009391,0.314751258977843,0.930005048766874,59.99
858,0.0286741952633064,0.628914448193615,0.204042969508616,0.501614955178926,0.0188734955490557,0.270292982370696,0.919274002432912,60.06
859,0.0293065076235299,0.628943118490281,0.213106851652006,0.486293601413112,0.0198120151437646,0.22666615356411,0.908330979254394,60.13
860,0.0299213945572662,0.628973554460771,0.221839110299267,0.470350928965954,0.0210472604423578,0.184014445676057,0.897255898169784,60.2
861,0.030518266305254,0.629005479343224,0.230223860306965,0.453908125103326,0.0226008625418826,0.142468410654243,0.886122390224031,60.27
862,0.0310967151077846,0.629038634901344,0.238246989639598,0.437077917611615,0.0244940716230664,0.102146248858926,0.874997998281403,60.34
863,0.0316565044308266,0.629072780848846,0.245896008045308,0.419964961557541,0.0267477288398303,0.0631545286348069,0.863944377811377,60.41
864,0.032197558524213,0.629107694251634,0.253159902254832,0.402666052539639,0.0293822320790167,0.02558879356037,0.853017497527652,60.48
865,0.0327199523161965,0.62914316891205,0.260028997929689,0.385270405243218,0.0324174952148717,-0.0104657640236077,0.842267838766791,60.55
866,0.0332239016457771,0.629179014739215,0.266494828558927,0.367859965462753,0.0358729004891754,-0.0449336251104047,0.831740592595182,60.62
867,0.0337097538314689,0.629215057109186,0.272550011479345,0.350509723892536,0.0397672436584503,-0.0777482933749514,0.821475853732692,60.69
868,0.0341779785726424,0.629251136218377,0.278188131172429,0.333288030205308,0.0441186715583301,-0.108851673138035,0.811508810476594,60.76
869,0.0346291591772022,0.629287106433374,0.283403629971683,0.316256906064131,0.0489446117457706,-0.138193477150153,0.801869929901193,60.83
870,0.0350639841071429,0.629322835640053,0.288191706296427,0.299472355832654,0.0542616938919324,-0.165730665245015,0.792585137697526,60.9
871,0.0354832388314788,0.62935820459462,0.292548220512779,0.282984673863256,0.0600856626111845,-0.191426914772121,0.783675992102555,60.97
872,0.0358877979741496,0.629393106278964,0.296469608508746,0.266838747350975,0.0664312814264331,-0.215252123587393,0.775159851449177,61.04
873,0.0362786177427353,0.629427445262475,0.299952803058395,0.251074353844574,0.0733122275866808,-0.23718194625886,0.767050034947561,61.11
874,0.0366567286222226,0.629461137072265,0.302995163039714,0.235726452603177,0.0807409774708679,-0.257197364032149,0.759355976383803,61.18
875,0.037023228316579,0.629494107573516,0.305594410561728,0.220825469080081,0.0887286823310451,-0.275284288996721,0.752083370495097,61.25
876,0.037379274919554,0.629526292361469,0.307748576048685,0.206397571901041,0.0972850642380924,-0.291433202797235,0.745234311850568,61.32
877,0.0377260802949109,0.629557636166421,0.309455951322836,0.192464941787587,0.106418362116573,-0.305638800057833,0.738807426134675,61.39
878,0.0380649036452018,0.629588092272871,0.310715050721133,0.179046031951769,0.116135086991498,-0.317899576517142,0.732797993794855,61.46
879,0.0383970452472296,0.629617621953817,0.311524580277167,0.166155819561277,0.126439827001002,-0.328217542496325,0.727198066077937,61.53
880,0.0387238403314829,0.629646193921063,0.311883414994925,0.153806047941045,0.137335071970086,-0.336598001553898,0.721996573540131,61.6
881,0.0390466530820882,0.629673783792228,0.31179058423805,0.142005459240075,0.148821027375392,-0.343049364203448,0.717179427173736,61.67
882,0.0393668707331941,0.629700373575012,0.311245265254897,0.13076001735117,0.160895417656846,-0.34758299659865,0.71272961235021,61.74
883,0.0396858977371781,0.629725951169188,0.310246784856742,0.120073120924566,0.173553278872754,-0.350213104035192,0.708627275833496,61.81
884,0.0400051499796491,0.62975050988662,0.308794629264356,0.109945806367579,0.186786770827892,-0.350956649064066,0.704849806170647,61.88
885,0.0403260490159112,0.629774047989538,0.306888432046994,0.100376940767989,0.200586091922742,-0.34983330396018,0.701371907817795,61.95
886,0.0406500163033427,0.629796568247198,0.30452784990016,0.0913634047222241,0.214944114494113,-0.346865407152562,0.698165669409549,62.02
887,0.0409784674040477,0.629818077510946,0.301712446619863,0.0829002650879093,0.229859024143668,-0.342077802909941,0.695200656715904,62.09
888,0.0413128061321347,0.629838586307648,0.298441705630991,0.0749809377167788,0.245329577473076,-0.335497593967303,0.692444090965729,62.16
889,0.0416544186200856,0.629858108451361,0.294715080814221,0.0675973402564082,0.261351041781697,-0.327154047346999,0.689860932559392,62.23
890,0.0420046672788924,0.629876660673051,0.290532055553222,0.0607400351392441,0.277914253866921,-0.317078682972742,0.687413930937472,62.3
891,0.0423648846269531,0.62989426226812,0.285892210011575,0.0543983629043662,0.295005330822018,-0.305305424198106,0.685063671325612,62.37
892,0.0427363669631515,0.629910934761428,0.280795296648646,0.0485605660219622,0.312605371068426,-0.291870779591039,0.682768619027944,62.44
893,0.0431203678600878,0.629926701589475,0.275241323981725,0.0432139034125443,0.330690145873653,-0.276814055362339,0.68048516198043,62.51
894,0.0435180914540712,0.629941587799348,0.269230648598733,0.0383447558729065,0.349229781697156,-0.260177597778313,0.678167652313813,62.58
895,0.0439306855092712,0.629955619764014,0.262764075420956,0.0339387226384558,0.368188433802473,-0.242007064846519,0.675768447713361,62.65
896,0.0443592342343069,0.629968824913503,0.255842966209166,0.0299807093274591,0.387523951675821,-0.222351726510578,0.673237953399375,62.72
897,0.0448047508305763,0.629981231481513,0.248469356298117,0.0264550075268754,0.407187536899372,-0.201264792527528,0.670524665588357,62.79
898,0.0452681697527744,0.629992868266936,0.240646079534735,0.0233453662922779,0.427123394241081,-0.178803767138545,0.667575217330061,62.86
899,0.0457503386633369,0.630003764409803,0.232376901382603,0.0206350558449002,0.44726837684311,-0.1550308295706,0.664334427650022,62.93
900,0.0462520100639558,0.630013949181119,0.223666660141365,0.0183069237591876,0.467551626517144,-0.130013239329782,0.660745354960919,63.0
901,0.0467738325889013,0.630023451786073,0.214521416212602,0.0163434439426226,0.487894210287625,-0.103823765163152,0.656749355738672,63.07
902,0.0473163419465777,0.630032301180085,0.204948609324418,0.0147267587174058,0.508208754463219,-0.0765411364731821,0.652286149491087,63.14
903,0.047879951497643,0.630040525897176,0.194957223604703,0.0134387143201099,0.52839910775024,-0.0482505158696693,0.647293891077514,63.21
904,0.0484649424600443,0.630048153890124,0.184557960368511,0.0124608901417797,0.548360065074145,-0.0190439914368722,0.641709251467577,63.28
905,0.0490714537335362,0.630055212381903,0.173763418456658,0.0117746220358984,0.567976913143871,0.0109789128235051,0.635467508055092,63.35
906,0.0496994713386349,0.630061727727897,0.162588251844129,0.0113610200268737,0.587125461589582,0.0417107100370591,0.628502645670275,63.42
907,0.0503488174675368,0.630067725288396,0.151049244115057,0.0112009807557928,0.605673404200549,0.0730354388754065,0.620747499545977,63.49
908,0.0510191391472834,0.630073229310897,0.139165480065624,0.0112751950045413,0.623480063904677,0.104828259553905,0.612134001604677,63.56
909,0.0517098965184182,0.630078262821767,0.126958553956069,0.0115641506430245,0.640394614142152,0.136955039152068,0.602593350751849,63.63
910,0.0524203507355379,0.630082847526802,0.114452753891286,0.0120481313480747,0.656257773739234,0.169271838248464,0.592056168579178,63.7
911,0.0531495514995281,0.630087003720301,0.101675101588524,0.0127072114464031,0.670908000982851,0.20162454199491,0.580452731982838,63.77
912,0.0538963242348538,0.630090750202236,0.0886552470937967,0.013521247237399,0.684189271243565,0.233848909019039,0.567713524649521,63.84
913,0.0546592569291028,0.630094104203167,0.0754253082225577,0.0144698651556206,0.695955416391001,0.265771492252969,0.553770259106711,63.91
914,0.0554366866560173,0.630097081316553,0.0620195940144646,0.0155324471366013,0.706074278278692,0.297211916053885,0.538557882079808,63.98
915,0.0562267158952787,0.630099695438158,0.0484742717987169,0.0166881135537773,0.714430475416001,0.327987325109241,0.522018075874013,64.05
916,0.0570273188544358,0.630101958712267,0.034826947163828,0.0179157040990969,0.720926815292526,0.357919429597505,0.504103775542046,64.12
917,0.057836357300617,0.630103881484454,0.0211163066187846,0.0191937569836769,0.725485648204984,0.386842705673821,0.484784732963162,64.19
918,0.0586515661139724,0.630105472260696,0.0073817019169563,0.0205004868411994,0.72804986346028,0.414612129737597,0.464053466738282,64.26
919,0.0594705687769344,0.630106737672633,-0.006337204303537,0.0218137617212391,0.728582957687333,0.441109366288926,0.441930605533342,64.33
920,0.0602909830155814,0.630107682448833,-0.0200008827109521,0.0231110795659422,0.727068898392496,0.466247261534882,0.418468541832479,64.4
921,0.0611104361093721,0.630108309391933,-0.0335704118417646,0.0243695445696632,0.723512806402079,0.489971952850706,0.393752763875581,64.47
922,0.0619265500876477,0.630108619361573,-0.047007923569973,0.0255658438278541,0.717941945986224,0.512261061189482,0.36789930026893,64.54
923,0.0627369269435019,0.63010861126308,-0.0602769600096979,0.0266762547763158,0.710406751781145,0.533119321365055,0.341049569505222,64.61
924,0.0635391639957103,0.630108282041871,-0.0733429230599622,0.0276768342802647,0.700980929205895,0.552572432906329,0.313363053541593,64.68
925,0.0643309596174021,0.630107626683611,-0.0861735269853275,0.0285451738359609,0.689760958428336,0.570660304836875,0.28500800351941,64.75
926,0.0651101288482141,0.630106638220167,-0.0987391042169595,0.0292665194697892,0.676864428885273,0.587431288585718,0.256152341090081,64.82
927,0.0658746191945908,0.630105307741469,-0.111012734868354,0.0298373064577021,0.662426330074948,0.602938300957141,0.22695821242468,64.89
928,0.06662261692078,0.630103624413372,-0.122970230588625,0.0302660188576239,0.646595583177767,0.617236445158558,0.197579379523895,64.96
929,0.0673525633409483,0.63010157550171,-0.134590093590279,0.03057248716216,0.629530998709955,0.630381587358814,0.16816000169849,65.03
930,0.0680631413205413,0.630099146402727,-0.145853451288208,0.0307862256750094,0.611396838060554,0.642429526734559,0.138834082342959,65.1
931,0.0687532621027975,0.630096320680102,-0.156743876675121,0.0309440198720373,0.592356592022758,0.653435517296093,0.10972542796287,65.17
932,0.069422052484215,0.630093080108857,-0.167247185037689,0.031084536730308,0.572564642408087,0.663453899785443,0.0809479665983246,65.24
933,0.0700688423586882,0.630089404726419,-0.17735123739841,0.0312461253596273,0.552164709782153,0.672537872738041,0.0526062428812205,65.31
934,0.0706931526460935,0.630085272891182,-0.187045750939744,0.0314665736487155,0.531290300592214,0.680739311464652,0.0247959372297143,65.38
935,0.0712946836174735,0.630080661348924,-0.19632211663032,0.0317831052344117,0.510064984774728,0.688108603905485,-0.0023956227970389,65.45
936,0.0718733036254975,0.630075545307464,-0.205173224239428,0.0322323754099864,0.488602742133946,0.69469450242123,-0.0288889607124423,65.52
937,0.072429038245635,0.630069898519992,-0.213593294895519,0.0328504653006639,0.467008345171693,0.700543990611063,-0.0546119604622939,65.59
938,0.0729620598304685,0.630063693377502,-0.221577721317808,0.0336728736445119,0.445377746222125,0.705702164278593,-0.0794993883673972,65.66
939,0.0734726774767036,0.630056901010816,-0.229122915825784,0.0347345055275068,0.423798466998722,0.71021212569754,-0.10349242895187,65.73
940,0.0739613274017957,0.630049491402689,-0.236226166210027,0.0360696574318725,0.402349988820192,0.714114890363395,-0.126538235836762,65.8
941,0.0744285637246424,0.630041433510521,-0.242885499529749,0.0377119979676473,0.381104141934119,0.717449305453293,-0.148589498761278,65.87
942,0.074875049642502,0.630032695400212,-0.249099553886363,0.0396945436683752,0.360125492502294,0.720251979254056,-0.169604027687722,65.94
943,0.0753015489941538,0.630023244391725,-0.25486745820916,0.0420496292432029,0.339471725949883,0.722557220857032,-0.189544354845284,66.01
944,0.0757089181973521,0.63001304721693,-0.26018872007782,0.044808871689385,0.319194025511733,0.724396989459232,-0.208377355475059,66.08
945,0.0760980985468145,0.630002070190319,-0.265063121598107,0.0480031276817136,0.299337444933189,0.725800852651508,-0.22607388795431,66.15
946,0.0764701088573031,0.629990279393195,-0.269490623339643,0.0516624436681101,0.279941274400432,0.726795953116901,-0.242608453899103,66.22
947,0.0768260384348309,0.629977640871936,-0.273471276340351,0.0558159981143908,0.26103939888572,0.72740698320556,-0.257958878771847,66.29
948,0.0771670403576184,0.629964120850953,-0.277005142178242,0.0604920353562843,0.242660648197387,0.727656166896316,-0.272106013455761,66.36
949,0.0774943250471585,0.629949685960951,-0.280092221109893,0.0657177905318475,0.22482913812177,0.727563248699015,-0.28503345719676,66.43
950,0.0778091541085921,0.629934303483101,-0.282732388274901,0.0715194050847589,0.207564602135388,0.727145489096751,-0.296727302259821,66.5
951,0.078112834418564,0.629917941609725,-0.284925337966398,0.0779218323469711,0.190882713251216,0.72641766617137,-0.307175900596604,66.57
952,0.0784067124377969,0.629900569722088,-0.286670535969983,0.0849487327292316,0.1747953956419,0.725392083100648,-0.316369652775746,66.64
953,0.0786921687248113,0.629882158685861,-0.287967179976794,0.0926223580692827,0.15931112575586,0.724078581260367,-0.324300819386911,66.71
954,0.0789706126264991,0.629862681164823,-0.28881416808053,0.100963424710878,0.144435222710247,0.722484558709195,-0.330963355092835,66.78
955,0.079243477120648,0.629842111953307,-0.289210075372885,0.109990974912267,0.130170127806706,0.720614993878578,-0.336352765468859,66.85
956,0.0795122137849838,0.629820428327895,-0.289153138657563,0.119722226210672,0.116515673073177,0.718472474334112,-0.340465986740455,66.92
957,0.0797782878668804,0.629797610418819,-0.288641249308331,0.130172408399582,0.10346933878703,0.716057230518269,-0.343301288499163,66.99
958,0.0800431734275478,0.629773641601463,-0.287671954303242,0.141354587808067,0.0910264999813882,0.713367174427822,-0.344858199453471,67.06
959,0.0803083485342595,0.62974850890834,-0.286242465472955,0.153279478608323,0.0791806619797828,0.710397943221664,-0.345137456245482,67.13
960,0.0805752904740239,0.62972220346183,-0.284349677007515,0.165955240915542,0.0679236850415753,0.707142947796531,-0.344140975342383,67.2
961,0.0808454709620308,0.629694720927916,-0.281990191271663,0.179387265487716,0.0572459982350741,0.70359342640925,-0.341871847989453,67.27
962,0.0811203513182191,0.629666061991081,-0.279160352984922,0.19357794487872,0.0471368026843881,0.699738503464312,-0.338334358189731,67.34
963,0.0814013775854109,0.62963623285044,-0.275856291827427,0.208526430947548,0.0375842643622812,0.695565253624801,-0.333534023654822,67.41
964,0.0816899755626472,0.629605245737088,-0.27207397353769,0.224228378681753,0.0285756966232724,0.691058771442821,-0.327477659649497,67.48
965,0.0819875457276342,0.629573119452556,-0.267809259571769,0.240675676351076,0.0200977326903593,0.686202246742482,-0.320173465629676,67.55
966,0.0822954580225762,0.62953987992816,-0.263057975396409,0.257856162070464,0.0121364883235382,0.680977046024205,-0.311631134551116,67.62
967,0.0826150464781305,0.62950556080488,-0.257815987490912,0.275753326919398,0.0046777149111503,0.675362800194125,-0.301861984700132,67.69
968,0.0829476036507655,0.629470204033323,-0.252079289132879,0.294346004838842,-0.0022930567658249,0.669337498953773,-0.290879113871222,67.76
969,0.0832943748494581,0.629433860493146,-0.24584409504186,0.31360804960387,-0.0087903818397743,0.662877592218243,-0.278697575686381,67.83
970,0.0836565521284159,0.629396590631187,-0.239106944953281,0.333507999255603,-0.0148287754718704,0.655958098959664,-0.265334577819678,67.9
971,0.0840352680233583,0.629358465117381,-0.231864816190439,0.354008728465283,-0.0204225955145807,0.648552723900574,-0.250809701854168,67.97
972,0.0844315890098551,0.62931956551736,-0.224115245296961,0.375067089399504,-0.0255859334595607,0.640633982508202,-0.235145144460305,68.04
973,0.084846508663299,0.629279984980482,-0.215856458783711,0.396633541757896,-0.0303325134121236,0.632173334763628,-0.21836597954138,68.11
974,0.0852809405012798,0.629239828941785,-0.207087513034173,0.418651772763391,-0.0346755988380471,0.623141328201768,-0.200500440944639,68.18
975,0.0857357104904447,0.629199215836204,-0.197808443400241,0.441058308000438,-0.0386279068354502,0.613507750736904,-0.181580225284171,68.25
976,0.0862115492013768,0.629158277823139,-0.188020422504511,0.463782114118972,-0.0422015296923897,0.60324179380512,-0.161640814365781,68.32
977,0.0867090835965959,0.629117161519228,-0.177725927748598,0.486744194551132,-0.0454078635009611,0.592312226368535,-0.140721816639948,68.39
978,0.087228828438537,0.629076028736945,-0.166928918005014,0.509857179524541,-0.0482575436096759,0.580687580336582,-0.118867327041287,68.46
979,0.0877711773061956,0.629035057226373,-0.155635019448082,0.533024911799175,-0.0507603867086834,0.568336347968303,-0.0961263044989532,68.53
980,0.0883363932111802,0.628994441417221,-0.14385172045138,0.556142029706456,-0.0529253393560303,0.555227191822502,-0.0725529663202936,68.6
981,0.0889245988060936,0.628954393157886,-0.13158857544992,0.579093549227741,-0.0547604327678758,0.541329167824457,-0.0482071985632518,68.67
982,0.0895357661805354,0.628915142448034,-0.118857417630812,0.601754447015465,-0.0562727437111726,0.526611962013553,-0.0231549814166804,68.74
983,0.0901697062425251,0.628876938160888,-0.105672580279745,0.623989246433984,-0.0574683613541088,0.511046141530509,0.0025311714928674,68.81
984,0.0908260576858882,0.628840048751055,-0.0920511265688372,0.645651608878341,-0.0583523599466646,0.494603420390283,0.0287717610608292,68.88
985,0.0915042755470619,0.628804762943409,-0.0780130875261992,0.666583932817956,-0.0589287772212184,0.477256940571048,0.0554798392412704,68.95
986,0.0922036193578588,0.628771390398171,-0.0635817078788752,0.686616963208129,-0.0592005984219676,0.458981568929588,0.0825605355966592,69.02
987,0.0929231409040813,0.628740262346978,-0.0487836994063367,0.70556941411584,-0.0591697458900522,0.439754210426467,0.10991057543233,69.09
988,0.0936616716033782,0.628711732194353,-0.0336495013845152,0.723247607616167,-0.0588370741506995,0.419554138113891,0.137417791229368,69.16
989,0.094417809519503,0.628686176078581,-0.0182135476372522,0.739445132233354,-0.0582023704675868,0.398363340302666,0.164960629241874,69.23
990,0.0951899060341068,0.628663993385623,-0.0025144794693549,0.753945803985611,-0.0572643608491711,0.376166885280854,0.192407653285046,69.3
991,0.0959760522014227,0.628645607209268,0.0134049368427267,0.766539260943069,-0.0560206914227699,0.352953454346946,0.219617348787142,69.37
992,0.0967740949033535,0.628631464750319,0.029498218787646,0.777036558313893,-0.0544678551121085,0.328716885881565,0.246439673689194,69.44
993,0.097581743014821,0.628622007559447,0.0457157529154967,0.785279479474236,-0.0526013043624712,0.303459994341889,0.272721103830149,69.51
994,0.0983965830916047,0.628617551440288,0.0620054070925518,0.791144890186696,-0.0504155092749463,0.27720135629593,0.298314800247931,69.58
995,0.0992160948851527,0.628618256531507,0.0783131706082855,0.794545643233888,-0.047903991319176,0.249984040442555,0.323093102979176,69.65
996,0.100037756991032,0.628624127386761,0.0945838832492015,0.795431224988018,-0.0450593628121929,0.221883392835308,0.346957329322113,69.72
997,0.100859062149891,0.628635012961952,0.110761903873754,0.793787784432936,-0.0418733722801887,0.193010747385854,0.369842953223424,69.79
998,0.101677532509556,0.628650606509698,0.126791839833058,0.78963778625477,-0.0383369558363824,0.163510201942559,0.391717941063835,69.86
999,0.102490825156649,0.628670475471468,0.142619217888682,0.783040251055963,-0.034440294723768,0.133550112768249,0.412576140538509,69.93
1000,0.103296747435808,0.628694181548247,0.158191217976522,0.774090589394424,-0.0301728791862903,0.103310598613675,0.432428220511396,70.0
1001,0.104093272361935,0.628721310430894,0.173457290271457,0.76291602691548,-0.0255235788454416,0.0729711734024868,0.451293712332303,70.07
1002,0.10487864442815,0.628751471373428,0.188369626416852,0.749669868340782,-0.0204807197718817,0.0427040103658837,0.469196258589114,70.14
1003,0.105651395319424,0.628784296704458,0.202883546005404,0.734524567947782,-0.0150321684526008,0.0126714202836539,0.486161798166349,70.21
1004,0.106410329738963,0.628819441283802,0.216957678822528,0.717665619670362,-0.0091654228643546,-0.0169747158478473,0.502217972189683,70.28
1005,0.107154511461618,0.628856581910945,0.230554154272124,0.699286233637232,-0.0028677108719286,-0.0460928263334928,0.517393938021114,70.35
1006,0.107883249635937,0.628895416691558,0.243638618204931,0.679581652483059,0.0038739038231558,-0.0745513246285737,0.531720229753589,70.42
1007,0.108596085351808,0.628935664367918,0.25618025835905,0.658745300364088,0.0110724079535707,-0.102228234514763,0.545228514240586,70.49
1008,0.109292778486195,0.62897706361869,0.268151628419243,0.636963150639707,0.0187407169431094,-0.129010706804035,0.55795133237374,70.56
1009,0.1099732948353,0.629019372333131,0.279528421689833,0.614410039621777,0.0268915449159623,-0.154794520037246,0.569921855124791,70.63
1010,0.110637793537523,0.629062366864454,0.29028925505308,0.591249427431563,0.0355372963130072,-0.1794835973035,0.581173653765419,70.7
1011,0.111286614787874,0.629105841266722,0.300415463652555,0.567633714387903,0.0446900089736468,-0.202989541063734,0.591740483666908,70.77
1012,0.111920267840995,0.629149606519297,0.30989090668787,0.543704628570775,0.0543611077579905,-0.225231187713552,0.601656081073846,70.84
1013,0.112539419296697,0.629193489742585,0.318701784658471,0.519593651720687,0.0645612091942317,-0.246134183483422,0.610953972243545,70.91
1014,0.113144881658855,0.629237333408477,0.326836468348587,0.495422450826082,0.075299946857823,-0.265630583142317,0.619667294342696,70.98
1015,0.113737602155643,0.629280994548616,0.33428533980264,0.47130331302386,0.086585787203828,-0.283658472847893,0.627828627496188,71.05
1016,0.114318651806498,0.629324343963332,0.341040645501741,0.447339581615293,0.0984258356790616,-0.300161618371412,0.635469837390589,71.12
1017,0.114889214718737,0.629367265433836,0.347096361915178,0.423626091168983,0.110825632961511,-0.315089139816203,0.642621927844779,71.19
1018,0.115450577594509,0.629409654939993,0.352448073567748,0.400249599843957,0.123788941199708,-0.328395213845425,0.649314902772853,71.26
1019,0.116004119426772,0.629451419885794,0.357092863731206,0.377289217219543,0.137317520152286,-0.34003880433914,0.655577636979653,71.33
1020,0.116551301361061,0.629492478334392,0.361029217820615,0.354816826064535,0.151410893161027,-0.349983422307731,0.661437755248098,71.4
1021,0.117093656698206,0.629532758254379,0.364256939548201,0.332897496616267,0.166066102925796,-0.358196915804438,0.666921519197242,71.47
1022,0.117632781011645,0.629572196778791,0.366777079862458,0.311589892070521,0.181277457090908,-0.364651290495744,0.672053721412722,71.54
1023,0.118170322351682,0.62961073947814,0.36859187867616,0.290946664106672,0.197036293784871,-0.369322561470394,0.676857586375815,71.61
1024,0.118707971507919,0.629648339648606,0.369704719364273,0.271014837387696,0.213330797304714,-0.372190636792848,0.68135467774373,71.68
1025,0.119247452300126,0.629684957616381,0.370120095992017,0.251836182083149,0.230145653487638,-0.373239233235017,0.685564811562364,71.75
1026,0.119790511867079,0.629720560059009,0.369843563123864,0.233447573565469,0.247463590949203,-0.372455824549282,0.689505975022377,71.82
1027,0.12033891092225,0.629755119344433,0.368881577869651,0.215881338524201,0.265272328723272,-0.369831622576012,0.69319425040103,71.89
1028,0.120894413944862,0.629788612888359,0.367241324330956,0.199165616919174,0.283566159190959,-0.365361561324883,0.69664374386545,71.96
1029,0.121458779274527,0.629821022530443,0.364930580507193,0.18332488962681,0.302341805462875,-0.359044224013091,0.6998665188471,72.03
1030,0.122033749077666,0.629852333929694,0.361957687707727,0.168380550918576,0.32159405938279,-0.350881893678032,0.702872533733047,72.1
1031,0.122621039153991,0.629882535979438,0.358331471890945,0.154350803222987,0.341314329347864,-0.340880667215478,0.705669553568734,72.17
1032,0.12322232855162,0.629911620242105,0.354061267218426,0.141250806504784,0.361489029096457,-0.329050602712211,0.708262975417242,72.24
1033,0.123839248959899,0.629939580404017,0.349156981489591,0.129092931493201,0.382099973939236,-0.315405899964491,0.710655747761741,72.31
1034,0.124473373849633,0.629966411750368,0.343629173200397,0.117886996134017,0.403122843186417,-0.299965113999159,0.71284832367857,72.38
1035,0.125126207331313,0.629992110660483,0.337489140046856,0.107640485041587,0.424526416998701,-0.282751401340662,0.714838617640035,72.45
1036,0.125799172702973,0.630016674123448,0.330749018682359,0.098358751773241,0.446272196963263,-0.263792798687716,0.716621965938865,72.52
1037,0.12649360066054,0.630040099274189,0.323421895525195,0.0900452037894072,0.468314019818545,-0.243122533582685,0.718191090772281,72.59
1038,0.127210717145039,0.630062382950045,0.315521928395832,0.0827014700031615,0.490597665024782,-0.220779366563356,0.719536068069698,72.66
1039,0.127951630802648,0.630083521267892,0.307064478748314,0.076327550856752,0.51306045701415,-0.196807964199386,0.720644299195771,72.73
1040,0.128717320035525,0.630103509221878,0.298066254239243,0.0709219508952391,0.535630863100881,-0.171259302311111,0.721500486707963,72.8
1041,0.129508619623424,0.63012234030183,0.288545461356655,0.0664817938371395,0.55822808818404,-0.144191098562555,0.722086614395998,72.87
1042,0.130326206898476,0.630140006132444,0.278521967806913,0.0630029201683973,0.580761667535362,-0.115668273508583,0.722381931879692,72.94
1043,0.131170587458112,0.630156496133358,0.268017474330314,0.0604799673112886,0.603131089219791,-0.0857634390520425,0.72236294409022,73.01
1044,0.132042080403935,0.630171797200266,0.25705569558624,0.058906432443325,0.625225477870632,-0.0545574131372514,0.722003406009602,73.08
1045,0.13294080309748,0.630185893407276,0.245662549715533,0.0582747180629721,0.646923100933066,-0.0221397593676301,0.721274323092339,73.15
1046,0.133866685514827,0.630198765730726,0.233866356151415,0.0585761604188861,0.668091541835253,0.0113906499128263,0.720143957843333,73.22
1047,0.134819574373389,0.630210391794773,0.221697981035192,0.05980104094005,0.688591490880476,0.0459250486928633,0.718577843075249,73.29
1048,0.135799246505468,0.63022074563908,0.209190749198537,0.0619385808230226,0.708285179222106,0.0813442023970362,0.716538802418276,73.36
1049,0.136805391656783,0.63022979750901,0.196380272593979,0.0649769189523789,0.727043079813927,0.117517935246184,0.713986948616731,73.43
1050,0.137837594801744,0.630237513668806,0.183304164485028,0.0689030733480193,0.744748185785808,0.15430476202968,0.710879600108246,73.5
1051,0.138895317981128,0.630243856238278,0.170001729016866,0.0737028863541811,0.76129696593833,0.191551897429898,0.707171327219901,73.57
1052,0.139977881669715,0.630248783053623,0.156513685665037,0.07936095380459,0.776598413588378,0.229095615365215,0.70281427919021,73.64
1053,0.141084475771367,0.630252247553052,0.142881988028822,0.0858605384197095,0.790572695023607,0.266762382337095,0.697759153888698,73.71
1054,0.142214260429222,0.630254198687985,0.129149585796134,0.0931834677140531,0.803149820441066,0.304370948259468,0.691956931444956,73.78
1055,0.143366376139001,0.630254580860663,0.115360279562018,0.101310016716156,0.814268188376717,0.341735638598703,0.685361462935234,73.85
1056,0.144539923356004,0.630253333889096,0.101558577462488,0.110218775829876,0.823872764191324,0.378670790910962,0.677932674301798,73.92
1057,0.145733941699102,0.630250393000337,0.0877894625703734,0.119886504193053,0.831915481274518,0.414995887799688,0.669639904924944,73.99
1058,0.146947388768012,0.630245688853194,0.0740982206889313,0.130287968921164,0.838355759819107,0.45054120910301,0.660465742613837,74.06
1059,0.148179118591255,0.630239147591528,0.0605302073808641,0.141395770655068,0.843161715698403,0.485153254360191,0.650410144944318,74.13
1060,0.149427889811414,0.630230690929396,0.0471306436790088,0.153180155869703,0.846312571666659,0.518699577551801,0.639494666718842,74.2
1061,0.150692463803779,0.630220266357096,0.0339442290464926,0.165608816438629,0.847801188292804,0.551073157221038,0.627766342221084,74.27
1062,0.151971612224186,0.630207967644862,0.0210148114729782,0.178646707079652,0.847634999995848,0.582196033564887,0.615300710373233,74.34
1063,0.15326409418383,0.630194035030779,0.008385083813278,0.192255911353492,0.845836198762508,0.612021371959493,0.602203229744441,74.41
1064,0.154568633160998,0.630178735091203,-0.0039037545977681,0.206395316146477,0.842442248572252,0.640532480023218,0.5886076378325,74.48
1065,0.155883923759927,0.63016233090376,-0.0158124319992249,0.221020336024516,0.837506730125943,0.667739621521955,0.574672095175616,74.55
1066,0.157208728515252,0.63014508232276,-0.027303954143048,0.236082688201541,0.831100003708664,0.693675229181217,0.56057359329519,74.62
1067,0.15854188423899,0.630127246274556,-0.0383439310013435,0.251531783489268,0.823309267989501,0.718387997638783,0.546500533368064,74.69
1068,0.159882278107828,0.630109077068147,-0.0489008809088907,0.267321013657023,0.814237953312037,0.741936999302716,0.532644435262453,74.76
1069,0.161228853687221,0.630090826716407,-0.0589463924098435,0.283411263727902,0.804003304570756,0.764387356727389,0.519193451368402,74.83
1070,0.16258070708781,0.630072745263326,-0.0684551443765094,0.299773816357479,0.792734649092511,0.785807350103005,0.506328103012767,74.9
1071,0.163937092746631,0.630055081112723,-0.0774048751761985,0.316391174694483,0.780571414694158,0.806266356937595,0.494218965285665,74.97
1072,0.165297399024844,0.630038081353918,-0.0857762712556899,0.333257549326993,0.767660715060454,0.825833412090866,0.483025424482237,75.04
1073,0.166661153810961,0.630021992079875,-0.0935529259840171,0.350377204365449,0.754155402563989,0.844576326736494,0.472895023681135,75.11
1074,0.168028120316041,0.630007058693348,-0.100721218663811,0.3677638520702,0.740212345175543,0.862560883605179,0.463962912180516,75.18
1075,0.169398302542754,0.629993526196599,-0.107270174183157,0.385439019895774,0.725991045061767,0.879850227638512,0.45635166691917,75.25
1076,0.170771920608028,0.629981639460248,-0.113191333642132,0.403431766639057,0.711651422621145,0.896504300428622,0.45017109230313,75.32
1077,0.17214938600699,0.62997164346683,-0.118478636152409,0.421775835900134,0.697352658611967,0.912579558007382,0.445518327190563,75.39
1078,0.173531276814311,0.62996378352465,-0.123128311962868,0.440509812567893,0.683251226050038,0.928128609851231,0.442477805736599,75.46
1079,0.174918312815588,0.629958305447493,-0.127138787021283,0.459673782773245,0.669498078920855,0.943200048873087,0.441121551748059,75.53
1080,0.176311330558415,0.629955455695784,-0.130510599040137,0.479304993904299,0.656236258574037,0.957838321013408,0.441509443970111,75.6
1081,0.177711258310213,0.629955481474734,-0.133246325095452,0.499434138709567,0.643599787626167,0.972083453027407,0.443689330653131,75.67
1082,0.179119120995522,0.629958630785044,-0.135350490661153,0.520086083968553,0.631711441775255,0.985970697842038,0.447696871967856,75.74
1083,0.180536135271418,0.629965152421694,-0.136829369769836,0.541283207822412,0.620682375798533,0.99953045781414,0.453555831510224,75.81
1084,0.181963714195937,0.629975295916341,-0.137690796569556,0.563046441007378,0.610612337833953,1.01278860560436,0.461278906514707,75.88
1085,0.183403441642994,0.629989311418835,-0.137944108514962,0.585390701934896,0.601589868183595,1.0257671118538,0.470868825555262,75.95
1086,0.18485704652606,0.63000744951335,-0.137600130788012,0.608321434815921,0.593692480838219,1.03848422700151,0.482318810869834,76.02
1087,0.186326376802087,0.630029960964611,-0.136671141604857,0.631833845219061,0.586986826123188,1.0509543071088,0.495612525608379,76.09
1088,0.187813373224559,0.630057096389705,-0.135170758037719,0.655912937440732,0.581528833066577,1.06318761432643,0.510724017617807,76.16
1089,0.189320042812374,0.630089105850928,-0.133113922656859,0.680532608685926,0.577363830285634,1.07519021209681,0.527617629972777,76.23
1090,0.190848431999601,0.630126238365176,-0.130516930571521,0.705654943666227,0.574526644381371,1.08696377438011,0.546247758367754,76.3
1091,0.192400599429981,0.63016874132533,-0.127397466512212,0.731229740176356,0.573041675023382,1.0985053689707,0.566558546280817,76.37
1092,0.193978588359279,0.630216859829183,-0.123774651659955,0.757194055721004,0.572922946094842,1.10980724496225,0.58848354881839,76.44
1093,0.195584398628433,0.630270835911404,-0.119669099903352,0.783471746011777,0.574174132457959,1.12085662441487,0.611945366252194,76.51
1094,0.19721995817068,0.630330907674149,-0.115102983177968,0.809972996472067,0.576788562086301,1.13163549836496,0.636855248447951,76.58
1095,0.198887094016662,0.630397308311931,-0.11010010551548,0.836593848125843,0.580749193497675,1.14212042740898,0.663112671585044,76.65
1096,0.200587502762768,0.630470265026469,-0.10468598540259,0.863215749580871,0.586028568608134,1.15228234718698,0.690604888770037,76.72
1097,0.202322720469843,0.630549997827292,-0.0988879460193089,0.889705167072107,0.592588741314729,1.16208637918947,0.71920645636024,76.79
1098,0.204094091961708,0.630636718214023,-0.0927352128959348,0.915913465320722,0.600381182302798,1.17149164741301,0.748778738034183,76.86
1099,0.205902739495881,0.630730627736352,-0.0862589884071511,0.941679438549539,0.609346660764088,1.18045116166994,0.779169479138547,76.93
1100,0.207749530782271,0.6308319164279,-0.0794923822249314,0.966835697839333,0.619415103900553,1.18891212934355,0.810212965306214,77.0
1101,0.209635046329725,0.63094076111033,-0.0724701670791795,0.991216119559026,0.630505435284878,1.19681723801459,0.841731700813207,77.07
1102,0.211559546104836,0.631057323564292,-0.0652283893169273,1.01466080751836,0.642525393342337,1.20410706034718,0.873540572468014,77.14
1103,0.213522935492644,0.631181748564001,-0.0578039539843735,1.03701992577419,0.655371331418879,1.21072370261204,0.905453020821656,77.21
1104,0.215524760642358,0.631314161772541,-0.0502342138700401,1.05815526163259,0.668928001101146,1.21661557755867,0.9372882592144,77.28
1105,0.217564293375253,0.631454667495294,-0.0425565317563242,1.07794111619569,0.683068320660083,1.22174246021036,0.968877949356417,77.35
1106,0.219640525136362,0.63160334628921,-0.0348077550310183,1.09626521696344,0.697653130699816,1.2260796841653,1.00007146414191,77.42
1107,0.221752130178582,0.631760252426075,-0.027023752424381,1.11302983528282,0.712530939306354,1.22962093753805,1.03073971063241,77.49
1108,0.223897458172939,0.631925411208299,-0.0192388918572206,1.12815305049265,0.727540006051347,1.23237851564512,1.06077664337263,77.56
1109,0.226074616444395,0.632098816136276,-0.0114856392802712,1.14156913954241,0.742517280737181,1.23438015800403,1.09009726685667,77.63
1110,0.22828146133645,0.632280425926848,-0.0037943079733877,1.15322770242174,0.757300931092299,1.23566532776656,1.118634505994,77.7
1111,0.230515589001874,0.632470161383014,0.0038071325439641,1.16309426257217,0.771735729370126,1.2362810835352,1.1463356381373,77.77
1112,0.232774415921464,0.632667902115641,0.0112931283621423,1.17115264406736,0.7856793450552,1.23627823488053,1.17315900999872,77.84
1113,0.235055198755362,0.632873483118591,0.0186405544707761,1.17740419178974,0.799006597863083,1.23570808159872,1.19907116076688,77.91
1114,0.237355113924427,0.633086691199486,0.0258286398618812,1.1818660012148,0.811610530257777,1.23462024729268,1.22404477341378,77.98
1115,0.239671276620028,0.633307261269067,0.0328389553028492,1.1845687595379,0.823402498146485,1.23306118512972,1.24805718401219,78.05
1116,0.242000819644084,0.633534872493023,0.0396553137157632,1.18555645442026,0.834312154226137,1.23107341505926,1.27108941947284,78.12
1117,0.244340881692579,0.633769144311094,0.0462636436714342,1.18488412866138,0.844286543301463,1.22869482972479,1.29312531279877,78.19
1118,0.246688595397508,0.634009632329223,0.0526518663785727,1.18261626755377,0.853289183391118,1.22595845944493,1.31415090681514,78.26
1119,0.249041165442099,0.63425582409168,0.0588097764223625,1.17882596837019,0.861298531826168,1.2228924548783,1.33415411658087,78.33
1120,0.251395856274538,0.634507134741156,0.0647289264709319,1.17359395810177,0.868307190951139,1.21952001598663,1.35312425959425,78.4
1121,0.253749979733837,0.634762902576119,0.0704025161342837,1.1670086014648,0.874321673293608,1.21585941722672,1.37105166462719,78.47
1122,0.256100972900433,0.635022384515982,0.0758252851285306,1.15916605526181,0.879361673265397,1.21192403828905,1.38792729920521,78.54
1123,0.25844641578121,0.635284751486056,0.0809933807808026,1.15016921355438,0.88345896563145,1.20772227970249,1.40374232564729,78.61
1124,0.260784109226051,0.635549113823437,0.0859041397946662,1.1401257127038,0.886655930393641,1.20325748341427,1.41848776635478,78.68
1125,0.263112062680755,0.635814636894138,0.0905559648727167,1.12914604749908,0.889004395538623,1.19852803872048,1.43215424842346,78.75
1126,0.265428451991505,0.636080566410893,0.0949482360692548,1.11734212739931,0.890564496010331,1.19352779383715,1.44473191800403,78.82
1127,0.267731607472394,0.636346223642027,0.0990811967267488,1.10482572932115,0.89140408955417,1.18824671296439,1.45621055466845,78.89
1128,0.270020092444398,0.636611000612777,0.102955753832191,1.09170898118368,0.891598908875175,1.18267180904024,1.46657985587179,78.96
1129,0.272292691749406,0.636874355311306,0.106573343228064,1.07810509901619,0.891233298446249,1.17678811166103,1.47582977134265,79.03
1130,0.274548400528418,0.637135806910414,0.10993573931125,1.06412880393575,0.890401173544497,1.17057958013653,1.4839508875869,79.1
1131,0.276786503549044,0.63739493101474,0.113044929545212,1.04989686826513,0.889207350428477,1.16403029291238,1.49093498303589,79.17
1132,0.279006564573899,0.637651354942147,0.115902933403054,1.03552821705167,0.887767621220328,1.15712591364562,1.49677575400764,79.24
1133,0.281208416045986,0.637904753046974,0.118511686056908,1.02114430498428,0.886209527301962,1.1498551634271,1.50146965145125,79.31
1134,0.28339223936213,0.638154842091886,0.120872836339057,1.00687012761296,0.884672715887192,1.1422114498436,1.50501691885005,79.38
1135,0.285558555210945,0.638401376674229,0.122987549203543,0.992834570903316,0.883308877466079,1.13419429202576,1.50742247029039,79.45
1136,0.287708214235219,0.638644144711995,0.124856433009917,0.979168983623022,0.882279245723629,1.12581060197199,1.5086967290409,79.52
1137,0.289842478272537,0.638882962993871,0.126479531433017,0.966002887079667,0.881744030798304,1.11707582215323,1.50885630620002,79.59
1138,0.291963011632202,0.639117672797181,0.127856440163178,0.953461242746668,0.881852147387587,1.10801377593695,1.50792373694037,79.66
1139,0.294071842561141,0.639348135577068,0.128986428044819,0.941669292991075,0.882744834488295,1.0986547491486,1.50592597317435,79.73
1140,0.296171324956596,0.639574228729784,0.129868472397309,0.930754772895863,0.884563897054856,1.08903330673221,1.50289256495753,79.8
1141,0.298264100289096,0.639795841432594,0.130501358969591,0.920842616698707,0.887445130334592,1.0791875890575,1.49885509471009,79.87
1142,0.300353059693325,0.640012870562536,0.130883696108379,0.912044082171271,0.891509982409646,1.06915831207652,1.49384635933891,79.94
1143,0.302441306179322,0.640225216696038,0.131013903337071,0.904453920452903,0.896863907168747,1.05898843345095,1.4879001120611,80.01
1144,0.30453211691193,0.640432780191271,0.130890204458322,0.898150414251386,0.903596380871602,1.04872330339006,1.48105115272334,80.08
1145,0.306628905502593,0.640635457355043,0.130510625208774,0.893195514629891,0.911780714964265,1.03841096845815,1.47333555539321,80.15
1146,0.308735184254445,0.64083313669604,0.129872995498111,0.889634954615489,0.921473904231915,1.02810238683032,1.46479082198031,80.22
1147,0.310854526299198,0.64102569526631,0.128974956267984,0.887498338510349,0.932716478878675,1.01785161430396,1.45545602141021,80.29
1148,0.312990527562507,0.641212995092998,0.127813971010032,0.886799206080227,0.945532359505501,1.0077159902331,1.44537194376187,80.36
1149,0.315146768493456,0.64139487970257,0.126387341985445,0.887535071085336,0.959928924870057,0.997756322409374,1.43458126866257,80.43
1150,0.317326775493344,0.641571170740037,0.124692201104205,0.889687554259842,0.975898194626815,0.988037130029098,1.42312877729133,80.5
1151,0.319533981979243,0.641741664685984,0.122725415337241,0.893223513416246,0.993419969367269,0.978627274613237,1.41106181783373,80.57
1152,0.321771689018812,0.641906129674678,0.120483617327675,0.898099337318481,1.01246289634085,0.969601098064152,1.39843120410476,80.64
1153,0.324043055562194,0.642064302416889,0.117963421432846,0.904270179085231,1.032984815165,0.961038742753251,1.38529158367468,80.71
1154,0.326351178386894,0.642215885231666,0.115161795169785,0.911701091022792,1.05493313628235,0.953024177997968,1.37170013124687,80.78
1155,0.32869908117203,0.642360543191793,0.112076435685446,0.920368507979216,1.07824453081964,0.945639968680453,1.35771338577817,80.85
1156,0.331089672821545,0.642497901388331,0.108706000866677,0.930251869232509,1.10284567788661,0.938961402139207,1.34338403558266,80.92
1157,0.333525705069637,0.642627542320286,0.105050165043078,0.941320012872625,1.12865389703494,0.933053522211983,1.32875948575825,80.99
1158,0.336009729316007,0.642749003416191,0.101109529394612,0.953525641860274,1.15557577167221,0.927972332763629,1.31388265830559,81.06
1159,0.338544052641386,0.642861774695136,0.0968855074209757,0.966805365061961,1.18350602150677,0.923767401451031,1.29879360995786,81.13
1160,0.34113072304514,0.642965296575613,0.0923802456375651,0.981083629202128,1.21232788939774,0.920484147706339,1.28353109439807,81.2
1161,0.343771604038784,0.643058957841376,0.0875966998237281,0.99627930926893,1.24191570643921,0.91816509193151,1.26813346638161,81.27
1162,0.34646835803188,0.643142093774444,0.0825388667842827,1.01231393573499,1.27213659851905,0.916850004904934,1.25263898723712,81.34
1163,0.349222398652193,0.643213984466261,0.07721208130714,1.02911653538356,1.30284935082621,0.91657405400034,1.2370850797366,81.41
1164,0.352034872145638,0.643273853319049,0.0716234083316727,1.04662346240585,1.33390280963889,0.917364306558687,1.22150674226041,81.48
1165,0.354906728006037,0.643320865750321,0.0657819196162174,1.06477439447186,1.36513475666662,0.919236064086597,1.2059348436914,81.55
1166,0.357838698287431,0.643354128114603,0.0596988246887669,1.083506962129,1.39637002508207,0.922190350663659,1.19039502051694,81.62
1167,0.360831245757319,0.643372686857429,0.0533875762674911,1.10274944096676,1.4274200565801,0.926212495113828,1.17490705523395,81.69
1168,0.363884510965498,0.643375558005449,0.0468639800361404,1.12241914997614,1.458082909733,0.931272288331166,1.15948518691184,81.76
1169,0.36699825822026,0.643361847185242,0.0401462483556987,1.14242418047361,1.488145949537,0.9373244824269,1.14413881197621,81.83
1170,0.370171820469653,0.643330779661886,0.0332548471881712,1.16265798655094,1.51738833336639,0.944309572067092,1.12887336434034,81.9
1171,0.37340404309215,0.643281700588805,0.0262124367814203,1.18299427039251,1.54556855418427,0.952156844604087,1.11369227734349,81.97
1172,0.376693226608961,0.6432140755706,0.0190439659212213,1.20328574483814,1.57241843740232,0.960785608137249,1.09859801151511,82.04
1173,0.380037098426753,0.643127491550652,0.0117767087270745,1.22336837012379,1.59765144866227,0.970105230618232,1.08359241888918,82.11
1174,0.38343290390466,0.643021658033183,0.0044399426641052,1.24308283174479,1.62100231691656,0.980016368386958,1.06867773759508,82.18
1175,0.38687749643549,0.64289640864719,-0.002935461930857,1.26229117795242,1.64225046935367,0.990417297174082,1.05386065379394,82.25
1176,0.390367336327399,0.642751703057528,-0.0103174510731627,1.28087372628855,1.66121539823616,1.00121167664286,1.03915765573233,82.32
1177,0.393898579069173,0.642587629226109,-0.0176732257479906,1.29872459516708,1.67775353987671,1.01231480168677,1.02459990460104,82.39
1178,0.397467192867328,0.642404406023952,-0.0249697706745351,1.31575407662321,1.69176124235179,1.02365885369461,1.01023750153585,82.46
1179,0.401069045348609,0.642202386192492,-0.0321742631931892,1.33189279739849,1.70317654330954,1.0351968524193,0.996142578518054,82.53
1180,0.404699899324988,0.641982059650178,-0.0392543628705437,1.34709448066984,1.71197855622731,1.04690476808347,0.982410490155923,82.6
1181,0.408355498222097,0.641744057137992,-0.0461785629401543,1.36133655747426,1.71818579010073,1.05878074149395,0.969158232497399,82.67
1182,0.412031681071879,0.641489154195018,-0.0529164537232299,1.37461986225828,1.72185505776847,1.07084303733777,0.956521772069608,82.74
1183,0.415724466970531,0.641218275452685,-0.0594389587727598,1.38696768375106,1.72307952833362,1.08312721210307,0.944652704269386,82.81
1184,0.41943004890114,0.640932499233654,-0.0657185743769366,1.39842393044663,1.72198643415261,1.09568279718086,0.933714298835455,82.88
1185,0.423144877519224,0.640633032350928,-0.0717296129462123,1.4090497483507,1.71873397939994,1.10856949651563,0.923876779239089,82.95
1186,0.426865744706518,0.640321094912355,-0.0774484507795744,1.41892069634942,1.7135076886234,1.12185310853642,0.91531171270923,83.02
1187,0.430589776693617,0.639997895635407,-0.0828537806732355,1.4281245984566,1.7065160119193,1.13560174296903,0.908186260028623,83.09
1188,0.434314487248066,0.639664637474828,-0.0879268397095396,1.43675925921229,1.6979867479513,1.14988269240594,0.902658214740652,83.16
1189,0.438037770628697,0.639322523453621,-0.0926515223470713,1.4449295893393,1.6881627165011,1.16475989723811,0.898871888939307,83.23
1190,0.441757954702016,0.638972762675607,-0.0970144694133145,1.45274465139122,1.67729673662556,1.18029164168905,0.896955083507735,83.3
1191,0.445473793907607,0.63861657649785,-0.101005133290521,1.46031462350726,1.66564551491245,1.19652884085601,0.897016989771421,83.37
1192,0.449184522453647,0.638255204841084,-0.104615759360178,1.46774822089304,1.65346436490258,1.21351394779992,0.899146899913207,83.44
1193,0.452889817326254,0.637889912616078,-0.107841404247552,1.47515051287071,1.64100290349906,1.23128014880175,0.90341345339413,83.51
1194,0.45658973130204,0.637521996243542,-0.110679780392085,1.48262146450717,1.62850120827587,1.24985084602317,0.909864237243648,83.58
1195,0.460284656145351,0.637152790244714,-0.113131167735178,1.49025499031395,1.61618700285814,1.26923933670913,0.918525708893874,83.65
1196,0.463975376164781,0.636783643791478,-0.115198332391451,1.49813797663827,1.60427293332887,1.28944865842452,0.929403410611754,83.72
1197,0.467663031595414,0.636415807016574,-0.116886331947872,1.50634894008755,1.59295411208601,1.31047160008415,0.94248238478632,83.79
1198,0.471349051968186,0.636050407586177,-0.118202297604434,1.51495716287926,1.58240625628304,1.33229090880974,0.957727880233986,83.86
1199,0.475035089533696,0.635688457336931,-0.119155223153572,1.52402245413984,1.57278468812605,1.35487975291858,0.975086349789892,83.93
1200,0.478722982802589,0.635330858869319,-0.119755760670083,1.53359502441143,1.56422386289322,1.37820232100309,0.994486679634096,84.0
1201,0.482414810348224,0.634978412079111,-0.12001602275001,1.54371505105885,1.55683721125976,1.40221473811006,1.01584180175264,84.07
1202,0.486112854311957,0.634631820610542,-0.119949361018891,1.55441277612816,1.55071648113377,1.42686599878628,1.0390506306398,84.14
1203,0.489819533749076,0.634291698216791,-0.119570060515909,1.56570895540474,1.54593190081654,1.45209909830617,1.06400062668241,84.21
1204,0.493537337862096,0.633958575015024,-0.118893130240352,1.57761529707074,1.54253328218104,1.47785227273543,1.09057059690397,84.28
1205,0.49726875907795,0.6336329036249,-0.117934129427472,1.59013507011259,1.54055245373859,1.50406040903158,1.11863343421461,84.35
1206,0.501016256012064,0.633315065180959,-0.1167089991958,1.60326364156323,1.54000545812491,1.53065623515189,1.14805849646852,84.42
1207,0.504782306449858,0.633005375210706,-0.11523392937299,1.61698903278205,1.54089490456572,1.55757126125271,1.17871344709161,84.49
1208,0.508569369774841,0.632704089371477,-0.11352532038852,1.63129276564353,1.54321157339265,1.58473647319208,1.21046558971816,84.56
1209,0.512379818974078,0.632411409040391,-0.111599659414651,1.64615096876072,1.54693593448783,1.61208302027127,1.24318293992458,84.63
1210,0.516215902352315,0.632127486752745,-0.109473400723147,1.66153535293351,1.55203909841516,1.63954274802079,1.27673515680242,84.7
1211,0.520079795087459,0.631852431485209,-0.107162940223513,1.67741387572349,1.55848383243092,1.66704884806177,1.31099451727806,84.77
1212,0.523973560060345,0.631586313781034,-0.104684503359683,1.69375124610229,1.56622531092617,1.69453635548124,1.34583675500141,84.84
1213,0.527899108182827,0.631329170715322,-0.102054036332462,1.71050948036492,1.57521199211213,1.72194267545266,1.38114173602035,84.91
1214,0.53185824845019,0.631081010699031,-0.0992871906184432,1.72764832941671,1.5853869527193,1.74920801992163,1.41679406374438,84.98
1215,0.535852647156962,0.630841818121064,-0.0963992500588596,1.74512557811863,1.59668907988307,1.77627575548577,1.45268352510211,85.05
1216,0.539883786506713,0.630611557828254,-0.0934051205870426,1.7628975182936,1.60905382036173,1.80309251310826,1.48870534988594,85.12
1217,0.543953012849072,0.630390179443526,-0.0903192619675936,1.78091977668107,1.62241415011898,1.82960824121355,1.52476031536116,85.19
1218,0.548061524078426,0.630177621522854,-0.0871556816293846,1.79914804731035,1.63670146455477,1.85577626330377,1.56075481838095,85.26
1219,0.552210416520969,0.629973815551907,-0.0839278699803654,1.81753860874094,1.65184584901413,1.8815533409995,1.59660094688632,85.33
1220,0.556400640849664,0.629778689783486,-0.0806487973025291,1.83604889775735,1.6677763024772,1.90689977343491,1.63221658256804,85.4
1221,0.560632957270694,0.629592172916972,-0.0773308516324701,1.85463768899037,1.68442136700858,1.93177956387516,1.66752556636524,85.47
1222,0.564907980227457,0.629414197621079,-0.0739858377445821,1.8732652422852,1.70170962266624,1.9561604135707,1.7024576875807,85.54
1223,0.569226162169718,0.629244703901168,-0.0706249166623104,1.89189332829706,1.71957013942237,1.9800137541123,1.73694870860183,85.61
1224,0.573587836727707,0.62908364231236,-0.0672586359231538,1.91048510294385,1.73793312808518,2.00331469851883,1.77094027605618,85.68
1225,0.577993200932017,0.628930977019487,-0.0638969601326772,1.92900498184512,1.75673082158848,2.02604194166145,1.80437968947362,85.75
1226,0.582442356824168,0.628786688704784,-0.0605492113538829,1.9474187260267,1.77589786580036,2.04817755029848,1.83721961877266,85.82
1227,0.586935292103325,0.628650777323963,-0.0572240996785369,1.96569392005963,1.79537164230192,2.06970670328133,1.86941771134748,85.89
1228,0.591471920158247,0.62852326471099,-0.0539297836366401,1.9838003919341,1.81509240396357,2.09061735216857,1.90093620996217,85.96
1229,0.59605205913368,0.628404197031583,-0.050673900111174,2.0017100336735,1.83500304392281,2.11089998304292,1.93174167248124,86.03
1230,0.600675470383703,0.628293647085009,-0.0474635034353206,2.01939653472495,1.85504895035838,2.13054741957391,1.96180464368027,86.1
1231,0.60534183596432,0.62819171645335,-0.0443050940607833,2.03683526933635,1.87517815870641,2.14955463741098,1.99109940009187,86.17
1232,0.61005079552056,0.628098537496915,-0.0412046764943428,2.05400303751802,1.89534153151429,2.16791855994923,2.0196036179815,86.24
1233,0.614801922222821,0.628014275193958,-0.0381677862096637,2.07087826178866,1.91549239520338,2.18563777538377,2.04729802509348,86.31
1234,0.619594758109919,0.627939128822306,-0.0351994252504633,2.08744100828182,1.9355861762075,2.20271235563551,2.07416606665911,86.38
1235,0.624428788495559,0.627873333479918,-0.0323040869516072,2.10367268216364,1.95558027803265,2.21914371699879,2.10019358601595,86.45
1236,0.629303475797469,0.627817161440765,-0.0294858095123105,2.11955602956485,1.97543429030621,2.23493446233455,2.12536852013775,86.52
1237,0.634218232447474,0.627770893254072,-0.0267482282524604,2.13507526583634,1.99510998900505,2.25008814460867,2.149680610332,86.59
1238,0.639172453243225,0.62773469840665,-0.0240945963912929,2.15021590921128,2.01457109850421,2.26460910216762,2.17312112832316,86.66
1239,0.644165486801148,0.627708606069926,-0.0215277141072665,2.1649645909488,2.0337832674528,2.27850224533707,2.19568261790812,86.73
1240,0.649196666472575,0.627692505753272,-0.0190499463469589,2.17930884222121,2.05271410869351,2.2917729146164,2.2173586523418,86.8
1241,0.654265280383778,0.627686147775373,-0.0166632691569347,2.19323745974112,2.07133285252985,2.30442669003033,2.23814360758877,86.87
1242,0.659370600962974,0.627689143555625,-0.0143693144080207,2.20674063798394,2.08961018559347,2.3164692718925,2.25803245155675,86.94
1243,0.664511853616108,0.62770096573009,-0.0121693827884825,2.21980977794471,2.10751827586777,2.32790631252981,2.27702054941515,87.01
1244,0.669688244915616,0.627720948098996,-0.0100643648611596,2.23243727348374,2.12503044281757,2.33874331921598,2.29510348508917,87.08
1245,0.67489892996509,0.62774831550304,-0.0080547506876163,2.24461639576802,2.14212095453223,2.34898547777407,2.31227689901446,87.15
1246,0.680143039305223,0.627782303815868,-0.0061406678277823,2.25634109541969,2.15876492227628,2.35863748701203,2.32853634223181,87.22
1247,0.685419645025282,0.627822189540032,-0.0043219176183908,2.26760578266894,2.17493826282518,2.36770349416161,2.34387711681391,87.29
1248,0.690727786446808,0.627867289195593,-0.0025979796400937,2.27840514579698,2.19061751842118,2.37618695070933,2.35829404252917,87.36
1249,0.696066435045317,0.627916958602135,-0.0009679242013776,2.28873406814554,2.20577980557429,2.38409044872094,2.37178130026681,87.43
1250,0.701434518978364,0.627970592066536,0.0005695866247448,2.29858752343857,2.22040265243016,2.39141559777243,2.38433223196632,87.5
1251,0.706830886887537,0.628027621488124,0.0020162695699081,2.30796063003487,2.23446399590806,2.39816300261735,2.39593924759569,87.57
1252,0.712254331344761,0.628087515392165,0.0033741924091358,2.31684853323746,2.24794218857584,2.40433216103438,2.40659374903549,87.64
1253,0.717703551612731,0.628149777901928,0.0046457478381634,2.32524617592339,2.26081604574798,2.4099213420204,2.41628595065517,87.71
1254,0.723177206179977,0.628213947658935,0.00583362895216,2.33314789740727,2.27306427126756,2.41492744433849,2.42500468700081,87.78
1255,0.728673964830728,0.628279596700348,0.0069408062827189,2.34054722168331,2.28466495437388,2.41934577527692,2.43273723785895,87.85
1256,0.734192470010481,0.628346329301824,0.0079705063445255,2.34743677497334,2.29559561944526,2.42316990011461,2.43946914081105,87.92
1257,0.739731357950011,0.628413780793564,0.0089261916381898,2.35380833269799,2.30583346795935,2.42639144202695,2.44518393133318,87.99
1258,0.745289219221369,0.628481616356718,0.0098115420510306,2.3596524845129,2.31535536176099,2.42899998298787,2.44986299122917,88.06
1259,0.750864619101498,0.628549529806706,0.0106304375933706,2.36495842905052,2.32413763831163,2.43098300564384,2.45348544551983,88.13
1260,0.756456057417959,0.62861724236954,0.0113869424039598,2.36971422950285,2.33215629991795,2.43232584626059,2.45602807803633,88.2
1261,0.762061988253693,0.628684501456636,0.0120852899545247,2.37390701874832,2.33938703578712,2.43301165896831,2.45746526609519,88.27
1262,0.767680779186926,0.62875107944319,0.0127298693801342,2.37752330467614,2.3458049269035,2.43302139157066,2.4577689346742,88.34
1263,0.773310730445162,0.628816772454658,0.0133252128589704,2.38054880427286,2.35138404478023,2.43233374313355,2.45690853055179,88.41
1264,0.77895003365176,0.628881399165462,0.0138760140500694,2.38296774653975,2.35609733567751,2.43092504352274,2.45485101691712,88.48
1265,0.784596820634554,0.628944799613602,0.0143872376825505,2.38476296836059,2.3599167606679,2.42876923580108,2.45156088900174,88.55
1266,0.790249212065791,0.629006834034457,0.0148641095972764,2.38591584079743,2.36281336107209,2.42583790173785,2.44700021133033,88.62
1267,0.795905275703867,0.629067381716659,0.0153119871513119,2.38640614647486,2.36475755064784,2.42210030081202,2.44112867722992,88.69
1268,0.801563044709477,0.629126339882574,0.0157363205052988,2.38621187830223,2.36571918373876,2.41752342322323,2.43390369128377,88.76
1269,0.807220475720137,0.629183622595563,0.0161426445216841,2.38530941121481,2.36566767070573,2.41207208755222,2.42528047545577,88.83
1270,0.81287546706959,0.629239159695894,0.0165365710877381,2.38367350575203,2.3645721110977,2.40570914384237,2.41521219965559,88.9
1271,0.818525816838052,0.629292895766847,0.0169237817634489,2.38127708372344,2.36240129467441,2.39839563229774,2.40365016763863,88.97
1272,0.824169241122232,0.62934478913229,0.0173100206530178,2.37809119764742,2.35912351066439,2.39009101861926,2.39054411926294,89.04
1273,0.829803332213976,0.629394810886727,0.0177010873974041,2.37408507409942,2.35470628617138,2.38075335624222,2.37584246945219,89.11
1274,0.835425607167428,0.629442943958576,0.0181028301842463,2.36922626158193,2.34911671623484,2.37033946647061,2.35949254495053,89.18
1275,0.841033556534941,0.629489182207192,0.018521138670484,2.36348106399556,2.34232172419753,2.35880522752709,2.3414408498842,89.25
1276,0.846624603053202,0.629533529553959,0.0189619367121221,2.35681477889342,2.3342884335009,2.34610579277183,2.32163336108151,89.32
1277,0.852196120763618,0.629575999147556,0.0194311747948383,2.3491920420032,2.32498404974994,2.33219579906047,2.3000158541163,89.39
1278,0.857745394262555,0.629616612563329,0.019934822058515,2.34057706802851,2.3143759757459,2.31702959613918,2.27653423096026,89.46
1279,0.863269638479831,0.629655399036542,0.0204788578082961,2.33093402906855,2.30243167867589,2.3005614978936,2.25113482013563,89.53
1280,0.868765958683538,0.629692394729108,0.0210692624044421,2.32022724033682,2.28911849057415,2.28274605627653,2.2237648910451,89.6
1281,0.874231371112492,0.629727642029282,0.0217120074230518,2.30842118391211,2.27440382404643,2.26353835873716,2.1943731427442,89.67
1282,0.879662763937592,0.629761188883662,0.0224130449797465,2.29548049151686,2.25825523217937,2.24289434997152,2.16291019819496,89.74
1283,0.885056949044717,0.629793088160745,0.0231782961085203,2.28136994714004,2.24064031322441,2.22077114871698,2.12932913501263,89.81
1284,0.890410714431971,0.629823397045149,0.0240136380883533,2.26605484110754,2.22152712257042,2.19712730020909,2.09358605359609,89.88
1285,0.895720787015557,0.629852176461583,0.0249248906107233,2.24950104439274,2.20088488197604,2.17192314560063,2.05564068348671,89.95
1286,0.900983856340939,0.629879490527508,0.0259178006819899,2.23167528519716,2.17868447514413,2.14512124891452,2.01545702874562,90.02
1287,0.906196538907466,0.629905406033393,0.0269980261555731,2.21254559832882,2.15489900098265,2.11668685215789,1.97300405307627,90.09
1288,0.911355403517175,0.629929991949431,0.0281711177903204,2.19208128604752,2.12950408419782,2.08658835927131,1.92825640533829,90.16
1289,0.916456937357911,0.629953318957487,0.0294424997328668,2.17025296262126,2.10247857554777,2.05479784953973,1.88119518601187,90.23
1290,0.921497573233694,0.629975459007039,0.0308174483239435,2.14703304420026,2.07380501035094,2.02129165112072,1.83180875506709,90.3
1291,0.926473657654785,0.629996484893855,0.0323010691307015,2.12239641374808,2.04347015659571,1.9860510353696,1.78009358157828,90.37
1292,0.9313814802028,0.630016469860084,0.0338982721099143,2.09632096064857,2.01146550252579,1.94906285185803,1.72605513528916,90.44
1293,0.936217243885911,0.630035487214465,0.0356137448099323,2.06878826623049,1.97778801490402,1.9103201645999,1.66970882019187,90.51
1294,0.940977126989741,0.630053609971321,0.0374519235228991,2.0397841347285,1.94244077696472,1.86982291980567,1.61108095001627,90.58
1295,0.945657346229205,0.630070910507033,0.0394169322148328,2.00929903018841,1.90543356628449,1.82757864529064,1.55020973526291,90.65
1296,0.950254131006909,0.630087460232651,0.0415124289784249,1.97732841957017,1.86678340259974,1.78360318153351,1.48714622112392,90.72
1297,0.954763759285114,0.630103329281365,0.0437415404607128,1.94387353371213,1.82651527600899,1.73792144424956,1.42195535612769,90.79
1298,0.959182534788294,0.630118586209525,0.0461068240244485,1.90894215509475,1.7846627844591,1.69056821818827,1.35471713040581,90.86
1299,0.963506825954488,0.630133297709957,0.0486102274990609,1.87254937220489,1.74126895085306,1.6415889817043,1.28552775231916,90.93
1300,0.967733046351128,0.630147528336337,0.0512530464752343,1.83471818000559,1.69638700855589,1.59104076147092,1.21450086199484,91.0
1301,0.971857727059602,0.63016134023741,0.0540358791079721,1.79547980588771,1.65008118460724,1.53899298642488,1.1417687499475,91.07
1302,0.975877590829887,0.630174792899909,0.056958578404938,1.75487397130058,1.60242750976567,1.48552827973521,1.06748351855243,91.14
1303,0.979789537804494,0.630187942899029,0.0600202019894909,1.71294950972487,1.55351453387054,1.43074336806581,0.991818334418497,91.21
1304,0.983590693309567,0.630200843655408,0.0632189593410696,1.66976518983133,1.50344370444648,1.37475004646337,0.914968648560162,91.28
1305,0.987278397418023,0.630213545197567,0.0665521565302404,1.62539077302786,1.45233009896765,1.31767616703274,0.837153531677464,91.35
1306,0.990850256687588,0.630226093928869,0.0700161384807872,1.5799077025772,1.40030314789533,1.25966664937919,0.758617030748249,91.42
1307,0.994304137770647,0.630238532398088,0.0736062288077642,1.53340999468992,1.34750728623399,1.20088451050593,0.679629452710528,91.49
1308,0.997638223290108,0.630250899072735,0.0773166672975549,1.48600478854115,1.29410277196932,1.14150667628492,0.600480116176633,91.56
1309,1.00085100966864,0.630263228114402,0.0811405451146293,1.43781318535429,1.24026639798848,1.081704131132,0.521444205706838,91.63
1310,1.00394136729509,0.630275549155406,0.0850697679268544,1.38896971979042,1.18619053002632,1.02163790459414,0.442775414221273,91.7
1311,1.00690854270402,0.630287887076125,0.0890951373374255,1.33961673058112,1.13207447999215,0.961460300896619,0.364707218604104,91.77
1312,1.00975222313985,0.630300261782503,0.0932064605060014,1.28989805088864,1.0781135668451,0.901316012926169,0.287454239004377,91.84
1313,1.01247251308008,0.63031268798325,0.0973926881249285,1.23995517505233,1.0244909763645,0.841343208159569,0.211213527175668,91.91
1314,1.01506988289916,0.630325174966409,0.101642171197181,1.1899252973828,0.971373048156341,0.781674614010721,0.13616593041517,91.98
1315,1.01754511975863,0.630337726374997,0.10594294655163,1.13994188238432,0.918907956514939,0.72243857001048,0.0624774372773713,92.05
1316,1.0198992807154,0.630350339981575,0.110283021217296,1.09013586840162,0.867226337930593,0.663759893981607,-0.0096996185575363,92.12
1317,1.02213364803404,0.630363007461664,0.114650655871774,1.04063614832987,0.816442237829547,0.60576040945076,-0.0802254390846548,92.19
1318,1.02424971677183,0.630375714166069,0.119034647579399,0.99156950554956,0.766654043220064,0.548559071867228,-0.148971850549662,92.26
1319,1.02624927478894,0.630388438892232,0.12342458194258,0.943060153197864,0.717945399182906,0.492271540990076,-0.215821752762946,92.33
1320,1.02813439463014,0.630401153654915,0.127810994692292,0.895229446155848,0.670386107427877,0.437009046858906,-0.280668961556146,92.4
1321,1.02990739742132,0.630413823456564,0.132185593343883,0.848194620176844,0.624033005402827,0.382876607439623,-0.343418386320352,92.47
1322,1.03157081883109,0.630426406057883,0.136541388649761,0.802067518775632,0.578930824693029,0.329971017169798,-0.403986303839573,92.54
1323,1.03312737705579,0.630438851749233,0.140872796173726,0.756953215503143,0.535113027681933,0.278378965566973,-0.462300669961583,92.61
1324,1.03457994278222,0.630451103123639,0.145175708112801,0.712948439328315,0.492602621663851,0.228175464684779,-0.518301410438575,92.68
1325,1.03593151107898,0.630463094852277,0.149447445204003,0.67013889860363,0.451412949801076,0.17942279446998,-0.571940391363201,92.75
1326,1.03718517516483,0.63047475346351,0.153686679053518,0.628597818630197,0.411548458508444,0.132170566424221,-0.623180829580485,92.82
1327,1.03834410200008,0.630485997126621,0.157893355024611,0.5883863231219,0.373005441021965,0.0864564832178857,-0.671996384649481,92.89
1328,1.03941150964503,0.630496735441593,0.162068615708451,0.549554183947482,0.335772757068939,0.0423071916036936,-0.718370233897393,92.96
1329,1.04039064632868,0.630506869236399,0.166214724979114,0.512140546903974,0.299832528704406,-0.0002608924037927,-0.762294191220996,93.03
1330,1.04128477116941,0.630516290373454,0.170334992612323,0.476174632621218,0.2651608125128,-0.0412407865668553,-0.803767869941654,93.1
1331,1.04209713648919,0.63052488156699,0.174433699427305,0.441676411888578,0.231728248495678,-0.0806341739797886,-0.842797889863029,93.17
1332,1.04283097166247,0.630532516213337,0.178516022892239,0.408657254874262,0.199500686075872,-0.118450663268512,-0.879397128542273,93.24
1333,1.04348946844118,0.630539058236211,0.182587963116235,0.377120553874839,0.168439787745936,-0.154707077407772,-0.913584016656716,93.31
1334,1.0440757676974,0.630544361949294,0.186656269134602,0.34706231938756,0.138503610975764,-0.189426770983137,-0.945381877235825,93.38
1335,1.04459294752639,0.630548271938576,0.190728365379297,0.318471749442861,0.109647169069834,-0.222638975597167,-0.97481830842797,93.45
1336,1.045044012653,0.630550622967074,0.194812278212965,0.29133177226715,0.0818229717292638,-0.254378172999476,-1.00192460938194,93.52
1337,1.04543188508623,0.630551239904744,0.198916562392732,0.265619562469282,0.0549815461294534,-0.284683495415378,-1.02673524874777,93.59
1338,1.04575939596753,0.630549937686567,0.203050227319094,0.241307031057037,0.0290719092811612,-0.313598152452152,-1.04928737523315,93.66
1339,1.04602927856011,0.630546521301965,0.207222662915677,0.21836128969478,0.0040419624791841,-0.341168883878116,-1.06962036959439,93.73
1340,1.04624416232833,0.6305407858189,0.21144356497746,0.19674508970766,-0.0201609505406542,-0.367445437496402,-1.0877754373923,93.8
1341,1.0464065680577,0.630532516446166,0.215722859818153,0.176417236424462,-0.0435895614990586,-0.392480071271143,-1.10379524180486,93.87
1342,1.04651890396805,0.630521488637571,0.220070628041945,0.157332979531187,-0.0662962404881106,-0.416327078809039,-1.11772357575134,93.94
1343,1.04658346277445,0.6305074682419,0.224497027260638,0.139444380176613,-0.0883325728658063,-0.439042337255257,-1.1296050725615,94.01
1344,1.04660241965233,0.630490211702699,0.229012213574438,0.122700655637884,-0.109748949185359,-0.460682876623778,-1.13948495439768,94.08
1345,1.04657783106552,0.630469466312116,0.233626261633218,0.107048502409316,-0.13059416722999,-0.48130646955584,-1.14740881762694,94.15
1346,1.04651163441782,0.630444970523182,0.238349083095248,0.0924323986313097,-0.150915045243992,-0.500971240477336,-1.15342245432562,94.22
1347,1.04640564849104,0.630416454325113,0.243190343301625,0.0787948868197963,-0.170756045480949,-0.519735293113827,-1.15757170909546,94.29
1348,1.04626157463459,0.630383639686328,0.248159375987866,0.0660768378983673,-0.190158907224512,-0.537656355314846,-1.15990237036304,94.36
1349,1.04608099867364,0.630346241070088,0.25326509585832,0.0542176975690285,-0.20916228848067,-0.554791440139725,-1.16046009533758,94.43
1350,1.04586539350532,0.630303966027735,0.258515908855228,0.0431557160887585,-0.227801415588631,-0.571196522163639,-1.15929036779889,94.5
1351,1.0456161223541,0.630256515874724,0.263919619961773,0.0328281625439276,-0.246107740053834,-0.586926227975845,-1.15643848789182,94.57
1352,1.04533444265996,0.630203586454694,0.269483338387584,0.0231715247369486,-0.264108601968027,-0.602033539860473,-1.1519495931071,94.64
1353,1.04502151057461,0.630144868996982,0.275213379996138,0.0141216958168823,-0.281826899449647,-0.6165695116745,-1.14586870962907,94.71
1354,1.04467838604306,0.630080051073068,0.281115166846024,0.0056141488000342,-0.299280763612021,-0.630582995967355,-1.13824083323668,94.78
1355,1.04430603844968,0.630008817657521,0.287193123732272,-0.0024158998626624,-0.316483238646917,-0.644120381421455,-1.12911103894412,94.85
1356,1.04390535280959,0.629930852299082,0.29345057163026,-0.0100333365071175,-0.333441996784827,-0.657225339732361,-1.11852461856854,94.92
1357,1.04347713648784,0.629845838407562,0.299889617962611,-0.0173030050973659,-0.350159117985103,-0.669938581091931,-1.10652724541033,94.99
1358,1.04302212643042,0.62975346066228,0.306511043629459,-0.0242895695156277,-0.366630693516313,-0.682297617486791,-1.0931651652286,95.06
1359,1.04254099689247,0.629653406547731,0.31331418676437,-0.0310573821311547,-0.382846494092284,-0.694336533078116,-1.07848541268612,95.13
1360,1.0420343676504,0.629545368022193,0.320296823202139,-0.0376703574807593,-0.39878967254758,-0.706085760985881,-1.06253605242876,95.2
1361,1.04150281268564,0.629429043324889,0.327455043670889,-0.0441918498996096,-0.41443647115029,-0.717571865863192,-1.04536644394861,95.27
1362,1.04094686932894,0.629304138927278,0.334783127748856,-0.0506845339490505,-0.429755933857206,-0.728817331711886,-1.02702752936379,95.34
1363,1.04036704785469,0.629170371633903,0.342273414656878,-0.057210286497922,-0.444709623941085,-0.739840354460445,-1.00757214322154,95.41
1364,1.03976384151566,0.629027470838098,0.349916170990236,-0.0638300693263485,-0.459251347549666,-0.750654638899039,-0.987055343405042,95.48
1365,1.03913773700879,0.628875180937652,0.357699455528575,-0.0706038111353166,-0.473326883891206,-0.76126919964368,-0.965534762188702,95.55
1366,1.03848922536319,0.628713263915314,0.365608981299927,-0.0775902878618638,-0.486873752968946,-0.771688165882829,-0.943070976446906,95.62
1367,1.03781881324153,0.628541502088745,0.373627975114983,-0.0848470002183705,-0.499821051931783,-0.781910619831923,-0.919727926062586,95.69
1368,1.03712703464579,0.628359701034197,0.381737034829745,-0.0924300473952253,-0.512089120467837,-0.791930528997272,-0.895573439616256,95.76
1369,1.03641446301844,0.628167692687854,0.389913984640021,-0.100393995889366,-0.523589277223571,-0.801736591739721,-0.870679685673033,95.83
1370,1.03568172372907,0.627965338628326,0.398133728758227,-0.108791742446036,-0.534223598599705,-0.811312056422922,-0.845123608617676,95.9
1371,1.03492950693634,0.627752533543315,0.406368103873472,-0.117674370129519,-0.543884711437632,-0.820634544438498,-0.818987377820633,95.97
1372,1.03415858081377,0.627529208882967,0.414585760935975,-0.127090996567906,-0.552457406628452,-0.82967587741107,-0.79235884874557,96.04
1373,1.03336980512688,0.627295336701756,0.422752257301024,-0.137088613450599,-0.559829296629672,-0.838402390391052,-0.765332305301902,96.11
1374,1.03256411506021,0.627050933690176,0.430830540324361,-0.147712036742811,-0.565908412798396,-0.846778108472965,-0.738010895978172,96.18
1375,1.03174241510303,0.626796065396697,0.438781552239897,-0.159004087120208,-0.570633242234777,-0.854772231647877,-0.710512025730023,96.25
1376,1.03090556350378,0.626530850639683,0.446564926899091,-0.171005037006519,-0.573976108398724,-0.862367588779998,-0.682974257534546,96.32
1377,1.03005438710128,0.626255466108078,0.454139628636473,-0.18375228625038,-0.575942544318734,-0.869567383431113,-0.655563314452986,96.39
1378,1.02918966634195,0.625970151148703,0.461464654338759,-0.197280145364088,-0.576569577402814,-0.876399058401413,-0.628474471787619,96.46
1379,1.02831203029253,0.625675212736943,0.4684996791057,-0.211619605298932,-0.575925242512149,-0.882914195759441,-0.601927996597048,96.53
1380,1.02742194216095,0.625371000538801,0.475205766591532,-0.226798093138463,-0.574108239471892,-0.889183519146619,-0.576162324742482,96.6
1381,1.0265197151386,0.625057791883373,0.481545994314424,-0.242839213150998,-0.57124598870433,-0.895289344282448,-0.551424369755033,96.67
1382,1.02560549838007,0.624735767166132,0.48748602472253,-0.259762472707049,-0.567491955752525,-0.901318334749557,-0.527958253020479,96.74
1383,1.02467917293941,0.624405015502621,0.492994562506219,-0.277582992636085,-0.563020076086112,-0.907356276594473,-0.505996121559818,96.81
1384,1.02374033818682,0.624065540541581,0.498043758950268,-0.296311201671714,-0.558018413663981,-0.913485381686497,-0.485753305604861,96.88
1385,1.0227883285324,0.62371726643588,0.502609473626725,-0.315952514713015,-0.552681689080188,-0.919783155487152,-0.467426487933526,96.95
1386,1.02182223037665,0.623360043971151,0.506671363842504,-0.336506994714741,-0.547204358832512,-0.926321985293327,-0.451193346609012,97.02
1387,1.02084089929947,0.622993656853512,0.510212832365163,-0.357968998109852,-0.541774693535502,-0.933168875889491,-0.437212644590581,97.09
1388,1.01984297750422,0.622617828159017,0.513220954145057,-0.380326833851684,-0.536571626760557,-0.940385301215291,-0.425624371868355,97.16
1389,1.01882691153741,0.622232226948747,0.515686412421408,-0.403562466266651,-0.531764310938368,-0.948027080576191,-0.416549967342546,97.23
1390,1.01779097030851,0.621836475054495,0.517603444445767,-0.427651021227618,-0.527512210778999,-0.956144248200051,-0.410092527657476,97.3
1391,1.01673326343781,0.621430154041027,0.518969796991428,-0.45256033667661,-0.523965189576804,-0.964780915132335,-0.406336970707405,97.37
1392,1.01565175996354,0.6210128123517,0.519786691752641,-0.478250527859919,-0.521263585521142,-0.973975122567252,-0.405350151955659,97.44
1393,1.01454430744245,0.620583972644987,0.520058800674833,-0.504673537769203,-0.519538275307091,-0.98375868581854,-0.407180932030504,97.51
1394,1.0134086514802,0.620143139330027,0.519794231193197,-0.531772673510811,-0.518910722512986,-0.994157028244367,-0.4118601943935,97.58
1395,1.01224245573058,0.619689806309801,0.519004521296253,-0.559482219734403,-0.519493008381005,-1.00518900455155,-0.419400812195372,97.65
1396,1.01104332240418,0.61922346494086,0.517704614179459,-0.58772932654991,-0.521387842809225,-1.01686671302145,-0.429797563765067,97.72
1397,1.00980881332843,0.618743612218705,0.515912691930349,-0.616442505744487,-0.524688553530564,-1.02919529631739,-0.44302702658445,97.79
1398,1.00853647160251,0.618249759197988,0.513649867975573,-0.645556536852587,-0.529479051625554,-1.04217276074363,-0.459047570197107,97.86
1399,1.00722384389083,0.617741439656596,0.510939858313764,-0.675012701196564,-0.535833771682886,-1.05578990412633,-0.477799478558879,97.93
1400,1.00586850339956,0.617218219012391,0.507808661241399,-0.704757113145281,-0.543817585094723,-1.07003029217811,-0.499205202584149,98.0
1401,1.0044680735803,0.616679703501027,0.504284275232477,-0.734738353164014,-0.553485685142053,-1.08487034368705,-0.523169713874982,98.07
1402,1.00302025260472,0.616125549622648,0.500396544766629,-0.764905396530563,-0.564883442699493,-1.10027946465153,-0.549580900858212,98.14
1403,1.00152283865289,0.615555473864534,0.496177013249677,-0.795206861634465,-0.578046231564617,-1.11622029196152,-0.578310189570699,98.21
1404,0.999973725969175,0.61496923261818,0.491658692225309,-0.825590916852895,-0.592999252679418,-1.13264898700253,-0.609213330938699,98.28
1405,0.998370811549983,0.614366512120513,0.486875896747693,-0.856005335439777,-0.609757386694606,-1.14951570020655,-0.642131386958605,98.35
1406,0.99671199302791,0.61374690895032,0.481864025968595,-0.886397518837427,-0.628324833720538,-1.166765327691,-0.676892189169268,98.42
1407,0.994995197614887,0.613109940910148,0.476659408671143,-0.916713526546462,-0.648694780698164,-1.18433847062027,-0.713312332456487,98.49
1408,0.993218412054465,0.612455058213221,0.47129909276081,-0.946897347102899,-0.670849066228517,-1.20217256819376,-0.75119931615102,98.56
1409,0.991379713620545,0.611781654984049,0.465820698409223,-0.976891795173478,-0.694757812896076,-1.22020323541716,-0.790354016251169,98.63
1410,0.989477302198822,0.611089081082608,0.46026218374388,-1.00664007297068,-0.720379027415447,-1.238365957221,-0.830573763026794,98.7
1411,0.987509533485537,0.610376654262987,0.454661552493002,-1.03608763596242,-0.747658169142072,-1.25659832060991,-0.87165599750336,98.77
1412,0.985474953335969,0.609643672678233,0.449056472813521,-1.06518297986118,-0.776527687705726,-1.27484284617598,-0.913402450297196,98.84
1413,0.983372333292203,0.608889427743634,0.443483957055789,-1.09387831268162,-0.806906530753752,-1.29305008912962,-0.95562327478016,98.91
1414,0.981200677228644,0.608113217371104,0.437979981435161,-1.12213023314578,-0.8386996230239,-1.31118183034973,-0.998140897438519,98.98
1415,0.978959138961945,0.607314359587394,0.432579135206525,-1.14990213129599,-0.871797318212612,-1.32921402737146,-1.04079328796475,99.05
1416,0.976647031369963,0.60649220654879,0.427314088079367,-1.17716629621524,-0.906074855443299,-1.34713943572944,-1.08343677262852,99.12
1417,0.974263866859469,0.605646158964545,0.422215115952312,-1.20390537045635,-0.941391852404791,-1.36496866748599,-1.12594845401945,99.19
1418,0.971809399107254,0.604775680940707,0.417309624203301,-1.23011327202715,-0.977591596710434,-1.38272734023001,-1.16822763799317,99.26
1419,0.969283635995535,0.603880315255115,0.412621607814909,-1.25579588511915,-1.01450227424377,-1.40045178355643,-1.21019287012312,99.33
1420,0.966686763570674,0.602959668985484,0.408171378806545,-1.28097037635424,-1.05194768933242,-1.41818309196255,-1.25177662944945,99.4
1421,0.964019131463817,0.602013309323404,0.403975620716667,-1.30566259486612,-1.089765102891,-1.43596129869897,-1.29292029864318,99.47
1422,0.961281179419383,0.601040750108021,0.400047649417199,-1.32990433109019,-1.12781379385212,-1.45382141493832,-1.33357085603019,99.54
1423,0.958473455363768,0.600041468911775,0.396397789695213,-1.35373007275035,-1.1659737751317,-1.47178781328792,-1.37367664282364,99.61
1424,0.955596634743252,0.599014924599232,0.393033656746017,-1.37717397958434,-1.20414104526877,-1.48987510880303,-1.41318735153534,99.68
1425,0.952651450857863,0.597960575368356,0.389960402566231,-1.40026722663228,-1.24222223625391,-1.50809042214612,-1.45205504719968,99.75
1426,0.949638716705652,0.596877897283982,0.387180957195986,-1.42303634732232,-1.28013079566758,-1.52643515918238,-1.49023477810535,99.82
1427,0.946559348060843,0.595766403313157,0.384696264716806,-1.44550323772489,-1.31778587824686,-1.54490621661491,-1.52768495742418,99.89
1428,0.94341429750799,0.594625662871799,0.382505483863572,-1.46768588877762,-1.35511244406011,-1.56349691450744,-1.56436760681104,99.96
1429,0.940204579942084,0.593455321891384,0.380606093057852,-1.48959957529388,-1.39204166211729,-1.58219774601118,-1.60024855298764,100.03
1430,0.936931299254223,0.592255123413375,0.378994080403374,-1.51125771914575,-1.42851138006765,-1.60099697450167,-1.63529751781999,100.1
1431,0.933595585921274,0.591024898630016,0.377664128425673,-1.53267221572922,-1.46446602938391,-1.61988119864643,-1.66948819276928,100.17
1432,0.930198626006069,0.589764468200699,0.376609703364669,-1.55385337390679,-1.49985560610226,-1.63883588561364,-1.70279829826245,100.24
1433,0.926741691284521,0.588473634373582,0.375823229642006,-1.57480989044112,-1.53463490154607,-1.65784572222344,-1.73520950810657,100.31
1434,0.923226080214991,0.587152203740262,0.375296259357619,-1.59554855785634,-1.56876298393772,-1.67689472412785,-1.76670723934922,100.38
1435,0.919653120165718,0.585800010539319,0.37501954668846,-1.61607439758859,-1.60220308215522,-1.69596640417243,-1.79728042826754,100.45
1436,0.916024110525964,0.584416940512102,0.374983177780455,-1.6363908271623,-1.63492239096913,-1.71504397014035,-1.82692132283698,100.52
1437,0.912340357115736,0.583002955313731,0.37517663594911,-1.65650016217838,-1.66689224974037,-1.73411049199998,-1.85562529188098,100.59
1438,0.908603207607292,0.581558087393529,0.375588922718635,-1.67640391147208,-1.69808797306465,-1.75314894869603,-1.88339065104102,100.66
1439,0.904813997671669,0.58008234517022,0.376208614538006,-1.69610307601177,-1.72848884537351,-1.77214224505245,-1.91021847556488,100.73
1440,0.900974058264593,0.57857570902784,0.37702397572338,-1.7155983010722,-1.75807800914749,-1.79107319909452,-1.93611230967931,100.8
1441,0.897084663676824,0.577038157956832,0.378023007481739,-1.73488985157566,-1.78684248781774,-1.80992443992335,-1.96107789288067,100.87
1442,0.893147070763599,0.575469696752855,0.379193553578497,-1.75397774155458,-1.81477331357272,-1.82867836689179,-1.98512299334308,100.94
1443,0.889162559066954,0.573870383773615,0.380523342514325,-1.77286150623914,-1.84186506828593,-1.84731705004461,-2.00825716781452,101.01
1444,0.885132381544892,0.572240359253531,0.382000086781554,-1.79154039905092,-1.86811552974597,-1.86582219249195,-2.03049150803698,101.08
1445,0.881057776323122,0.570579844087423,0.383611519070343,-1.81001356219478,-1.89352536311211,-1.88417497451337,-2.05183837351913,101.15
1446,0.876939919095739,0.568889048905179,0.385345485997388,-1.82828002042314,-1.91809734614513,-1.90235574963569,-2.07231102019837,101.22
1447,0.872779966591337,0.567168173960086,0.387189949139592,-1.84633873869008,-1.94183585030924,-1.92034365320067,-2.09192318494624,101.29
1448,0.868579100819948,0.565417439651523,0.389132983855351,-1.86418781099332,-1.96474657769615,-1.93811600342742,-2.11068856550318,101.36
1449,0.864338483816722,0.563637117590622,0.391162866373887,-1.88182344235499,-1.9868364032551,-1.95564779622541,-2.12862031594774,101.43
1450,0.860059273299651,0.561827562204813,0.393268098929081,-1.89923923546997,-2.00811302134854,-1.97291135434422,-2.14573064771687,101.5
1451,0.855742578869522,0.559989212788531,0.395437493500207,-1.91642620332054,-2.02858454694958,-1.98987595078643,-2.16203035541541,101.57
1452,0.851389509169859,0.558122505818262,0.397660194016064,-1.93337260524105,-2.04825913151857,-2.00650719637018,-2.17752832737074,101.64
1453,0.847001219723571,0.556227878050549,0.399925787662938,-1.95006300484124,-2.06714453323831,-2.0227675158578,-2.19223197345877,101.71
1454,0.842578871162956,0.554305800219653,0.402224415228951,-1.96647820482718,-2.08524779190028,-2.03862021055032,-2.20615046556545,101.78
1455,0.838123648270941,0.552356811239152,0.404546790409225,-1.98259638996398,-2.10257606137345,-2.0540306692424,-2.21929561545317,101.85
1456,0.833636719461678,0.550381522811171,0.406884278688424,-1.99839427501442,-2.11913727566594,-2.06896647328389,-2.23168186416151,101.92
1457,0.829119257030081,0.548380534258035,0.409228885529471,-2.01384837839468,-2.13494055818553,-2.08339744944296,-2.24332634553635,101.99
1458,0.82457239779829,0.5463544380919,0.411573244287511,-2.02893560959549,-2.14999649440543,-2.09729564106801,-2.25424884310037,102.06
1459,0.819997264488905,0.544303856136087,0.413910694256622,-2.04363299026443,-2.16431738812051,-2.11063534853207,-2.26447163995534,102.13
1460,0.815394927453506,0.542229476099577,0.416235298543453,-2.05791735182299,-2.17791744092688,-2.12339311911276,-2.2740195020617,102.2
1461,0.810766457174906,0.540132058505619,0.418541922238837,-2.07176564187668,-2.19081264408783,-2.13554828852682,-2.28291925291374,102.27
1462,0.806112977260499,0.538012353786585,0.420826220555739,-2.08515550887012,-2.20302077367075,-2.14708482673353,-2.29119758521774,102.34
1463,0.801435627644082,0.535871110057901,0.423084597201702,-2.09806634592816,-2.21456115770128,-2.1579915096905,-2.29888023821788,102.41
1464,0.796735588414543,0.533709111382043,0.425314163152067,-2.11048022261666,-2.22545412475154,-2.16826165094722,-2.30599169773465,102.48
1465,0.792014043899894,0.531527186333545,0.427512695889025,-2.12238222358844,-2.23572031414092,-2.17789281450757,-2.31255502731118,102.55
1466,0.78727220733636,0.529326126675392,0.429678599158776,-2.13376043513912,-2.24538014826254,-2.18688671969739,-2.3185917397634,102.62
1467,0.782511285750139,0.527106696658409,0.431810863287024,-2.14460627195941,-2.25445352683906,-2.19524909737896,-2.32412170871757,102.69
1468,0.777732505380975,0.524869672753881,0.433908995994046,-2.15491457263153,-2.26295950203888,-2.202989557658,-2.32916321001064,102.76
1469,0.772937077274741,0.522615853630046,0.435972863552316,-2.16468319323476,-2.27091647567297,-2.2101215592426,-2.333733002331,102.83
1470,0.768126223373933,0.52034598018299,0.43800262282237,-2.17391264073365,-2.27834237654932,-2.21666181835137,-2.33784686799783,102.9
1471,0.763301142733196,0.518060746134057,0.439998683994092,-2.18260586653941,-2.28525463712547,-2.22262822420983,-2.34152148611861,102.97
1472,0.758463038188868,0.515760839004957,0.441961673942992,-2.19076800962219,-2.2916703602762,-2.2280391191735,-2.3447748396763,103.04
1473,0.753613083109872,0.513446951282464,0.44389240019415,-2.19840566789321,-2.29760658559793,-2.23291316087553,-2.34762614913873,103.11
1474,0.748752448559279,0.511119701584833,0.445791845570386,-2.20552584820524,-2.30308065494037,-2.23726925457742,-2.35009581366924,103.18
1475,0.743882270494348,0.508779646343977,0.447661253685477,-2.21213570810077,-2.30811043615462,-2.24112706687729,-2.35220484810029,103.25
1476,0.739003677334921,0.50642732181678,0.449502124738152,-2.21824257769114,-2.31271422421816,-2.24450887262578,-2.3539727622338,103.32
1477,0.734117757528681,0.504063256239919,0.451316181759848,-2.22385495355462,-2.31691028932634,-2.2474398462679,-2.35541689086663,103.39
1478,0.72922558744388,0.501687891943041,0.45310530728923,-2.22898344153613,-2.32071622206028,-2.24994733878711,-2.35655278305106,103.46
1479,0.724328199218937,0.49930159793732,0.454871390267154,-2.2336411969759,-2.32414855670665,-2.25205826725499,-2.35739595115304,103.53
1480,0.719426608900435,0.496904712795925,0.456616263644834,-2.23784374182427,-2.32722255206234,-2.25379828720277,-2.35796215117694,103.6
1481,0.714521784499933,0.494497587731886,0.458341672495888,-2.24160806814161,-2.32995264091703,-2.25519157390998,-2.35826718697039,103.67
1482,0.709614674302224,0.492080599779404,0.460049242511528,-2.24495190025051,-2.33235291609505,-2.25626064048121,-2.35832674951674,103.74
1483,0.704706175056582,0.489654074896779,0.461740478935217,-2.24789305505975,-2.33443744218031,-2.25702628253814,-2.35815638129345,103.81
1484,0.699797160384886,0.487218301510702,0.463416856082886,-2.25044926129484,-2.33622036258124,-2.2575075889452,-2.35777150523774,103.88
1485,0.694888449039443,0.484773574320554,0.465079816894949,-2.25263819661225,-2.33771583176944,-2.25772204828121,-2.35718754812672,103.95
1486,0.689980833345716,0.482320208181911,0.466730742668943,-2.25447771218944,-2.33893819366463,-2.25768560027334,-2.35641997756665,104.02
1487,0.685075047464219,0.479858461888484,0.468370923034553,-2.25598558254109,-2.33990207494523,-2.2574127522284,-2.35548434257614,104.09
1488,0.680171795808251,0.477388552373332,0.470001556233897,-2.25717956252067,-2.34062254346385,-2.25691663982273,-2.35439640774686,104.16
1489,0.675271721253245,0.474910699149213,0.471623839859221,-2.25807714943197,-2.34111491027508,-2.2562091523391,-2.35317223026229,104.23
1490,0.670375433475986,0.472425138808569,0.473238971499804,-2.25869526054476,-2.34139471658295,-2.25530100176252,-2.3518282998403,104.3
1491,0.665483477061147,0.469932049403705,0.474848119451858,-2.25904964517345,-2.34147790533209,-2.25420188595868,-2.35038162095864,104.37
1492,0.660596359715082,0.467431565229445,0.47645242364536,-2.25915448233079,-2.34138060549442,-2.2529206855655,-2.34884988750386,104.44
1493,0.65571452022612,0.464923821829546,0.478053086942143,-2.25902216367361,-2.34111894999257,-2.25146569442243,-2.34725168936073,104.51
1494,0.650838356513123,0.462408971048897,0.479651406345801,-2.25866326148524,-2.34070907740781,-2.24984542495525,-2.34560620904321,104.58
1495,0.64596819340347,0.459887105953546,0.481248864452484,-2.25808710269904,-2.34016731718141,-2.24807071046948,-2.34393132487441,104.65
1496,0.641104310484224,0.457358276142382,0.482847130680279,-2.25730249745473,-2.33951034740338,-2.24615512550825,-2.3422429787082,104.72
1497,0.636246909669675,0.454822533273281,0.484448032425869,-2.25631847157841,-2.33875478331442,-2.24411495767434,-2.34055493532782,104.79
1498,0.631396142831181,0.452279946627268,0.486053526206122,-2.255144972737,-2.33791697850193,-2.24196912181161,-2.33887872262047,104.86
1499,0.6265520791347,0.449730528534264,0.487665668751715,-2.2537933996639,-2.3370125871749,-2.23973916669076,-2.33722354166527,104.93
1500,0.621714762521967,0.447174250185704,0.489286588017556,-2.25227680383571,-2.33605609783794,-2.23744931368249,-2.33559629696573,105.0
1501,0.616884269070747,0.444611087658338,0.490918423985251,-2.25060982356926,-2.3350605486971,-2.23512649694119,-2.33400174666015,105.07
1502,0.612060673970015,0.442041037974125,0.492563179043925,-2.24880886179472,-2.33403718383516,-2.23279959229335,-2.33244286284829,105.14
1503,0.607244078547418,0.439464045021202,0.494222658437548,-2.24689286829257,-2.33299550123781,-2.23049614943451,-2.33092203378933,105.21
1504,0.602434576996667,0.436880015862488,0.495898440567347,-2.24488346241189,-2.33194336150268,-2.22824129051977,-2.32944121238748,105.28
1505,0.597632283154053,0.434288867257472,0.497591847029079,-2.24280394461159,-2.33088730749795,-2.22605730035565,-2.32800161267619,105.35
1506,0.59283729697137,0.431690542223266,0.499303912356791,-2.24067806898107,-2.32983285412605,-2.2239634263374,-2.32660343567001,105.42
1507,0.588049731034233,0.429084936460958,0.501035353449249,-2.23852887720087,-2.32878453745935,-2.22197576737928,-2.3252458351771,105.49
1508,0.583269676772969,0.4264719151748,0.502786538660511,-2.23637783421931,-2.3277462948148,-2.22010731166603,-2.3239269430426,105.56
1509,0.578497230715071,0.423851360110663,0.504557486629458,-2.23424435549529,-2.3267216040178,-2.21836812293491,-2.32264392375015,105.63
1510,0.573732460426593,0.421223186640584,0.506347955017117,-2.23214575550871,-2.32571326143306,-2.21676555470222,-2.32139314867856,105.7
1511,0.568975430491716,0.418587270720054,0.508157438624846,-2.23009731631097,-2.3247235809808,-2.21530446216446,-2.32017039980091,105.77
1512,0.564226168178315,0.415943466246121,0.509985167160896,-2.22811241562745,-2.32375411145588,-2.21398741164064,-2.3189710728033,105.84
1513,0.559484689139351,0.41329165264305,0.511830192927672,-2.22620241335832,-2.32280541368769,-2.21281488746736,-2.31779034961118,105.91
1514,0.554750962798633,0.410631752502593,0.513691387916991,-2.22437641658761,-2.32187692760136,-2.21178549629998,-2.31662328023026,105.98
1515,0.550024937771636,0.407963659105559,0.515567440593624,-2.22264125386091,-2.32096689908278,-2.21089616881021,-2.31546495451516,106.05
1516,0.545306506971008,0.405287254352616,0.517456942650656,-2.22100156830433,-2.32007212595601,-2.21014232871719,-2.3143106736915,106.12
1517,0.540595562836348,0.402602456930749,0.519358385233749,-2.2194601798997,-2.31918788415818,-2.20951796903143,-2.31315600136852,106.19
1518,0.535892052426918,0.399909240541936,0.521270124835202,-2.2180185663925,-2.31830833504704,-2.20901578603246,-2.311996814478,106.26
1519,0.53119594211585,0.397207562020008,0.523190348972851,-2.21667710172756,-2.31742687234637,-2.20862722065,-2.31082944448241,106.33
1520,0.526507242325561,0.394497379862708,0.525117071771312,-2.21543511216058,-2.31653625839487,-2.20834249764303,-2.3096507284,106.4
1521,0.521825971953984,0.391778703004214,0.527048219653736,-2.21429087038943,-2.31562897104559,-2.20815075299477,-2.30845805997621,106.47
1522,0.517152182842449,0.389051609653318,0.528981626653344,-2.2132415277173,-2.31469767108228,-2.20804009926081,-2.30724953132124,106.54
1523,0.512485923933896,0.386316176021587,0.530915029645372,-2.2122832249811,-2.31373542923443,-2.20799777950493,-2.3060240146221,106.61
1524,0.507827265471485,0.383572495466622,0.532846153801663,-2.21141126194499,-2.31273586336139,-2.20801034986141,-2.30478130431393,106.68
1525,0.503176262885755,0.380820697785834,0.534772707782227,-2.21062056593022,-2.31169351689523,-2.20806383077809,-2.30352219937994,106.75
1526,0.49853298072007,0.378060878395834,0.536692378967974,-2.20990564739619,-2.31060408751598,-2.20814376700689,-2.30224864613401,106.82
1527,0.493897456242379,0.37529311792161,0.538602919039188,-2.20926034344162,-2.30946495747288,-2.20823513641868,-2.30096367068186,106.89
1528,0.48926972309313,0.372517532018294,0.540502169502606,-2.20867774046611,-2.30827542387339,-2.2083215964125,-2.29967095058714,106.96
1529,0.484649774617705,0.36973429124845,0.542388147558521,-2.20815009557724,-2.30703659889871,-2.20838557257833,-2.298374898233,107.03
1530,0.480037587233765,0.366943550837316,0.544259071995711,-2.20766893739447,-2.30575122066058,-2.20840861824185,-2.297080985023,107.1
1531,0.475433083482672,0.364145470829437,0.546113449500811,-2.20722504551236,-2.3044233145045,-2.20837177441761,-2.29579597537582,107.17
1532,0.47083618520412,0.361340236380673,0.547950101063137,-2.20680806807412,-2.30305788523718,-2.20825590041494,-2.2945281305898,107.24
1533,0.466246866572061,0.358527987919469,0.549768248852715,-2.20640583779858,-2.30166118178537,-2.20804191526242,-2.29328741254218,107.31
1534,0.46166511673002,0.355708841700583,0.551567543241663,-2.2060042291058,-2.30024072182672,-2.20771161222557,-2.29208520566986,107.38
1535,0.457090962464962,0.352882940573217,0.553348150333776,-2.20558770699981,-2.29880537715672,-2.2072498591281,-2.29093250398253,107.45
1536,0.452524430568983,0.350050474785878,0.555110749569735,-2.20514002638297,-2.29736533912965,-2.20664499550066,-2.28983918053956,107.52
1537,0.447965570239305,0.34721161264988,0.556856531668147,-2.2046452926944,-2.2959320843642,-2.20588866042544,-2.28881367726473,107.59
1538,0.443414415165173,0.344366521584578,0.558587257065566,-2.20408869214479,-2.29451764851244,-2.2049756530421,-2.28786281404413,107.66
1539,0.438871005651742,0.341515389278081,0.560305134132072,-2.20345683165724,-2.29313374946605,-2.20390388604189,-2.28699165678009,107.73
1540,0.434335350429401,0.338658354697187,0.562012757832763,-2.20273823035906,-2.29179151197817,-2.20267428180513,-2.28620350445377,107.8
1541,0.42980744849881,0.335795529469688,0.563713078707743,-2.20192381242664,-2.29050140234975,-2.20129079174675,-2.28549990484198,107.87
1542,0.425287250660531,0.332927019373308,0.565409372036148,-2.20100722096256,-2.28927298183957,-2.19976053885281,-2.28488069882839,107.94
1543,0.420774711168016,0.330052855666038,0.567105177043299,-2.19998519376977,-2.28811468922354,-2.19809390281017,-2.28434418354448,108.01
1544,0.416269839241473,0.327173016782475,0.568804145916622,-2.1988574896451,-2.28703362224378,-2.19630466795122,-2.28388730407929,108.08
1545,0.411772660180194,0.32428748022011,0.570509983093196,-2.1976266360408,-2.28603555849753,-2.19441011347501,-2.28350584370036,108.15
1546,0.407283236511815,0.321396244440341,0.57222641457775,-2.19629788923952,-2.28512482449725,-2.19243119613424,-2.28319461264072,108.22
1547,0.402801628827183,0.318499260609135,0.573957127048877,-2.19487934682184,-2.28430443402613,-2.19039273481254,-2.28294763552709,108.29
1548,0.398327916650633,0.315596454703864,0.575705616510966,-2.19338230259412,-2.28357592404393,-2.1883229647709,-2.28275878885856,108.36
1549,0.393862158993696,0.312687749723997,0.577475126952046,-2.19182118189987,-2.28293927922931,-2.18625146822201,-2.28262373109761,108.43
1550,0.389404414941752,0.309772997743733,0.579268588681471,-2.19021314737379,-2.28239297521919,-2.18420842932531,-2.28254023705728,108.5
1551,0.384954703921657,0.306852002334512,0.581088466025904,-2.18857734479183,-2.28193465203623,-2.18222446087808,-2.28250801981967,108.57
1552,0.380513026000254,0.303924571184546,0.582936724945204,-2.18693424002524,-2.28156172571258,-2.18033049066706,-2.28252858180554,108.64
1553,0.376079321862494,0.300990538743333,0.584814920523806,-2.18530519719378,-2.2812719381505,-2.17855701491042,-2.28260461359697,108.71
1554,0.371653522907864,0.298049698719116,0.58672419368783,-2.18371196668486,-2.28106372491413,-2.17693112358533,-2.28273770689141,108.78
1555,0.367235601202907,0.295101826958788,0.588665237295268,-2.18217593221587,-2.28093582932524,-2.17547578016928,-2.28292778145764,108.85
1556,0.362825529027745,0.29214670445075,0.590638291754226,-2.18071705637401,-2.28088667438371,-2.17420988101043,-2.2831731128211,108.92
1557,0.358423298455835,0.289184050191537,0.592643230332119,-2.17935318618035,-2.28091406420396,-2.17314846206973,-2.28347047927625,108.99
1558,0.354028880616524,0.286213544446679,0.594679553624953,-2.17809986875872,-2.28101536543521,-2.1723030226058,-2.28381533799376,109.06
1559,0.349642244991547,0.283234882235373,0.596746383452132,-2.17697058652438,-2.2811875669504,-2.17168178500339,-2.28420200019222,109.13
1560,0.345263318395046,0.280247796869122,0.598842546448975,-2.17597729126034,-2.28142730811422,-2.17129001088831,-2.28462380545598,109.2
1561,0.340892003988667,0.277251993374359,0.600966566846258,-2.17513054481882,-2.28173099603542,-2.17113022294057,-2.28507329530122,109.27
1562,0.336528139982127,0.274247172330355,0.603116658721111,-2.17443962728425,-2.28209480124963,-2.17120239248573,-2.28554238611002,109.34
1563,0.332171548459702,0.27123305386455,0.60529080800911,-2.17391282302077,-2.28251447172223,-2.17150409281805,-2.28602251147881,109.41
1564,0.327822084072282,0.268209311547439,0.607486763783239,-2.17355713224301,-2.28298511567943,-2.17203055808048,-2.28650467395125,109.48
1565,0.323479592334866,0.265175596718605,0.609702029099268,-2.1733780698912,-2.28350140466092,-2.17277482827109,-2.28697955672867,109.55
1566,0.31914392797087,0.262131593074275,0.61193394171136,-2.17337967203573,-2.2840577455658,-2.17372792028623,-2.28743757516918,109.62
1567,0.314814912955085,0.259077041347088,0.614179664176436,-2.17356461944846,-2.28464830143679,-2.1748789649501,-2.28786901868232,109.69
1568,0.310492354608935,0.256011673908277,0.616436173658529,-2.17393423756565,-2.28526698143437,-2.17621525001712,-2.28826419292834,109.76
1569,0.306176003400281,0.252935239823446,0.618700341747562,-2.17448834270669,-2.28590733993084,-2.17772234986936,-2.28861347223416,109.83
1570,0.301865600890016,0.249847530103562,0.620968923820542,-2.17522508496338,-2.28656217422057,-2.17938428196278,-2.28890744292702,109.9
1571,0.297560927566616,0.24674831289243,0.623238548264852,-2.17614072758848,-2.28722330236751,-2.18118366019457,-2.28913704749593,109.97
1572,0.293261760310032,0.243637359120965,0.625505795885392,-2.17722894168923,-2.28788155140829,-2.18310184547949,-2.28929363948744,110.04
1573,0.288967889927606,0.240514498456901,0.627767189029897,-2.17848078971666,-2.28852692597102,-2.18511909384873,-2.28936912982531,110.11
1574,0.284679078415105,0.237379645378493,0.63001918075733,-2.17988497663682,-2.2891489273872,-2.18721470240741,-2.28935616453423,110.18
1575,0.280395106385378,0.234232735199742,0.632258234375337,-2.18142800789191,-2.28973699338834,-2.18936715350648,-2.28924830392548,110.25
1576,0.276115820405632,0.231073750575228,0.634480842971946,-2.18309473575829,-2.29028114883883,-2.19155428759027,-2.28904020337669,110.32
1577,0.271841089983981,0.227902748222441,0.636683609356189,-2.18486890320295,-2.29077217567613,-2.19375356528297,-2.28872776573366,110.39
1578,0.267570824646779,0.224719795598733,0.638863266119824,-2.18673347489623,-2.29120172346591,-2.19594223858692,-2.2883082052549,110.46
1579,0.263304930758145,0.221524998058317,0.641016756232321,-2.1886702742698,-2.29156236073833,-2.19809749177464,-2.28778020369894,110.53
1580,0.259043328434333,0.218318526224919,0.643141223789226,-2.19065979947225,-2.29184765751908,-2.20019640194615,-2.28714394799018,110.6
1581,0.254785908203706,0.215100553314874,0.645234005232322,-2.19268188048108,-2.2920521186628,-2.20221535861101,-2.28640071852206,110.67
1582,0.250532577852487,0.211871282934152,0.647292711356283,-2.19471588394892,-2.29217126898246,-2.20413002586854,-2.28555293072703,110.74
1583,0.246283309194947,0.208630977082898,0.649315249711091,-2.1967404962354,-2.29220167965945,-2.20591551664752,-2.28460432901286,110.81
1584,0.242038094506429,0.205379894100603,0.651299907794145,-2.1987338371908,-2.29214093601524,-2.20754665909353,-2.28356018258246,110.88
1585,0.237796963058405,0.202118317073645,0.653245346630993,-2.20067381481265,-2.29198751661872,-2.20899817502593,-2.28242748306912,110.95
1586,0.233559937404814,0.198846582437329,0.655150564951061,-2.20253826985341,-2.29174073421197,-2.2102448611815,-2.28121514389138,111.02
1587,0.229327049770135,0.195565018504045,0.657014894158092,-2.20430524174272,-2.29140064821876,-2.21126183387608,-2.279934171113,111.09
1588,0.225098298187878,0.192273974437976,0.658838084288831,-2.20595278455648,-2.29096815946263,-2.21202459683661,-2.27859774547122,111.16
1589,0.220873692827633,0.188973849407198,0.660620300445451,-2.20745887500899,-2.29044513665447,-2.21250965475795,-2.27722088440937,111.23
1590,0.216653302247409,0.185665031643606,0.662362089881674,-2.20880147303989,-2.28983469498397,-2.21269654556855,-2.27581851045596,111.3
1591,0.212437209307802,0.182347927929969,0.664064379915147,-2.20995897609507,-2.2891408144118,-2.21256822287584,-2.27440472384275,111.37
1592,0.208225527185456,0.179022993243852,0.665728566831657,-2.2109107666209,-2.28836777901108,-2.21211102255591,-2.27299264725255,111.44
1593,0.204018355133426,0.175690670287826,0.667356515237828,-2.21163734166892,-2.28752009921767,-2.21131463502347,-2.2715944212146,111.51
1594,0.199815794337377,0.17235141942423,0.668950528012557,-2.21212047629846,-2.28660264612281,-2.21017199316565,-2.270221199472,111.58
1595,0.195617903514937,0.169005748743274,0.670513316911336,-2.21234351139212,-2.28562066676135,-2.20867925665246,-2.26888305383894,111.65
1596,0.191424744695079,0.165654153992893,0.672047973781962,-2.21229152551034,-2.28457962013201,-2.206835832576,-2.26758896887296,111.72
1597,0.187236428913195,0.162297148887698,0.673557942342785,-2.21195136099763,-2.28348498429433,-2.20464440240009,-2.26634686600494,111.79
1598,0.183053071557429,0.158935295524814,0.675046960380035,-2.21131171522385,-2.28234239549662,-2.20211095523087,-2.26516362687693,111.86
1599,0.178874807803024,0.155569144634095,0.676518912126791,-2.2103635980748,-2.28115748739376,-2.19924482735982,-2.26404511574466,111.93
1600,0.174701747781633,0.152199236091318,0.677977771282877,-2.20910082493011,-2.27993585148159,-2.19605874797111,-2.26299623090819,112.0
1601,0.170533991834221,0.148826039333573,0.679427574430308,-2.2075202444119,-2.27868302838302,-2.19256892093212,-2.26202104524012,112.07
1602,0.166371585494586,0.145449984105843,0.680872394684897,-2.20562179127833,-2.27740440953426,-2.18879520261272,-2.26112288528392,112.14
1603,0.162214564640479,0.142071491267071,0.682316315511237,-2.20340851495746,-2.27610535004847,-2.18476119491377,-2.26030446919944,112.21
1604,0.158063000548152,0.138690913384698,0.683763374539887,-2.20088667398554,-2.27479158292251,-2.18049434340942,-2.25956798314437,112.28
1605,0.153916954586444,0.135308565636574,0.685217417137777,-2.19806601664547,-2.27346906194472,-2.17602613043985,-2.25891521639302,112.35
1606,0.149776492987805,0.131924756750606,0.686682040185697,-2.19495988663874,-2.27214401548176,-2.1713917007286,-2.25834811620549,112.42
1607,0.145641641344267,0.128539729713244,0.688160565818175,-2.19158527396556,-2.27082248893131,-2.16662798623818,-2.25787084557081,112.49
1608,0.141512399178153,0.125153692767674,0.689655984885468,-2.18796266033353,-2.2695101279227,-2.16177234551196,-2.2574896429935,112.56
1609,0.137388694236154,0.121766850434125,0.69117083999012,-2.18411505703419,-2.26821271364818,-2.15685918947174,-2.25721015328379,112.63
1610,0.133270426945515,0.11837934428525,0.692707288746226,-2.18006683667504,-2.26693657767749,-2.1519189557256,-2.25703662205386,112.7
1611,0.129157514770345,0.114991283999401,0.694267106513532,-2.17584208756553,-2.26568823422012,-2.14697801664547,-2.2569717803998,112.77
1612,0.125049846206543,0.111602778425978,0.69585165865516,-2.1714630619888,-2.26447371112587,-2.14205879855968,-2.25701696837689,112.84
1613,0.120947294855591,0.108213876397627,0.697461902462394,-2.16695001170078,-2.26329800073585,-2.13718014167191,-2.25717228660478,112.91
1614,0.116849673228279,0.104824597813823,0.699098478897345,-2.16232159788715,-2.26216505170515,-2.1323575693357,-2.25743665562683,112.98
1615,0.112756776719399,0.101434964731681,0.700761713609606,-2.15759488231645,-2.26107779021556,-2.12760343625571,-2.25780793346036,113.05
1616,0.108668427493497,0.0980449422004183,0.702451587390754,-2.15278514005429,-2.260038411209,-2.12292716594933,-2.25828297100594,113.12
1617,0.10458442802208,0.0946544693655323,0.704167736236371,-2.14790588457166,-2.25904833783339,-2.11833551706919,-2.25885775579296,113.19
1618,0.10050457471424,0.0912634905800964,0.705909541191343,-2.14296895453273,-2.25810854107909,-2.11383284832818,-2.25952758394232,113.26
1619,0.0964286112933191,0.0878718962610022,0.707676157546158,-2.13798460184268,-2.25721961782482,-2.10942138190397,-2.2602872303305,113.33
1620,0.0923562723620567,0.0844795540176663,0.709466603746166,-2.13296158074137,-2.25638168745085,-2.10510146524367,-2.26113108695178,113.4
1621,0.0882873268975305,0.0810863698796253,0.711279759590172,-2.12790729793318,-2.25559431762284,-2.10087183122769,-2.26205320939686,113.47
1622,0.0842215314174127,0.0776923194498101,0.713114333911543,-2.1228281439452,-2.25485635889368,-2.09672982659796,-2.26304745207556,113.54
1623,0.0801586432604323,0.0742973888096393,0.71496886193758,-2.117729704702,-2.25416613944736,-2.09267154849745,-2.26410760202715,113.61
1624,0.076098373634542,0.0709016057028895,0.716841792525903,-2.11261706381492,-2.25352162886473,-2.08869203960681,-2.26522739107807,113.68
1625,0.0720404308758843,0.0675050707353188,0.718731484777731,-2.10749480434391,-2.25292075146704,-2.08478542159738,-2.26640050681002,113.75
1626,0.0679845636605078,0.064107898326314,0.72063620431921,-2.10236698072945,-2.25236124751869,-2.08094511742803,-2.26762069271468,113.82
1627,0.0639305139107859,0.0607102178494967,0.72255420954359,-2.09723727142608,-2.25184059381834,-2.0771640723283,-2.26888178721014,113.89
1628,0.0598780298398368,0.057312114609364,0.724483747318986,-2.09210892102342,-2.25135583328067,-2.07343488332268,-2.27017782198277,113.96
1629,0.0558268187876649,0.0539136610903812,0.726423048456332,-2.08698453196397,-2.25090331355496,-2.06974998786156,-2.27150305941454,114.03
1630,0.0517765902923295,0.0505149482137556,0.728370413232338,-2.08186591641378,-2.25047860552417,-2.06610179134108,-2.27285208955429,114.1
1631,0.0477270991381145,0.0471160263373097,0.730324206472848,-2.07675388788846,-2.2500765114874,-2.06248285399894,-2.27421983629774,114.17
1632,0.0436780981226775,0.0437169365233269,0.732282852490407,-2.07164814304122,-2.24969161442158,-2.05888601697178,-2.27560156313693,114.24
1633,0.03962938107404,0.0403177418101883,0.734244920168781,-2.06654732386161,-2.24931879674786,-2.05530464817435,-2.27699299892163,114.31
1634,0.0355808258586188,0.0369184682238266,0.736209147783977,-2.06144968151842,-2.24895351808489,-2.05173300812905,-2.2783904934547,114.38
1635,0.0315323471207065,0.0335191360543334,0.738174527938438,-2.0563537401148,-2.24859212287,-2.04816652525035,-2.27979117291033,114.45
1636,0.0274839091943724,0.030119791134018,0.740140332280031,-2.05125841880627,-2.24823208766622,-2.04460201077466,-2.2811930650528,114.52
