,"x(Wd,We)","y(Wd,We)","theta(Wd,We)",Wd_true,We_true,Wd,We,tempo
0,-0.0346594596377132,1.40000000000021,0.0114513553598621,0.374712332339942,0.313735245252737,2.07830615412959,2.1033681687669,0.0
1,-0.0304692465872099,1.40000000000216,0.0116298036070895,0.438449604373139,0.379875415036938,2.08651250005416,2.11226190336279,0.07
2,-0.0262783161672372,1.40000000000411,0.0118080101357908,0.502178792667791,0.446008778115858,2.09468205968178,2.12111832175232,0.14
3,-0.0220855052428102,1.40000000000606,0.0119855577341241,0.565885025764445,0.51212261401158,2.10278168512692,2.12990335670357,0.21
4,-0.0178891762918418,1.40000000000801,0.0121618160265731,0.629544366623977,0.578196150672782,2.11078247682257,2.13858671206337,0.28
5,-0.0136872931013403,1.40000000000996,0.0123359382706429,0.693122662634488,0.644199371008533,2.11865963738759,2.14714170425545,0.35
6,-0.0094774965283164,1.4000000000119,0.0125068581774812,0.756574486758555,0.710091820177368,2.12639232726601,2.15554510560334,0.42
7,-0.0052571803619314,1.40000000001385,0.0126732867717224,0.819842350966993,0.775821414177209,2.13396352258625,2.16377698996011,0.49
8,-0.0010235673292441,1.40000000001579,0.0128337393975306,0.88285691488683,0.841323250469956,2.14135987561693,2.17182058106481,0.56
9,0.0032262147086177,1.40000000001773,0.0129866831571896,0.945540958770783,0.906518421584627,2.14857145777617,2.17966204381039,0.63
10,0.0074950563199651,1.40000000001967,0.0131306844577172,1.0078088479051,0.971312923137371,2.15559099429568,2.18729003820005,0.7
11,0.0117857897740924,1.4000000000216,0.0132644363418649,1.06956133941344,1.03559674795952,2.16241298186168,2.19469524685748,0.77
12,0.0161011119689418,1.40000000002352,0.0133867558924414,1.13068175056116,1.09924244592754,2.16903329112083,2.20187005682316,0.84
13,0.0204435069639511,1.40000000002543,0.0134966119090235,1.19103580711869,1.16210387359144,2.17544898336243,2.20880839580609,0.91
14,0.0248151680696595,1.40000000002733,0.0135932129660234,1.25047391020569,1.22401823494023,2.18165798039918,2.21550554250239,0.98
15,0.0292179495371681,1.40000000002921,0.0136759151687246,1.30883741868295,1.28481938918288,2.18765870805162,2.22195785091565,1.05
16,0.0336534079834577,1.40000000003108,0.0137441903235937,1.36597111608913,1.34434816686436,2.19345055573072,2.22816296043166,1.12
17,0.0381227830803472,1.40000000003291,0.0137976244468786,1.42173617837001,1.40246038930258,2.19903409907576,2.23411985987072,1.19
18,0.0426270679176641,1.40000000003472,0.0138359466210264,1.47601973375984,1.45903346673962,2.20441072460497,2.2398286250335,1.26
19,0.0471670787548704,1.40000000003649,0.0138591182940321,1.52873457852008,1.51396880971964,2.209582077598,2.24529004037364,1.33
20,0.0517434338798484,1.40000000003823,0.0138672423245793,1.57981452653916,1.56719098861926,2.21454978450234,2.25050543576174,1.4
21,0.0563565919987822,1.40000000003991,0.0138605324756998,1.6292094261351,1.61864499705861,2.21931554009825,2.25547664806382,1.47
22,0.0610068297949555,1.40000000004154,0.0138392831797531,1.67688255316698,1.66829243293367,2.22388143904156,2.26020619777369,1.54
23,0.0656942789991515,1.40000000004311,0.0138037793955147,1.72280634961327,1.71610602640591,2.22825013052465,2.26469737978826,1.61
24,0.0704189026156754,1.4000000000446,0.0137543872540776,1.76696096127421,1.76206471196272,2.23242485619289,2.26895420810443,1.68
25,0.0751805306525388,1.40000000004602,0.0136915847864112,1.80933379992699,1.80615156181129,2.23640922082992,2.272981274554,1.75
26,0.0799788350055258,1.40000000004734,0.0136159628135787,1.84991727195849,1.84835418985031,2.24020684619253,2.27678346132887,1.82
27,0.0848133638501409,1.40000000004856,0.0135282260787092,1.88870915677979,1.88866570091171,2.24382120880833,2.28036589835481,1.89
28,0.0896835151963783,1.40000000004966,0.0134291946100566,1.9257109113882,1.9270849518954,2.24725551123279,2.2837338344613,1.96
29,0.0945885699654554,1.40000000005063,0.0133198053024052,1.96092958769782,1.96361675676272,2.25051282740475,2.2868926629563,2.03
30,0.0995276642483606,1.40000000005146,0.0132011137020329,1.99437836804853,1.99827287786601,2.25359613090225,2.28984789089771,2.1
31,0.104499851197898,1.40000000005214,0.0130742658905818,2.0260753577101,2.03107175755816,2.256508386569,2.29260511213935,2.17
32,0.109504162306487,1.40000000005264,0.0129403802734272,2.05604379335753,2.06203906592438,2.25925267537007,2.29517007431541,2.24
33,0.11453957782346,1.40000000005295,0.012800519778529,2.08431126017262,2.09120692807195,2.26183232233499,2.2975486892234,2.31
34,0.119605056768018,1.40000000005305,0.0126556942702231,2.11091101619082,2.11861240218558,2.26425099744477,2.29974710685298,2.38
35,0.124699506205298,1.40000000005293,0.0125068630710322,2.13588325707459,2.14429791566627,2.26651263896372,2.30177167242721,2.45
36,0.12982181015532,1.40000000005256,0.0123549375732608,2.15927388360323,2.16831272596411,2.26862122923776,2.30362879643303,2.52
37,0.13497079780356,1.40000000005193,0.0122007839230479,2.1811344117735,2.19071173463414,2.2705809343803,2.30532500831644,2.59
38,0.140145301472007,1.40000000005101,0.0120452257604163,2.20152070792549,2.21155418109634,2.27239609628168,2.30686695302457,2.66
39,0.145344214108492,1.40000000004978,0.0118890169119536,2.22048687726815,2.23090239564048,2.27407116713066,2.30826139045232,2.73
40,0.150566456052048,1.40000000004821,0.0117326937581829,2.23808203735699,2.24881874517079,2.27561106777287,2.30951531802449,2.8
41,0.155811001532985,1.40000000004629,0.011576427613332,2.2543504268725,2.26536504302988,2.27702148842151,2.31063603576456,2.87
42,0.161076844576204,1.40000000004399,0.0114200275468632,2.26933430723408,2.28060258642823,2.27830892101639,2.31163088293432,2.94
43,0.166363024677252,1.40000000004127,0.0112630635559396,2.28307785097901,2.29459218852082,2.27948066383031,2.31250709742903,3.01
44,0.17166859191833,1.40000000003813,0.011104899477871,2.29563000025342,2.30739588893542,2.28054491855645,2.31327203849773,3.08
45,0.176992631892564,1.40000000003451,0.0109447259133605,2.30704491057562,2.31907603910722,2.2815107089552,2.31393332134173,3.15
46,0.182334230102738,1.40000000003041,0.0107816834350952,2.31738000907402,2.3296952514771,2.28238747047406,2.31449868293166,3.22
47,0.187692496202003,1.40000000002579,0.0106148955696047,2.32669226798166,2.33931657958593,2.28318485225786,2.31497584969537,3.29
48,0.19306652774208,1.40000000002062,0.0104434717432449,2.33503768692454,2.34800031740847,2.28391276146739,2.31537261755163,3.36
49,0.198455433796053,1.40000000001487,0.0102665102958367,2.34247124499292,2.3558019901305,2.28458119841605,2.31569681318478,3.43
50,0.203858298121076,1.40000000000852,0.0100831316657499,2.34904536588414,2.36277234765625,2.28519994252194,2.31595604615676,3.5
51,0.209274232315788,1.40000000000152,0.0098926019380471,2.35481204012864,2.36895923949215,2.28577832959739,2.31615761276848,3.57
52,0.214702428725669,1.39999999999385,0.0096943662448758,2.35982315756894,2.37440917368166,2.28632509021226,2.3163083710071,3.64
53,0.220142122849039,1.39999999998549,0.0094880522067043,2.36413217827562,2.37916753594087,2.28684824896312,2.31641467671122,3.71
54,0.225592615697008,1.39999999997639,0.0092734735121149,2.36779485429068,2.38327939376761,2.28735481370145,2.31648223039151,3.78
55,0.231053235770223,1.39999999996653,0.0090506336428773,2.3708665942147,2.38678956084355,2.28785046519099,2.31651595494365,3.85
56,0.236523361016025,1.39999999995588,0.0088197297476484,2.37340185534023,2.38974207135387,2.28833951785806,2.3165200846771,3.92
57,0.242002380427198,1.39999999994441,0.0085811566642246,2.37545468978928,2.39217933420614,2.28882500109396,2.31649816469356,3.99
58,0.247489715644533,1.39999999993209,0.0083355110867759,2.37707529867028,2.39414075574254,2.2893085902417,2.31645296053861,4.06
59,0.252984782223278,1.3999999999189,0.0080835657832056,2.3783085506575,2.39566338763988,2.28979071817762,2.31638657893995,4.13
60,0.258487010924942,1.3999999999048,0.0078261536764957,2.37919422338922,2.39678438866995,2.29027083736947,2.31630064914347,4.2
61,0.263995808694029,1.39999999988978,0.0075641423027573,2.37976692090921,2.3975404555213,2.29074801292879,2.31619653472071,4.27
62,0.269510609768711,1.39999999987381,0.0072984083678672,2.38005873538086,2.39796650867984,2.29122139534979,2.31607560590549,4.34
63,0.275030926672837,1.39999999985687,0.0070297522116667,2.3800987552484,2.39809465569232,2.29169030216083,2.3159393016448,4.41
64,0.280556310836154,1.39999999983893,0.0067589928659087,2.37991432356567,2.39795240820293,2.29215417929292,2.31578910168981,4.48
65,0.286086373290299,1.39999999982,0.0064870029894632,2.37953184955968,2.39756258929396,2.29261238200236,2.31562637861346,4.55
66,0.291620745097675,1.39999999980004,0.0062147137536103,2.37897500661757,2.39694432887981,2.29306380544585,2.31545225007926,4.62
67,0.297159097871262,1.39999999977906,0.0059431197493713,2.37826389666388,2.39611273972181,2.29350687641205,2.31526755168779,4.69
68,0.302701104041067,1.39999999975704,0.0056732839000541,2.37741355576652,2.39508073380707,2.29393951508922,2.31507287020536,4.76
69,0.308246457224146,1.39999999973398,0.0054063122733218,2.37643333508693,2.39385807451502,2.2943593677746,2.31486869733515,4.83
70,0.313794832353165,1.39999999970989,0.0051432385982349,2.37532784892206,2.39245274916585,2.29476403977303,2.31465558366885,4.9
71,0.319345905920043,1.39999999968477,0.004884998993962,2.37409654107029,2.39087204413884,2.29515141878958,2.31443417245854,4.97
72,0.324899315989587,1.39999999965864,0.0046324367161357,2.37273912057952,2.38912290118518,2.29551996850772,2.3142052335498,5.04
73,0.330454712427695,1.3999999996315,0.0043863068162202,2.37125868301144,2.38721465383768,2.29586875168847,2.31396978772726,5.11
74,0.336011807087338,1.39999999960339,0.0041472806986518,2.36966390125305,2.38516215799446,2.29619733325674,2.31372914093223,5.18
75,0.34157033369534,1.39999999957434,0.0039159505621131,2.3679706468655,2.38298471307748,2.29650583418162,2.31348488850921,5.25
76,0.347130067883875,1.39999999954439,0.0036928337128005,2.36619976224735,2.38070504595727,2.2967947751057,2.31323888945763,5.32
77,0.352690787020548,1.39999999951357,0.0034783466512659,2.36437029131504,2.37834886878966,2.29706489024788,2.31299318057251,5.39
78,0.358252290192106,1.39999999948194,0.0032726586604141,2.36249364430941,2.37594170070641,2.29731736288681,2.3127499507916,5.46
79,0.363814357994874,1.39999999944957,0.0030755452384529,2.36057390157764,2.37350593158944,2.29755363995472,2.31251100404544,5.53
80,0.369376772486515,1.39999999941653,0.0028863918127775,2.35861169866747,2.3710610158978,2.29777524694894,2.31227728223945,5.6
81,0.374939276952173,1.3999999993829,0.0027043176511137,2.35660684852552,2.36862231307234,2.29798378366188,2.31204883947694,5.67
82,0.380501625927614,1.39999999934877,0.0025282093666026,2.3545605733243,2.36620290680219,2.29818107061427,2.31182514715546,5.74
83,0.386063635220726,1.39999999931424,0.0023567542957893,2.35247659372156,2.36381461181732,2.29836929572358,2.31160542905729,5.81
84,0.391625141672465,1.39999999927944,0.0021885640326668,2.35036056403531,2.36146681402095,2.29855104082366,2.31138890609174,5.88
85,0.397186023099327,1.39999999924448,0.0020222076157881,2.34821833467273,2.35916798787452,2.2987293083467,2.31117507105352,5.95
86,0.402746158069325,1.39999999920951,0.0018562446565673,2.34605580978613,2.3569243246333,2.29890760829639,2.31096375270844,6.02
87,0.408305445864683,1.39999999917468,0.0016893486976626,2.34387928680526,2.35473854023121,2.29908977449285,2.31075505947882,6.09
88,0.413863766282516,1.39999999914017,0.0015203403007539,2.34169393089624,2.35261163077656,2.29927960028967,2.31054917264397,6.16
89,0.419420999626292,1.39999999910615,0.0013481900630031,2.33950670265903,2.35054357393816,2.29948080518619,2.31034638019481,6.23
90,0.424976986539319,1.39999999907282,0.001172021671198,2.33732745062806,2.34853439032404,2.29969676060002,2.31014696019895,6.3
91,0.430531578121136,1.3999999990404,0.0009911150121533,2.33516750651735,2.346585504675,2.29993021543508,2.30995106410989,6.37
92,0.436084686066372,1.39999999900913,0.0008049394428993,2.33304071742234,2.34469824765763,2.30018329217484,2.30975878054209,6.44
93,0.441636242565455,1.39999999897924,0.0006132774089978,2.33096276266567,2.34287374060427,2.30045724195964,2.30957001845624,6.51
94,0.447186220407483,1.39999999895101,0.0004162578938742,2.32894908600377,2.34111277914094,2.30075225948795,2.30938436019215,6.58
95,0.452734592935537,1.39999999892472,0.0002143297907148,2.32701336853156,2.33941514401689,2.30106744798252,2.30920103478997,6.65
96,0.458281354205937,1.39999999890067,8.11501924017424e-06,2.32516594025661,2.33778035500049,2.30140087404271,2.30901895143185,6.72
97,0.46382647900097,1.3999999988792,-0.0002017382694292,2.32341164869703,2.3362082731941,2.30174992301293,2.30883688328102,6.79
98,0.469369943046207,1.39999999886064,-0.000414612147442,2.32175181783191,2.33470045440642,2.30211189472569,2.30865377164976,6.86
99,0.47491168308192,1.39999999884536,-0.0006300354745488,2.32018545318792,2.33326026779117,2.30248435826107,2.30846884964029,6.93
100,0.480451647227755,1.39999999883373,-0.0008476800565851,2.31871246110493,2.33189102753072,2.30286523568271,2.3082814649264,7.0
101,0.485989845378489,1.39999999882618,-0.0010672063189051,2.31733497078513,2.3305923180358,2.3032528554955,2.30809114326919,7.07
102,0.491526309368516,1.39999999882312,-0.001288108939749,2.31605573614126,2.32936016910376,2.30364567498531,2.30789762198897,7.14
103,0.497061113343569,1.399999998825,-0.0015096828010178,2.31487662618189,2.32818777139318,2.30404194226119,2.30770082331418,7.21
104,0.502594333988194,1.39999999883229,-0.0017310490902402,2.31379663222223,2.32706733403873,2.30443953873058,2.307500767612,7.28
105,0.508126070958621,1.39999999884548,-0.0019512716541028,2.31281116706786,2.32599088812023,2.30483615247834,2.30729769729193,7.35
106,0.513656407168708,1.39999999886508,-0.0021693830927419,2.31191467206918,2.32494991577307,2.30522963214871,2.30709220076744,7.42
107,0.519185429278157,1.39999999889162,-0.0023843807870572,2.3111008756301,2.32393690412025,2.30561797979182,2.30688515594474,7.49
108,0.524713188030573,1.39999999892565,-0.0025952229642435,2.31036368195491,2.32294572513986,2.30599946411723,2.30667782419304,7.56
109,0.530239718790788,1.39999999896775,-0.0028008248196505,2.30969974321384,2.32197072125179,2.30637273383939,2.30647188416616,7.63
110,0.535765001929601,1.39999999901851,-0.0030000547137913,2.30910826224747,2.32100885945617,2.30673672053165,2.30626943554042,7.7
111,0.541289013494008,1.39999999907854,-0.003191730464091,2.30859028244967,2.3200600498211,2.30709063189106,2.30607300272599,7.77
112,0.546811775899974,1.39999999914846,-0.0033746157518225,2.30814878870541,2.31912716284706,2.30743406552066,2.30588553851411,7.84
113,0.552333318384855,1.39999999922893,-0.0035474467532907,2.30778853620635,2.31821607667448,2.3077670326294,2.30571039752657,7.91
114,0.557853697657792,1.39999999932059,-0.0037090491929544,2.30751467437159,2.31733403908259,2.30808995183223,2.305551219239,7.98
115,0.56337295839661,1.39999999942413,-0.0038583954023422,2.3073298348269,2.31648808926597,2.30840361305018,2.30541187095617,8.05
116,0.568891153941186,1.39999999954022,-0.0039947217566726,2.3072304957267,2.31568600645576,2.30870899115212,2.30529617988454,8.12
117,0.574408306831542,1.39999999966958,-0.0041175560687784,2.30720915141726,2.31493557297491,2.30900696949995,2.30520727370648,8.19
118,0.579924429540712,1.39999999981289,-0.0042267151294791,2.30725651065617,2.31424504001028,2.30929824416993,2.30514725169449,8.26
119,0.585439485051006,1.39999999997088,-0.0043223024906485,2.30736501728873,2.31362350218769,2.30958319822035,2.30511694560812,8.33
120,0.590953437712194,1.40000000014425,-0.0044047064942948,2.30752936090699,2.31307895430879,2.30986189643219,2.30511604112589,8.4
121,0.596466304118938,1.40000000033372,-0.0044745684580696,2.30774457938055,2.31261700877543,2.31013423060326,2.30514337927055,8.47
122,0.60197811374483,1.40000000054,-0.0045326608348515,2.30800307722046,2.31223879926299,2.31040006495597,2.30519716704292,8.54
123,0.607488929771431,1.40000000076379,-0.0045798558615124,2.3082928766291,2.31193966519662,2.31065926130905,2.30527515746007,8.61
124,0.612998809760852,1.4000000010058,-0.004617124507571,2.30859884646614,2.31171027183853,2.31091167427898,2.30537479902968,8.68
125,0.618507826521728,1.4000000012667,-0.0046455055325588,2.3089051642554,2.31153682633033,2.31115717668897,2.30549332461294,8.75
126,0.624016028816602,1.40000000154716,-0.0046659844592184,2.30919702570888,2.31140418091073,2.31139580545122,2.30562802042353,8.82
127,0.629523462260405,1.40000000184782,-0.0046794629704691,2.30946367810115,2.31129824310981,2.31162790757343,2.30577643451018,8.89
128,0.635030130058215,1.40000000216929,-0.0046867585369935,2.30970061143631,2.31120781353692,2.31185410576218,2.30593649468323,8.96
129,0.640536044020172,1.40000000251215,-0.0046885740837382,2.30990871119167,2.31112555063383,2.31207502344151,2.30610641557852,9.03
130,0.646041275590195,1.40000000287694,-0.0046853775052155,2.31009383280971,2.31104746083806,2.31229110014128,2.30628466568549,9.1
131,0.651545916624971,1.40000000326416,-0.0046773715436018,2.31026586520444,2.31097148595722,2.31250249724449,2.30646993419656,9.17
132,0.657050100360639,1.40000000367424,-0.004664523933554,2.31043559826692,2.31089684265502,2.31270885338436,2.30666100744232,9.24
133,0.662553962214569,1.40000000410758,-0.004646687897711,2.31061137999027,2.31082294066737,2.31290928062909,2.30685676555058,9.31
134,0.668057660770832,1.40000000456449,-0.0046236625545086,2.31079881250329,2.3107508584498,2.31310263154876,2.30705629935127,9.38
135,0.673561338595969,1.40000000504521,-0.0045953436793666,2.31099954537144,2.31068677450846,2.31328770621457,2.30725887675748,9.45
136,0.6790651432332,1.4000000055499,-0.0045618745592681,2.31121349869954,2.310641186402,2.3134633389751,2.30746357811292,9.52
137,0.68456918802155,1.40000000607863,-0.0045236465035576,2.31144096564852,2.31062475976167,2.31362818450473,2.30766878104644,9.59
138,0.690073573088225,1.40000000663138,-0.0044811790960929,2.31168333067745,2.31064565127516,2.3137806845493,2.30787221695691,9.66
139,0.695578346161259,1.40000000720799,-0.0044350607083591,2.3119417415733,2.31070740281829,2.31391921539355,2.30807129828053,9.73
140,0.701083523551614,1.40000000780822,-0.0043858289134708,2.31221545024762,2.31080761720752,2.31404226563922,2.30826347587868,9.8
141,0.706589050952922,1.40000000843166,-0.004333941229393,2.31249982228433,2.31093988270644,2.3141485841474,2.30844650624113,9.87
142,0.712094854497314,1.4000000090778,-0.0042797760063281,2.31278789657386,2.31109362079732,2.31423717782092,2.30861841793575,9.94
143,0.717600891804977,1.40000000974594,-0.0042236333622869,2.31307059081453,2.31125676163224,2.31430721942482,2.30877759857343,10.01
144,0.723107112765476,1.40000001043524,-0.0041657361600104,2.31333892283057,2.31141601208346,2.31435810616494,2.3089228217972,10.08
145,0.728613480490322,1.40000001114467,-0.0041062310198216,2.31358502847822,2.31155895897867,2.31438936816215,2.30905321432454,10.15
146,0.73411993208674,1.40000001187302,-0.0040451893643811,2.3138016754218,2.31167557064945,2.31440066753511,2.30916816306522,10.22
147,0.739626399604311,1.40000001261887,-0.0039826084926968,2.31398376309857,2.31175744218781,2.31439188810008,2.30926740303237,10.29
148,0.74513277080467,1.40000001338061,-0.0039184126820945,2.31412877013883,2.31179893669977,2.31436304490417,2.30935104535583,10.36
149,0.750638940194214,1.40000001415637,-0.0038524543181952,2.31423608915651,2.31179895901969,2.31431428438371,2.30941954540262,10.43
150,0.75614486005852,1.40000001494405,-0.0037845150542627,2.31430864887008,2.31175917978905,2.31424600523547,2.3094736110024,10.5
151,0.761650501237086,1.40000001574131,-0.0037143070025821,2.31435167855987,2.31168271159142,2.31415885929565,2.3095142914719,10.57
152,0.76715587407795,1.40000001654552,-0.0036415040495281,2.3143698484091,2.31157380878396,2.31405366250739,2.30954297663575,10.64
153,0.772660989221785,1.40000001735377,-0.0035658634748635,2.31436380862529,2.31143555211073,2.31393145666702,2.30956127573701,10.71
154,0.778165878566278,1.40000001816286,-0.0034872874421929,2.31432820332086,2.31127033206286,2.31379339096904,2.30957086647592,10.78
155,0.783670556059656,1.40000001896927,-0.0034059447156457,2.3142550404628,2.31108144601645,2.31364054368255,2.30957295309553,10.85
156,0.789175038673783,1.40000001976915,-0.0033223021655922,2.31413624999567,2.31087261980175,2.31347377420186,2.30956790515232,10.92
157,0.794679307205632,1.40000002055831,-0.0032370961479692,2.31396543027431,2.31064786066324,2.31329372580314,2.30955522738969,10.99
158,0.800183327257826,1.40000002133221,-0.0031511835734364,2.3137383918066,2.31040908408763,2.31310097909177,2.30953377044464,11.06
159,0.805687010047642,1.40000002208593,-0.0030654230921137,2.31345180640243,2.31015524531172,2.31289623577723,2.30950218239584,11.13
160,0.811190233396117,1.40000002281416,-0.0029807368173849,2.31310020251037,2.30988291530277,2.31268044250146,2.30945921003229,11.2
161,0.816692802547888,1.40000002351121,-0.0028980216081669,2.31267708365345,2.309584811053,2.3124547343567,2.3094036994273,11.27
162,0.822194501262721,1.40000002417097,-0.0028181205073027,2.31217532593637,2.30925169604414,2.31222052904092,2.30933480733181,11.34
163,0.827695142918893,1.40000002478689,-0.0027418242322519,2.31158872017906,2.3088735891655,2.31197953092815,2.30925206235442,11.41
164,0.833194531369062,1.400000025352,-0.0026698425274174,2.31091514020391,2.30844142558222,2.31173355476504,2.30915533611881,11.48
165,0.838692481990672,1.40000002585889,-0.0026026851884815,2.31015811799338,2.30794962104447,2.31148422913891,2.309044724407,11.55
166,0.844188782583513,1.40000002629967,-0.0025406332726112,2.30932667531292,2.3073961398814,2.31123279029928,2.3089204887298,11.62
167,0.849683244556483,1.400000026666,-0.002483740309981,2.30843545770096,2.30678160125403,2.31097987604112,2.30878290788425,11.69
168,0.855175754144057,1.40000002694906,-0.00243183342381,2.30750131943456,2.30610859712766,2.3107252594526,2.30863212975695,11.76
169,0.860666233392575,1.40000002713956,-0.0023845143579511,2.30654051132195,2.3053805901125,2.31046785348152,2.30846817380734,11.83
170,0.8661546613571,1.40000002722769,-0.0023411604151447,2.30556824620143,2.304600180515,2.31020592614914,2.30829102405272,11.9
171,0.871641035159317,1.4000000272032,-0.0023009554008455,2.30459567738112,2.30376920973565,2.30993710520221,2.30810057185272,11.97
172,0.877125391257858,1.40000002705531,-0.0022630107592081,2.30363012677138,2.30288982742205,2.3096586536381,2.30789673945849,12.04
173,0.882607766580139,1.40000002677276,-0.0022264264770055,2.30267768996402,2.30196649225313,2.30936780553084,2.30767966397743,12.11
174,0.88808821986607,1.4000000263438,-0.002190382034495,2.30174337399562,2.30100692052018,2.30906195159257,2.30744979131566,12.18
175,0.893566792872015,1.40000002575621,-0.0021540468051723,2.30083270917554,2.30001834180741,2.30873870460738,2.30720769956912,12.25
176,0.899043531784936,1.40000002499729,-0.002116550621248,2.29995098365545,2.29900607208239,2.30839602531084,2.30695419343482,12.32
177,0.904518448495038,1.40000002405386,-0.0020769844322124,2.29910094309895,2.29797374214058,2.30803225831933,2.30669042892966,12.39
178,0.909991542077056,1.40000002291231,-0.0020344009844754,2.29828250571357,2.29692133007905,2.30764613832128,2.30641785778801,12.46
179,0.915462760129042,1.40000002155858,-0.0019878155384904,2.29749220592981,2.29584653388021,2.30723679664789,2.30613829239437,12.53
180,0.920932020319663,1.40000001997821,-0.0019362066404602,2.29672543567773,2.29474506120699,2.3068037682463,2.30585382043543,12.6
181,0.926399171793997,1.40000001815634,-0.0018785169664009,2.29597766217664,2.29361061873095,2.30634696898289,2.30556680994066,12.67
182,0.931864046878049,1.40000001607776,-0.0018136542569991,2.29524468249262,2.29243848238655,2.30586661319773,2.30528003476151,12.74
183,0.93732651282138,1.40000001372692,-0.0017405224500677,2.29452299810316,2.29122669128615,2.30536331221349,2.30499667974443,12.81
184,0.942786433317563,1.400000011088,-0.0016581432056637,2.29381015910478,2.28997655028947,2.3048380830053,2.30472019545963,12.88
185,0.948243690243594,1.40000000814492,-0.0015656873169731,2.29310574005569,2.28869391555997,2.30429223693273,2.3044541227798,12.95
186,0.953698145269745,1.4000000048814,-0.0014624761999673,2.29241177407381,2.28738813395764,2.30372735912986,2.30420194742203,13.02
187,0.959149691780733,1.40000000128103,-0.0013479835645173,2.29173339738936,2.28607212634126,2.30314531835452,2.30396704456526,13.09
188,0.964598306847369,1.39999999732728,-0.0012218372792104,2.29107859106782,2.28476126776896,2.30254827718014,2.30375259312937,13.16
189,0.970044012987302,1.39999999300362,-0.0010838214393615,2.29045692954823,2.28347157585851,2.30193870249667,2.30356170035712,13.23
190,0.975486900153994,1.39999998829358,-0.0009339087326542,2.28987513945285,2.28221886185971,2.30131937628128,2.30339752602707,13.3
191,0.980927087602553,1.3999999831808,-0.0007723832816507,2.28933202596507,2.28101836274878,2.30069331633125,2.30326304518847,13.37
192,0.986364745981823,1.39999997764913,-0.0005998734369748,2.28881950631822,2.27988295853416,2.30006339629508,2.30316032901078,13.44
193,0.991800059299605,1.39999997168274,-0.0004173546913804,2.28832887787016,2.27882445757416,2.29943214635173,2.30309006580169,13.51
194,0.997233247108936,1.3999999652662,-0.0002261227033545,2.2878539264169,2.2778534966875,2.29880179466255,2.30305165312252,13.58
195,1.00266452656116,1.39999995838458,-2.76762372850813e-05,2.28739102533157,2.27697974075647,2.29817454954967,2.30304353002333,13.65
196,1.00809413467283,1.39999995102359,0.0001763094765279,2.28693766985121,2.27621138873491,2.29755279139528,2.30306350870602,13.72
197,1.01352229045149,1.3999999431697,0.0003839791644313,2.28649104123036,2.27555305316915,2.29693914413325,2.30310904546705,13.79
198,1.01894921722727,1.39999993481024,0.0005932938325215,2.28604596896892,2.27500607493206,2.29633660681652,2.30317763148469,13.86
199,1.02437510483507,1.3999999259336,0.000802057111515,2.28559520967995,2.27456799352476,2.29574859477373,2.30326688226778,13.93
200,1.0298001319946,1.39999991652932,0.0010080318355529,2.2851305082164,2.27423270739703,2.29517898056407,2.30337459660008,14.0
201,1.03522442853373,1.3999999065883,0.0012089964556439,2.28464459162281,2.27399306941803,2.29463222493165,2.30349899563751,14.07
202,1.04064812789067,1.39999989610293,0.0014028616788409,2.28413569070417,2.27384188584533,2.29411329681195,2.30363875105667,14.14
203,1.04607141962932,1.3999998850673,0.0015876969343048,2.28360836117171,2.27377465865518,2.29362714160833,2.30379283237449,14.21
204,1.05149451170215,1.39999987347738,0.0017617569670555,2.28307249992151,2.27379064135537,2.29317832949252,2.30396035398983,14.28
205,1.05691765289569,1.39999986133121,0.0019235988573377,2.28254320408576,2.2738916066047,2.29277094381634,2.30414051222907,14.35
206,1.06234109510418,1.39999984862911,0.00207210897044,2.28203906566107,2.27408106363838,2.29240828832454,2.30433243188578,14.42
207,1.06776511577774,1.39999983537391,0.0022065000383728,2.28157848021826,2.27436323345232,2.29209262370968,2.30453501253238,14.49
208,1.0731899801895,1.39999982157119,0.002326308481241,2.28117821173744,2.27474066844041,2.29182523432772,2.30474689497114,14.56
209,1.07861596386789,1.39999980722948,0.0024313618948045,2.28085183631101,2.27521349509997,2.29160646398041,2.30496645758108,14.63
210,1.08404331483817,1.39999979236055,0.0025216565372612,2.28060821485503,2.27577952756855,2.2914357508291,2.30519184258559,14.7
211,1.08947227601924,1.39999977697963,0.002597295257332,2.28045342458849,2.27643753865611,2.29131181187208,2.30542110253289,14.77
212,1.09490304742042,1.39999976110573,0.0026583655130173,2.2803898908692,2.27718770094617,2.29123303717063,2.30565237675947,14.84
213,1.10033580848464,1.39999974476185,0.0027049079181357,2.28041804480541,2.27802847588134,2.29119800358253,2.30588403769549,14.91
214,1.1057706802237,1.39999972797535,0.0027369151397235,2.28053530141902,2.27895512592731,2.29120547618843,2.30611471678228,14.98
215,1.11120774749306,1.39999971077816,0.0027543611455651,2.28073623967143,2.27995933835629,2.29125437884026,2.30634330029442,15.05
216,1.11664702105336,1.39999969320714,0.0027573209773296,2.28101422509988,2.28102908819264,2.29134370376646,2.30656889509097,15.12
217,1.12208848985555,1.39999967530437,0.0027460005231211,2.28135972129766,2.28215042538355,2.29147220981497,2.30679073422847,15.19
218,1.12753217328639,1.39999965711747,0.0027207364634267,2.28176239106485,2.28330688386255,2.29163851110758,2.30700823306612,15.26
219,1.13297808311092,1.39999963869992,0.0026819964744656,2.28221057871097,2.28448117635596,2.29184092428562,2.30722089499958,15.33
220,1.13842624555055,1.39999962011139,0.002630379682867,2.28269352931213,2.28565637706656,2.29207752568829,2.30742827744832,15.4
221,1.14387666314539,1.39999960141807,0.0025666173632247,2.28320312574009,2.28681746508681,2.29234614770437,2.30762995793016,15.47
222,1.14932933675145,1.39999958269302,0.0024915738677152,2.28373258619622,2.2879516642813,2.29264428424431,2.30782544005554,15.54
223,1.15478422732171,1.39999956401649,0.0024062477745761,2.28427744792713,2.289046857803,2.29296911598613,2.30801421006362,15.61
224,1.16024127782199,1.39999954547625,0.0023117732398336,2.28483594882023,2.2900934631808,2.29331729438772,2.30819564303166,15.68
225,1.16570037493143,1.39999952716796,0.0022093914465319,2.28540712204659,2.2910859470509,2.29368493583289,2.30836899946918,15.75
226,1.17116140096732,1.39999950919548,0.0021003620433534,2.28599250098138,2.29202337794612,2.29406791623466,2.30853357248335,15.82
227,1.17662428577299,1.3999994916712,0.0019860251645304,2.28659628941445,2.29290742259231,2.29446213520027,2.30868880500251,15.89
228,1.18208896830752,1.39999947471636,0.0018677131309202,2.28722168026825,2.29374124582235,2.29486350912972,2.30883422663143,15.96
229,1.18755541837742,1.3999994584614,0.0017466923346409,2.28786690319704,2.29452672653707,2.29526820481309,2.30896957120122,16.03
230,1.1930235981602,1.39999944304621,0.0016240450202272,2.28852425049527,2.29526492405046,2.29567281272258,2.30909486440806,16.1
231,1.19849348387159,1.39999942862049,0.0015006413783985,2.28918244240259,2.29595777890645,2.29607433971691,2.30921015058033,16.17
232,1.203965027226,1.39999941534395,0.0013771417575477,2.28982974439378,2.29660689603794,2.29647008139523,2.30931518953941,16.24
233,1.20943817704172,1.39999940338665,0.0012539988895146,2.29045675348981,2.29721383313123,2.29685761485661,2.30940942443144,16.31
234,1.21491284064074,1.39999939292917,0.0011314902054365,2.2910568680042,2.29777873495577,2.29723494200179,2.30949216035913,16.38
235,1.22038890539517,1.39999938416288,0.0010098103211241,2.29162525326118,2.29830149582794,2.29760063298177,2.30956286355981,16.45
236,1.22586620007092,1.39999937729008,0.0008890130726412,2.29215636358369,2.29878241134321,2.29795384947806,2.30962131035204,16.52
237,1.23134454640941,1.39999937252421,0.0007691039759432,2.29264417275093,2.29921982209595,2.29829433810355,2.3096675256845,16.59
238,1.23682381068718,1.39999937008992,0.0006500724952875,2.29308189363906,2.29961010500264,2.29862239393907,2.3097018723439,16.66
239,1.24230386499311,1.3999993702232,0.0005318942079404,2.2934633233828,2.29994935032862,2.29893876412258,2.30972508020735,16.73
240,1.24778460866455,1.39999937317138,0.0004145630408013,2.29378635575519,2.30023401658406,2.29924464192471,2.30973821553236,16.8
241,1.25326592953367,1.39999937919318,0.000298213754727,2.29405405744604,2.30046278984892,2.29954129998121,2.30974256018383,16.87
242,1.25874772533686,1.3999993885586,0.0001831541499819,2.29427457195795,2.30063681933971,2.29982984406541,2.30973955121757,16.94
243,1.26422986493814,1.39999940154886,6.986716572298e-05,2.29446114483681,2.30075875046905,2.30011099711548,2.309730630359,17.01
244,1.26971223980735,1.39999941845619,-4.09870443251106e-05,2.29462932149319,2.30083248099423,2.30038479314605,2.30971709361453,17.08
245,1.27519481549206,1.39999943958362,-0.0001485690687274,2.29479423589269,2.30086273757629,2.30065042173393,2.30970006134095,17.15
246,1.28067759282174,1.39999946524466,-0.0002518582396546,2.29497057738664,2.3008536302242,2.30090631334101,2.30968047848647,17.22
247,1.2861606292838,1.39999949576294,-0.0003496807815346,2.29517144435748,2.30080937384157,2.30115016461139,2.30965911489533,17.29
248,1.29164400022022,1.3999995314717,-0.0004408283008193,2.29540626494325,2.30073558215027,2.30137905410965,2.30963662583447,17.36
249,1.29712782019503,1.39999957271329,-0.0005241161991057,2.29568199689181,2.30064077285853,2.30158997950649,2.30961382316667,17.43
250,1.30261220418007,1.39999961983849,-0.0005985023821246,2.29600309321309,2.3005361282656,2.30178021450825,2.309591796105,17.5
251,1.30809728890819,1.3999996732058,-0.0006631158470284,2.29637261043361,2.30043242799236,2.30194736523287,2.30957170100714,17.57
252,1.31358319404068,1.39999973318052,-0.0007172553421462,2.29679120989588,2.3003368615397,2.30208939687053,2.30955473168181,17.64
253,1.31907004349758,1.39999980013387,-0.0007603581149316,2.29725688029622,2.3002536318934,2.30220472093543,2.30954221001117,17.71
254,1.32455792659775,1.39999987444185,-0.0007918785854176,2.2977661938182,2.30018248293838,2.30229213253109,2.30953555616538,17.78
255,1.33004691935736,1.39999995648404,-0.0008112574820215,2.29831354554334,2.30012053631296,2.30235089853523,2.30953649943847,17.85
256,1.33553704559439,1.40000004664228,-0.000817921274199,2.2988915955894,2.30006235287731,2.30238078611165,2.30954713853868,17.92
257,1.34102829818869,1.40000014529914,-0.0008112818243299,2.29949195126877,2.30000044533935,2.3023820315624,2.3095699415651,17.99
258,1.34652060014618,1.40000025283637,-0.0007907663569088,2.30010503632762,2.29992801731015,2.30235524952431,2.3096077458082,18.06
259,1.35201385590614,1.40000036963303,-0.0007559379310048,2.30072167478577,2.29984013786298,2.30230152320782,2.30966375732965,18.13
260,1.35750800262959,1.4000004960636,-0.0007065258996531,2.30133401261579,2.2997347658381,2.30222243496494,2.30974152018245,18.2
261,1.36300297120718,1.40000063249586,-0.0006424265394152,2.30193637917861,2.29961374433018,2.30212003716667,2.30984476495054,18.27
262,1.36849870742648,1.40000077928861,-0.000563703942706,2.30252581776516,2.29948135837435,2.30199673327369,2.30997725689515,18.34
263,1.37399513294895,1.40000093678919,-0.000470591174767,2.3031011720994,2.29934430703046,2.30185524958996,2.31014276399193,18.41
264,1.37949216644852,1.40000110533085,-0.0003634616063916,2.30366379780616,2.29921074294574,2.3016986374805,2.31034505452774,18.48
265,1.38498968456235,1.40000128522989,-0.0002427403305759,2.30421740158178,2.29908840936585,2.30153030600402,2.31058795427696,18.55
266,1.3904875730939,1.40000147678261,-0.000108996358368,2.30476427006121,2.29898545489118,2.30135414508089,2.31087555345211,18.62
267,1.39598577820713,1.40000168026209,3.69950280675359e-05,2.30530137850127,2.29891043566076,2.30117449843247,2.31121205186798,18.69
268,1.40148426735083,1.40000189591472,0.000194129512475,2.30582152425076,2.29887150481674,2.30099592604647,2.31160130242128,18.76
269,1.40698305035246,1.4000021239565,0.0003609711123021,2.30631816119862,2.29887779786917,2.3008231171432,2.31204647403944,18.83
270,1.41248214033139,1.40000236456917,0.000535869697207,2.30678827882474,2.29893844047665,2.30066080312198,2.31255004464409,18.9
271,1.41798157478223,1.4000026178961,0.0007169880698112,2.30723176140132,2.29906167576136,2.30051388101742,2.31311409398429,18.97
272,1.42348137647711,1.40000288403793,0.0009023289015675,2.30764951406769,2.29925489327724,2.30038759694122,2.31374062550438,19.04
273,1.4289815745372,1.40000316304801,0.001089851819984,2.30804261236551,2.29952291176304,2.30028769915733,2.31443176676943,19.11
274,1.43448216532223,1.40000345492756,0.0012775001565918,2.30841070004479,2.29986806590288,2.30022044034436,2.31518990858692,19.18
275,1.43998313348825,1.4000037596207,0.0014631975678515,2.30875243328436,2.30029020148079,2.30019245902938,2.31601772261029,19.25
276,1.44548441286304,1.4000040770091,0.0016448446538539,2.30906727931408,2.30078672932566,2.3002106905189,2.31691811755676,19.32
277,1.45098593757792,1.40000440690655,0.0018203457000288,2.3093556907736,2.30135520524229,2.30028212668147,2.3178941039035,19.39
278,1.45648769319398,1.40000474905318,0.0019877558428395,2.30962298134296,2.30199416351116,2.3004136952466,2.31894871744857,19.46
279,1.46198967756057,1.40000510310956,0.0021454283459747,2.30988079481828,2.30270307654272,2.30061189744165,2.32008482115643,19.53
280,1.46749192184501,1.40000546865044,0.0022920416708293,2.31014523481284,2.30348438930894,2.3008822339305,2.32130481532125,19.6
281,1.47299445138265,1.40000584515847,0.0024265966340768,2.31043574680878,2.3043433861874,2.30122896051712,2.32261055687459,19.67
282,1.47849730669768,1.4000062320175,0.0025484137639195,2.31077454165811,2.30528751491073,2.30165502307709,2.32400330726802,19.74
283,1.48400050434326,1.40000662850584,0.0026571308730607,2.31118316027137,2.30632408437047,2.30216193093848,2.32548358854633,19.81
284,1.48950408799914,1.40000703378927,0.0027527008606764,2.31168009050684,2.30745832193699,2.30274974918581,2.32705115820318,19.88
285,1.49500817956285,1.40000744691388,0.0028353596622064,2.31228118096635,2.30869326446777,2.30341717977196,2.32870507272203,19.95
286,1.50051293997063,1.40000786679877,0.0029055041724782,2.31299755592409,2.31003091124341,2.30416155091041,2.33044362919247,20.02
287,1.50601859018447,1.40000829222855,0.0029636305768648,2.31383671768745,2.31147307421145,2.30497919617475,2.33226454607185,20.09
288,1.51152537199151,1.40000872184584,0.0030102127326216,2.31480208232625,2.31302198567504,2.30586583221225,2.33416505215759,20.16
289,1.51703356896268,1.40000915414352,0.0030456710304083,2.31589230258349,2.31467831654955,2.30681690504864,2.33614209442483,20.23
290,1.52254346721539,1.40000958745702,0.0030703715520915,2.31710245396088,2.31643910243379,2.30782784488525,2.33819236390197,20.3
291,1.5280553763261,1.40001001995651,0.0030846254295279,2.31842332303474,2.3182983756476,2.30889404894339,2.34031229007754,20.37
292,1.53356959003667,1.40001044963909,0.00308868839772,2.31984364221622,2.32024577951558,2.31001101366661,2.34249809416131,20.44
293,1.53908640709987,1.40001087432096,0.0030827605367258,2.32135000576463,2.3222672569388,2.31117410487248,2.34474566056227,20.51
294,1.54460609190786,1.40001129162972,0.0030670162854288,2.32292789725748,2.32434624887777,2.31237832698833,2.34705043726605,20.58
295,1.55012889524923,1.40001169899666,0.0030416948111849,2.32456271551043,2.32646573396194,2.31361815163082,2.34940727492328,20.65
296,1.55565501483881,1.40001209364928,0.0030070100301706,2.32623935499585,2.32861038741312,2.3148874958832,2.35181038525774,20.72
297,1.56118461596683,1.40001247260389,0.0029631209761378,2.32794253742808,2.33076669326793,2.31617985037011,2.3542534188876,20.79
298,1.56671779191287,1.40001283265854,0.0029101324260879,2.32965768417326,2.33292332692988,2.3174884368885,2.35672945204973,20.86
299,1.57225461456032,1.40001317038619,0.0028480956922695,2.3313717580901,2.33507247022381,2.3188063656239,2.35923097260508,20.93
300,1.57779518494638,1.40001348212817,0.0027770095786065,2.33307464672901,2.3372091105567,2.32012676198633,2.36174995571324,21.0
301,1.58333959348295,1.40001376398816,0.0026968215006284,2.33475928185759,2.33933058090698,2.32144274283892,2.36427781869758,21.07
302,1.58888794028539,1.40001401182653,0.0026074287689197,2.33642073619639,2.34143691240089,2.32274730241883,2.36680528533359,21.14
303,1.59444029525647,1.40001422125526,0.0025086800370341,2.33805480898654,2.34352941197933,2.32403337886454,2.36932243050549,21.21
304,1.5999967182748,1.40001438763352,0.0024003468280048,2.33965444565799,2.34560839787755,2.32529386077412,2.37181866469616,21.28
305,1.60555721913543,1.40001450606387,0.002281974879111,2.34120570668462,2.34767349281428,2.32652156400953,2.37428259831497,21.35
306,1.61112177759269,1.40001457138927,0.0021527356603468,2.34268972453809,2.34972151040897,2.32770920896324,2.376701605528,21.42
307,1.61669030315399,1.40001457819099,0.0020114285138387,2.34408667740687,2.35174777185834,2.32884939841685,2.37906156920153,21.49
308,1.62226268506374,1.40001452078739,0.001856603341445,2.34537910220236,2.35374639994325,2.32993459612324,2.3813468673628,21.56
309,1.62783884221579,1.40001439323387,0.001686593247802,2.34655220035761,2.35570934974778,2.33095713633355,2.3835406315206,21.63
310,1.63341868273292,1.40001418932391,0.0014995474280621,2.34759231015426,2.35762838848009,2.33190932458041,2.38562500633765,21.7
311,1.63900212365371,1.40001390259137,0.0012935545934686,2.34848583251591,2.35949433795553,2.33278341924159,2.38758117025648,21.77
312,1.64458905037738,1.40001352631422,0.0010666764414936,2.3492189414829,2.36129658866475,2.33357146393516,2.3893892678399,21.84
313,1.65017933621926,1.40001305351969,0.0008169513803859,2.34977771856204,2.36302360769933,2.33426515141289,2.39102828425373,21.91
314,1.65577280172785,1.40001247699114,0.0005423986308181,2.35014985453394,2.36466206379489,2.33485580935892,2.39247607286448,21.98
315,1.66136923411686,1.4000117892766,0.0002410528277607,2.35032451905181,2.36619751829928,2.33533405692806,2.39370920536656,22.05
316,1.66696834646454,1.40001098269916,-8.89106663298986e-05,2.35029358755243,2.3676147566902,2.33568964367251,2.39470279527781,22.12
317,1.67256982712281,1.40001004936947,-0.0004491101404949,2.35005257084681,2.36889703879669,2.33591110997413,2.39543038548991,22.19
318,1.67817338907805,1.40000898120028,-0.0008408312228184,2.34960019446399,2.37002694580853,2.33598526916845,2.39586362953388,22.26
319,1.68377872900597,1.40000776992333,-0.0012649902862922,2.34893620660235,2.37098831288177,2.33589678235822,2.39597200774099,22.33
320,1.68938554646433,1.40000640710866,-0.0017221273744603,2.34806108541977,2.37176533624577,2.33562818720847,2.39572287968881,22.4
321,1.69499350287816,1.4000048841865,-0.0022123985426099,2.346974757247,2.37234020905341,2.33515986950883,2.39508148234294,22.47
322,1.70060224067388,1.40000319247189,-0.0027355676047699,2.34567270098258,2.37269109153018,2.33446985746727,2.39401081430808,22.54
323,1.70621134221736,1.4000013231922,-0.0032910273714616,2.34414536596318,2.37279252188995,2.33353389040608,2.39247161743063,22.61
324,1.71182034891368,1.39999926751772,-0.0038779105578205,2.34237663093643,2.37261727551587,2.33232558172996,2.39042248650827,22.68
325,1.7174287201248,1.3999970165954,-0.0044951098464169,2.34034669001521,2.3721362428603,2.33081694739333,2.38782025825379,22.75
326,1.72303585226483,1.399994561586,-0.0051412973835197,2.33803379966753,2.37131837252058,2.32897866849939,2.38462013868023,22.82
327,1.72864103773135,1.39999189370477,-0.0058150039041743,2.33541413490147,2.37013019861295,2.32678014871096,2.38077575021287,22.89
328,1.73424348403496,1.39998900426575,-0.0065145168080881,2.33246237266952,2.36853305747998,2.32418945726506,2.37623915951151,22.96
329,1.73984227278877,1.39998588473001,-0.0072378379148833,2.32915032511378,2.36648377118636,2.32117300770543,2.37096082666512,23.03
330,1.7454363789231,1.3999825267578,-0.0079826708420607,2.32544584960459,2.36393365349905,2.31769548440158,2.36488962706294,23.1
331,1.75102462979116,1.39997892226491,-0.0087464079540596,2.32131302897924,2.36082926913397,2.31371974667122,2.35797282648519,23.17
332,1.75660572453512,1.39997506348332,-0.0095261169239095,2.31671139606944,2.3571138339005,2.30920680140735,2.3501561908629,23.24
333,1.7621781933828,1.39997094302626,-0.0103185570423074,2.31159676062432,2.3527262479322,2.30411605549436,2.34138420157061,23.31
334,1.76774041724957,1.39996655395795,-0.0111202855024465,2.30591999874312,2.3476030584703,2.29840542748852,2.33160013652896,23.38
335,1.77329058732088,1.39996188986794,-0.011927673192465,2.29962928158365,2.34167956224463,2.2920317706108,2.32074634908348,23.45
336,1.77882675508356,1.39995694495041,-0.0127369203207757,2.29267243457754,2.33489233526049,2.28495109631941,2.30876459524509,23.52
337,1.78434688257509,1.39995171408838,-0.0135441622029039,2.28499780334449,2.32718258939793,2.27711890011754,2.29559628997992,23.59
338,1.78984880262278,1.39994619294298,-0.0143454847517932,2.27655570329643,2.31849641546684,2.26849071074006,2.28118287412648,23.66
339,1.79533023954831,1.39994037804791,-0.0151369099167432,2.26729940079067,2.30878510307666,2.25902250246862,2.26546623282075,23.73
340,1.80078877002592,1.39993426690909,-0.0159143812293977,2.2571868001462,2.29800487636304,2.24867112181512,2.24838910630971,23.8
341,1.80622187457393,1.39992785810969,-0.0166737796163608,2.24617841446744,2.28611469250474,2.23739451875295,2.229895403938,23.87
342,1.81162698946003,1.39992115142041,-0.0174110297270651,2.23423372718181,2.27307478163362,2.22515196380094,2.20993051260377,23.94
343,1.81700146880268,1.39991414791522,-0.0181221464123316,2.22130832194459,2.25884665098975,2.21190434198149,2.18844151043222,24.01
344,1.82234260735333,1.3999068500924,-0.0188033417779368,2.20735482051079,2.24339109395055,2.19761425359769,2.16537701586237,24.08
345,1.82764760365652,1.39989926200095,-0.0194510123584765,2.19232555332066,2.22666793551272,2.18224610306164,2.1406873350329,24.15
346,1.8329135839876,1.39989138937236,-0.0200616064799641,2.17617536899663,2.20863643177743,2.16576632688752,2.11432487830662,24.22
347,1.83813756676765,1.39988323975758,-0.020631582490641,2.1588625075513,2.18925527109292,2.14814370131598,2.0862447866534,24.29
348,1.84331648785855,1.39987482266908,-0.0211573977488007,2.14034765847003,2.16848461469463,2.12934976026214,2.05640567848672,24.36
349,1.84844716644097,1.39986614972796,-0.021635498343878,2.12059285924902,2.14628560425009,2.10935914362379,2.02477018679516,24.43
350,1.85352633188168,1.39985723481588,-0.0220623096147951,2.09956104747061,2.12262031571262,2.08814993663778,1.99130537757847,24.5
351,1.85855059129658,1.39984809423159,-0.0224342275297473,2.07721713964636,2.09745273185285,2.06570403082923,1.9559832909629,24.57
352,1.86351645821948,1.39983874685177,-0.0227476109919702,2.05352931363335,2.07074841739472,2.04200750694802,1.91878157550081,24.64
353,1.86842032208692,1.39982921429606,-0.02299877513661,2.02846992358784,2.04247710968817,2.01705104021828,1.87968421615766,24.71
354,1.87325850904068,1.39981952109569,-0.0231839856844201,2.00201740197413,2.01261317079571,1.99083032815092,1.83868211568588,24.78
355,1.87802734384976,1.39980969486548,-0.0232994243310508,1.97415797570139,1.98113534574822,1.96334657117448,1.79577383055036,24.85
356,1.88272312275487,1.3997997664788,-0.0233410650641901,1.94488755782604,1.9480297990121,1.93460706633513,1.75096658191802,24.92
357,1.88734214774047,1.39978977024483,-0.0233046420039552,1.91421249120132,1.91329197656041,1.90462573351651,1.70427721076971,24.99
358,1.89188070195012,1.39977974408768,-0.0231856486640067,1.88215037774374,1.87692711326588,1.87342360413393,1.65573301682626,25.06
359,1.89633511675074,1.39976972972676,-0.0229793386226418,1.84872921802285,1.83895113078347,1.84102924196212,1.60537260133204,25.13
360,1.90070184024938,1.39975977285765,-0.0226807276852177,1.81398552278958,1.79939087275603,1.80747930632982,1.55324671320201,25.2
361,1.90497741706543,1.39974992333274,-0.0222846277113009,1.77796437462728,1.7582831655631,1.77281925716383,1.49941906774338,25.27
362,1.90915852986107,1.39974023534082,-0.0217857723718768,1.74071782853998,1.71567619430663,1.73710396051696,1.44396728747361,25.34
363,1.91324198234126,1.39973076758474,-0.0211788544035479,1.70230562224786,1.67162837932971,1.70039816366928,1.38698351256502,25.41
364,1.91722474413412,1.39972158345612,-0.020458534630174,1.66279536700193,1.62620776117381,1.66277698925,1.32857516091613,25.48
365,1.92110393725847,1.39971275120609,-0.0196194529353816,1.62226405319072,1.57949264511425,1.62432656755978,1.26886577600939,25.55
366,1.924876884584,1.39970434411087,-0.0186562412823762,1.58079894389877,1.53157100676351,1.58514471547292,1.20799593052515,25.62
367,1.92854109998514,1.39969644063099,-0.0175635388777023,1.53849695239367,1.48253998118994,1.54534163027418,1.14612430383039,25.69
368,1.93209434058778,1.39968912456283,-0.0163360095759078,1.49546578152926,1.43250811177239,1.50504059666296,1.0834288706253,25.76
369,1.93553460080273,1.39968248518106,-0.0149683616217223,1.45182447646968,1.38159521203009,1.46437870493268,1.0201079270903,25.83
370,1.93886016853727,1.39967661737043,-0.0134553698261557,1.40770507370104,1.329935856013,1.42350754801031,0.956381161931601,25.9
371,1.94206962327002,1.39967162174534,-0.0117919002718213,1.36325513356216,1.27768174121922,1.38259383470358,0.8924906483912,25.97
372,1.94516192645855,1.39966760475548,-0.0099729677296016,1.31863868671061,1.22500463660304,1.34181456080321,0.828693689743854,26.04
373,1.94813651404197,1.39966467877568,-0.0079938860545324,1.27403763782187,1.17209855897899,1.30133560258918,0.765231326739376,26.11
374,1.9509932707062,1.3996629621781,-0.0058503010364191,1.22965130680215,1.11917648102997,1.26130691636453,0.702321334808459,26.18
375,1.95373250627282,1.3996625793847,-0.0035380456142501,1.18568510800412,1.06645359418143,1.22186329884353,0.640159338982373,26.25
376,1.9563550244771,1.39966366089784,-0.0010529077966101,1.14233982730239,1.01412978947712,1.18312522972022,0.578919828644435,26.32
377,1.95886210360289,1.39966634330679,0.0016093877587789,1.09980230572136,0.962385945167884,1.14519961345462,0.518757249104837,26.39
378,1.96125544913537,1.39967076926784,0.0044531649566425,1.05824116663251,0.911384720311367,1.10818047827528,0.459807106670305,26.46
379,1.96353714849662,1.39967708745538,0.0074828685405816,1.0178077636877,0.861271759184488,1.0721496605534,0.402187054329208,26.53
380,1.96570962783305,1.39968545248162,0.010703042829763,0.978634944862121,0.81217634076223,1.03717747284959,0.345997955603036,26.6
381,1.96777561081752,1.39969602478201,0.0141182770111249,0.940837180229695,0.764212192736306,1.00332335415333,0.291324924436205,26.67
382,1.96973807942213,1.39970897046378,0.017733146992924,0.904511268790784,0.717478377474293,0.970636501044069,0.23823833930111,26.74
383,1.97160023661282,1.39972446111458,0.0215521537370318,0.869737020530562,0.672060157600972,0.939156478699169,0.18679482997863,26.81
384,1.97336547091202,1.39974267356822,0.025579657987461,0.836577911956704,0.628029839409853,0.908913810858687,0.13703823574009,26.88
385,1.97503732277161,1.39976378962456,0.0298198113141345,0.805081713675385,0.585447592564189,0.879930548030635,0.0890005339062514,26.95
386,1.97661945269514,1.39978799572013,0.0342764833933259,0.775281088856581,0.544362244779104,0.852220813384481,0.042702737988501,27.02
387,1.97811561104552,1.39981548254636,0.0389531854500918,0.747194161725173,0.504812050395998,0.825791325932725,-0.0018442351674821,27.09
388,1.97952960947207,1.39984644461208,0.0438529897930963,0.720825055486051,0.466825431966458,0.800641900744451,-0.0446387296175228,27.16
389,1.98086529388952,1.39988107974666,0.0489784453785194,0.696164399354566,0.430421694151577,0.776765926067505,-0.0856875461337037,27.23
390,1.98212651894,1.39991958854052,0.0543314893480653,0.673189804616621,0.395611709422485,0.754150817361918,-0.125005169630817,27.3
391,1.98331712386883,1.39996217371924,0.0599133544951347,0.651866309885668,0.362398575210599,0.732778448361651,-0.162613028083619,27.37
392,1.98444090974459,1.40000903944776,0.0657244726246433,0.632146795959907,0.330778242310524,0.712625559391575,-0.198538782675661,27.44
393,1.98550161795403,1.40006039056102,0.0717643737843362,0.613972370909178,0.300740114476464,0.693664143265046,-0.232815648795284,27.51
394,1.98650290990362,1.40011643171728,0.0780315813602372,0.597272726241353,0.272267619284394,0.675861809180554,-0.265481747381279,27.58
395,1.9874483478599,1.40017736647047,0.0845235030449474,0.58196646521002,0.245338750449303,0.659182125122939,-0.296579486020644,27.65
396,1.98834137686283,1.4002433962579,0.0912363177059011,0.567961585058106,0.219926581894481,0.643584939351762,-0.326154969111939,27.72
397,1.98918530764777,1.40031471929963,0.0981648582005608,0.555157227911426,0.195999753969885,0.629026681634346,-0.35425743633034,27.79
398,1.98998330051402,1.40039152940584,0.105302550383444,0.543448778029893,0.173522932302916,0.615460644947285,-0.380938728564422,27.86
399,1.9907383500801,1.40047401468869,0.112641619012426,0.532737570905984,0.152457239846758,0.602837248431618,-0.406252780436605,27.93
400,1.99145327086892,1.40056235617513,0.120173500496952,0.522942267474033,0.132760662763399,0.591104312532472,-0.430255168561073,28.0
401,1.9921306836686,1.40065672631727,0.127889372364137,0.514005155527291,0.114388430840946,0.580207437480221,-0.453002804829901,28.07
402,1.99277303270622,1.4007572873971,0.135780588981675,0.505890491371806,0.0972933732035866,0.570090395790838,-0.474553683461841,28.14
403,1.99338269376213,1.4008641898223,0.143838993607865,0.49857485267585,0.081426250120622,0.560695509678604,-0.494966650699436,28.21
404,1.99396199265453,1.40097757031047,0.152056866222075,0.492032722575188,0.0667360617652747,0.551963984307492,-0.514301166020567,28.28
405,1.99451319422643,1.40109754995883,0.160426778072554,0.486231145851516,0.0531703348116385,0.543836107658231,-0.532616963539536,28.35
406,1.99503849188101,1.40122423219699,0.168941473432316,0.481129335643273,0.0406753877889154,0.536251408334988,-0.549973702788138,28.42
407,1.99553999762433,1.40135770062075,0.177593838872872,0.4766799517228,0.0291965761401474,0.529148802476808,-0.566430637888245,28.49
408,1.996019732576,1.4014980167049,0.186376779660705,0.47282783879269,0.0186785179533422,0.522466730865242,-0.582046304038352,28.56
409,1.99647961790961,1.40164521739351,0.195283063580647,0.469509324694106,0.0090653013507391,0.516143287330292,-0.59687822024671,28.63
410,1.99692146618645,1.40179931256683,0.204305162402454,0.466652199875945,0.0003006745357298,0.510116339565606,-0.610982607254299,28.7
411,1.99734697304792,1.40196028238386,0.213435091121582,0.464175867783181,-0.0076717804941201,0.50432364347024,-0.624414119610578,28.77
412,1.99775770923393,1.40212807450056,0.222664245110596,0.461992509923621,-0.0149084895525985,0.498702952138212,-0.637225590887726,28.84
413,1.99815511289661,1.40230260116414,0.231983295501259,0.460011072327628,-0.0214657421714237,0.493192120619188,-0.649467791047532,28.91
414,1.99854048218114,1.40248373618419,0.241382323479273,0.458143503307643,-0.0273995607891275,0.487729237661453,-0.661189225095569,28.98
415,1.99891496804767,1.4026713117824,0.250851013133367,0.456313545019583,-0.0327655822068989,0.482252875821794,-0.672436062369985,29.05
416,1.99927956731093,1.40286511532311,0.260378812774064,0.454456015213836,-0.0376189503001137,0.476702370796053,-0.683252105326097,29.12
417,1.99963511587673,1.40306488592773,0.269955004732415,0.452511214063439,-0.0420142189816508,0.471018100990716,-0.693678766895985,29.19
418,1.99998228215752,1.40327031097682,0.279568834267585,0.450423724280504,-0.0460052644215985,0.465141738342106,-0.703755025544358,29.26
419,2.00032156065177,1.4034810225047,0.289209607513218,0.448146297619795,-0.0496452055390906,0.459016411283354,-0.713517297098107,29.33
420,2.00065329576296,1.40369659349203,0.298866969270477,0.445643713845956,-0.0529863317935272,0.45258696143792,-0.722999403172303,29.4
421,2.00097779602449,1.40391653406326,0.308531090050508,0.44288984326876,-0.0560800373167987,0.445800234890118,-0.732232575360107,29.47
422,2.00129535819785,1.40414028759644,0.318192762552691,0.439867872526332,-0.0589767604424948,0.438605348852186,-0.741245434400394,29.54
423,2.00160626141362,1.40436722675441,0.327843678545324,0.436573483473096,-0.0617259277046225,0.43095387451103,-0.750063883584024,29.61
424,2.00191076143776,1.40459664944732,0.337476615524633,0.433012741431539,-0.0643759013954206,0.422800117499199,-0.758711096408704,29.68
425,2.00220908505827,1.40482777473794,0.347085443038396,0.429194331839326,-0.0669739297901581,0.414101406600197,-0.767207507751614,29.75
426,2.00250142458747,1.40505973870228,0.356664978892236,0.425124178626737,-0.0695660991659548,0.404818271161382,-0.775570687790733,29.82
427,2.00278793247586,1.40529159025978,0.366210845788316,0.420802173394337,-0.0721972867618856,0.394914598247323,-0.783815188569349,29.89
428,2.00306871603422,1.40552228698864,0.375719448841268,0.416224084241155,-0.0749111138484663,0.38435780033346,-0.791952392974881,29.96
429,2.00334383226101,1.40575069094339,0.385188013875035,0.411387260204544,-0.0777498980965422,0.373118994191575,-0.799990365869719,30.03
430,2.00361328277336,1.40597559458138,0.394614716653097,0.406297754440928,-0.0807546044582613,0.361173191554663,-0.807933737256697,30.1
431,2.00387700884046,1.40619583699397,0.403998722565475,0.400969448718044,-0.0839647937962967,0.348499502081988,-0.815783677509479,30.17
432,2.00413488651946,1.40641032993765,0.413340166893052,0.395416773760924,-0.0874185685219358,0.33508134907534,-0.823537784058007,30.24
433,2.00438672189492,1.40661805386137,0.422640045576606,0.389650111714176,-0.0911525145280819,0.32090669832226,-0.831189939683658,30.31
434,2.00463224642397,1.40681805403745,0.431900166927029,0.383674542403798,-0.0952016387294587,0.30596830036521,-0.838730172555609,30.38
435,2.00487111239085,1.40700943681445,0.441123013820334,0.377488804091976,-0.0995993015497154,0.290263946413162,-0.846144518119302,30.45
436,2.00510288847563,1.40719136600938,0.450311576520609,0.371084799601236,-0.104377143723751,0.273796738025595,-0.853414883017394,30.52
437,2.00532705544328,1.4073630594552,0.459469186174379,0.364447617744505,-0.109565006813078,0.256575370608116,-0.860518911295782,30.59
438,2.00554300196112,1.40752378571894,0.468599348922838,0.357555648979142,-0.115190846863398,0.23861443066275,-0.867429853221609,30.66
439,2.00575002055381,1.40767286100432,0.477705580572346,0.350380705290509,-0.121280640665992,0.219934706635029,-0.874116437117376,30.73
440,2.00594730370713,1.40780964625229,0.48679124176039,0.342888385396721,-0.127858284118258,0.20056351309366,-0.880542744694312,30.8
441,2.00613394013313,1.40793354445179,0.495859403641745,0.335040942361252,-0.134945482215058,0.180535027866548,-0.886668090450047,30.87
442,2.00630894129913,1.40804399817216,0.504912894473173,0.326807016945038,-0.142561720502728,0.159890611551313,-0.892446935866961,30.94
443,2.00647135841231,1.40814048732816,0.513954617304242,0.318173664016924,-0.150724407867435,0.138678988431291,-0.897828929409166,31.01
444,2.00662030935101,1.40822252718755,0.522987958195917,0.309152940008585,-0.159448468200189,0.116956077436055,-0.902759073140116,31.08
445,2.00675497573537,1.40828966663065,0.53201725482559,0.299781366715464,-0.168746102730711,0.0947836899865452,-0.907178377921959,31.15
446,2.00687460024082,1.40834148667069,0.541048054626523,0.290113324297832,-0.178626632498501,0.072226732666561,-0.911025248889181,31.22
447,2.00697848416926,1.408377599243,0.550087252645785,0.280210328544334,-0.18909633047807,0.0493495454552365,-0.914237451818686,31.29
448,2.00706598529166,1.4083976462707,0.559142988669244,0.270131125834568,-0.200158333453636,0.0262134805003468,-0.916753427906097,31.36
449,2.00713651597459,1.40840129901385,0.568224484015762,0.259929494807639,-0.211812723793502,0.0028766529973105,-0.918512597014854,31.43
450,2.00718954160234,1.40838825770855,0.577341878029588,0.249654428156462,-0.224056058962168,-0.0206057917574134,-0.919455342526161,31.5
451,2.00722457930534,1.40835825150188,0.586506064104958,0.239351339629121,-0.236881070875011,-0.0441813174165313,-0.919522979760844,31.57
452,2.00724119700426,1.40831103868815,0.595728525060367,0.229064325436837,-0.250276535159025,-0.0677998736972694,-0.918657859487607,31.64
453,2.00723901277888,1.40824640725132,0.605021197754059,0.218834274066531,-0.264227641415611,-0.0914142833000786,-0.916803878366792,31.71
454,2.00721769456917,1.40816417571797,0.614396426909304,0.208698209409338,-0.278716473547137,-0.114980327164735,-0.913906765526365,31.78
455,2.00717696021579,1.40806419432459,0.623866827407776,0.198690107170649,-0.29372067479869,-0.138456769616935,-0.90991429672076,31.85
456,2.00711657784574,1.40794634650252,0.633445115004016,0.188841168013681,-0.309212855298999,-0.161805203852739,-0.904776527314699,31.92
457,2.00703636660841,1.40781055068327,0.6431439353216,0.179179877787386,-0.325160321277362,-0.184989929119697,-0.898446014946693,31.99
458,2.00693619776623,1.40765676242617,0.652975690901718,0.16973272681886,-0.341524795487501,-0.207977800113123,-0.890878002685255,32.06
459,2.00681599614308,1.40748497687004,0.662952366076637,0.160523301087471,-0.358262129428943,-0.230738199670868,-0.882030774147746,32.13
460,2.00667574193276,1.40729523150944,0.673085349444619,0.151572121734988,-0.375322008058137,-0.253242714136978,-0.871865850423745,32.2
461,2.00651547286908,1.40708760929574,0.683385253730368,0.14289681125812,-0.392647647786741,-0.275464722562137,-0.860348149906751,32.27
462,2.00633528675769,1.4068622420623,0.693861732826115,0.134512255047901,-0.410175488676914,-0.29737899051801,-0.847446171903241,32.34
463,2.00613534436902,1.40661931427219,0.704523295822182,0.12643075795706,-0.427834881859103,-0.318961269007472,-0.833132204652242,32.41
464,2.00591587269068,1.40635906708609,0.715377117853364,0.118662195626305,-0.445547773320959,-0.340187898927341,-0.817382558323478,32.48
465,2.00567716853624,1.40608180274709,0.726428847608071,0.111214160346886,-0.46322838534368,-0.36103542152263,-0.800177823493303,32.55
466,2.00541960250636,1.40578788927787,0.737682411371299,0.104092101280796,-0.480782896995778,-0.381480195260626,-0.781503155525645,32.62
467,2.00514362329698,1.405477765485,0.749139813499974,0.0972994589009507,-0.498109125233781,-0.401498019549354,-0.761348585207523,32.69
468,2.00484976234762,1.40515194626348,0.760800933260514,0.0908377935527712,-0.515096208304585,-0.421063765728455,-0.739709355905956,32.76
469,2.00453863882203,1.40481102819379,0.772663317992936,0.084706908074564,-0.531624293294955,-0.440151015770347,-0.716586287425078,32.83
470,2.00421096491119,1.40445569542197,0.784721972604289,0.0789049644481737,-0.547564320093762,-0.458731709146532,-0.691986166649092,32.9
471,2.00386755144787,1.404086725812,0.796969145436481,0.0734285944831451,-0.562777994194362,-0.476775798336887,-0.665922164953594,32.97
472,2.00350931381946,1.40370499735821,0.80939411059912,0.0682730045671689,-0.577117228561685,-0.494250913489723,-0.638414282263299,33.04
473,2.00313727816485,1.40331149484345,0.821982946908098,0.0634320745434305,-0.590423779167957,-0.51112203677587,-0.609489817515609,33.11
474,2.00275258783835,1.40290731672739,0.834718313624134,0.0588984508009447,-0.602528986607858,-0.527351187022218,-0.579183865167971,33.18
475,2.00235651012258,1.4024936822469,0.847579223243372,0.0546636336882829,-0.613253626650739,-0.542897115257764,-0.547539837254981,33.25
476,2.00195044316925,1.40207193870894,0.86054081165361,0.0507180593829479,-0.622408053301597,-0.557715041946573,-0.514610040447808,33.32
477,2.00153592314525,1.40164356895363,0.873574166211287,0.0470511763697161,-0.629794773834247,-0.571756526916262,-0.48045636750561,33.39
478,2.00111463155859,1.40121019896341,0.886646482978058,0.043651516700424,-0.635224350965825,-0.584970134720436,-0.445151342874645,33.46
479,2.00068837264879,1.40077357550361,0.899721734164711,0.040506762225317,-0.638542649901586,-0.59730656700949,-0.408781898244274,33.53
480,2.000258960636,1.4003354535898,0.912761786197222,0.0376038060029503,-0.639650147359768,-0.608730158349019,-0.371457952791852,33.6
481,1.99982819732292,1.39989757427698,0.92572760799933,0.034928809110703,-0.638508882405211,-0.61922987634129,-0.333320591346034,33.67
482,1.9993978798414,1.39946164247586,0.938580449825514,0.0324672530924377,-0.635142677272284,-0.628822695871346,-0.294540390915573,33.74
483,1.99896977833571,1.3990292145018,0.951282903082314,0.0302039882928764,-0.629633487194244,-0.637545285824006,-0.255305652340081,33.81
484,1.99854552337472,1.39860167585201,0.963799871922043,0.0281232783407788,-0.622114480574719,-0.645442793604969,-0.215805498492376,33.88
485,1.99812658358761,1.39818024900796,0.976099246667249,0.026208841054167,-0.61275524462122,-0.652562308942763,-0.176218486736516,33.95
486,1.9977142733184,1.39776600114981,0.988152219522042,0.0244438860516098,-0.601743115748234,-0.658950795562278,-0.136709349893369,34.02
487,1.99730976018494,1.39735985176111,0.999933273236708,0.0228111493633604,-0.589266258147921,-0.664654511201675,-0.0974288980263069,34.09
488,1.99691407251866,1.39696258010429,1.01141999368438,0.0212929253453857,-0.575503752548152,-0.669718831968724,-0.0585146409681438,34.16
489,1.99652810666407,1.39657483255037,1.02259285724939,0.0198710962078358,-0.560624045738361,-0.674188149237252,-0.0200914970229872,34.23
490,1.9961526341192,1.39619712974883,1.03343502352053,0.0185271594774983,-0.544785198512138,-0.678105778089255,0.0177275049049822,34.3
491,1.995788308501,1.39582987362588,1.04393213364207,0.0172422537212174,-0.528135153809494,-0.68151387650159,0.054840532012547,34.37
492,1.99543567232167,1.39547335420182,1.05407211462742,0.0159971828642429,-0.51081202220479,-0.684453374495675,0.0911562651715306,34.44
493,1.995095163564,1.39512775622008,1.06384498989491,0.0147724394439185,-0.492944382068126,-0.686963912489158,0.126593229215609,34.51
494,1.99476712204613,1.39479316558276,1.07324269624449,0.0135482271451773,-0.474651591906673,-0.689083788111016,0.161079137590979,34.58
495,1.99445179556758,1.39446957558938,1.08225890745589,0.0123044829699475,-0.456044112563474,-0.690849910764478,0.194550252843376,34.65
496,1.9941493458305,1.39415689297708,1.09088886465433,0.0110208993977703,-0.437223837118077,-0.692297763246628,0.226950764248391,34.72
497,1.99385985413168,1.39385494376262,1.09912921355845,0.0096769468997582,-0.418284426493929,-0.693461369758512,0.258232183737724,34.79
498,1.9935833268223,1.39356347888756,1.10697784869702,0.0082518971724252,-0.399311648932084,-0.69437326966522,0.288352761130622,34.86
499,1.99331970053403,1.39328217967007,1.11443376465524,0.006724847461925,-0.380383721639339,-0.695064496391774,0.317276919547506,34.93
500,1.99306884717122,1.39301066306755,1.12149691438933,0.0050747463528636,-0.36157165306147,-0.69556456086763,0.344974711761415,35.0
501,1.99283057867048,1.39274848675598,1.12816807462769,0.0032804213988728,-0.342939584368451,-0.695901438959388,0.371421298130737,35.07
502,1.99260465152977,1.39249515403286,1.1344487183601,0.0013206089749858,-0.324545219132031,-0.696101562359138,0.396596446656052,35.14
503,1.99239077111054,1.39225011855166,1.14034089440138,-0.0008260132660746,-0.30644043029941,-0.696189812423398,0.420484055610466,35.21
504,1.99218859571716,1.39201278889678,1.14584711400302,-0.003180790949996,-0.288671321314407,-0.696189516485513,0.443071699110413,35.28
505,1.9919977404591,1.39178253300888,1.15097024447636,-0.0057650541644468,-0.271278462554647,-0.696122446192315,0.46435019591889,35.35
506,1.99181778090183,1.3915586824712,1.15571340978222,-0.0086000748849937,-0.254297211988741,-0.696008817443951,0.484313201706541,35.42
507,1.99164825651358,1.3913405366683,1.16007989803546,-0.0117070202584014,-0.237758029056682,-0.695867291543861,0.502956824937963,35.49
508,1.99148867391545,1.39112736682924,1.16407307586853,-0.0151069916222991,-0.221686781134505,-0.695714977193935,0.52027926649875,35.56
509,1.99133850994326,1.39091841996791,1.16769630959474,-0.0188212391428297,-0.206105042032213,-0.695567432997939,0.536280483134329,35.63
510,1.99119721453001,1.39071292273355,1.1709528931107,-0.0228708295827952,-0.191030382057263,-0.695438670164384,0.550961874734226,35.7
511,1.99106421341839,1.39051008518512,1.1738459824776,-0.0272764889231013,-0.176476649253006,-0.695341155127928,0.56432599546413,35.77
512,1.99093891071327,1.39030910450346,1.17637853712169,-0.0320585291946701,-0.162454241494328,-0.695285811836376,0.576376288720223,35.84
513,1.99082069128448,1.39010916865543,1.1785532675976,-0.0372367688835773,-0.148970369189547,-0.695282023478218,0.5871168458614,35.91
514,1.99070892303076,1.3899094600246,1.18037258986088,-0.0428304465429903,-0.136029308400085,-0.695337633453483,0.596552188657386,35.98
515,1.99060295901578,1.38970915902306,1.18183858600112,-0.0488581272544845,-0.123632644246963,-0.695458945418539,0.604687075379943,36.05
516,1.99050213948783,1.38950744769921,1.18295297139211,-0.0553376015915267,-0.111779504526276,-0.695650722263207,0.611526330455502,36.12
517,1.99040579379472,1.38930351335609,1.18371706822162,-0.0622857767504515,-0.100466783504192,-0.695916183906451,0.617074697594813,36.19
518,1.99031324220586,1.38909655219531,1.18413178536981,-0.0697185595280996,-0.0896893559066515,-0.696257003824588,0.621336716312005,36.26
519,1.9902237976536,1.38888577300103,1.18419760461255,-0.0776507308410196,-0.0794402811592251,-0.696673304253995,0.624316621748281,36.33
520,1.99013676740611,1.38867040087847,1.18391457313325,-0.0860958114997375,-0.0697109979688664,-0.697163650038025,0.626018267718588,36.4
521,1.99005145468412,1.38844968106141,1.1832823023345,-0.0950659189715292,-0.0604915093724575,-0.697725041116023,0.626445072904823,36.47
522,1.98996716023423,1.3882228828025,1.18229997294866,-0.104571614888027,-0.0517705584060842,-0.698352903680311,0.625599990126415,36.54
523,1.98988318387104,1.38798930336,1.18096634645453,-0.114621743079348,-0.043535794574898,-0.699041080055363,0.623485498626369,36.61
524,1.98979882600107,1.38774827209421,1.17927978281469,-0.125223257944732,-0.0357739313263796,-0.699781817381766,0.620103619319991,36.68
525,1.98971338914082,1.38749915468624,1.17723826455592,-0.136381043000307,-0.0284708947495305,-0.700565755216148,0.615455952960859,36.75
526,1.98962617944173,1.38724135749111,1.17483942722212,-0.148097719479174,-0.0216119637392498,-0.701381912187086,0.609543741187624,36.82
527,1.98953650823469,1.38697433203682,1.17208059623625,-0.160373444896167,-0.0151819018796566,-0.702217671876008,0.602367950423099,36.89
528,1.98944369360641,1.38669757967989,1.16895883021369,-0.173205701530496,-0.0091650813116811,-0.703058768121364,0.593929378602214,36.96
529,1.98934706202033,1.38641065642736,1.16547097077528,-0.186589074824146,-0.0035455988596164,-0.703889269973892,0.58422878471166,37.03
530,1.98924594999416,1.38611317793427,1.16161369891289,-0.200515112005382,0.0016926153015857,-0.704691566560551,0.573267041125929,37.1
531,1.98913970584634,1.3858048246845,1.15738359796441,-0.214972351298508,0.0065656961515075,-0.705446352144764,0.561045308725953,37.17
532,1.98902769152332,1.38548534736203,1.15277722325802,-0.229945799767303,0.0110897492121846,-0.706132611700937,0.547565234783951,37.24
533,1.98890928451951,1.38515457241823,1.14779117848694,-0.245416582105709,0.0152807625276768,-0.706727607351823,0.532829173592903,37.31
534,1.98878387990127,1.38481240783988,1.14242219887688,-0.261361670384502,0.0191545249449666,-0.707206866048159,0.516840429810297,37.38
535,1.9886508924463,1.38445884912069,1.13666724120705,-0.277753604832225,0.0227265504075776,-0.707544168901029,0.499603524472801,37.45
536,1.98850975890928,1.38409398543839,1.13052358074353,-0.29456020606705,0.0260120079772977,-0.7077115426089,0.481124483621576,37.52
537,1.98835994042435,1.38371800603705,1.12398891513968,-0.311744279275979,0.0290256573041042,-0.707679253452575,0.46141114945574,37.59
538,1.98820092505455,1.38333120681329,1.11706147535218,-0.32926331092345,0.031781789270572,-0.707415804363104,0.440473513903928,37.66
539,1.98803223049797,1.38293399710282,1.10974014361436,-0.347069248924589,0.0342941715446178,-0.70688793559949,0.418324074472013,37.73
540,1.98785340695988,1.38252687657421,1.10202451832259,-0.365112398805906,0.0365759987825908,-0.706060629604684,0.394978212184662,37.8
541,1.98766404019943,1.38211032204722,1.09391477541734,-0.383354160480961,0.0386399374976565,-0.704897150728074,0.370454561307238,37.87
542,1.98746375475916,1.38168476475319,1.08541159705597,-0.401759541762964,0.0404983556181246,-0.703359180621963,0.34477528030514,37.94
543,1.98725221738466,1.3812505978537,1.07651616757422,-0.42028918687753,0.0421630144013067,-0.701406869448445,0.317966344055203,38.01
544,1.98702914064129,1.38080818412181,1.06723029689979,-0.438897419578704,0.043644944585584,-0.698998863763655,0.290057977258386,38.08
545,1.98679428673385,1.38035786377878,1.05755658113267,-0.457532390181037,0.044954416305761,-0.696092341886635,0.261085138320543,38.15
546,1.98654747153438,1.37989996247983,1.04749857017185,-0.476134656630136,0.0461009123094341,-0.692643057498928,0.231088023066921,38.22
547,1.98628856882247,1.3794347994426,1.03706094234056,-0.494636517306324,0.0470931042890288,-0.688605392248117,0.20011258765695,38.29
548,1.98601751474133,1.37896269571253,1.02624968594586,-0.512961675408484,0.0479388321584618,-0.683932418153763,0.168211089973046,38.36
549,1.9857343124718,1.37848398255927,1.0150722876872,-0.53102499543951,0.0486450861178662,-0.678575970639047,0.135442648651491,38.43
550,1.98543903712563,1.37799900999847,1.00353792780555,-0.548732443434579,0.0492179913649291,-0.67248673303515,0.101873818810349,38.5
551,1.98513184085777,1.37750815543269,0.991657681837245,-0.565980490364216,0.0496627953267546,-0.665614333427702,0.0675791834060907,38.57
552,1.98481295819643,1.37701183240532,0.979444728806171,-0.582655702516505,0.0499838573016019,-0.657907454734968,0.032641959014659,38.64
553,1.98448271158804,1.37651049946058,0.966914565653834,-0.59863443046572,0.0501846404158849,-0.649313958927188,-0.0028453853103781,38.71
554,1.98414151715301,1.37600466910203,0.9540852276687,-0.613782929641145,0.0502677058177613,-0.639781026312979,-0.0387804976071686,38.78
555,1.98378989064625,1.37549491684144,0.940977484546609,-0.627960111130837,0.0502347090447424,-0.629255310833346,-0.0750505026736412,38.85
556,1.98342845361508,1.3749818903286,0.927614891405249,-0.641024760478109,0.0500863985191709,-0.61768314240453,-0.111531413859187,38.92
557,1.98305793974516,1.37446631855179,0.914023664289998,-0.652843526206009,0.0498226161416486,-0.60501089762268,-0.148087839721313,38.99
558,1.98267920138319,1.37394902109701,0.900232439921391,-0.663293753314534,0.0494422999689496,-0.591185599973542,-0.184573108137296,39.06
559,1.98229321622303,1.37343091745296,0.886272099738431,-0.672265015377765,0.0489434889790584,-0.576155900952188,-0.220830111191621,39.13
560,1.98190109414005,1.37291303634687,0.872175537369964,-0.679658775783192,0.0483233299428958,-0.559873623572602,-0.256693294713011,39.2
561,1.98150405406808,1.37239652509454,0.857977519416261,-0.685383893441964,0.0475780864377153,-0.542295929364383,-0.291992005904876,39.27
562,1.98110331072375,1.37188262885824,0.843714548684122,-0.689356399322934,0.046703150053856,-0.523387778755598,-0.326554118890056,39.34
563,1.98070005168264,1.37137257961653,0.829424608897389,-0.691505110018466,0.0456930538621947,-0.503124926308572,-0.360210512906274,39.41
564,1.98029544461029,1.37086757534999,0.815146880487885,-0.69177176685858,0.044541488225515,-0.481498384152486,-0.392801489404337,39.48
565,1.97989064453849,1.37036878924534,0.800921486957314,-0.690112892822779,0.0432413190523948,-0.458519270878397,-0.42418287450348,39.55
566,1.97948680116606,1.36987737880857,0.786789331279035,-0.686499727681371,0.0417846086074281,-0.434223955781207,-0.454231659230099,39.62
567,1.97908506616312,1.36939449486587,0.772791811001841,-0.680920243818639,0.0401626390066203,-0.40867847525074,-0.482850427932878,39.69
568,1.978686600458,1.36892126034369,0.758970381230463,-0.673384747636502,0.0383659385410585,-0.381982070202265,-0.509970817782752,39.76
569,1.97829255139847,1.3684586586318,0.74536602491219,-0.663930312879436,0.0363843109862286,-0.354268700011197,-0.535555920843275,39.83
570,1.97790393959071,1.36800751203578,0.732018509332029,-0.65262982252329,0.0342068680678684,-0.325702469313721,-0.559599614061118,39.9
571,1.97752163592217,1.36756849012566,0.718965698868225,-0.639594546251056,0.0318220652683058,-0.296469462548952,-0.582120260388178,39.97
572,1.97714636857443,1.36714211787835,0.706242953379874,-0.624968507104176,0.0292177411697883,-0.26676568242822,-0.603151519148364,40.04
573,1.97677872992255,1.36672878360153,0.693882792071537,-0.608913401721037,0.0263811605430349,-0.236785120762133,-0.622734688238988,40.11
574,1.9764191833079,1.36632874662963,0.681914762021786,-0.591599115467918,0.0232990614004499,-0.206713614634657,-0.640914834161432,40.18
575,1.97606806967356,1.36594214478481,0.670365480701368,-0.573192397905173,0.0199577062437908,-0.176726257949179,-0.657738843708793,40.25
576,1.97572561405413,1.36556900159829,0.659258791772193,-0.553853263450338,0.0163429377454603,-0.146986890701347,-0.673254674397132,40.32
577,1.97539193191349,1.36520923328944,0.648615853159585,-0.533734390467157,0.012440239111409,-0.117648218608754,-0.687510870077276,40.39
578,1.97506703532674,1.36486265550225,0.638455307405896,-0.5129790629109,0.0082347993808579,-0.0888520486481038,-0.7005561302487,40.46
579,1.974750839004,1.36452898980066,0.628793473747483,-0.491720931341422,0.0037115839248375,-0.0607297580933958,-0.712439022463261,40.53
580,1.97444316615586,1.36420786992603,0.619644531490156,-0.470084387209412,-0.0011445895893134,-0.0334028139672195,-0.723207746677802,40.6
581,1.97414375420215,1.36389884782178,0.611020694388038,-0.448184946247281,-0.006348969496279,-0.0069832803567182,-0.732909920591818,40.67
582,1.97385226032698,1.36360139943182,0.602932375769323,-0.426129638718207,-0.0119167824202469,0.0184256886003873,-0.741592385100308,40.74
583,1.97356826688499,1.36331493028076,0.595388344187894,-0.404017404436612,-0.0178631392762917,0.0427293720841092,-0.749301029002956,40.81
584,1.97329128666478,1.36303878084544,0.58839586941236,-0.381939490626826,-0.0242029347112774,0.0658410241782519,-0.756080632124874,40.88
585,1.97302076801729,1.36277223172845,0.581960858593809,-0.359979850832565,-0.0309507397115992,0.0876814353862402,-0.761974726020511,40.95
586,1.97275609985759,1.3625145086455,0.576087982480628,-0.338215543228767,-0.0381206871093917,0.108178515643032,-0.767025471452926,41.02
587,1.97249661655036,1.36226478723964,0.570780791573326,-0.31671712681905,-0.0457263497243758,0.127266900255217,-0.771273551863124,41.09
588,1.97224160268982,1.36202219773638,0.56604182213469,-0.295549054126422,-0.0537806108865506,0.144887580071587,-0.774758082068369,41.16
589,1.97199029778624,1.36178582945438,0.561872691990978,-0.274770059102361,-0.0622955270952656,0.160987557064905,-0.777516531455508,41.23
590,1.9717419008719,1.36155473518761,0.558274186077821,-0.254433539089512,-0.0712821825822921,0.175519526391863,-0.779584660963235,41.3
591,1.97149557504022,1.36132793547524,0.555246331701714,-0.23458792977655,-0.0807505355618706,0.188441585888338,-0.780996473177192,41.37
592,1.97125045193251,1.36110442277645,0.552788463502445,-0.215277072180185,-0.0907092559679378,0.199716973855242,-0.781784174892612,41.44
593,1.97100563618737,1.36088316556782,0.550899278115758,-0.196540570778716,-0.101165554499328,0.209313835891995,-0.781978151530359,41.51
594,1.97076020986854,1.36066311238138,0.549576878548331,-0.178414142004668,-0.112125002817034,0.217205021441842,-0.78160695282548,41.58
595,1.97051323688723,1.36044319580209,0.548818808288206,-0.160929952380456,-0.123591344763672,0.223367910625077,-0.780697289239531,41.65
596,1.97026376743549,1.36022233644358,0.548622075184997,-0.144116945651381,-0.135566388768541,0.227784271850211,-0.779274038581274,41.72
597,1.97001084244761,1.35999944692147,0.548983165144094,-0.128001158334161,-0.148050071633972,0.23044012052499,-0.777360262353712,41.79
598,1.9697534981066,1.3597734358437,0.549898045688706,-0.112606023157645,-0.161039971565019,0.23132551902043,-0.774977231378029,41.86
599,1.96949077041302,1.35954321183762,0.551362159453432,-0.0979526599246323,-0.174530992550266,0.230434498668109,-0.772144460278396,41.93
600,1.96922169983363,1.35930768763332,0.553370407681945,-0.0840601533710347,-0.188515129875246,0.227765043794287,-0.768879750443117,42.0
601,1.96894533604721,1.35906578422307,0.555917123811209,-0.0709458176402806,-0.202981226598091,0.223319107811175,-0.765199241110167,42.07
602,1.96866074280485,1.35881643511639,0.558996037234415,-0.058625447027366,-0.217914721132631,0.217102661401888,-0.761117468255186,42.14
603,1.96836700292188,1.35855859071025,0.562600227344857,-0.047113552679825,-0.233297386141124,0.209125772763219,-0.756647430990565,42.21
604,1.96806322341824,1.35829122279366,0.566722067974335,-0.0364235849690967,-0.249107059000213,0.199402719798464,-0.75180066521315,42.28
605,1.96774854082397,1.3580133292055,0.571353162350963,-0.0265681412699979,-0.265317364170017,0.187952134078523,-0.746587324265427,42.35
606,1.96742212666586,1.35772393866424,0.576484268714296,-0.0175591589048685,-0.281897427867248,0.174797176312278,-0.741016266401886,42.42
607,1.96708319315072,1.3574221157876,0.582105216739781,-0.0094080930243879,-0.298811585519498,0.159965742990427,-0.735095148876851,42.49
608,1.96673099906047,1.35710696631957,0.588204814939336,-0.0021260792089052,-0.31601908255875,0.143490703782841,-0.728830528493748,42.56
609,1.96636485587293,1.35677764258187,0.594770749222154,0.0042759194167559,-0.333473769198644,0.125410169186466,-0.722227968477042,42.63
610,1.96598413412198,1.3564333491657,0.601789472817891,0.0097869807570009,-0.351123789933535,0.105767787827846,-0.715292151548511,42.7
611,1.96558827000926,1.35607334887935,0.6092460877851,0.0143961082051808,-0.368911268590717,0.0846130727335668,-0.708026999106644,42.77
612,1.96517677227895,1.35569696896582,0.617124218349606,0.018092131187595,-0.386771989875474,0.0620017557778722,-0.700435796424619,42.84
613,1.96474922936558,1.35530360760373,0.625405876342226,0.0208636219902639,-0.404635078453511,0.0379961694132024,-0.692521323795538,42.91
614,1.96430531682391,1.35489274070388,0.634071319031917,0.0226988290703398,-0.422422766994327,0.0126656546762365,-0.684285993565231,42.98
615,1.96384480504818,1.35446392901195,0.643098899679514,0.023585627058697,-0.440050344718914,-0.0139130056564963,-0.675731993002083,43.05
616,1.96336756728661,1.3540168255271,0.652464911168726,0.0235114836662095,-0.457425565750599,-0.0416551300172653,-0.666861432959811,43.12
617,1.96287358795519,1.35355118324414,0.662143423105912,0.022463443712388,-0.474448240905215,-0.0704676584872222,-0.65767650229335,43.19
618,1.96236297125316,1.35306686322576,0.672106112816964,0.0204281305027913,-0.491009924324108,-0.100248652257951,-0.648179627989219,43.26
619,1.96183595008029,1.35256384300891,0.682322090709904,0.0173917647891779,-0.506993606496364,-0.130886773796264,-0.638373640970372,43.33
620,1.9612928952542,1.3520422253482,0.692757720515032,0.0133402015537488,-0.522273415628886,-0.162260749553839,-0.62826194753129,43.4
621,1.96073432502331,1.35150224729639,0.703376434960881,0.0082589848660832,-0.536714419740743,-0.19423881723347,-0.617848706351557,43.47
622,1.96016088478118,1.35094428962024,0.714138637756798,0.0021334210679682,-0.550176052017794,-0.22667815980259,-0.607139011026044,43.54
623,1.95957323679731,1.3503688564597,0.725001963332132,-0.0050513294529359,-0.562527165186778,-0.259424689687409,-0.596139258562318,43.61
624,1.95897204047958,1.34977646504811,0.735921654344289,-0.0133101416360828,-0.573658004505849,-0.29231475028766,-0.584858455945171,43.68
625,1.95835796298081,1.349167626011,0.746851087807045,-0.0226577959995021,-0.583487507054617,-0.325179911009715,-0.573311036315586,43.75
626,1.95773169004995,1.34854285405878,0.757742390470083,-0.0331088295020107,-0.591963432002161,-0.357855701214199,-0.561522117312349,43.82
627,1.95709390702804,1.34790267897634,0.768546873500111,-0.0446773667497142,-0.599057519719163,-0.390191487934524,-0.54953426858058,43.89
628,1.95644518980109,1.34724765690023,0.779215497940491,-0.0573769312850015,-0.604762420341518,-0.422058100393491,-0.537413621657626,43.96
629,1.95578598622432,1.34657838187385,0.789699251476124,-0.0712202367032206,-0.609089700286684,-0.453352963312498,-0.5252545993442,44.03
630,1.9551166278319,1.34589546758277,0.799949527650807,-0.0862189573538339,-0.612071273704342,-0.484003463435238,-0.513183263352691,44.1
631,1.95443734173622,1.34519943908424,0.8099186287717,-0.102383478397254,-0.613761761366649,-0.513969122773935,-0.501358436061779,44.17
632,1.95374826271099,1.34449071504625,0.819560333201352,-0.119722625007212,-0.614246229398102,-0.543241406461694,-0.48996746497553,44.24
633,1.95304941536595,1.34376962031144,0.828830588072157,-0.138243370531986,-0.613643347800134,-0.571838698748895,-0.479219605716602,44.31
634,1.95234060623563,1.34303636860272,0.837688237992281,-0.15795061371944,-0.612108329944459,-0.599798252576355,-0.469335997209229,44.38
635,1.95162140630824,1.34229095518942,0.846095730360905,-0.178847115143491,-0.609829091761698,-0.627167429171728,-0.460536616444345,44.45
636,1.95089116382284,1.34153314003669,0.854019647594829,-0.200932870638835,-0.607016259676508,-0.653997626935448,-0.453030075979881,44.52
637,1.95014901725475,1.34076246126291,0.861430916504287,-0.224204643800885,-0.60388913006755,-0.680341410270582,-0.447008877866662,44.59
638,1.94939390850095,1.33997824882166,0.868304725508357,-0.248655567289506,-0.600660434825241,-0.706251212700595,-0.442647953933108,44.66
639,1.94862459628092,1.33917963841646,0.874620390916639,-0.274274722732876,-0.597532245059382,-0.731778740786083,-0.440104442992115,44.73
640,1.94783966977213,1.33836558566052,0.880361232901174,-0.301046699356925,-0.594695788075812,-0.75697450622908,-0.43951773900709,44.8
641,1.94703756250238,1.33753488049687,0.885514461532284,-0.328951131538478,-0.59233150327314,-0.781887364882022,-0.441009536589278,44.87
642,1.94621656652446,1.33668616189781,0.890071073179681,-0.357962215561893,-0.590609092805361,-0.80656406175088,-0.444683841223502,44.94
643,1.94537484690149,1.33581793286544,0.894025757510236,-0.388048205948359,-0.589687563752819,-0.831048781111852,-0.450626942024125,45.01
644,1.94451045653356,1.33492857575771,0.89737681524517,-0.419170891824848,-0.589715258737855,-0.855382700899129,-0.458907345144554,45.08
645,1.94362135135882,1.33401636796715,0.90012608677264,-0.451285144171,-0.590829872114473,-0.879603550567352,-0.469575666282633,45.15
646,1.9427054059642,1.3330794979813,0.902278891646877,-0.484338955863014,-0.593158449053976,-0.903745171686818,-0.482664481045149,45.22
647,1.94176042964245,1.33211608185587,0.903843948852772,-0.518274095679632,-0.596817365041249,-0.927837080591585,-0.498188162346499,45.29
648,1.94078418293396,1.33112418013341,0.904833217565076,-0.553025963085083,-0.601912283487548,-0.951904062558583,-0.516142764428397,45.36
649,1.93977439469284,1.33010181524133,0.905261838771227,-0.58852120062927,-0.608538089359395,-0.975965857161571,-0.536505772716503,45.43
650,1.93872877971753,1.32904698940428,0.90514811736691,-0.62467757829713,-0.616778796916568,-1.0000367538271,-0.559235809847932,45.5
651,1.93764505698705,1.32795770310654,0.904513514363268,-0.661405429026191,-0.626707429846135,-1.02412515741281,-0.584272418628458,45.57
652,1.93652096854394,1.32683197414045,0.903382648875243,-0.698605251170948,-0.638385872276065,-1.04823315363911,-0.611535802315985,45.64
653,1.93535429906512,1.32566785727681,0.901783279416098,-0.736168520066019,-0.651864689351144,-1.07235610431154,-0.640926402971697,45.71
654,1.93414289616129,1.32446346459312,0.899746143702672,-0.773983214868261,-0.66718291625445,-1.09648236256056,-0.672324529934845,45.78
655,1.93288469144488,1.32321698649464,0.897304626383002,-0.811941294549852,-0.68436781476166,-1.12059310818334,-0.705590521622638,45.85
656,1.93157772240525,1.3219267134623,0.894494314308123,-0.849945898551072,-0.703434596624655,-1.14466269443859,-0.740565743692946,45.92
657,1.93022015512856,1.32059105856003,0.891352619272731,-0.887908074284624,-0.724386113292988,-1.16865977742276,-0.777075298631967,45.99
658,1.92881030789746,1.31920855064467,0.887918347232625,-0.92574497807456,-0.747212511700121,-1.19254901787304,-0.814931607166502,46.06
659,1.92734667570383,1.31777773813157,0.884231363763448,-0.963380092719953,-0.771890856062467,-1.21629332587018,-0.853938924822461,46.13
660,1.92582795570479,1.31629718386915,0.880332324973509,-1.00073616607292,-0.798384715872621,-1.23985679951104,-0.893898646564057,46.2
661,1.92425304356126,1.31476549097321,0.876262533327128,-1.03773143282314,-0.82664372049884,-1.26320697417633,-0.934613056188812,46.27
662,1.92262094050735,1.31318132955894,0.872063767206561,-1.07428035449122,-0.856603081053786,-1.28631662373681,-0.975888095720052,46.34
663,1.92093075169692,1.31154346439609,0.867777872853237,-1.11030176752593,-0.888183080439437,-1.3091658664716,-1.01753618133927,46.41
664,1.91918171567005,1.30985078351093,0.863446268373942,-1.14572360944587,-0.921288623005059,-1.33174568942915,-1.05938054365201,46.48
665,1.91737323486766,1.30810232775738,0.859109328970349,-1.18048849693297,-0.955809356748596,-1.35406162789528,-1.10125953109908,46.55
666,1.91550490720804,1.30629729128952,0.8548057128214,-1.21455702803887,-0.991620068901471,-1.37613615590914,-1.14303057881395,46.62
667,1.91357652864815,1.30443493277735,0.850571566716315,-1.24791296163555,-1.02857870916763,-1.39800689929918,-1.18457306355206,46.69
668,1.91158800656164,1.30251457790701,0.846439731093567,-1.28056494927973,-1.06652532244543,-1.41972127259283,-1.22578469164317,46.76
669,1.90953936446363,1.30053565300321,0.84243903409885,-1.31254304460341,-1.10528138210816,-1.44132711790908,-1.26657388934786,46.83
670,1.90743077790877,1.29849771969848,0.838593613895859,-1.3438916148217,-1.14465169304883,-1.46286066886558,-1.30685114608461,46.9
671,1.90526261147409,1.29640051065924,0.834922840378191,-1.37465537427554,-1.18443723209226,-1.48433593060268,-1.34652241124149,46.97
672,1.90303542673565,1.29424393628898,0.831441926109956,-1.40486359398694,-1.22445014364565,-1.50574158310928,-1.38548692313808,47.04
673,1.90074990105718,1.29202800223778,0.828162534126075,-1.43452873383579,-1.26451789624065,-1.52704600936141,-1.42363929131589,47.11
674,1.89840683770679,1.2897528182464,0.825093261964923,-1.46364767235982,-1.30448186869657,-1.54820443091882,-1.46087309598725,47.18
675,1.89600720711434,1.28741863814945,0.822240212335355,-1.49219385991442,-1.34418838323423,-1.56916520293237,-1.4970845924119,47.25
676,1.89355218916699,1.28502590094759,0.819607559997986,-1.52011540904397,-1.38348494562368,-1.58987538970277,-1.53217637167256,47.32
677,1.89104318643755,1.28257527294439,0.817197934222639,-1.54734083754973,-1.4222205819063,-1.61028511021455,-1.56606034786929,47.39
678,1.88848174814892,1.28006766085176,0.815012496394401,-1.57379306692827,-1.46024377549516,-1.63035023336025,-1.59865965225392,47.46
679,1.88586958537586,1.27750413567666,0.81305086315938,-1.59940806690206,-1.49741241940346,-1.65003234058888,-1.62990829255585,47.53
680,1.88320858719275,1.27488591781139,0.811311115791039,-1.62414039562385,-1.53360110349896,-1.66929716028451,-1.65974954169505,47.6
681,1.88050074747349,1.27221430295748,0.809789865696304,-1.64795960827221,-1.56870567915261,-1.6881130993099,-1.68813453137618,47.67
682,1.87774815274807,1.26949067929974,0.80848243627141,-1.67084842662451,-1.60264435133867,-1.70645122628578,-1.71502204448759,47.74
683,1.87495291072904,1.26671654564407,0.807383040817108,-1.69279896937269,-1.63534904181754,-1.7242858346323,-1.74037866473145,47.81
684,1.87211716990905,1.26389344023063,0.806484836246349,-1.71380981157497,-1.66676143692132,-1.74159420185803,-1.76417832142153,47.88
685,1.86924313992812,1.26102296072194,0.805779942951852,-1.73388363269345,-1.69683131416581,-1.75835626766677,-1.78640183180804,47.95
686,1.86633302240869,1.25810678507479,0.805259491132477,-1.75302271526754,-1.72551254532511,-1.77455447199493,-1.80703662192743,48.02
687,1.86338903274511,1.25514660300406,0.804913753895993,-1.77122921436376,-1.75276417846671,-1.79017369316658,-1.82607653606143,48.09
688,1.86041342254451,1.25214413853453,0.804732216859288,-1.78850303688311,-1.77854778407515,-1.80520140683476,-1.8435217952081,48.16
689,1.85740841241594,1.24910120343481,0.804703704772346,-1.80484464200891,-1.8028293401337,-1.81962776510353,-1.85937898432578,48.23
690,1.85437621559351,1.24601972132652,0.804816414916823,-1.82025722664819,-1.82557963930861,-1.83344550579425,-1.87366088781885,48.3
691,1.85131906209041,1.24290166226061,0.805057947744004,-1.83474922857091,-1.84677767183138,-1.84664972212143,-1.88638614305981,48.37
692,1.84823913308043,1.23974903816488,0.805415425228243,-1.84833561270846,-1.86641229091192,-1.85923764334856,-1.89757910285833,48.44
693,1.84513855590562,1.2365638387762,0.805875546720874,-1.86103860238428,-1.88448186017939,-1.8712084866888,-1.90726972601427,48.51
694,1.84201933931982,1.23334805845998,0.806424702887687,-1.87288538801242,-1.90099564431829,-1.88256323006221,-1.91549334507764,48.58
695,1.83888339936852,1.23010372361768,0.807049057706625,-1.88390636321944,-1.91597429520599,-1.8933048473034,-1.92229082226578,48.65
696,1.83573258560543,1.2268328303831,0.807734809385179,-1.89413084904527,-1.92944726706631,-1.90343885536255,-1.92770906281251,48.72
697,1.83256861734796,1.22353737309751,0.808468389744701,-1.9035853905115,-1.94145101150342,-1.91297411326909,-1.93180161421969,48.79
698,1.82939311046487,1.22021937326406,0.809236602320204,-1.91229667099758,-1.95202780145014,-1.92192351170336,-1.93462923021247,48.86
699,1.8262076044016,1.2168808186826,0.810026639244725,-1.92029453077948,-1.96122367899072,-1.93030428222486,-1.93626012764017,48.93
700,1.82301349915104,1.2135236631668,0.810826037331886,-1.92761557064331,-1.96909097217813,-1.93813780557254,-1.93676987504966,49.0
701,1.81981208266836,1.21014976645717,0.811622543500271,-1.9343050834454,-1.97568806869144,-1.94544933995456,-1.93624127275276,49.07
702,1.8166045584414,1.20676092473317,0.812404100379051,-1.9404168616366,-1.98108101872255,-1.95226745832851,-1.93476407258553,49.14
703,1.81339198293022,1.20335890142783,0.813158982403831,-1.9460094958984,-1.98534549173504,-1.95862361544593,-1.93243483674212,49.21
704,1.81017529338038,1.19994536804909,0.813875962269081,-1.95113847191383,-1.98856246659897,-1.96455220519884,-1.92935714467802,49.28
705,1.8069553357279,1.19652190541478,0.814544477860627,-1.95585627985258,-1.99081716146743,-1.97009062629732,-1.92564028089979,49.35
706,1.80373280231553,1.19308994492026,0.815154769782654,-1.96021111811297,-1.99219744097151,-1.97527773091973,-1.92139209923177,49.42
707,1.80050825993164,1.18965080024891,0.815697899406326,-1.96424584520096,-1.99278890104251,-1.98015234057776,-1.91671602064347,49.49
708,1.79728217789604,1.18620572932409,0.816165737879296,-1.96799844256389,-1.9926743924207,-1.98475243025337,-1.91171020699762,49.56
709,1.79405486591914,1.18275596630322,0.816550956345254,-1.97150287435806,-1.99193355841292,-1.98911440844294,-1.90646692306511,49.63
710,1.79082650225256,1.17930266341585,0.816847017520265,-1.97479193811107,-1.99064358891317,-1.99327264286368,-1.90107202486109,49.7
711,1.78759719195012,1.175846893062,0.817048168758225,-1.97789777302554,-1.98887866187763,-1.9972592612541,-1.89560499386628,49.77
712,1.7843669950602,1.17238958979926,0.817149436723478,-1.98085309427816,-1.98671237340632,-2.00110422664889,-1.89013921470628,49.84
713,1.78113586457226,1.16893158263804,0.817146623774479,-1.98369363413337,-1.98421822069916,-2.0048351750567,-1.8847420134496,49.91
714,1.77790367464282,1.16547362736479,0.817036276060555,-1.98645784778286,-1.98147048339808,-2.00847761675465,-1.87947511712945,49.98
715,1.77467024883854,1.16201634861491,0.816815563232206,-1.9891873734418,-1.97854204189836,-2.01205498920906,-1.8743948111671,50.05
716,1.77143529813536,1.15856027220841,0.816482220266222,-1.99192469565564,-1.97550367454026,-2.01558916291593,-1.86955269621374,50.12
717,1.76819844920356,1.15510585747356,0.816034431106101,-1.99471390826552,-1.97242392973581,-2.01910064754362,-1.86499611067299,50.19
718,1.76495927272048,1.15165343928591,0.815470804597496,-1.99759735521062,-1.9693692107008,-2.02260894929808,-1.86076875955036,50.26
719,1.7617172214546,1.14820326034083,0.814790382576163,-2.00061416592536,-1.96640151409814,-2.02613241720947,-1.85691073640467,50.33
720,1.75847165865515,1.14475550339032,0.813992619958088,-2.00379875895728,-1.96357710096192,-2.02968820983057,-1.85345862962994,50.4
721,1.75522191658153,1.14131023317636,0.813077306761356,-2.00718066705131,-1.96094519615549,-2.03329223157732,-1.85044562208052,50.47
722,1.75196732500858,1.13786742858411,0.812044642683959,-2.01078282474597,-1.95854812947465,-2.03695933927899,-1.84790188425572,50.54
723,1.74870714954415,1.13442704483815,0.810895163363829,-2.01462310190123,-1.95641837426113,-2.04070333724685,-1.84585453833864,50.61
724,1.74544062029746,1.13098904556657,0.809629728931818,-2.01871315545838,-1.95458280285893,-2.04453760304928,-1.84432857657956,50.68
725,1.74216696064848,1.12755334455821,0.808249544760241,-2.02306188034102,-1.95306564348998,-2.04847489953155,-1.84334683800535,50.75
726,1.73888532586887,1.12411983774012,0.806756184303663,-2.02767491436399,-1.95188950621283,-2.05252724538346,-1.84292994563507,50.82
727,1.73559483213492,1.12068843511359,0.805151614010135,-2.03255440927188,-1.95107375541879,-2.05670554314739,-1.84309593300073,50.89
728,1.73229461577237,1.1172590023874,0.803438190186621,-2.03769867666571,-1.95063534337451,-2.06101944585455,-1.84386025161889,50.96
729,1.7289838625734,1.11383139283632,0.801618567607777,-2.04310176895532,-1.95058548516047,-2.06547704086493,-1.84523546707048,51.03
730,1.72566174702571,1.11040547912414,0.799695700352035,-2.04875266440446,-1.9509310806746,-2.07008501266739,-1.84723154604228,51.1
731,1.72232746199519,1.10698109483055,0.797672874641685,-2.05463565102746,-1.951675106652,-2.07484853230056,-1.84985571111983,51.17
732,1.71898024861347,1.10355806621068,0.795553743545817,-2.06073007418434,-1.95281820506612,-2.07977105380036,-1.85311225429254,51.24
733,1.715619336122,1.10013624392702,0.793342363486639,-2.06701278789571,-1.95435993337943,-2.08485383705517,-1.85700209842738,51.31
734,1.71224397221266,1.0967154444937,0.79104323248319,-2.07346075278679,-1.95630036864567,-2.09009564832359,-1.86152249777515,51.38
735,1.70885345361557,1.09329548196224,0.788661299971292,-2.08005263773716,-1.95863980888788,-2.0954926985682,-1.86666687749368,51.45
736,1.70544706668459,1.08987619958875,0.786201887943168,-2.08677114064753,-1.96138060350612,-2.10103881962798,-1.87242502285199,51.52
737,1.70202411851949,1.08645741122291,0.783670703843842,-2.09360031203476,-1.96452512524791,-2.10672560750766,-1.87878337753177,51.59
738,1.69858396837457,1.08303893294785,0.781073854865119,-2.10052657712654,-1.96807800738919,-2.11254256298266,-1.8857253308588,51.66
739,1.69512596910296,1.07962061471108,0.778417773270854,-2.107537078144,-1.97204259677805,-2.11847704914468,-1.89323119333115,51.73
740,1.69164949917459,1.07620228168662,0.77570920308213,-2.11462000061891,-1.97642278521208,-2.12451460765637,-1.90127849258591,51.8
741,1.6881539950163,1.07278376589742,0.772955127655348,-2.12176501853789,-1.98122170425896,-2.13063897201267,-1.90984198840476,51.87
742,1.68463889342215,1.0693649378381,0.770162788470314,-2.12896042852563,-1.98644248862914,-2.13683234973628,-1.91889400891864,51.94
743,1.6811036645704,1.06594564783761,0.767339734826763,-2.13619431466564,-1.99208812935798,-2.1430752216071,-1.92840414565867,52.01
744,1.67754784539423,1.06252572760313,0.764493844142996,-2.14345432837688,-1.99816134946003,-2.14934626000195,-1.93833918049804,52.08
745,1.67397098305245,1.05910493159686,0.761633192369404,-2.15073044628131,-2.00466098173911,-2.15562230652163,-1.94866297424438,52.15
746,1.670372669035,1.05568296868762,0.758765834550522,-2.1580132445225,-2.01157866985584,-2.16187916148342,-1.95933743072836,52.22
747,1.66675257364831,1.05225956390605,0.755899766179921,-2.16528949498484,-2.01889733689463,-2.16809261402807,-1.97032369458167,52.29
748,1.66311039062437,1.04883449013322,0.753042854588627,-2.17253899499999,-2.02659208351496,-2.17423905134521,-1.98158295154673,52.36
749,1.65944587238623,1.04540750955183,0.750202860573814,-2.17973380421006,-2.03463047713321,-2.18029561736472,-1.99307656122733,52.43
750,1.65575886571202,1.04197840539087,0.747387459862502,-2.18684199509498,-2.04297680591686,-2.18624025230468,-2.00476597429658,52.5
751,1.65204925753867,1.03854701370452,0.74460417400695,-2.19383113370958,-2.05159187360226,-2.192051673664,-2.01661255521075,52.57
752,1.6483170114348,1.03511316492614,0.741860361011982,-2.20067239382808,-2.060435466571,-2.19770959993503,-2.02857794296746,52.64
753,1.64456220448121,1.03167671572672,0.739163115119882,-2.20734130340231,-2.06946616835854,-2.20319518733208,-2.04062455946441,52.71
754,1.64078497429669,1.02823758091757,0.736519135795785,-2.21381939630805,-2.07864420890058,-2.2084915595498,-2.05271608562328,52.78
755,1.63698552664628,1.02479567513669,0.733934625961301,-2.22009415218465,-2.08793358829155,-2.21358409992495,-2.06481778560481,52.85
756,1.63316408327876,1.02135094484669,0.731415309618917,-2.226156532684,-2.0973018811173,-2.21846056648105,-2.07689664968207,52.92
757,1.62932092042825,1.01790340038276,0.72896647849199,-2.23199855146746,-2.10672027946906,-2.22311112038224,-2.08892129622313,52.99
758,1.62545640771278,1.01445305778812,0.726593007401393,-2.23761536119144,-2.11616261153928,-2.22752817775445,-2.10086160329159,53.06
759,1.62157095716152,1.01099994087587,0.724299278107809,-2.2430057197249,-2.12560544246301,-2.23170644610433,-2.11268870227477,53.13
760,1.61766503280272,1.00754402316573,0.722089192058231,-2.24817333296537,-2.13502967910492,-2.23564299503429,-2.12437497303056,53.2
761,1.61373910045402,1.00408526013433,0.71996621178207,-2.25312663716682,-2.14442000850841,-2.239337240998,-2.1358940109867,53.27
762,1.60979363805787,1.00062362151593,0.717933400778612,-2.25787738176558,-2.15376475789715,-2.24279099658794,-2.14722056669075,53.34
763,1.60582908620257,0.997159033391501,0.715993431745459,-2.26243858422301,-2.16305422080408,-2.24600843392684,-2.15833036802492,53.41
764,1.60184588925926,0.993691410592874,0.714148502917202,-2.26682441413526,-2.17227982647344,-2.24899605239345,-2.16919994589263,53.48
765,1.5978445368634,0.990220689160211,0.712400342992625,-2.27104764365589,-2.18143249788914,-2.25176274087062,-2.17980652399119,53.55
766,1.59382551546967,0.986746768591039,0.710750244435334,-2.27511815415887,-2.19050043929061,-2.25431975387196,-2.19012776248033,53.62
767,1.58978932040993,0.983269544408494,0.709199095028752,-2.27904391303865,-2.19946900106625,-2.25668066156194,-2.20014165683598,53.69
768,1.58573640809485,0.979788940787319,0.707747377574346,-2.2828293356413,-2.20831940285169,-2.25886133364195,-2.2098264117664,53.76
769,1.58166723878871,0.976304852976264,0.706395077541632,-2.28647641788978,-2.21702983536435,-2.26088001703284,-2.21916038085143,53.83
770,1.57758231968602,0.972817180044736,0.705141679187819,-2.28998346443229,-2.22557632367848,-2.26275675487423,-2.22812243335136,53.9
771,1.57348215801837,0.969325857692338,0.70398618997193,-2.29334493254478,-2.23393073470019,-2.26451100317953,-2.23669380164488,53.97
772,1.5693673047087,0.965830800859859,0.702927163184926,-2.29655329445026,-2.2420623680532,-2.26616075444119,-2.24485828054962,54.04
773,1.56523839830061,0.962331936669366,0.701962718813694,-2.29959732183351,-2.24993672219422,-2.26772232538149,-2.25260192219656,54.11
774,1.56109611888956,0.958829237431679,0.701090562664909,-2.30246485620114,-2.25751986087727,-2.26921029703334,-2.25991285859385,54.18
775,1.55694120248293,0.955322663459283,0.700308003782695,-2.30514714677249,-2.26478257364684,-2.27063748650594,-2.26678116186955,54.25
776,1.55277439542603,0.951812196211665,0.69961197020145,-2.30764006242355,-2.27170105139857,-2.27201492008446,-2.27319871231981,54.32
777,1.54859646923157,0.948297871510542,0.69899902308232,-2.30994560783849,-2.27825783849772,-2.27335177734456,-2.27915907444225,54.39
778,1.54440817544829,0.944779722562044,0.698465369288791,-2.31207148735955,-2.28444098582968,-2.27465524590764,-2.2846573510141,54.46
779,1.54021026090583,0.941257813311707,0.698006872463416,-2.31402417325494,-2.29023821580202,-2.27593043710996,-2.28968992506794,54.53
780,1.53600342297134,0.937732271868407,0.697619092761821,-2.31580501609364,-2.29563780365408,-2.2771803323685,-2.29425430046896,54.6
781,1.53178835524303,0.934203233732828,0.697297415494018,-2.31740876527966,-2.30062738967909,-2.27840618137952,-2.29834940221152,54.67
782,1.52756579340491,0.930670875354633,0.697037118314186,-2.31882934384876,-2.30519758257405,-2.2796079609544,-2.30197582498828,54.74
783,1.52333647096673,0.927135447752642,0.696833497392869,-2.3200657167278,-2.30934713474368,-2.28078459359167,-2.30513584952422,54.81
784,1.51910113531469,0.923597219931565,0.696681902217893,-2.32112433228572,-2.31308427392301,-2.28193410631125,-2.30783352754194,54.88
785,1.51486050370873,0.920056482529523,0.696577739284255,-2.3220156699943,-2.3164223858739,-2.28305375985774,-2.31007477514137,54.95
786,1.51061527956388,0.91651349134062,0.696516504932357,-2.32274937716305,-2.3193754036339,-2.28414005804458,-2.31186735416929,55.02
787,1.50636610865182,0.912968501146086,0.696493907592844,-2.32332973966129,-2.32195534019512,-2.28518920895542,-2.31322032024458,55.09
788,1.50211362564868,0.909421799586099,0.696505898992685,-2.32375587927395,-2.32416985822844,-2.28619906104673,-2.31414194440508,55.16
789,1.49785850075415,0.90587365080445,0.696548644487562,-2.32402240515694,-2.32602270488944,-2.28716965588102,-2.31463914707933,55.23
790,1.49360139610708,0.902324329387322,0.696618402506073,-2.32412265563415,-2.32751361165369,-2.28810314972077,-2.31471739116474,55.3
791,1.48934298242426,0.898774154328171,0.696711463613863,-2.32405176235337,-2.32863768920222,-2.28900331459665,-2.31438124470204,55.37
792,1.48508389549945,0.895223432750475,0.696824028914604,-2.32380725024549,-2.32938798806526,-2.2898732347775,-2.31363630506307,55.44
793,1.48082475290162,0.891672493909101,0.696952178293706,-2.3233882264434,-2.32975686238568,-2.29071453831769,-2.31248953596714,55.51
794,1.47656611050992,0.888121723201455,0.697091898485725,-2.32279580592678,-2.32973968727434,-2.29152714064616,-2.31094913046965,55.58
795,1.47230850931306,0.884571505919243,0.69723920112389,-2.32203074215341,-2.32933548400692,-2.29230934972975,-2.3090245316396,55.65
796,1.46805252219962,0.881022231172625,0.697390150317501,-2.32109665713767,-2.3285480636703,-2.29305815228595,-2.30672661077817,55.72
797,1.46379871046639,0.877474235628931,0.697540860004569,-2.32000249235625,-2.3273874485708,-2.29376938019727,-2.30406785256868,55.79
798,1.45954764047297,0.87392783749768,0.697687491238483,-2.31876198400505,-2.32586961562958,-2.29443772709372,-2.30106242661025,55.86
799,1.45529984008174,0.870383370492561,0.69782624947885,-2.31739220841211,-2.32401585535688,-2.29505676561688,-2.29772626546048,55.93
800,1.45105581522378,0.866841127501365,0.697953412043554,-2.31591101683685,-2.32185051252219,-2.2956190858125,-2.29407723919424,56.0
801,1.44681600623048,0.863301394484349,0.69806544596588,-2.31433290803911,-2.31939903375678,-2.29611688573184,-2.29013470408515,56.07
802,1.44258080427258,0.859764484332458,0.698159005709528,-2.3126693558522,-2.31668454647955,-2.29654376656695,-2.28591737201837,56.14
803,1.43835050754783,0.856230680417005,0.698230810805293,-2.3109294694794,-2.31372320939888,-2.29689511482373,-2.28144280994079,56.21
804,1.43412536764891,0.852700270351635,0.698277614084215,-2.30911821823497,-2.3105252844501,-2.29716782383995,-2.27672832831048,56.28
805,1.42990563584294,0.849173579698199,0.69829620039108,-2.30723745583342,-2.30709705566315,-2.29735839192553,-2.27179307769944,56.35
806,1.42569151899477,0.845650915348093,0.698283385749174,-2.30528724685372,-2.30344362485706,-2.29746282718686,-2.26665813384484,56.42
807,1.42148319556812,0.842132599099658,0.698236017034324,-2.30326773604273,-2.29956873281145,-2.29747814848446,-2.26134514246928,56.49
808,1.41728077135013,0.838619001162855,0.69815100230345,-2.30118002597725,-2.29547723222682,-2.29740084908294,-2.25587785612544,56.56
809,1.4130843253346,0.835110483322146,0.698025432009866,-2.29902266316734,-2.29117542845142,-2.29722689638499,-2.25028219995039,56.63
810,1.40889395549885,0.831607432277367,0.697856610634502,-2.29679104390726,-2.28666856578078,-2.29695374921613,-2.24458429423387,56.7
811,1.40470973420946,0.828110292892835,0.697642028873162,-2.29448169560382,-2.28196090510081,-2.29658078220078,-2.23880995360159,56.77
812,1.4005317236938,0.82461951108441,0.697379246340877,-2.29209475417864,-2.27705863348133,-2.29610938095826,-2.23298491015071,56.84
813,1.39635993122517,0.821135536775295,0.69706586536528,-2.2896347579506,-2.27197157387997,-2.29554249751592,-2.22713554945648,56.91
814,1.39219432437144,0.817658766561598,0.696699565825469,-2.28711102167766,-2.26671483817288,-2.29488273319622,-2.22129097135202,56.98
815,1.38803478595609,0.814189576518324,0.696278231167205,-2.28453750041188,-2.26131051359327,-2.29413234884267,-2.21548306534938,57.05
816,1.38388115917101,0.810728354875376,0.695799985109677,-2.28193169168424,-2.25578628326452,-2.29329517224981,-2.20974454000099,57.12
817,1.37973329257987,0.807275444293519,0.695263199257347,-2.2793133279634,-2.25017299631087,-2.29237697275075,-2.20410839580712,57.19
818,1.37559099475158,0.803831144172072,0.694666501738447,-2.27670300951529,-2.24450419582471,-2.29138541613759,-2.19860796853662,57.26
819,1.37145404896538,0.80039565263125,0.694008786899499,-2.27412318432872,-2.23881528738106,-2.29032999095112,-2.19327691052304,57.33
820,1.36732216763991,0.796969098602532,0.693289226080609,-2.27159900753941,-2.23314556688176,-2.28922208652796,-2.18814925977273,57.4
821,1.36319500684148,0.793551573760214,0.692507279491446,-2.26915998257608,-2.2275402186634,-2.28807489166852,-2.18325947592675,57.47
822,1.35907212052551,0.790143074028576,0.691662709202828,-2.26683901374492,-2.22204695762695,-2.28690269249278,-2.17864156991765,57.54
823,1.35495300495628,0.78674353118949,0.690755593263626,-2.26466974226672,-2.21671294098731,-2.2857186365281,-2.1743262736319,57.61
824,1.35083714304966,0.783352844327299,0.689786310859538,-2.26268069088225,-2.21158080545709,-2.28453436269072,-2.17034046125293,57.68
825,1.3467239583847,0.779970820848932,0.688755438336892,-2.26089758959417,-2.20668792095522,-2.28335993236282,-2.16670713681958,57.75
826,1.34261285941973,0.77659720760759,0.687663736611295,-2.25933925939195,-2.20206600173959,-2.28220409144329,-2.16344586716391,57.82
827,1.33850328366027,0.773231751957933,0.686512199863024,-2.25801559842,-2.19773842657086,-2.28107417117212,-2.16057275718022,57.89
828,1.334394651526,0.769874232571709,0.685302165505281,-2.25692754990443,-2.19372152558872,-2.27997610897427,-2.15810047856341,57.96
829,1.3302863803657,0.766524399842885,0.684035244705279,-2.25607212060717,-2.19002574154477,-2.27891431840129,-2.15603808093629,58.03
830,1.32617783827975,0.76318200641273,0.68271331413598,-2.25544339337186,-2.1866581694797,-2.27789188946722,-2.15439130724294,58.1
831,1.32206838819945,0.759846837556141,0.681338538841704,-2.25503278328612,-2.18362400745567,-2.27691066798287,-2.15316269113857,58.17
832,1.31795743197116,0.756518651170407,0.679913396095944,-2.25483046318043,-2.18092730935175,-2.27597127400782,-2.15235149644737,58.24
833,1.31384436419366,0.753197207896796,0.678440670124497,-2.25482672501759,-2.17857158120523,-2.27507311956214,-2.15195382960759,58.31
834,1.30972858625809,0.749882301116072,0.676923357473791,-2.25501439059194,-2.17655970953281,-2.27421451584989,-2.15196280476613,58.38
835,1.30560946025057,0.746573696559038,0.675364633413006,-2.25538799925001,-2.17489484630506,-2.27339308061857,-2.1523690323816,58.45
836,1.30148635316702,0.74327116206231,0.673767758965137,-2.25594329302784,-2.17357954262494,-2.27260599436814,-2.15316079961695,58.52
837,1.29735868118842,0.739974497210314,0.672136078948528,-2.25667814263849,-2.17261595930162,-2.27185022580255,-2.15432439400609,58.59
838,1.29322586376464,0.73668347260445,0.670473050794596,-2.25758994991006,-2.17200558971148,-2.27112281683736,-2.15584448034202,58.66
839,1.28908733795602,0.733397859289544,0.668782273993549,-2.2586730469837,-2.17174644894319,-2.27042098651539,-2.15770410980479,58.73
840,1.28494251269251,0.730117458078464,0.667067490017869,-2.25991895065956,-2.17183473964707,-2.26974223440991,-2.1598848730972,58.8
841,1.28079081339895,0.726842038515817,0.665332492483148,-2.26131501901001,-2.17226220900531,-2.26908429312656,-2.16236683684127,58.87
842,1.27663172673407,0.723571368010791,0.663581128005317,-2.26284879164503,-2.17302026918058,-2.26844526091436,-2.16512862462063,58.94
843,1.27246475519034,0.720305240880084,0.661817297422626,-2.26450633981023,-2.17409737199326,-2.26782379407532,-2.16814755276514,59.01
844,1.26828943200238,0.71704341704185,0.660044897137489,-2.26627302102079,-2.17548068018347,-2.26721929903097,-2.17139976108788,59.08
845,1.26410527602236,0.713785650890896,0.658267911121978,-2.26813552523503,-2.17716007975963,-2.26663206389418,-2.17486027880829,59.15
846,1.25991183700928,0.710531720096202,0.656490352639171,-2.27007967668546,-2.1791255976003,-2.26606317911781,-2.1785029057409,59.22
847,1.25570874107764,0.707281364061969,0.654716266222632,-2.2720908516141,-2.18136743134211,-2.26551451800492,-2.18230021007816,59.29
848,1.25149564605027,0.704034312582693,0.652949759753847,-2.2741517468159,-2.18387128041766,-2.26498880714838,-2.18622346271396,59.36
849,1.24727228724861,0.700790344521463,0.651195006389077,-2.27623918417333,-2.18661622957498,-2.2644898770292,-2.19024286965596,59.43
850,1.24303852346323,0.697549316340726,0.649456156086015,-2.27832672124076,-2.18957452321305,-2.26402279184641,-2.19432759155334,59.5
851,1.23879429284613,0.694311100314006,0.647737307093772,-2.2803856065351,-2.19271377249064,-2.26359412929822,-2.19844615263219,59.57
852,1.23453962916604,0.691075612947654,0.646042416980501,-2.28239103027002,-2.19600162579082,-2.26321222969613,-2.20256669801521,59.64
853,1.23027461807698,0.687842843351702,0.644375273475794,-2.28432551726236,-2.19940896162017,-2.26288750455554,-2.20665737078243,59.71
854,1.22599941375048,0.684612791298082,0.642739344530194,-2.28617970314993,-2.20290694092103,-2.26263217266921,-2.21068714031195,59.78
855,1.22171419551884,0.6813854954929,0.64113753761162,-2.28795049423396,-2.20646321476961,-2.26245834031862,-2.21462795501717,59.85
856,1.2174191848779,0.678161061799548,0.639572169054003,-2.2896376942786,-2.21004499044846,-2.26237686251362,-2.21845472985863,59.92
857,1.21311460249494,0.674939601148682,0.63804502305486,-2.29124186640377,-2.21362323980116,-2.26239686469438,-2.22214503457569,59.99
858,1.20880068556883,0.67172122757197,0.636557500279826,-2.29276487429168,-2.21717862211531,-2.26252586452575,-2.22567905475839,60.06
859,1.20447764518747,0.66850599600671,0.63511067551517,-2.29421382480068,-2.22070313458392,-2.26277022282925,-2.22903982616449,60.13
860,1.20014568402926,0.66529393030806,0.633705324518258,-2.29560194308113,-2.22419788182968,-2.26313547220015,-2.2322134718494,60.2
861,1.19580495405389,0.662085051204638,0.632341950134214,-2.29694463497474,-2.2276680177135,-2.26362640284262,-2.23518920171256,60.27
862,1.19145560461746,0.658879313933817,0.631020837752407,-2.29825633278624,-2.23111904161562,-2.26424714622477,-2.23795922514958,60.34
863,1.18709783074591,0.65567663608286,0.629742170181247,-2.29954505521132,-2.23455333586167,-2.26500113611592,-2.24051863718044,60.41
864,1.18273183130071,0.652476955461152,0.628505961234037,-2.30081265442243,-2.23796441683646,-2.26589121772109,-2.24286551889665,60.48
865,1.17835782747222,0.649280257829443,0.627312018636796,-2.30205587595622,-2.24133825704062,-2.26691930309599,-2.24500068064888,60.55
866,1.17397602124579,0.646086514311658,0.626159845994798,-2.30326940478724,-2.24465620223793,-2.26808605419583,-2.24692737897534,60.62
867,1.16958661418811,0.642895709016075,0.625048634260142,-2.30444809947945,-2.24790023613112,-2.26939047317329,-2.24865100725726,60.69
868,1.16518976619878,0.63970786660313,0.623977282533943,-2.30558721099602,-2.2510530408693,-2.27082976096768,-2.25017897065751,60.76
869,1.16078564466253,0.636522989536892,0.622944418129935,-2.30668332424214,-2.25409854029111,-2.27239911323895,-2.25152050454369,60.83
870,1.15637447373559,0.633341085546288,0.621948415919319,-2.30773484900256,-2.25702322709175,-2.27409139352191,-2.25268646635028,60.9
871,1.15195649350018,0.630162195032766,0.620987416981577,-2.30873902147439,-2.25981355042818,-2.27589689430281,-2.25368913080142,60.97
872,1.1475319794216,0.626986328161043,0.620059376678242,-2.30969354011723,-2.26245848079321,-2.27780312597207,-2.25454198829902,61.04
873,1.14310120175264,0.62381349215869,0.619162202358484,-2.31059711919881,-2.26495093397423,-2.27979460374154,-2.25525957634281,61.11
874,1.13866444523151,0.620643718561146,0.618293800206707,-2.31144977244444,-2.26728706139677,-2.28185260266452,-2.25585740391484,61.18
875,1.13422196871725,0.617477000138788,0.617452091445191,-2.3122549329531,-2.26946798031615,-2.28395575358282,-2.25635151725042,61.25
876,1.12977402510868,0.614313318031985,0.6166350280173,-2.31301784314532,-2.27150072453562,-2.28608349621417,-2.2567571651378,61.32
877,1.12532082119116,0.61115266883104,0.615840607788702,-2.31374307301918,-2.27339402282089,-2.28821670317653,-2.25708812802243,61.39
878,1.12086253775757,0.607995001338107,0.615066919391254,-2.31443456653946,-2.27515702858101,-2.29033758145882,-2.25735662037935,61.46
879,1.11639928964898,0.604840243537664,0.614312246833288,-2.31509463563871,-2.2768003989074,-2.29242957378903,-2.25757322452622,61.53
880,1.11193117615034,0.601688359600935,0.613574993208728,-2.31572421851652,-2.2783340963991,-2.29447707969483,-2.25774664504275,61.6
881,1.10745833147578,0.598539376749963,0.612853664238001,-2.31632325886101,-2.27976618604461,-2.29646538769686,-2.25788364465876,61.67
882,1.1029808850786,0.595393321806446,0.612146881581901,-2.31688804676417,-2.28109994917701,-2.29838075874097,-2.25798907119093,61.74
883,1.09849898222203,0.592250247951365,0.611453395867621,-2.31740949291866,-2.28233127006721,-2.30021048060852,-2.25806603558124,61.81
884,1.09401274445759,0.589110261431678,0.610772099451801,-2.31787266713352,-2.283451981683,-2.3019430139035,-2.2581161205985,61.88
885,1.08952232044719,0.585973457949877,0.610102038943101,-2.31825823317614,-2.28445005409905,-2.30356780861729,-2.2581392290055,61.95
886,1.0850279368633,0.582839949260997,0.609442427504266,-2.31854581029346,-2.28531255298553,-2.30507533305911,-2.25813361274293,62.02
887,1.08052985910143,0.579709889712122,0.608792626863125,-2.3187140264883,-2.2860239367169,-2.30645707464058,-2.25809581234197,62.09
888,1.0760284122393,0.57658341245912,0.608152038871359,-2.31874520707626,-2.28656868856762,-2.30770557286197,-2.25802083756245,62.16
889,1.07152394188711,0.573460655884336,0.607520087149194,-2.31862801942156,-2.28693557637261,-2.30881463509237,-2.2579025592306,62.23
890,1.06701683527409,0.570341789949594,0.606896198563711,-2.31835602819764,-2.28711649939353,-2.30977940431276,-2.25773383096185,62.3
891,1.06250748221393,0.567226952218787,0.606279694288089,-2.31792860015367,-2.28710756487771,-2.31059648954777,-2.25750664175616,62.37
892,1.05799629629334,0.564116274073482,0.605669770978758,-2.31735066832488,-2.28690815208447,-2.31126409889782,-2.25721229959445,62.44
893,1.05348367592561,0.561009906855818,0.605065511907338,-2.31662771508478,-2.28651510551845,-2.31178160356591,-2.25684212758364,62.51
894,1.04897002561277,0.557907957673107,0.604465897974122,-2.31576376668463,-2.28592412257409,-2.31214820194776,-2.2563891842964,62.58
895,1.04445571705811,0.554810515387889,0.603869818619605,-2.31476492655575,-2.28513373222309,-2.31236438459016,-2.25584688643958,62.65
896,1.03994111047298,0.551717676528294,0.603276082652438,-2.31364005281748,-2.28414566674023,-2.31243240897493,-2.25520850555952,62.72
897,1.03542651571989,0.54862948085386,0.602683398926091,-2.31240405584366,-2.28296650070363,-2.31235578411821,-2.25446756899263,62.79
898,1.03091221363671,0.545545937101573,0.602090266710359,-2.31107680527905,-2.2816063148648,-2.3121371932793,-2.25361985719875,62.86
899,1.02639841718528,0.542467078735898,0.601494986395377,-2.30967502860833,-2.28007477591412,-2.31177789358142,-2.25266383837777,62.93
900,1.02188532285805,0.539392989527042,0.600895820642929,-2.30820923603112,-2.27838308662072,-2.3112782916208,-2.2516002023742,63.0
901,1.01737316207568,0.536323738781318,0.600291155576647,-2.30668157942021,-2.27653865783306,-2.31063984547802,-2.25042956117929,63.07
902,1.0128621623087,0.533259406748616,0.599679541691105,-2.30509090342574,-2.27454715487327,-2.30986531443454,-2.24915165576227,63.14
903,1.00835256835778,0.530200109942499,0.599059674684257,-2.30343737647785,-2.27241514844844,-2.30895871031459,-2.2477653170288,63.21
904,1.00384460343751,0.527145936108229,0.598430286151722,-2.30172402388812,-2.27014984970558,-2.30792534154313,-2.24626851898181,63.28
905,0.999338490410334,0.524096969363144,0.597790124693117,-2.29995784084878,-2.26776014159295,-2.30677197993507,-2.2446585842809,63.35
906,0.994834412815634,0.521053315244558,0.597137937190216,-2.29814840921945,-2.26525640911392,-2.30550702976852,-2.24293248206107,63.42
907,0.990332536040938,0.518015035400442,0.596472360016445,-2.29630516131237,-2.26264588875203,-2.30414060875617,-2.24108697735626,63.49
908,0.985832968280999,0.514982172447487,0.595791900726968,-2.29443506568688,-2.2599320216306,-2.30268420979784,-2.23911938437504,63.56
909,0.981335781632754,0.511954804819918,0.595094950078593,-2.29254566917591,-2.25711717843622,-2.30114879999945,-2.23702955552665,63.63
910,0.976840972973263,0.508933071432698,0.594379794318699,-2.29064458904446,-2.25420321989525,-2.29954421508965,-2.2348202779943,63.7
911,0.972348515058064,0.50591710598219,0.593644627772181,-2.28874171339102,-2.25119440591685,-2.2978790366699,-2.23249728136599,63.77
912,0.967858407576648,0.502907061408266,0.592887565757329,-2.2868493257005,-2.24809723757084,-2.29616056098015,-2.23006927750055,63.84
913,0.963370637902279,0.499903134252249,0.592106657863189,-2.28497928082587,-2.24492042112189,-2.29439473867459,-2.22754800243761,63.91
914,0.958885201974848,0.496905498644666,0.591299901622395,-2.28314520543082,-2.24167687961718,-2.29258632617762,-2.22494826019416,63.98
915,0.954402064966057,0.493914330445796,0.590465256614628,-2.28136211047994,-2.23838314826758,-2.29073906798591,-2.2222879983234,64.05
916,0.949921182078011,0.490929831272632,0.589600659036847,-2.2796430845666,-2.23505540119797,-2.28885575939144,-2.21958847514375,64.12
917,0.945442459124894,0.487952162145853,0.588704066864736,-2.2780013118526,-2.23171098515733,-2.28693827982092,-2.21687433778738,64.19
918,0.940965773249545,0.484981467279692,0.587773595817998,-2.27644646244742,-2.22836847954115,-2.28498813832012,-2.21417315936831,64.26
919,0.936490933425681,0.482017897748537,0.586807595727305,-2.27498198403497,-2.22504543995664,-2.28300849395429,-2.21151338175642,64.33
920,0.932017731186719,0.479061544764464,0.585804787687599,-2.27360636352881,-2.22175785675658,-2.2810044317056,-2.20892355188682,64.4
921,0.927545991321312,0.476112463089471,0.584764311588495,-2.27231288272498,-2.21851684515621,-2.27898281766936,-2.2064320989005,64.47
922,0.923075532276079,0.473170724405268,0.583685744220199,-2.27109280236625,-2.21533258586513,-2.27695230512421,-2.20406741089973,64.54
923,0.918606186707377,0.470236440464019,0.582569118058109,-2.26993481385252,-2.21221558707424,-2.27492334091379,-2.20185772940134,64.61
924,0.914137761834482,0.467309695843263,0.581414940733696,-2.2688291532303,-2.20918002146976,-2.27290747996621,-2.19983013887042,64.68
925,0.909670059948179,0.464390570829479,0.580224185103304,-2.26776978844264,-2.206243421408,-2.2709149847821,-2.19800744731886,64.75
926,0.905202838727307,0.461479164165571,0.578998189730277,-2.26675386764069,-2.20342486822397,-2.2689543202164,-2.1964076210857,64.82
927,0.900735831717825,0.458575525397585,0.577738650289491,-2.26578209936923,-2.20074609825749,-2.26703240003673,-2.1950440884769,64.89
928,0.896268708627836,0.455679677345385,0.576447641694686,-2.26485792844845,-2.19822911656481,-2.26515465238543,-2.19392591904463,64.96
929,0.891801125882096,0.452791638433194,0.57512764083024,-2.26398490578723,-2.19589609477271,-2.26332538542388,-2.19305817914022,65.03
930,0.887332777178648,0.449911354616335,0.573781519762078,-2.26316598295097,-2.19376914566041,-2.26154788139323,-2.19244189190945,65.1
931,0.882863353790502,0.447038721430376,0.572412449207666,-2.26240202352705,-2.19186561135056,-2.25982439953995,-2.19207402286662,65.17
932,0.87839256505657,0.444173635988149,0.57102389273976,-2.26169275062525,-2.19020035823312,-2.25815653916251,-2.19194794234522,65.24
933,0.873920098716522,0.441316018750931,0.569619631491324,-2.26103998005607,-2.18878891031942,-2.25654539107085,-2.19205361268504,65.31
934,0.869445641445785,0.438465744900131,0.568203759123526,-2.26044661014698,-2.18764747925772,-2.25499168804324,-2.19237783124036,65.38
935,0.8649688392454,0.435622665837465,0.566780556725439,-2.25992051483376,-2.18679485520335,-2.25349592417272,-2.19290431877509,65.45
936,0.860489318043374,0.432786630552623,0.565354398010503,-2.25947190662942,-2.18624770359609,-2.25205874396663,-2.19361401453603,65.52
937,0.856006644162989,0.429957416597905,0.563929835171353,-2.259107539161,-2.1860216335723,-2.25068142066298,-2.19448569864775,65.59
938,0.851520375103535,0.427134751199076,0.562511564436604,-2.25882791708994,-2.18612666454988,-2.24936567155742,-2.19549570857518,65.66
939,0.847030110377982,0.424318362330937,0.561104481861544,-2.25862525672346,-2.18656443212137,-2.24811368286243,-2.19661789337084,65.73
940,0.842535452152268,0.421507999586967,0.559713468215171,-2.25848827503321,-2.18732475615296,-2.24692819362889,-2.19782371587105,65.8
941,0.838036056219877,0.418703364672431,0.558343203753017,-2.25840312606714,-2.18838539221054,-2.24581321035708,-2.19908319533049,65.87
942,0.833531683055555,0.415904132051996,0.556998012788203,-2.25835722460434,-2.18971400369017,-2.24477478057879,-2.20036587863877,65.94
943,0.829022158691102,0.413109999581756,0.555681707888997,-2.2583408724669,-2.19127202408396,-2.24382110323071,-2.20164220171033,66.01
944,0.824507395856235,0.410320708955936,0.55439746371298,-2.2583463567462,-2.19301670916381,-2.24296050141119,-2.20288560264557,66.08
945,0.819987355036764,0.407535975798236,0.553147810672542,-2.25836858196341,-2.19490745749236,-2.24220041658914,-2.20407264920843,66.15
946,0.815462065802618,0.404755509929001,0.551934658111258,-2.25840528059979,-2.19690761439991,-2.24154718341604,-2.20518292618704,66.22
947,0.810931588055511,0.40197906563786,0.550759286769946,-2.25845436498309,-2.19898046638279,-2.24100598325294,-2.20619898393815,66.29
948,0.806396033546703,0.399206461791469,0.549622250332535,-2.25851678496457,-2.2010912510706,-2.24058070550887,-2.20710619804527,66.36
949,0.801855527312833,0.396437511605304,0.54852336655523,-2.25859854290729,-2.20320606684022,-2.24027368660975,-2.20789260058162,66.43
950,0.797310229378798,0.393672042609304,0.54746173779355,-2.25870900762889,-2.20529466305823,-2.24008517608978,-2.20854838236503,66.5
951,0.792760296374477,0.390909916547501,0.546435770842783,-2.25885988991502,-2.20733377181842,-2.24001316160691,-2.20906578852759,66.57
952,0.78820590341342,0.388150958951561,0.545443226195687,-2.2590635254899,-2.20930547565811,-2.24005364314142,-2.20943925713907,66.64
953,0.783647205879696,0.385394978917224,0.544481356921507,-2.25933097672913,-2.21119350009897,-2.24020093518526,-2.20966559040937,66.71
954,0.779084361470775,0.38264181891133,0.543546956680003,-2.2596727510554,-2.21298399046997,-2.24044775629148,-2.2097440983947,66.78
955,0.774517492142655,0.379891374437264,0.542636407183094,-2.26009464397355,-2.21466237883018,-2.24078537687573,-2.20967665508914,66.85
956,0.769946706305414,0.377143523386175,0.541745815424995,-2.26059935761992,-2.21621554809307,-2.24120382540079,-2.20946784744035,66.92
957,0.765372060916009,0.374398145602388,0.540871060219473,-2.2611886293661,-2.21763222299464,-2.24169215310113,-2.20912512699187,66.99
958,0.760793613905103,0.371655172489706,0.540007838377486,-2.26186138735139,-2.21890200936936,-2.24223851672487,-2.20865887380569,67.06
959,0.756211476673554,0.36891460648519,0.539151800862642,-2.26261455221653,-2.22001705351892,-2.24283035028018,-2.2080825530566,67.13
960,0.751625776394229,0.366176450226161,0.538298598475428,-2.2634397454065,-2.22096855922524,-2.24345465608691,-2.2074129039351,67.2
961,0.747036678555804,0.363440725936895,0.537443927407751,-2.26432089866934,-2.22174454115615,-2.24409820474568,-2.20667013052748,67.27
962,0.742444349395362,0.360707524859491,0.536583665009305,-2.26523520201457,-2.22233221474186,-2.24474815574932,-2.20587752270355,67.34
963,0.737848978567732,0.357977026552891,0.535713915316759,-2.26615314805012,-2.22271569553821,-2.24539400160558,-2.20505930313986,67.41
964,0.733250741697682,0.355249427882942,0.534831054683202,-2.26704579679363,-2.22288260796372,-2.24602800745118,-2.20423994953786,67.48
965,0.728649823162476,0.352524962226757,0.53393183775347,-2.26788945287237,-2.22282747832616,-2.24664504897729,-2.20344402879504,67.55
966,0.724046378750727,0.349803918624635,0.533013323148711,-2.26866992193599,-2.2225543494575,-2.24724245056085,-2.20269606128382,67.62
967,0.719440558545171,0.347086570612084,0.53207285962075,-2.26938493257436,-2.22207861704779,-2.24781997413343,-2.20202053514629,67.69
968,0.71483246967563,0.344373195253277,0.531108132729389,-2.27004153469093,-2.22142652303833,-2.2483798986604,-2.20144200998646,67.76
969,0.710222199290418,0.341664092107783,0.53011730217809,-2.27064949736322,-2.22063113237653,-2.24892685926967,-2.20098494846507,67.83
970,0.705609777393343,0.338959511862353,0.529099049323091,-2.2712184386267,-2.2197286739867,-2.24946753625244,-2.2006732753541,67.9
971,0.70099519989568,0.336259675148889,0.528052595064468,-2.27175934894419,-2.21875684001996,-2.25001043455501,-2.20053002466331,67.97
972,0.696378391531669,0.33356479128085,0.526977688142913,-2.2722840994984,-2.21775338790973,-2.25056527223811,-2.20057659300449,68.04
973,0.691759228988564,0.330874986640901,0.525874503680858,-2.27280666598786,-2.21675694008302,-2.25114116538381,-2.20083048553417,68.11
974,0.687137503901666,0.328190323242564,0.524743662586846,-2.27334360051523,-2.21580967976618,-2.25174625699916,-2.20130495400766,68.18
975,0.682512946067559,0.325510847288079,0.523586371819932,-2.27391215666524,-2.21495652639035,-2.2523875862444,-2.20200887180486,68.25
976,0.677885186528339,0.322836607545788,0.522404474888414,-2.27452850458421,-2.21424500211826,-2.25307086687432,-2.20294639437323,68.32
977,0.673253810970445,0.320167583370701,0.521200472736449,-2.27520423049206,-2.21372338166431,-2.25380002432752,-2.20411640492878,68.39
978,0.668618413181425,0.317503702893905,0.519977545072856,-2.27594662639792,-2.21343414587137,-2.25457649136207,-2.20551156481542,68.46
979,0.6639785583088,0.314844891205689,0.518739511921536,-2.27675858761642,-2.21341038047331,-2.25539943558978,-2.20711850301925,68.53
980,0.659333836454775,0.312191088358104,0.517490584897559,-2.27763808786554,-2.21366973358535,-2.25626634721576,-2.20891857330321,68.6
981,0.654683916351352,0.309542177012816,0.516235178930215,-2.27857729207079,-2.21421531871151,-2.25717428787391,-2.21088941990286,68.67
982,0.650028508859895,0.306898000261859,0.514977754269833,-2.27956317235365,-2.21503727461471,-2.25812074752956,-2.21300614860636,68.74
983,0.645367390739859,0.304258409447936,0.513722688699148,-2.28058194409806,-2.21611847216381,-2.25910432011388,-2.21524219388204,68.81
984,0.640700368340941,0.301623281811486,0.512474240044512,-2.28162037205384,-2.21743919323091,-2.26012519793322,-2.2175699426756,68.88
985,0.636027301573672,0.298992447791747,0.511236418381728,-2.28266842979201,-2.21897894658308,-2.26118542470194,-2.21996099500386,68.95
986,0.631348067810994,0.296365708510525,0.510012858123166,-2.28371940133947,-2.2207149698033,-2.26228920807166,-2.22238651315863,69.02
987,0.62666258607435,0.293742883266278,0.508806780177331,-2.2847702835071,-2.22262382629916,-2.26344323144359,-2.22481778038302,69.09
988,0.621970781155525,0.291123826866493,0.507620893676777,-2.28582266955755,-2.22468251736697,-2.26465627296964,-2.2272269695393,69.16
989,0.617272608026719,0.288508356626143,0.506457387655117,-2.28688203821173,-2.22686877876591,-2.26593698828931,-2.22958893465273,69.23
990,0.61256801618922,0.285896269561379,0.505317952448809,-2.28795592937081,-2.22916257809399,-2.26729310632438,-2.23188149845993,69.3
991,0.607856974312516,0.283287389606262,0.504203800696414,-2.28905269137267,-2.23154532318751,-2.26873131587217,-2.23408534966048,69.37
992,0.603139434813768,0.280681584680617,0.503115687904756,-2.2901822137732,-2.23400099418898,-2.27025712075311,-2.23618388123732,69.44
993,0.598415358729224,0.278078693436704,0.502053932560013,-2.29135425269252,-2.23651592005416,-2.27187481383063,-2.23816315072142,69.51
994,0.593684680527453,0.275478542213617,0.501018435770067,-2.29257931302639,-2.23907801215661,-2.27358753971668,-2.24001193261287,69.58
995,0.588947333216121,0.272880992026848,0.500008700432269,-2.29386898830883,-2.2416772905897,-2.27539717529544,-2.24172159242048,69.65
996,0.584203213392492,0.270285955420553,0.499023849928387,-2.2952330200529,-2.24430379197923,-2.2773042687108,-2.24328602322464,69.72
997,0.5794522065899,0.26769332300956,0.498062646355617,-2.2966770178604,-2.24694577750187,-2.27930803678366,-2.24470164491957,69.79
998,0.57469415257105,0.265102980239212,0.497123508309451,-2.29820129144733,-2.24958869261045,-2.28140648102495,-2.24596749633288,69.86
999,0.56992890100897,0.262514854189555,0.496204528240694,-2.29980085466267,-2.25221162920756,-2.28359644173138,-2.24708520967275,69.93
1000,0.565156367295128,0.259928930250339,0.495303489415112,-2.30146380333715,-2.25478830097933,-2.28587334949857,-2.24805886732022,70.0
1001,0.560376498214146,0.257345178492671,0.49441791259783,-2.30317053424976,-2.25728859077274,-2.28823118570022,-2.24889498163918,70.07
1002,0.555589297925319,0.25476357026412,0.493545192677794,-2.30489901060469,-2.25968307750383,-2.29066271219148,-2.24960262781838,70.14
1003,0.550794793900928,0.252184124832318,0.492682644750316,-2.30662924444457,-2.2619455485656,-2.29315960929195,-2.25019357918859,70.21
1004,0.545993063172297,0.249606925902011,0.491827519880045,-2.30834675568251,-2.26405575483794,-2.29571243191519,-2.25068232450001,70.28
1005,0.541184198532084,0.247032047829698,0.490977020680502,-2.31004416564722,-2.26600192736117,-2.29831044417078,-2.25108605721052,70.35
1006,0.536368335042454,0.244459572060923,0.490128346847463,-2.31171857855574,-2.26778101006615,-2.30094160339912,-2.25142466661074,70.42
1007,0.531545616496443,0.241889603525627,0.489278830872014,-2.31336929430052,-2.26939748131656,-2.30359326549969,-2.25172024907228,70.49
1008,0.526716222181107,0.239322196726914,0.488426013544814,-2.31499639418888,-2.2708621182696,-2.30625421352241,-2.25199514616671,70.56
1009,0.521880333588857,0.236757372047867,0.487567779650367,-2.3165993872833,-2.27219073406547,-2.30891494079679,-2.25227124724472,70.63
1010,0.517038161424763,0.23419516209993,0.486702373368983,-2.31817955795936,-2.27340312835675,-2.31156730204623,-2.25256956317961,70.7
1011,0.512189912555542,0.23163562793693,0.485828293424565,-2.31974318643726,-2.27452110756215,-2.31420434502855,-2.25291007088112,70.77
1012,0.507335817247464,0.229078784958647,0.48494427862427,-2.32130076804374,-2.27556816203672,-2.31682050337651,-2.25331194855167,70.84
1013,0.502476066250697,0.226524619029374,0.48404932364174,-2.32286463811075,-2.27657179266085,-2.31941169944764,-2.25379371992024,70.91
1014,0.497610747989347,0.223973132635706,0.483142725066648,-2.32444578460941,-2.27756096448701,-2.32197517675706,-2.25437312658075,70.98
1015,0.492739906204752,0.221424360908227,0.482224217913979,-2.32604963769194,-2.27856524607829,-2.32450921250612,-2.25506684845198,71.05
1016,0.48786359769944,0.218878297331577,0.481294022079037,-2.32767790657013,-2.27961361814121,-2.32701265008201,-2.25588992160095,71.12
1017,0.482981859917587,0.21633490966878,0.480352858918256,-2.32932800897739,-2.2807301828525,-2.32948464270117,-2.25685536462152,71.19
1018,0.478094738799672,0.213794185924498,0.479401937951792,-2.3309963213435,-2.28193417494835,-2.33192457813048,-2.25797410356106,71.26
1019,0.473202256559666,0.211256150172181,0.47844282341176,-2.33268067638518,-2.28323843712372,-2.33433185353687,-2.25925471375718,71.33
1020,0.468304439734937,0.208720788069872,0.477477270877837,-2.33438009229339,-2.28464990974966,-2.33670519959969,-2.26070258724722,71.4
1021,0.463401287157458,0.206188062590752,0.476507094147923,-2.33609522373283,-2.28617390985093,-2.33904287775868,-2.26232033086174,71.47
1022,0.458492798196869,0.203657959793212,0.475534152575736,-2.33782685686273,-2.28781600113553,-2.34134296833899,-2.26410813121914,71.54
1023,0.453578940924393,0.201130504455533,0.474560368579448,-2.33957338109119,-2.28957986032538,-2.34360335844335,-2.26606375560822,71.61
1024,0.448659680548652,0.198605685399951,0.473587715112352,-2.34133376659142,-2.29146475022053,-2.34582167034812,-2.26818248963272,71.68
1025,0.443734947772937,0.196083471032188,0.47261808279768,-2.34311069198595,-2.2934681355783,-2.34799561184473,-2.27045755323714,71.75
1026,0.43880466742558,0.193563854921176,0.471653147043281,-2.34490870729591,-2.29558531812886,-2.3501233273406,-2.27288069432048,71.82
1027,0.43386872701369,0.191046871243967,0.470694355453272,-2.34673314877891,-2.29780991191415,-2.35220368958425,-2.27544253883057,71.89
1028,0.428927005552578,0.188532519920452,0.469742945243315,-2.34858980557693,-2.3001353395601,-2.35423644178416,-2.2781327275745,71.96
1029,0.423979342321974,0.186020781963819,0.468799960545602,-2.35048244965763,-2.30255277625942,-2.35622219014123,-2.28093993017717,72.03
1030,0.419025565902132,0.18351166487127,0.467866269581176,-2.35241382526796,-2.30505426702864,-2.35816236715045,-2.28385188681361,72.1
1031,0.414065463141823,0.181005217879763,0.466942581680669,-2.35438582537271,-2.30763193089791,-2.36005919574859,-2.28685526730525,72.17
1032,0.409098808412228,0.178501456911145,0.466029464137751,-2.35639801257184,-2.31027689279381,-2.36191565428223,-2.28993558850388,72.24
1033,0.404125332799657,0.176000379732356,0.465127358882419,-2.35844984008104,-2.31298215554118,-2.3637354121683,-2.29307713002856,72.31
1034,0.399144783679818,0.173502011154907,0.464236598963842,-2.36054013400449,-2.31574005485498,-2.36552267601823,-2.29626278844184,72.38
1035,0.39415698441519,0.17100641809811,0.463357424834732,-2.36266534129759,-2.31854001412268,-2.36728215677386,-2.29947411085134,72.45
1036,0.389161803916685,0.168513634340129,0.462489970343461,-2.36481994335808,-2.32136903622776,-2.36901915777935,-2.30269129763113,72.52
1037,0.384159186511516,0.166023675482182,0.461634158254191,-2.36699325846657,-2.32420759119998,-2.37073960317736,-2.30589329494714,72.59
1038,0.379149121768632,0.163536583949796,0.460789685819223,-2.36917190020311,-2.32703188195736,-2.37245012688469,-2.30905788718035,72.66
1039,0.374131674633731,0.161052443855276,0.459956040229564,-2.37134386027097,-2.32981761427461,-2.37415756011027,-2.31216218076815,72.73
1040,0.369106955523025,0.158571305545116,0.459132513861423,-2.37349925148326,-2.3325429847301,-2.37586685449018,-2.31518459310891,72.8
1041,0.36407515072561,0.156093200357401,0.45831818924012,-2.37563348796906,-2.33519130828862,-2.37758053975793,-2.31810530807745,72.87
1042,0.359036462673697,0.15361818541278,0.45751183355878,-2.37774646399598,-2.33774910371289,-2.37929866279179,-2.32090619143447,72.94
1043,0.353991050340739,0.151146358262905,0.456711913382753,-2.3798389951788,-2.34020381930371,-2.3810186062396,-2.32357061780364,73.01
1044,0.348939060027078,0.148677781219783,0.455916699474221,-2.38191094498131,-2.34254375667503,-2.38273493715908,-2.32608339007057,73.08
1045,0.343880596091615,0.14621249589086,0.455124221062631,-2.38396016395863,-2.34475516814175,-2.38443943616012,-2.32843066124094,73.15
1046,0.338815782065477,0.143750567743208,0.454332370469483,-2.38598037630682,-2.34682293662433,-2.38612100626977,-2.33059979885684,73.22
1047,0.33374482188253,0.141292100520494,0.453538947508714,-2.38796394104592,-2.34873366489529,-2.38776576254584,-2.33257946301119,73.29
1048,0.328667940873377,0.138837160336073,0.452741673788303,-2.38990244741489,-2.35047488609785,-2.3893571522005,-2.3343597176619,73.36
1049,0.32358532687027,0.136385789966875,0.451938207040501,-2.39178827373744,-2.3520353903424,-2.3908759550456,-2.33593202501125,73.43
1050,0.318497161682159,0.133938053171402,0.451126155521765,-2.39361392060777,-2.35340579506103,-2.39230025482175,-2.33728921339336,73.5
1051,0.313403592497831,0.131494078943228,0.450303122612362,-2.39536607967597,-2.35457508686448,-2.3936059233371,-2.33842493742022,73.57
1052,0.308304793652522,0.129054075610981,0.449466871921846,-2.39702394590581,-2.35553327464298,-2.39476858061705,-2.3393315172719,73.64
1053,0.303201028491995,0.126618254607002,0.448615492592292,-2.3985633381115,-2.35627362506633,-2.39576375193315,-2.33999892532212,73.71
1054,0.298092590979894,0.124186844427472,0.447747444488289,-2.39995886550509,-2.35679126127142,-2.39656639557195,-2.34041416804785,73.78
1055,0.292979747394649,0.121760104516987,0.446861573571212,-2.40118609638634,-2.35708311942378,-2.39715067433083,-2.34056100323052,73.85
1056,0.287862798461702,0.119338248810251,0.44595709748553,-2.40222087109342,-2.35714529166287,-2.39748991101821,-2.34041978207001,73.92
1057,0.282742141565158,0.116921459452752,0.445033501202578,-2.40303482693841,-2.35696601040642,-2.39755660807373,-2.33996750676848,73.99
1058,0.277618242770115,0.114509930521087,0.444090523262569,-2.40359492829647,-2.35652645963187,-2.39732259196553,-2.33917819420161,74.06
1059,0.272491669087145,0.112103911651782,0.443128172448717,-2.40386348209885,-2.35580219229232,-2.39675916250945,-2.33802300451236,74.13
1060,0.267363060619577,0.109703721487269,0.442146744810447,-2.40380122687014,-2.3547672001672,-2.39583712726784,-2.33647034571017,74.2
1061,0.262233162934271,0.107309670759018,0.44114681094775,-2.40336916334914,-2.35339380666458,-2.39452684189638,-2.33448583444467,74.27
1062,0.257102799293386,0.104922075528636,0.44012911337594,-2.40252849555467,-2.3516515121678,-2.39279837731713,-2.33203247457744,74.34
1063,0.251972903084604,0.102541300405827,0.439094524399419,-2.40124319615826,-2.34950957637664,-2.39062169390117,-2.3290709639083,74.41
1064,0.246844490084025,0.100167771561957,0.438043944130294,-2.39948122527764,-2.34693521450196,-2.38796655241155,-2.32555958814468,74.48
1065,0.241718690885783,0.0978018993571481,0.436978289075003,-2.39720949903932,-2.3438936962074,-2.38480195163465,-2.32145346212172,74.55
1066,0.236596723129132,0.0954440910997676,0.435898481009579,-2.39439310911794,-2.3403503178019,-2.38109599587952,-2.31670444288831,74.62
1067,0.231479923853494,0.0930947937554203,0.434805375951593,-2.39099608595712,-2.33626753874269,-2.37681589202772,-2.31126105353973,74.69
1068,0.226369721608567,0.0907545064225321,0.433699873914108,-2.38698078779115,-2.33160730229465,-2.37192819706058,-2.30506871954333,74.76
1069,0.221267668646277,0.0884237023909639,0.43258293863642,-2.38230913550465,-2.32633327566529,-2.36639880516378,-2.29806977690729,74.83
1070,0.216175412817827,0.0861028413012189,0.431455497187473,-2.37694214365469,-2.32040699275257,-2.36019291571491,-2.29020349387875,74.9
1071,0.211094729498785,0.083792411220203,0.430318430038983,-2.37083910229224,-2.31378819017232,-2.35327522347131,-2.28140637800207,74.97
1072,0.206027493161481,0.081492970537409,0.429172591416073,-2.36395797485017,-2.30643404182066,-2.34561009088451,-2.27161228822953,75.04
1073,0.200975708913636,0.0792051595848588,0.428018829821757,-2.3562537332701,-2.2982974732263,-2.33716182352842,-2.26075274436973,75.11
1074,0.1959414836184,0.0769296217952554,0.426857978632071,-2.34767673727286,-2.28932810682253,-2.32789492893356,-2.24875734480472,75.18
1075,0.190927056910575,0.0746670149133355,0.425690786658839,-2.33817170016837,-2.27946843740612,-2.31777423911947,-2.23555396274491,75.25
1076,0.185934771720015,0.0724180520733369,0.424517999279279,-2.32767582798242,-2.26865426502069,-2.30676525851885,-2.22106914352124,75.32
1077,0.180967104612732,0.07018354264286,0.423340289241488,-2.3161240459731,-2.2568161067392,-2.29483434678623,-2.2052283732494,75.39
1078,0.17602663555646,0.0679644027324114,0.422158217658882,-2.30345273865583,-2.24388456718514,-2.28194912825447,-2.18795667150843,75.46
1079,0.171116077416911,0.065761575180546,0.420972134918386,-2.28960209476272,-2.22979121438077,-2.26807879767954,-2.16917902797193,75.53
1080,0.166238244787204,0.0635760395246265,0.419782171931176,-2.27451949538363,-2.2144716115597,-2.25319450338402,-2.14882098522347,75.6
1081,0.161396082452459,0.0614088517647101,0.41858823145647,-2.25816181012982,-2.19786867081745,-2.23726977826606,-2.12680918858012,75.67
1082,0.156592633087772,0.0592611537273202,0.417389889232913,-2.24049169796557,-2.17993007150938,-2.22028044752724,-2.10307241575954,75.74
1083,0.151831064487392,0.0571340918345782,0.416186385445899,-2.22147420183019,-2.16060666460843,-2.20220290035114,-2.07754405051755,75.81
1084,0.147114635919221,0.055028825784637,0.414976646363088,-2.20107845177028,-2.13985327809546,-2.18301388518541,-2.05016302285112,75.88
1085,0.142446723898404,0.0529465669472537,0.413759306064048,-2.17927821896264,-2.11762834382823,-2.1626908060712,-2.02087423994829,75.95
1086,0.137830756882534,0.0508885862780199,0.412532728283339,-2.15605360784972,-2.0938952953021,-2.1412118885971,-1.98962893021546,76.02
1087,0.133270149090822,0.0488561315539112,0.411295028391629,-2.13139157010183,-2.06862585739978,-2.11855630614791,-1.95638502172445,76.09
1088,0.12876832364874,0.0468504344337797,0.410044095544326,-2.10528187093947,-2.04179743606071,-2.09470462789397,-1.92110767631237,76.16
1089,0.124328674557826,0.0448727471458077,0.408777645119386,-2.07771347253663,-2.01339225066918,-2.06963931810522,-1.88376995000075,76.23
1090,0.119954617867537,0.0429243786918473,0.407493361657692,-2.04867569742027,-1.9833990219403,-2.04334591898299,-1.84435315913726,76.3
1091,0.115649641724614,0.041006700458226,0.406188981908225,-2.01815863592149,-1.95181152904035,-2.01581557925045,-1.80284553861792,76.37
1092,0.111417234887212,0.0391210610339182,0.404862438370447,-1.98615601725572,-1.91863185895717,-1.98704588989739,-1.7592422614825,76.44
1093,0.107260813991964,0.0372687907379092,0.403511912935725,-1.95266645247221,-1.88387227050294,-1.95704117056811,-1.7135458271976,76.51
1094,0.103183739774337,0.0354512356559458,0.402135830752689,-1.917698735962,-1.84755389773167,-1.92581274821563,-1.66576645766316,76.58
1095,0.099189271741981,0.0336697609871191,0.400732734173906,-1.88127389421639,-1.80970295448258,-1.89337961908228,-1.61592307256096,76.65
1096,0.0952805815913989,0.0319256635005316,0.399301127075861,-1.84342536570747,-1.77034868204895,-1.85976874160865,-1.56404517482364,76.72
1097,0.0914607049581977,0.0302201736039839,0.39783931966672,-1.80419589738664,-1.72952129441661,-1.8250133953642,-1.51017582640273,76.79
1098,0.0877325517946456,0.0285544868258244,0.396345273809382,-1.76363979238295,-1.68725726195457,-1.78915264437882,-1.45437264484681,76.86
1099,0.0840988549688778,0.0269297945999275,0.394816478978481,-1.72182313663153,-1.64360161290876,-1.75223127243315,-1.39670823403338,76.93
1100,0.0805621773841982,0.0253472842444228,0.3932499792394,-1.67882374853822,-1.59861131387471,-1.71429988872579,-1.33727070994046,77.0
1101,0.0771248572182862,0.0238080479372153,0.391642521206814,-1.63473163276918,-1.55235831430489,-1.67541526328422,-1.27616453076256,77.07
1102,0.0737890115870653,0.0223130811934534,0.389990612421632,-1.58964728903904,-1.50492750015174,-1.63564089120404,-1.21351150942382,77.14
1103,0.0705564782401236,0.020863310649804,0.388290550380368,-1.54368037155922,-1.45641671623261,-1.59504748381411,-1.14945179598876,77.21
1104,0.0674288456882657,0.0194596210497474,0.386538452367563,-1.4969498406692,-1.4069348842036,-1.55371368649556,-1.08414491802867,77.28
1105,0.0644074814667274,0.0181028513253634,0.384730286158084,-1.44957970747795,-1.35659755245314,-1.51172654047381,-1.01777066579913,77.35
1106,0.061493468242209,0.016793699584232,0.382861901659211,-1.40170445043309,-1.30553305438223,-1.46918186768758,-0.95053002995802,77.42
1107,0.0586875981777358,0.0155327175128666,0.380929093653022,-1.35346923822984,-1.253883928231,-1.42618466742672,-0.88264609831361,77.49
1108,0.0559902750973013,0.0143203340086988,0.378927755889161,-1.30503533689406,-1.20181274279654,-1.38284952300663,-0.814365028321795,77.56
1109,0.0534014146993663,0.0131568779428244,0.3768539460772,-1.2565827552452,-1.149503841715,-1.33929683439083,-0.745948606566279,77.63
1110,0.0509204631632118,0.0120426000457302,0.374703891940181,-1.20830576309989,-1.09715646012165,-1.29563657049275,-0.677641842553399,77.7
1111,0.0485464438863188,0.0109776638222638,0.372473848137391,-1.16040482933148,-1.04496927055793,-1.25196481271722,-0.6096658386857,77.77
1112,0.0462780022750119,0.0099620453159109,0.370159864300273,-1.11307142595147,-0.993124929574502,-1.20836451276621,-0.542219143064229,77.84
1113,0.0441134486058511,0.0089955222460484,0.367757765127049,-1.06648007656957,-0.941787318508434,-1.16490616042864,-0.475479006124725,77.91
1114,0.0420507989820335,0.0080776923432111,0.365263192168763,-1.02078644229099,-0.891102990408051,-1.12164854038061,-0.409602597694603,77.98
1115,0.0400878144152629,0.0072079907985681,0.362671647206628,-0.976127109274304,-0.841203901634156,-1.07863951654625,-0.34472821135522,78.05
1116,0.0382220380687509,0.0063857068348844,0.359978537299145,-0.932620232684489,-0.792206521185342,-1.03591681286751,-0.280976453268298,78.12
1117,0.0364508307016182,0.0056099994090506,0.357179221580144,-0.890366342556076,-0.744212129403091,-0.993508789616773,-0.218451412966393,78.19
1118,0.0347714043590391,0.0048799120590073,0.354269059890454,-0.849449219167245,-0.697307702198589,-0.951435214568745,-0.157241813926818,78.26
1119,0.033180854355561,0.0041943869101812,0.3512434633269,-0.809936926371307,-0.651566777216267,-0.9097080285174,-0.097422142046017,78.33
1120,0.0316761896019202,0.003552277858669,0.34809794679216,-0.77188227926402,-0.607050300360722,-0.868332104778736,-0.0390537504100803,78.4
1121,0.0302543613276477,0.0029523629502162,0.344828183628272,-0.735323467062506,-0.563807451357474,-0.827306002461718,0.0178140609875828,78.47
1122,0.0289122902534136,0.0023933559756499,0.341430062414472,-0.700284739976927,-0.521876447244655,-0.786622713416867,0.0731429916914731,78.54
1123,0.0276468922680231,0.0018739173047973,0.337899746007401,-0.666777069120204,-0.481285322905057,-0.746270402886501,0.126904714285494,78.61
1124,0.0264551026656101,0.0013926639820563,0.334233732897713,-0.634798779016217,-0.442052687946943,-0.706233143980743,0.179079875645383,78.68
1125,0.0253338989986264,0.0009481791078009,0.330428920952055,-0.604336152506545,-0.404188459424505,-0.666491646190827,0.229657126456521,78.75
1126,0.0242803226018697,0.0005390205305196,0.32648267360364,-0.575364008083944,-0.367694570060482,-0.627023978225055,0.278632179348993,78.82
1127,0.0232914988420685,0.0001637288752912,0.322392888547002,-0.54784624989871,-0.3325656517891,-0.587806285513362,0.326006895858064,78.89
1128,0.0223646561463509,-0.0001791650654482,0.318158068984518,-0.52173639089083,-0.29878969458313,-0.54881350277439,0.371788402289973,78.96
1129,0.0214971438614578,-0.0004911335524723,0.313777397462242,-0.496978139960869,-0.266348680659478,-0.510020062073454,0.415988234462134,79.03
1130,0.0206864489936711,-0.0007736457052048,0.309250812322049,-0.473506806210329,-0.235219194278113,-0.471400596821798,0.458621511191876,79.1
1131,0.0199301817895306,-0.0010281618654433,0.304579026608996,-0.451254229157991,-0.205373007458429,-0.432930642176611,0.499706136327464,79.17
1132,0.019225970027325,-0.0012561284928763,0.299763278821067,-0.430159974067963,-0.176777642033147,-0.39458730220993,0.539261998963986,79.24
1133,0.018571442589124,-0.0014589735660453,0.294804905752203,-0.410180579638504,-0.149396908548438,-0.356349703759647,0.57731011134659,79.31
1134,0.0179642421807811,-0.0016381024626559,0.289704917934039,-0.391290540693937,-0.12319142259405,-0.318198996672983,0.61387192480816,79.38
1135,0.0174020371549797,-0.0017948942934545,0.284463698004119,-0.373481375170133,-0.0981190992165223,-0.28011787073141,0.648969033975971,79.45
1136,0.0168825324798028,-0.0019306986643376,0.279080791895821,-0.356752337084798,-0.0741356261234985,-0.242089499335704,0.682623329038631,79.52
1137,0.0164034798949311,-0.0020468328417789,0.273554943282035,-0.341100779006935,-0.0511949164386517,-0.204096842985981,0.714857144365485,79.59
1138,0.015962687296819,-0.0021445792972477,0.267884190754619,-0.326518211699524,-0.029249541804972,-0.166122734090802,0.745692921680363,79.66
1139,0.015558027393463,-0.0022251836068152,0.262065967586376,-0.312989984942502,-0.008251146667833,-0.128150472623047,0.775152658176657,79.73
1140,0.0151874456682613,-0.0022898526828319,0.256097204110795,-0.300495550830537,0.0118491554078902,-0.0901645117028154,0.80325734978421,79.8
1141,0.0148489676913736,-0.0023397533151722,0.249974432765513,-0.28900870805502,0.0311004025143364,-0.0521511431433861,0.830026459280203,79.87
1142,0.0145407058156365,-0.0023760110002799,0.243693895854666,-0.278497827540167,0.0495514213899057,-0.0140991832390884,0.855477408867122,79.94
1143,0.014260865292665,-0.0023997090369413,0.237251656092284,-0.268926059906159,0.0672504797365022,0.0239993409597833,0.879625096867368,80.01
1144,0.0140077498431831,-0.0024118878684814,0.230643709994407,-0.260251525328746,0.0842449529850009,0.0621485046848939,0.902481438221984,80.08
1145,0.0137797667139931,-0.0024135446518209,0.223866104190472,-0.252427486461182,0.100581004638085,0.100347797659055,0.924054928525197,80.15
1146,0.0135754312521612,-0.0024056330346156,0.21691505472606,-0.245402505172779,0.116303279336377,0.138591435404897,0.94435023138207,80.22
1147,0.0133933710251842,-0.0023890631224783,0.209787069427859,-0.23912058394825,0.131454607815374,0.176867669664568,0.963367788936035,80.29
1148,0.0132323295139122,-0.002364701619065,0.20247907339893,-0.233521292875701,0.146075722948143,0.215158098036759,0.981103455483805,80.36
1149,0.0130911694029914,-0.0023333721225993,0.194988537706865,-0.22853988323344,0.160204986101507,0.25343697304528,0.997548154171211,80.43
1150,0.0129688754915138,-0.0022958555631815,0.187313611319919,-0.224107388766906,0.173878123070878,0.2916705109736,1.01268755684466,80.5
1151,0.0128645572443774,-0.0022528907660219,0.179453256336512,-0.220150715823618,0.187127968902501,0.329816200932004,1.02650178722459,80.57
1152,0.0127774510026985,-0.0022051751264873,0.171407386540918,-0.216592723591387,0.199984220958516,0.36782211476957,1.03896514765894,80.64
1153,0.0127069218693239,-0.0021533653836322,0.163177009303635,-0.213352295758674,0.212473199632992,0.405626218600281,1.05004586981725,80.71
1154,0.012652465283242,-0.0020980784796152,0.154764370827493,-0.210344404989854,0.224617616183592,0.443155686882955,1.05970588978991,80.78
1155,0.0126137082943312,-0.0020398924931453,0.146173104720872,-0.207480261942373,0.236436347204295,0.480326220176789,1.06790064816654,80.85
1156,0.0125904105475749,-0.0019793476358155,0.137408353769253,-0.20466797158872,0.247944395856236,0.517041367889288,1.07457894586862,80.92
1157,0.012582464983443,-0.0019169473008894,0.128476774576181,-0.201815082478847,0.259153220042317,0.553191947803739,1.07968294680581,80.99
1158,0.0125898982588045,-0.001853159154779,0.119386485155977,-0.198836821647295,0.270069983043217,0.588655985357046,1.08314838845342,81.06
1159,0.0126128408025642,-0.0017884162621288,0.110146835007489,-0.195668031019495,0.28069717062077,0.623299896744513,1.08490575358972,81.13
1160,0.0126514063302025,-0.0017231182360564,0.100767937347491,-0.19227155567151,0.291032393934164,0.656982843663833,1.08488330697957,81.2
1161,0.0127056613415428,-0.0016576324057298,0.0912602642136002,-0.188636104743332,0.301068197698425,0.689564803676201,1.08301193807597,81.27
1162,0.01277562442434,-0.0015922949940634,0.0816343644307465,-0.18477020498117,0.310791963892051,0.720914387122969,1.07923033672068,81.34
1163,0.0128612652747788,-0.0015274122988978,0.0719009449548272,-0.180684845551753,0.320186001411759,0.750914327050241,1.07348923939291,81.41
1164,0.0129625034345497,-0.0014632618715907,0.062071044613276,-0.176388011658577,0.329227099796684,0.779462418005123,1.06575267104581,81.48
1165,0.013079206745045,-0.001400093687485,0.052156209785719,-0.171884427304492,0.337886269447961,0.806471065028629,1.05599813912062,81.55
1166,0.0132111895201444,-0.001338131303241,0.0421686718247693,-0.167175632846598,0.346128578500308,0.831866768550937,1.04421677327901,81.62
1167,0.0133582104399685,-0.0012775729965151,0.032121526008127,-0.162260156556371,0.353912996606354,0.85558963703558,1.03041350152515,81.69
1168,0.0135199701689717,-0.001218592883948,0.0220289118004846,-0.157133870419645,0.361192336527873,0.877592958787757,1.01460726287554,81.76
1169,0.0136961087027253,-0.0011613420138774,0.0119061941884319,-0.151789808096881,0.367913384537999,0.897842924273716,0.996831286574892,81.83
1170,0.0138862024488161,-0.0011059494306298,0.0017701458324268,-0.146218167223928,0.374016498380521,0.916318379442861,0.977133497691327,81.9
1171,0.0140897610483502,-0.0010525232076606,-0.0083608702418819,-0.140406405915827,0.379435395853846,0.933010490314007,0.955576867963397,81.97
1172,0.0143062239457433,-0.0010011514472114,-0.0184667177166559,-0.134339343387398,0.384097044832886,0.947922409471488,0.932239771206792,82.04
1173,0.014534956715634,-0.0009519032445289,-0.0285253041509073,-0.127999264916527,0.387921655926718,0.961068974719099,0.907216372233236,82.11
1174,0.0147752471570693,-0.0009048296150522,-0.0385124286975586,-0.121366031423848,0.390822959616219,0.97247643983596,0.880617047862677,82.18
1175,0.0150263011664201,-0.000859964383319,-0.0484017510308908,-0.114417193988446,0.392710905539432,0.982182267255254,0.852568838329399,82.25
1176,0.0152872384018934,-0.0008173250326668,-0.0581648819214037,-0.107128113662741,0.393505179947931,0.990235614034327,0.823216378403631,82.32
1177,0.0155571178417172,-0.0007769135151156,-0.0677718667227492,-0.0994720869914159,0.393151028093988,0.996700375876904,0.792724870493175,82.39
1178,0.0158350534272425,-0.0007387170211148,-0.0771918817555282,-0.0914204776788633,0.391629409705781,1.00165997594292,0.761284074123308,82.46
1179,0.0161202392812968,-0.0007027087091159,-0.0863939636002287,-0.0829428548867251,0.388960435437974,1.00522064780347,0.729110089414187,82.53
1180,0.0164119747808581,-0.0006688483952003,-0.0953477417659323,-0.0740071386782537,0.385204417263084,1.00750893857025,0.696441290511112,82.6
1181,0.0167097797616862,-0.0006370832032452,-0.10402411511602,-0.0645796628950155,0.380458155506698,1.00866535590155,0.663530059902791,82.67
1182,0.0170134193408913,-0.0006073481763503,-0.112395722158612,-0.0546250657819356,0.374848718029413,1.00883692469117,0.630632244963775,82.74
1183,0.0173228985414793,-0.0005795668504788,-0.120437416339549,-0.044106731073873,0.368525913333617,1.00817117829337,0.597997461318871,82.81
1184,0.0176384568108411,-0.0005536517914827,-0.128126476041241,-0.0329870580757278,0.361650296115038,1.00681209313978,0.565862976422917,82.88
1185,0.0179605624331197,-0.0005295050968921,-0.135442519652666,-0.0212276516590454,0.354381125484064,1.00489814462271,0.534451319306372,82.95
1186,0.0182899068311435,-0.0005070188640445,-0.142367366822951,-0.0087895231170336,0.346871734750095,1.00256178963481,0.503970168000292,83.02
1187,0.0186273987494918,-0.0004860756263211,-0.148884936529948,0.004366697429947,0.339269812626355,0.999929440546824,0.47461285579902,83.09
1188,0.0189741583062272,-0.0004665487594358,-0.154981242467809,0.0182805363750067,0.331719794928805,0.997121476916884,0.446558830680402,83.16
1189,0.01933151089691,-0.0004483028598969,-0.160644305517444,0.0329914390013826,0.324360744797242,0.994252172298261,0.419973823689996,83.23
1190,0.0197009809306842,-0.0004311940979254,-0.165864043728264,0.0485385181823435,0.317325736381666,0.991429714498978,0.39501026462822,83.3
1191,0.0200842853745406,-0.0004150705472749,-0.170632170115235,0.0649602886930065,0.310741987292084,0.988756257054785,0.371807761521076,83.37
1192,0.0204833270782407,-0.0003997724945464,-0.17494209845391,0.0822943864287045,0.304730985216156,0.986327969874586,0.350493550857783,83.44
1193,0.0209001878489404,-0.0003851327307413,-0.17878885722294,0.100577271835676,0.299408606407657,0.984235087214049,0.331182916074825,83.51
1194,0.0213371212411708,-0.0003709768279351,-0.182169011813517,0.119843916875177,0.294885223852234,0.982561951241037,0.313979571985942,83.58
1195,0.0217965450246274,-0.000357123404088,-0.185080595095574,0.140127474864244,0.291265803018332,0.981387049563976,0.298976013078442,83.65
1196,0.0222810332890925,-0.0003433843791421,-0.187523046403022,0.161458932562026,0.288649983200155,0.9807830452001,0.286253823799996,83.72
1197,0.0227933081428888,-0.0003295652256782,-0.189497158973706,0.183866743905227,0.287132142558197,0.980816797566982,0.275883949167412,83.79
1198,0.0233362309583951,-0.0003154652175264,-0.191005035854327,0.207376444833287,0.286801445057537,0.981549373185147,0.267926924221809,83.86
1199,0.0239127931155327,-0.0003008776798422,-0.192050054256206,0.232010248691864,0.287741867600522,0.983036044885117,0.262433061050219,83.93
1200,0.0245261061915773,-0.0002855902442706,-0.192636808236222,0.257786712017022,0.290032205744438,0.985326278416125,0.259442592279488,84.0
1201,0.0251793915433299,-0.0002693851129287,-0.192770969466834,0.284720560563809,0.293746056486756,0.988463705458979,0.25898577013357,84.07
1202,0.0258759692255168,-0.000252039335039,-0.192459246538808,0.312821953139745,0.298951776697576,0.992486082150034,0.261082920328765,84.14
1203,0.0266192461872701,-0.0002333251001461,-0.191709382519083,0.3420959953471,0.305712415868795,0.997425232328709,0.265744450258931,84.21
1204,0.0274127036868278,-0.0002130100519384,-0.190530130467152,0.372544338404077,0.314085621947805,1.00330697482739,0.272970841193441,84.28
1205,0.0282598838629446,-0.0001908576267889,-0.188931116507224,0.404172413297643,0.324123519116339,1.01015118466755,0.282752895087032,84.35
1206,0.0291643754002498,-0.0001666274212067,-0.186922710649107,0.436990866884283,0.335872556475646,1.01797252927529,0.295072867837,84.42
1207,0.0301297982246036,-0.0001400755924703,-0.184516025535901,0.471005573431463,0.349373326695952,1.02678145812667,0.309906067919713,84.49
1208,0.0311597871637655,-0.0001109552967797,-0.181722952667383,0.506214514772421,0.364660353793428,1.03658430222238,0.327221025197653,84.56
1209,0.0322579745080286,-7.9017169329927e-05,-0.178556205811387,0.542607166256995,0.381761849301807,1.047383115044,0.346979223235484,84.63
1210,0.0334279714052879,-4.40098507589819e-05,-0.175029341300022,0.580164101871298,0.400699436216597,1.05917549558112,0.3691347868358,84.7
1211,0.0346733480249866,-5.68056447187116e-06,-0.171156694806231,0.618857721347744,0.421487840202683,1.07195442347897,0.393634185664549,84.77
1212,0.0359976124258754,3.62242506253717e-05,-0.166953414882025,0.658653257159242,0.444134547677238,1.08570825679022,0.420416195499269,84.84
1213,0.0374041880631059,8.19582474176819e-05,-0.162435502736711,0.69950753452295,0.468639430501367,1.10042095263246,0.449412057888287,84.91
1214,0.0388963898715037,0.000131774413326,-0.157619767718101,0.741367591186256,0.494994337148091,1.11607221008403,0.480545448188397,84.98
1215,0.0404773988631703,0.0001859242439267,-0.15252387873444,0.784168255146674,0.523182650349008,1.13263750551926,0.51373237357008,85.05
1216,0.0421502351797642,0.0002446568428823,-0.147166451137918,0.827830967935693,0.553178811369174,1.15008787031147,0.548880701494604,85.12
1217,0.0439177295420312,0.0003082179436447,-0.141567138662917,0.872263012190388,0.584947811210395,1.1683895918728,0.585889560879113,85.19
1218,0.0457824930421985,0.0003768488484387,-0.135746730082445,0.917356723705738,0.618444649207365,1.1875038987308,0.62464870788106,85.26
1219,0.0477468852281853,0.0004507852800895,-0.129727250228021,0.96298868964299,0.653613759648547,1.20738663025071,0.665037858121936,85.33
1220,0.0498129804326258,0.0005302561423464,-0.123532064997012,1.00901902510423,0.690388407237835,1.22798789170491,0.706925987345199,85.4
1221,0.0519825323041639,0.0006154821844458,-0.117185989949849,1.05529082056538,0.728690052399676,1.24925169548728,0.750170632767025,85.47
1222,0.0542569365037344,0.0007066745657898,-0.11071540207471,1.10162904059053,0.768427687636873,1.27111558937482,0.794617257665798,85.54
1223,0.05663719153423,0.000804033316755,-0.10414835427155,1.14784053148666,0.809497146358262,1.29351027284777,0.840098501254229,85.61
1224,0.0591238877662481,0.0009077456918302,-0.0975146319033618,1.1937194135161,0.851780385823948,1.31635932294834,0.886433557331273,85.68
1225,0.0617172848173301,0.0010179844114703,-0.0908454801187204,1.23906026815404,0.895144746088152,1.33957978312234,0.93342897850662,85.75
1226,0.0644172967474601,0.0011349057892948,-0.0841729111455092,1.28367364810373,0.939442187074644,1.3630850004569,0.980883526891931,85.82
1227,0.06722344524172,0.0012586477415199,-0.0775289219587424,1.32739413522179,0.984508506181647,1.3867904649966,1.0285977968418,85.89
1228,0.0701348409570936,0.0013893276758034,-0.0709447120101627,1.37008079931128,1.03016253909019,1.41062108812261,1.07638452141789,85.96
1229,0.0731502532176857,0.001527040257025,-0.0644499004442623,1.41161535620566,1.0762054370069,1.43451619062226,1.12407553439143,86.03
1230,0.0762681176354711,0.0016718550478834,-0.058071862590792,1.45189932146562,1.12242465712178,1.45842973459586,1.1715238265817,86.1
1231,0.0794866020297891,0.0018238140226134,-0.0518355462536384,1.49085145560395,1.1686130200348,1.48232601090999,1.21860066947296,86.17
1232,0.0828036103226139,0.0019829289525714,-0.0457634363375209,1.52841106885293,1.21458219775507,1.50617640944466,1.2651929236843,86.24
1233,0.0862168748813486,0.0021491786629405,-0.0398756071868464,1.56454438877237,1.26017235097223,1.52995760375359,1.31120110629129,86.31
1234,0.0897240470835344,0.0023225061603512,-0.0341897117919822,1.59924767335385,1.30525575265526,1.55365027811583,1.35653788808259,86.38
1235,0.0933226958809271,0.0025028156318082,-0.0287210579392416,1.63254324908159,1.34973367874787,1.57723788591231,1.40112663141194,86.45
1236,0.0970103648439984,0.0026899693159603,-0.0234827108101898,1.66447476236209,1.39353117169672,1.60070559011839,1.44490012066468,86.52
1237,0.100784567379702,0.0028837842484555,-0.0184855916659237,1.69509881568834,1.43659061132984,1.624039205688,1.48779927611233,86.59
1238,0.104642840517693,0.0030840288838747,-0.0137385723801925,1.72447759119712,1.47886800586127,1.64722456532848,1.52977218333737,86.66
1239,0.108582736958894,0.003290419597559,-0.0092485957115263,1.75267604105835,1.52032905547666,1.6702476699767,1.57077386052572,86.73
1240,0.112601875781748,0.0035026170715197,-0.0050208813294721,1.77975762603807,1.56094559106025,1.69309472160022,1.61076580175781,86.8
1241,0.116697931499315,0.003720222569564,-0.0010590369424429,1.80578236204091,1.60069031264091,1.71575236954099,1.64971577851529,86.87
1242,0.120868681861125,0.0039427741077719,0.0026348954794387,1.83080530805318,1.63953581553697,1.73820723793068,1.68759711781822,86.94
1243,0.125111964002997,0.0041697425275352,0.0060604885396683,1.85487892440769,1.67745209776647,1.76044566713936,1.72438808941877,87.01
1244,0.129425629248247,0.0044005274795076,0.0092188928191632,1.87805138729955,1.7144087773827,1.78245255625414,1.76007052999131,87.08
1245,0.13380758686261,0.0046344533280337,0.0121127449441053,1.90036756817184,1.7503769053576,1.80421108201333,1.79462923918868,87.15
1246,0.138255756275253,0.004870764986907,0.014745990209617,1.92186650911629,1.78532899052103,1.82570257236423,1.82805163640304,87.22
1247,0.142768018066885,0.0051086236986641,0.0171237701508015,1.94258228357426,1.81923952374524,1.84690695617684,1.86032773868243,87.29
1248,0.147342254025849,0.0053471027710611,0.019252254639417,1.96254454084111,1.85208488862354,1.86780315760699,1.89145012906546,87.36
1249,0.151976325871716,0.005585213373605,0.0211385387646664,1.9817787337571,1.8838428998054,1.88836940538236,1.92141388542617,87.43
1250,0.156668113035628,0.0058220205862318,0.0227904840362453,2.00030581843487,1.91449404546892,1.90858348747864,1.95021646996352,87.5
1251,0.161415489184905,0.0060566691913157,0.0242166241328245,2.01814446442485,1.94402271932698,1.92842319227993,1.97785782012646,87.57
1252,0.166216357881228,0.0062883794012486,0.0254260147035639,2.0353129767754,1.97241817172642,1.94786669592116,2.00434040031848,87.64
1253,0.171068627059733,0.0065164426247618,0.0264281775075852,2.05183080929407,1.99967388634684,1.96689280594926,2.02966915420684,87.71
1254,0.17597024271789,0.0067402172860787,0.0272330484648579,2.06771921735924,2.02579076839704,1.98548088116994,2.05385120715361,87.78
1255,0.180919161500888,0.0069591247097036,0.0278508391837985,2.08300068887635,2.05077578003104,2.00361115016837,2.07689583017172,87.85
1256,0.185913382571592,0.0071726450824421,0.0282919622250569,2.09769853703182,2.07464204051555,2.02126488729609,2.09881442457546,87.92
1257,0.190950918450997,0.0073803135031088,0.0285668995665755,2.11183710575568,2.09740855567139,2.03842471727053,2.11962055724593,87.99
1258,0.196029825216249,0.0075817161293233,0.0286861344331676,2.12543816457648,2.11909659766931,2.05507486819742,2.13932983569132,88.06
1259,0.20114817174117,0.0077764864297915,0.028660025950749,2.13851698261585,2.13972721791786,2.07120143350489,2.15795989344703,88.13
1260,0.206304068365293,0.0079643015495628,0.0284987467872265,2.15108102993737,2.15931905021057,2.08679273333607,2.17553051562198,88.2
1261,0.211495634675367,0.0081448787948842,0.0282121632423699,2.16313238913637,2.17788787805775,2.10183953494854,2.1920636334823,88.27
1262,0.216721026784394,0.0083179722434945,0.0278098080418992,2.17466999571245,2.19545106490185,2.11633510224304,2.20758312754032,88.34
1263,0.221978403791178,0.0084833694854684,0.0273008854823743,2.18569477612809,2.21202923472648,2.13027543564052,2.22211476971809,88.41
1264,0.227265953804669,0.0086408884990647,0.0266942485793886,2.19621214741631,2.22764773010797,2.14365913076203,2.23568600327773,88.48
1265,0.232581859215352,0.0087903746654175,0.0259982878774149,2.20623028366445,2.24233622259629,2.15648718694856,2.24832571049197,88.55
1266,0.237924351685129,0.0089316979253696,0.0252209122882551,2.21575926419355,2.25612605374116,2.16876300634902,2.26006408791188,88.62
1267,0.243291766625148,0.0090647500812445,0.0243695616311533,2.22480986969179,2.26904813448078,2.18049219241737,2.2709324481836,88.69
1268,0.248682506930207,0.0091894422459148,0.0234512507318093,2.23339208629928,2.28113161294828,2.19168223802193,2.28096300804558,88.76
1269,0.254095066438471,0.0093057024411289,0.0224727051212649,2.24151587490998,2.29240156505386,2.2023422835923,2.2901886318537,88.83
1270,0.259527992794389,0.0094134733467062,0.0214404076813325,2.24918951182428,2.30288175495487,2.21248252394184,2.2986424397904,88.9
1271,0.264979910093,0.0095127102019062,0.020360616290392,2.25642236057708,2.31259578547944,2.22211413614598,2.30635770139358,88.97
1272,0.270449480980901,0.0096033788600142,0.0192393824402595,2.26322762180124,2.32156883447446,2.23124912653819,2.31336768284313,89.04
1273,0.275935428589687,0.0096854539969589,0.0180825707110495,2.26962223270371,2.3298285324362,2.2399000364472,2.31970541731673,89.11
1274,0.281436497975078,0.0097589174745813,0.0168958789947634,2.27562818837226,2.33740386772079,2.24807968698534,2.32540360842984,89.18
1275,0.286951477435789,0.0098237568590144,0.015684859361626,2.28127062100647,2.3443249771722,2.25580075204886,2.33049430511022,89.25
1276,0.292479159383838,0.0098799640945134,0.0144549394662975,2.2865738101031,2.35062192611891,2.26307549026471,2.33500876854655,89.32
1277,0.298018391226877,0.009927534332959,0.0132114443936349,2.29156117078544,2.35632428246214,2.26991581618215,2.33897750054484,89.39
1278,0.303568126021048,0.0099664649191826,0.0119595887582396,2.29625242001387,2.36145994984012,2.27633328925962,2.34243022211405,89.46
1279,0.309127382651867,0.0099967545322064,0.0107043486985295,2.30066062815823,2.36605527521564,2.28233935139668,2.345395982257,89.53
1280,0.314695266000736,0.0100184024824467,0.0094503340224583,2.30479472181288,2.37013516669849,2.28794578271395,2.34790336634159,89.6
1281,0.320270926763857,0.0100314081649098,0.0082017807663142,2.30866214217267,2.37372532726724,2.29316489396969,2.34998053273834,89.67
1282,0.325853581290721,0.0100357706683931,0.0069625738202386,2.31227099687042,2.37684998463557,2.29800969610139,2.35165528782162,89.74
1283,0.331442471106554,0.0100314885406981,0.0057362995439308,2.3156280645214,2.37952845654299,2.30249380596787,2.35295504838763,89.81
1284,0.337036882483873,0.0100185597098809,0.0045263884776786,2.3187396622729,2.38177701990247,2.30663111814517,2.35390669098728,89.88
1285,0.342636105725902,0.0099969815615634,0.0033361675572336,2.32161200640942,2.38360931371377,2.31043563367164,2.35453649829358,89.95
1286,0.348239454525735,0.0099667511723398,0.0021688518581602,2.32425124642458,2.38503822404398,2.3139212649655,2.35487014184287,90.02
1287,0.353846225063127,0.0099278656993272,0.0010274758096282,2.32666401490361,2.38607771634957,2.31710176710151,2.35493267058789,90.09
1288,0.359455745290018,0.0098803229259127,-8.50255661635022e-05,2.32885819222659,2.38674268928795,2.31999079519559,2.35474850479926,90.16
1289,0.365067424154186,0.0098241219637454,-0.0011658863211317,2.33084205061955,2.38705030985442,2.32260193721052,2.35434146495096,90.23
1290,0.370680710509866,0.0097592641110107,-0.0022125195937707,2.33262370302761,2.38701897834357,2.3249489024622,2.35373486523646,90.3
1291,0.376295112164708,0.0096857538670027,-0.0032224981045614,2.33421184955745,2.38666531396859,2.32704553461591,2.35295146067129,90.37
1292,0.38191015472211,0.0096036001029645,-0.0041935352687811,2.33561737002445,2.38600839774533,2.32890576927571,2.35201354823844,90.44
1293,0.3875254005788,0.0095128173891145,-0.0051234970583377,2.33685200147781,2.38506995934579,2.33054356600506,2.35094295087608,90.51
1294,0.393140407735292,0.0094134274776962,-0.0060105048292935,2.33792894463396,2.38387441897949,2.33197275435188,2.34976076355421,90.58
1295,0.398754778865852,0.0093054609417779,-0.006852948626975,2.33886371409241,2.38244914496306,2.3332069741526,2.34848719201198,90.65
1296,0.404368210392628,0.0091889589694104,-0.0076494711779918,2.33967303568949,2.3808240840802,2.33425961960284,2.34714151386304,90.72
1297,0.409980451307837,0.0090639753125838,-0.0083989827737153,2.34037001553786,2.37902847757236,2.33514369658528,2.34574192100254,90.79
1298,0.415591322188181,0.0089305783902316,-0.0091007973328247,2.34095928125394,2.37709110100146,2.33587165318895,2.34430509252963,90.86
1299,0.421200674055108,0.0087888535443115,-0.009754739223592,2.34143934629146,2.37503734798223,2.3364548522206,2.34284537750752,90.93
1300,0.426808407435152,0.0086389054477108,-0.0103610403316532,2.34180945930816,2.37288881376477,2.33690337750271,2.34137448989384,91.0
1301,0.432414431272112,0.0084808606624403,-0.0109202680784944,2.34207314585243,2.37066607022766,2.33722626401655,2.33990192599754,91.07
1302,0.438018682043857,0.0083148703462094,-0.0114331941235492,2.34223756982916,2.36838873469048,2.33743173047976,2.33843550249485,91.14
1303,0.443621082734468,0.0081411131050978,-0.011900754178612,2.34231091108633,2.36607532945487,2.33752744428212,2.33698174404213,91.21
1304,0.449221562013878,0.0079597979895787,-0.0123240387453686,2.34229965452737,2.36374248040453,2.33752057792871,2.33554606016758,91.28
1305,0.454820013275448,0.0077711676306641,-0.0127042846714131,2.34220735517118,2.36140194994633,2.33741780729042,2.33413271132369,91.35
1306,0.460416313883779,0.0075755015123929,-0.0130428675051393,2.34203454808146,2.35906119058021,2.33722531170785,2.33274495514322,91.42
1307,0.466010284283732,0.0073731193762618,-0.0133412946271548,2.34177938187347,2.35672371809439,2.33694880591571,2.33138522238262,91.49
1308,0.471601737411621,0.0071643847525523,-0.0136011690457191,2.3414394571901,2.35439089889943,2.33659366385155,2.3300552021428,91.56
1309,0.477190528148483,0.0069497086127674,-0.0138240636536423,2.34101499052602,2.35206427888823,2.33616495371898,2.32875601684943,91.63
1310,0.48277651255551,0.0067295531366036,-0.0140114864444207,2.34051035483727,2.34974577598359,2.33566747447136,2.32748845687396,91.7
1311,0.488359567332977,0.0065044355860313,-0.0141648764838694,2.3399337261382,2.34743820353748,2.3351058537999,2.32625327477439,91.77
1312,0.493939549154334,0.0062749322781221,-0.0142856005223127,2.3392960395167,2.34514717761633,2.33448449692508,2.32505126835129,91.84
1313,0.499516344316406,0.00604168264728,-0.014374950221375,2.33861051810744,2.34287980469444,2.33380765689758,2.32388330294364,91.91
1314,0.505089918444971,0.0058053933864559,-0.0144341399707125,2.33789087930087,2.34064342921978,2.33307935553945,2.32275033312564,91.98
1315,0.510660275994476,0.0055668426557911,-0.0144643052713624,2.33714806751602,2.33844579487479,2.33230339565076,2.32165339370097,92.05
1316,0.516227479981222,0.0053268843459195,-0.0144665317515155,2.33639083882555,2.33629517518868,2.33148346440904,2.32059346971412,92.12
1317,0.521791611598993,0.0050864523818658,-0.0144419749695606,2.33562679732166,2.33420098485235,2.33062305710321,2.31957133572381,92.19
1318,0.527352790067017,0.0048465349643958,-0.0143918904581338,2.33486391314907,2.33217529281259,2.32972543174945,2.318587364321,92.26
1319,0.532911132357821,0.0046080585565957,-0.0143176341636581,2.33411062653719,2.33022967074319,2.32879353435096,2.31764130387826,92.33
1320,0.538466773153852,0.0043718621245057,-0.014220663346419,2.33337381558187,2.32837303317568,2.32783010535666,2.31673238657692,92.4
1321,0.544019824679801,0.0041387014397229,-0.0141025078289824,2.33265893017441,2.32661263540316,2.32683772656393,2.3158594959269,92.47
1322,0.549570396759216,0.0039092533410944,-0.0139646513912915,2.33196841063738,2.32495058671248,2.32581883850323,2.31502127344152,92.54
1323,0.555118556742406,0.0036841199418442,-0.0138085038115041,2.33130007588603,2.32338448391206,2.32477575834583,2.31421634501366,92.61
1324,0.560664349654689,0.0034638327699044,-0.0136354033504214,2.330648158883,2.32190671923827,2.32371072837817,2.31344330596424,92.68
1325,0.566207758212801,0.0032488568305653,-0.0134466195663361,2.3300037098612,2.32050471926459,2.3226260551763,2.31270085592844,92.75
1326,0.571748753147399,0.0030395945818414,-0.0132433564361291,2.32935842925994,2.3191653343363,2.32152415891329,2.31198796325357,92.82
1327,0.577287343568624,0.0028363898141393,-0.0130267557596933,2.32870684569965,2.31787724084967,2.32040756284543,2.31130390849311,92.89
1328,0.582823537111973,0.0026395314269593,-0.0127979008259348,2.32804662852459,2.31663370344785,2.31927882293357,2.3106482972784,92.96
1329,0.588357360303022,0.0024492570964068,-0.0125578203197223,2.32737974290597,2.31543356110171,2.31814063825614,2.31002107266888,93.03
1330,0.593888818789926,0.0022657568282885,-0.0123074924502258,2.32671219096521,2.31427926377291,2.3169958713777,2.30942252698772,93.1
1331,0.599417947881923,0.0020891763924939,-0.0120478492820603,2.32605297072479,2.31317806749336,2.31584747862446,2.30885328305631,93.17
1332,0.604944863130443,0.0019196206352185,-0.0117797812515572,2.32541351646554,2.31214103219902,2.31469862100453,2.30831418464683,93.24
1333,0.610469720688867,0.0017571566663907,-0.0115041418513286,2.32480572480341,2.31117925052347,2.31355271501769,2.3078062766683,93.31
1334,0.615992737887574,0.0016018169203976,-0.0112217825547495,2.32423781409232,2.31030160990682,2.312413453385,2.30733081489565,93.38
1335,0.621514153670504,0.0014536020888886,-0.0109337082280116,2.32370946116104,2.30951480993165,2.31128476554886,2.3068891848718,93.45
1336,0.627034249240322,0.0013124839250657,-0.0106412326630238,2.32321373718059,2.30882506305888,2.31017056743839,2.30648242908337,93.52
1337,0.632553308556926,0.0011784079194352,-0.0103459837739587,2.32274280380209,2.30823919197073,2.30907457121939,2.30611068326339,93.59
1338,0.638071639035219,0.001051295847527,-0.0100497885214316,2.32229114151552,2.30776364910725,2.30800018504653,2.30577309347082,93.66
1339,0.643589532086078,0.0009310481905533,-0.0097546180615834,2.32185615992225,2.30740329362693,2.30695065318956,2.30546803341812,93.73
1340,0.649107283845967,0.0008175464304168,-0.0094624727363779,2.32143805545793,2.30716124953824,2.30592925594536,2.30519356188629,93.8
1341,0.654625155738993,0.0007106552208529,-0.0091753573084659,2.32103762284097,2.30703809982721,2.30493950910123,2.30494781937823,93.87
1342,0.660143395217057,0.0006102244368433,-0.0088952561414275,2.3206547883198,2.30703174038662,2.30398530271407,2.30472933395645,93.94
1343,0.665662196322442,0.0005160911047349,-0.0086240180261124,2.32028870716508,2.30713675040336,2.30307079861533,2.30453705577151,94.01
1344,0.671181720419365,0.00042808121577,-0.0083633311439216,2.31993858295185,2.30734448275277,2.30220023701042,2.30437021057084,94.08
1345,0.676702056740035,0.0003460114259637,-0.0081146978705693,2.31960304232856,2.30764528862008,2.30137768218563,2.3042281828213,94.15
1346,0.682223273181059,0.0002696906454671,-0.0078793191267725,2.31928414300849,2.30802884474434,2.30060691786103,2.30411054881074,94.22
1347,0.68774546708523,0.0001989215207165,-0.0076580687754016,2.31898900455787,2.30848490021206,2.29989110097566,2.30401683851152,94.29
1348,0.69326872574419,0.000133501812819,-0.0074514677803363,2.31872903185064,2.30900513500248,2.29923220392572,2.30394632709149,94.36
1349,0.698793147058905,7.32256757291874e-05,-0.0072595678481719,2.31851844606398,2.3095827004638,2.29863075669155,2.30389785608153,94.43
1350,0.704318800005463,1.78848378667824e-05,-0.0070819551577593,2.31837239380237,2.31021121704743,2.29808567820453,2.30386968421343,94.5
1351,0.709845745255401,-3.27303091134592e-05,-0.0069178741766227,2.3183050252396,2.31088569661995,2.29759419694487,2.30385948830008,94.57
1352,0.715373995598381,-7.88297106435843e-05,-0.0067662609573303,2.3183278418883,2.31160054534222,2.29715210149184,2.30386448410198,94.64
1353,0.72090353651712,-0.0001206227348748,-0.0066257761905054,2.31844753146569,2.31234952142238,2.29675399011071,2.30388148669506,94.71
1354,0.726434286563409,-0.0001583173398311,-0.006494958384473,2.31866268790016,2.31312578240518,2.29639366989029,2.30390712100416,94.78
1355,0.731966147974192,-0.0001921193183103,-0.0063724069320921,2.31896555426253,2.31392307518032,2.29606479579073,2.30393824273429,94.85
1356,0.73749905726586,-0.000222231616777,-0.006256934915172,2.31934286136135,2.31473662461931,2.29576135857075,2.30397205826819,94.92
1357,0.743032945545225,-0.0002488537245384,-0.0061476014081368,2.31977768775393,2.31556038121416,2.29547778100596,2.30400576306032,94.99
1358,0.748567758977029,-0.0002721811295376,-0.006043713565433,2.32024993438934,2.31638490026848,2.2952089233835,2.30403636050845,95.06
1359,0.754103419058306,-0.0002924048371656,-0.0059447985096516,2.32073788138055,2.31719738723041,2.29495008863679,2.30406075161744,95.13
1360,0.759639843051542,-0.000309710948566,-0.005850484857522,2.32121950340411,2.31798047933757,2.29469705730099,2.30407585480705,95.2
1361,0.765176904227129,-0.0003242802949846,-0.0057604744189871,2.32167164858929,2.31871361503689,2.29444621254922,2.30407896653353,95.27
1362,0.770714452267603,-0.0003362881248035,-0.0056745439007111,2.3220699998055,2.31937317034817,2.29419454477131,2.30406785128822,95.34
1363,0.776252273485013,-0.0003459038399989,-0.0055925465316759,2.32238822411683,2.31993310762997,2.29393950567269,2.30404071146045,95.41
1364,0.781790111205122,-0.0003532907788589,-0.0055144136148951,2.32260052312619,2.32036902559334,2.29367889247443,2.3039960972804,95.48
1365,0.78732762597137,-0.0003586060419029,-0.0054401560078881,2.32268370336077,2.32065878110902,2.29341094278714,2.30393299757657,95.55
1366,0.792864446011955,-0.0003620003580554,-0.0053698655331529,2.32261777426366,2.3207839557028,2.29313436940877,2.30385087067197,95.62
1367,0.798400217712825,-0.0003636179882375,-0.0053037163184352,2.32238591666461,2.32073198660823,2.29284839525341,2.30374961543711,95.69
1368,0.803934565840018,-0.0003635966636572,-0.0052419660651322,2.32197520612616,2.3204952318253,2.29255287869732,2.30362945242208,95.76
1369,0.809467113956414,-0.000362067556192,-0.0051849572416846,2.32137649681722,2.32007145248521,2.29224831874202,2.30349089559605,95.83
1370,0.81499744468876,-0.0003591552783793,-0.005133118197301,2.32058515106034,2.31946393748198,2.29193573999671,2.30333472442727,95.9
1371,0.820525150290469,-0.000354977910646,-0.005086964189828,2.31960050857488,2.31867883330584,2.29161669817333,2.30316189611891,95.97
1372,0.826049883244422,-0.0003496470535275,-0.0050471284077511,2.31842346365972,2.31772578683416,2.29129337598786,2.30297360860087,96.04
1373,0.831571316649823,-0.0003432679027442,-0.0050144831523673,2.31705374498344,2.31661904263346,2.29096846856249,2.30277112311993,96.11
1374,0.83708916483808,-0.0003359393451215,-0.00499017064202,2.31549101999181,2.31537559468299,2.29064500872793,2.3025553163192,96.18
1375,0.842603143872709,-0.0003277540734519,-0.0049756035979975,2.31373768770597,2.31401418332074,2.2903262224412,2.30232638301369,96.25
1376,0.848112992289384,-0.0003187987185164,-0.0049724355914659,2.31180200596162,2.31255492649426,2.29001556470287,2.3020839604365,96.32
1377,0.853618431730331,-0.0003091539965898,-0.004982410862872,2.30969773189608,2.31101720804909,2.28971699609115,2.30182749342539,96.39
1378,0.859119217916492,-0.000298894870865,-0.0050072139352861,2.30744385597386,2.30942006506651,2.28943510870896,2.30155666002888,96.46
1379,0.864615191699194,-0.0002880907253403,-0.0050484393415407,2.30506190193476,2.30778302793454,2.28917489085836,2.30127146640026,96.53
1380,0.870106239932395,-0.0002768055498149,-0.0051075911716678,2.30257476390865,2.306124734999,2.28894152150032,2.30097225168689,96.6
1381,0.875592316607119,-0.0002650981347395,-0.0051860823241475,2.30000644847007,2.3044617886392,2.28874016432267,2.30065966308987,96.67
1382,0.881073403899152,-0.0002530222747668,-0.0052852033460894,2.29738073543017,2.30281013910196,2.28857573123579,2.3003345409129,96.74
1383,0.886549533481857,-0.0002406269799389,-0.0054060006615045,2.29472266834063,2.30118454280743,2.28845288599283,2.29999786402733,96.81
1384,0.892020747753471,-0.0002279566935413,-0.00554924469104,2.29205769918771,2.29959832133189,2.2883758064424,2.29965060529991,96.88
1385,0.897487121329301,-0.0002150515157364,-0.005715427668952,2.28941122480956,2.29806414290693,2.28834800620733,2.29929361731694,96.95
1386,0.902948722447121,-0.0002019474321754,-0.0059047610556915,2.28680956764882,2.29659260680629,2.28837221571472,2.29892766873831,97.02
1387,0.90840563463542,-0.0001886765468621,-0.0061171725372314,2.28427788722119,2.29519239136078,2.288450021637,2.29855324012575,97.09
1388,0.913857918292311,-0.0001752673186195,-0.006352302607315,2.28183944472575,2.29387034067273,2.2885818062746,2.29817050046,97.16
1389,0.919305662612329,-0.0001617448005787,-0.0066095007339544,2.27951649113464,2.2926313996098,2.28876683641343,2.29777940416287,97.23
1390,0.924749037596681,-0.0001481308821754,-0.0068878211166669,2.27732814483061,2.29147978098994,2.28900323086025,2.29737963783138,97.3
1391,0.930188255882059,-0.0001344445332008,-0.0071860481339425,2.27529055383581,2.29042004100503,2.28928822789755,2.29697074764996,97.37
1392,0.935623594823631,-0.0001207020495121,-0.0075028417610757,2.27341738658438,2.28945848403198,2.28961854207694,2.29655232713488,97.44
1393,0.941055358477442,-0.0001069173000574,-0.007836852541299,2.27172050050736,2.28860447551685,2.28999075022447,2.29612420504343,97.51
1394,0.946483899828208,-9.3101974922818e-05,-0.0081866256077227,2.27021268370728,2.2878668186912,2.29040167662818,2.29568660336651,97.58
1395,0.951909582906058,-7.92658341473017e-05,-0.00855056457022,2.26890524844773,2.28725082136627,2.29084832615293,2.29524017514452,97.65
1396,0.957332805136864,-6.5416957097134e-05,-0.0089268951181871,2.26780721588324,2.28675665440905,2.29132769630477,2.29478598227747,97.72
1397,0.962753959568625,-5.1561992219914e-05,-0.0093135681926691,2.26692558033652,2.28638005487973,2.29183655856277,2.2943253531424,97.79
1398,0.96817345731773,-3.77064070333339e-05,-0.0097083434619231,2.26626226015243,2.28611456145672,2.29237126920847,2.29385977043793,97.86
1399,0.973591689877052,-2.3854738227308e-05,-0.0101088425231327,2.26581498615192,2.28595064871088,2.29292806102779,2.29339096975845,97.93
1400,0.979009051629452,-1.00108417800935e-05,-0.0105126621337086,2.26557704282404,2.28587717613754,2.29350318410799,2.29292100816939,98.0
1401,0.984425902208681,3.82185699424431e-06,-0.0109173970761777,2.26553998431541,2.28588196281574,2.29409313649915,2.29245239301498,98.07
1402,0.989842589051532,1.76401135373692e-05,-0.0113206328754116,2.265693428137,2.28595356394673,2.29469474410542,2.29198815057017,98.14
1403,0.995259409783827,3.14406143398186e-05,-0.0117199685870805,2.26602502577674,2.28608223360894,2.29530527039521,2.29153189466671,98.21
1404,1.00067663478495,4.52197274950787e-05,-0.0121131298762867,2.26652283689639,2.2862596226176,2.29592243563654,2.29108762444904,98.28
1405,1.0060944695746,5.89732535751681e-05,-0.0124979919030665,2.26717676759182,2.2864800699989,2.29654440588234,2.29065967242344,98.35
1406,1.01151310745559,7.26961768940068e-05,-0.0128725722311873,2.26797910301549,2.28674222454157,2.29716978183446,2.29025265228982,98.42
1407,1.01693278214574,8.63824172351714e-05,-0.0132350238863404,2.26892368322606,2.28704714529495,2.297797557532,2.2898712259517,98.49
1408,1.02235373013184,0.0001000245821353,-0.0135836285995377,2.27000546749463,2.28739826674551,2.29842698871375,2.28952002058685,98.56
1409,1.02777621318053,0.0001136137198337,-0.0139167902690724,2.27121913323266,2.28779964821418,2.29905755139971,2.2892034850805,98.63
1410,1.0332004806505,0.0001271390730223,-0.0142330587598129,2.27255580700521,2.28825350031249,2.29968890044208,2.28892574591356,98.7
1411,1.03862679195259,0.0001405878335583,-0.0145312743317156,2.27400069580567,2.28876147146184,2.30032070770437,2.28869046242587,98.77
1412,1.04405537880206,0.0001539448983346,-0.0148107123724292,2.27553339393477,2.28932451934446,2.30095244005083,2.28850023006476,98.84
1413,1.04948646760967,0.0001671926265395,-0.0150710780159034,2.27713161794276,2.28994181857241,2.30158304706511,2.28835598287034,98.91
1414,1.05492024165609,0.0001803105985797,-0.0153123807478052,2.27877469929043,2.29061060008696,2.30221082929806,2.28825693673143,98.98
1415,1.06035686339681,0.0001932753769855,-0.0155348996174856,2.28044325468194,2.29132577897044,2.30283366759054,2.28820092295686,99.05
1416,1.06579643654315,0.0002060602696675,-0.0157391788809916,2.28211840426822,2.29208138659876,2.30344919227295,2.28818481129815,99.12
1417,1.07123902826751,0.000218635095948,-0.0159260239823758,2.28378086903807,2.29286962502925,2.30405483210396,2.28820463132098,99.19
1418,1.07668463118002,0.0002309659558514,-0.0160964677757777,2.2854106698459,2.29368085338338,2.30464792351723,2.28825569305886,99.26
1419,1.08213318542627,0.0002430150031974,-0.0162516467983913,2.28698914342481,2.29450459662849,2.30522572978382,2.28833264684488,99.33
1420,1.08758454055554,0.0002547402231101,-0.0163927681023697,2.28849879266975,2.29532877877148,2.30578546040123,2.28842966293235,99.4
1421,1.09303850759904,0.0002660952146277,-0.0165211064497994,2.28992358915941,2.29614166372615,2.30632438102177,2.28854070091255,99.47
1422,1.09849491109783,0.000277028979171,-0.0166379716735376,2.29125081138994,2.29693184046993,2.30683986353161,2.28865959824472,99.54
1423,1.10395355082028,0.0002874857157091,-0.0167445860055494,2.29247098900416,2.29768565094726,2.30732952676836,2.28878027888406,99.61
1424,1.10941422361114,0.0002974046235446,-0.0168420518757856,2.29357833017602,2.29839066602145,2.307791377661,2.28889717238169,99.68
1425,1.11487668502476,0.0003067197137243,-0.0169313499841962,2.29457069960057,2.29903711611427,2.30822383248389,2.28900542233685,99.75
1426,1.12034070118491,0.0003153596301756,-0.017013337538263,2.29545014008893,2.29961805903429,2.3086256784362,2.28910091438901,99.82
1427,1.1258061006123,0.0003232474817597,-0.0170887466383568,2.29622216262972,2.30012948867857,2.30899594548772,2.28918027427599,99.89
1428,1.13127273576063,0.0003303006865292,-0.0171581827954435,2.29689377479452,2.30056918122378,2.30933386903969,2.28924086612032,99.96
1429,1.13674050470307,0.0003364308295801,-0.0172221235679282,2.29747334642884,2.30093629475992,2.30963888324282,2.28928076091671,100.03
1430,1.14220931262089,0.0003415435359892,-0.0172809173067135,2.29796960460787,2.30123406924995,2.30991064498628,2.2892986150932,100.1
1431,1.14767909344698,0.0003455383604328,-0.0173347819998523,2.29839198420001,2.301467322612,2.3101491487433,2.28929363970723,100.17
1432,1.15314977131509,0.0003483086951911,-0.0173838042105107,2.29875070914295,2.30164009848715,2.31035475175291,2.28926563021347,100.24
1433,1.15862128216707,0.0003497416983515,-0.0174279381043069,2.29905509987549,2.30175542131469,2.31052816971324,2.28921505681733,100.31
1434,1.16409353516827,0.0003497182441367,-0.01746700456447,2.29931296507922,2.30181424013374,2.31067047306767,2.28914297471614,100.38
1435,1.16956643428362,0.0003481128973936,-0.017500690395646,2.29953104747575,2.3018142530775,2.31078305378328,2.28905102500887,100.45
1436,1.1750398396647,0.0003447939143941,-0.0175285476195881,2.29971456783551,2.30175174166921,2.3108675325145,2.28894155634337,100.52
1437,1.18051358920087,0.000339623272212,-0.0175499928683857,2.29986722102504,2.30162096907871,2.31092581674136,2.28881765665697,100.59
1438,1.18598745988582,0.0003324567290547,-0.0175643068833231,2.29999072136708,2.3014168289875,2.31096003906317,2.28868315514337,100.66
1439,1.19146121944122,0.0003231439180413,-0.0175706341299022,2.3000856724235,2.30113614173683,2.31097261631544,2.28854256430242,100.73
1440,1.19693467793826,0.0003115284770296,-0.0175680126297296,2.30015306914991,2.30077789872427,2.31096615868158,2.28840084165286,100.8
1441,1.2024076491579,0.0002974482172075,-0.0175554942000634,2.30019504837156,2.30034453115812,2.31094343937033,2.28826327190456,100.87
1442,1.207879972132,0.0002807353332696,-0.0175321745917115,2.30021648220929,2.29984191651731,2.31090736463622,2.28813522879939,100.94
1443,1.21335147251766,0.000261216658109,-0.0174971937177428,2.30022479678081,2.29927848372554,2.31086088391786,2.28802211740305,101.01
1444,1.21882201424655,0.0002387139650489,-0.0174497360770548,2.30022924968608,2.29866663632231,2.31080705065572,2.28792934631261,101.08
1445,1.22429155118891,0.000213044320743,-0.0173890313883259,2.30024159175921,2.29802276259698,2.31074893285888,2.28786217924362,101.15
1446,1.22976008857148,0.000184020491958,-0.0173143855367847,2.30027438204043,2.29736483956739,2.31068958397994,2.28782558625045,101.22
1447,1.2352277045888,0.0001514514095422,-0.0172253020230574,2.3003386406734,2.2967118127073,2.31063201386727,2.28782415466066,101.29
1448,1.24069451185695,0.000115142692956,-0.0171215133999321,2.30044071915731,2.29608068925784,2.31057903938876,2.2878618189324,101.36
1449,1.2461606790592,7.48972388161797e-05,-0.0170029828813606,2.30058103548346,2.29548495531609,2.31053310493634,2.2879416199666,101.43
1450,1.2516263924307,3.05158769546938e-05,-0.0168699062162209,2.30075729167726,2.29493561017035,2.31049613293634,2.28806543362844,101.5
1451,1.25709187743009,-1.82019024445825e-05,-0.0167227138275199,2.30096597565798,2.29444078588132,2.31046949458522,2.28823393921338,101.57
1452,1.26255736024377,-7.14571470423988e-05,-0.0165620732134795,2.30120482526041,2.29400780313965,2.31045404060062,2.28844676764851,101.64
1453,1.26802308946967,-0.0001294505622546,-0.0163888615150239,2.3014734262288,2.29364459429958,2.31045022205058,2.28870267897804,101.71
1454,1.27348929762564,-0.0001923815492519,-0.0162040480622429,2.30177206457286,2.29335859792595,2.31045815080658,2.2889997390512,101.78
1455,1.27895622282878,-0.0002604471574255,-0.016008667410687,2.30210018724431,2.29315649453923,2.31047771996303,2.28933543525912,101.85
1456,1.28442407029076,-0.0003338409477247,-0.0158038226746223,2.3024548923613,2.29304126316192,2.31050863378216,2.28970661100417,101.92
1457,1.2898930339757,-0.0004127517633104,-0.0155906890508475,2.30283092329375,2.2930117938177,2.31055043742938,2.29010958000019,101.99
1458,1.29536325806593,-0.0004973624040369,-0.0153705175131444,2.30322117376697,2.29306349136942,2.31060263676744,2.29054030010915,102.06
1459,1.30083485858332,-0.0005878482013532,-0.0151446085684157,2.30361755363857,2.29318857694211,2.31066475777868,2.29099454660502,102.13
1460,1.30630788481238,-0.0006843754903317,-0.0149141958765729,2.30401317828127,2.29337912587276,2.31073646597501,2.29146808493712,102.2
1461,1.31178237096195,-0.0007870999756588,-0.0146804202373549,2.30440470829002,2.29362778758128,2.3108176254529,2.29195687315662,102.27
1462,1.31725838780113,-0.000896164988598,-0.0144443337464515,2.3047934856833,2.29392997855623,2.31090841795015,2.29245735425719,102.34
1463,1.32273600400566,-0.0010116996321092,-0.0142069040126027,2.30518489498885,2.2942857132305,2.3110093714679,2.29296659780046,102.41
1464,1.32821530765207,-0.0011338168115503,-0.0139689883289511,2.30558829603356,2.29469818440312,2.31112135863004,2.29348220062665,102.48
1465,1.33369636750746,-0.0012626111486323,-0.0137312476935363,2.3060155425511,2.29517165066731,2.31124556477035,2.29400227766861,102.55
1466,1.33917925446431,-0.0013981567766001,-0.0134942413654676,2.30647751477608,2.29571139886383,2.31138339564412,2.29452554291267,102.62
1467,1.34466400276816,-0.0015405050149312,-0.0132584612428051,2.30698387099666,2.2963220205177,2.31153656544485,2.29505120975059,102.69
1468,1.35015066147558,-0.0016896819222265,-0.0130243361396674,2.30754403208036,2.29700866576474,2.31170712439858,2.2955789514479,102.76
1469,1.35563934587846,-0.0018456857263713,-0.0127922360413935,2.30816750326964,2.29777748362856,2.3118974259049,2.29610886156746,102.83
1470,1.36113019863046,-0.0020084841315049,-0.0125624763300031,2.30886452597067,2.29863296188696,2.31211003318766,2.29664138426667,102.9
1471,1.3666234110123,-0.0021780115018393,-0.0123353219732659,2.30964374971287,2.29957689019683,2.31234777602724,2.29717751534386,102.97
1472,1.37211918398226,-0.0023541659229166,-0.0121109615839523,2.31051089568016,2.30060750218898,2.31261365665083,2.29771885279729,103.04
1473,1.37761774935951,-0.0025368061414999,-0.0118893911691227,2.31146889306527,2.30171834518743,2.31291078525596,2.29826755705408,103.11
1474,1.38311933078567,-0.0027257483859483,-0.0116703880927153,2.31251647937157,2.30290015714988,2.31324228493823,2.29882625092794,103.18
1475,1.3886241648115,-0.0029207630696325,-0.0114535451638648,2.31364992821026,2.30414084664198,2.31361134649338,2.2993980698812,103.25
1476,1.39413246175353,-0.0031215713807212,-0.0112383949425864,2.31486278969811,2.30542811925818,2.31402119233548,2.29998659175403,103.32
1477,1.3996444266676,-0.0033278417624928,-0.0110244437434869,2.31614755492735,2.30675138087499,2.31447528043882,2.30059588660628,103.39
1478,1.40516022008444,-0.0035391862892122,-0.0108111755212777,2.31749695795269,2.30810204540916,2.31497735710406,2.30123041581769,103.46
1479,1.41067997885457,-0.0037551569435767,-0.0105980858224295,2.31890317033899,2.30947441358675,2.31553141866183,2.30189493081197,103.53
1480,1.41620377674874,-0.0039752418027384,-0.0103847758998998,2.32036000331582,2.31086555831402,2.31614158204597,2.30259419079805,103.6
1481,1.42173167525014,-0.0041988611410061,-0.0101708662980053,2.32186471776112,2.31227448754303,2.31681204469119,2.30333283040871,103.67
1482,1.42726377427374,-0.0044253634584778,-0.0099559706166493,2.32341805808515,2.3137042553888,2.31754707350536,2.30411552758942,103.74
1483,1.43280017254826,-0.0046540214460846,-0.0097396993741158,2.32502512769587,2.31516320036947,2.31835099275306,2.30494689998672,103.81
1484,1.43834098809788,-0.0048840278988154,-0.0095216939753929,2.32669262295918,2.31666170018423,2.31922817077339,2.30583137045374,103.88
1485,1.44388631847069,-0.0051144915902675,-0.0093017509683943,2.3284245317108,2.31821082148457,2.32018297536623,2.30677318211611,103.95
1486,1.44943626106304,-0.0053444632108253,-0.0090798560678617,2.33021819173813,2.31981868226284,2.32121960750513,2.30777611160271,104.02
1487,1.45499087318683,-0.0055730515609177,-0.008856188125958,2.33206266487357,2.32148765579194,2.32234190356161,2.30884309097954,104.09
1488,1.46055019222915,-0.0057994494898264,-0.0086311231375157,2.33394288684018,2.32321632738153,2.3235531661411,2.30997588875813,104.16
1489,1.46611419555228,-0.0060229297714924,-0.008405238276701,2.33584264277129,2.32499982530556,2.32485614381261,2.31117509062846,104.23
1490,1.47168285057196,-0.0062428410196265,-0.0081793159582923,2.33774841463217,2.3268331895221,2.32625315967256,2.3124403497967,104.3
1491,1.47725616475124,-0.0064586036552611,-0.0079543178254232,2.33965006907035,2.32871242264937,2.32774623825422,2.31377060603923,104.37
1492,1.48283414524697,-0.0066697059385174,-0.007731268474304,2.34154100356822,2.3306350586351,2.32933714047725,2.31516436374179,104.44
1493,1.48841681864769,-0.0068757000750625,-0.0075112294252284,2.34341660774707,2.3325997978739,2.33102745703927,2.31661984841568,104.51
1494,1.49400419045176,-0.0070761984065044,-0.0072953031460068,2.3452724841569,2.33460403539731,2.33281860977884,2.31813504171749,104.58
1495,1.49959626463629,-0.0072708696928224,-0.0070846370209335,2.34710348171077,2.33664180953571,2.33471185124422,2.3197078056185,104.65
1496,1.50519300296575,-0.0074594354938407,-0.0068803971576531,2.34890294009158,2.3387048790001,2.33670835270544,2.32133600549645,104.72
1497,1.51079434439137,-0.0076416666557375,-0.0066836518358524,2.35066458233178,2.34078244541799,2.33880916997286,2.32301754192488,104.79
1498,1.51640016419089,-0.0078173799076255,-0.0064953451033933,2.35238576190878,2.34286475673604,2.34101502682548,2.32475041154933,104.86
1499,1.52201032328854,-0.0079864345723516,-0.0063163003252441,2.35406734068739,2.34494532632288,2.3433260363818,2.32653258647403,104.93
1500,1.5276247174943,-0.008148729394833,-0.0061471934927146,2.35571591442442,2.34702095557279,2.3457416612779,2.32836195289741,105.0
1501,1.53324323640151,-0.0083041994904806,-0.0059884361027738,2.35734278949715,2.34909070346086,2.34826040115984,2.33023624885785,105.07
1502,1.53886578238346,-0.0084528134155451,-0.0058401481219179,2.35896151600293,2.35115575881214,2.35087944820254,2.33215291086467,105.14
1503,1.5444922293401,-0.0085945703605687,-0.0057021909395141,2.36058560177014,2.35321853038973,2.35359461156066,2.33410900998219,105.21
1504,1.55012247163527,-0.0087294974675136,-0.0055742903960858,2.36222676809522,2.35528179723948,2.35640042053909,2.33610121723773,105.28
1505,1.55575647296339,-0.0088576472705942,-0.0054560693623461,2.36389269389721,2.35734933337297,2.35929031629534,2.33812582849432,105.35
1506,1.56139422488439,-0.0089790952603312,-0.0053470500492739,2.36558888159354,2.3594241855965,2.3622569923474,2.34017896919906,105.42
1507,1.56703576546602,-0.0090939375698828,-0.0052466561437514,2.36731859692143,2.36150698135288,2.36529243268862,2.34225661802059,105.49
1508,1.5726811376829,-0.0092022887822983,-0.0051542147783847,2.36908289848286,2.36359550012265,2.36838785825553,2.34435456979664,105.56
1509,1.57833040792265,-0.0093042798569695,-0.0050689583459026,2.37088132862071,2.36568337214661,2.37153361198117,2.34646836795194,105.63
1510,1.58398362424731,-0.0094000561732101,-0.0049900261702755,2.37271097893833,2.36776103363646,2.37471886224178,2.34859314628716,105.7
1511,1.58964083475982,-0.0094897756886131,-0.0049164660484073,2.37456549503478,2.36981629086639,2.37793148592478,2.35072356074625,105.77
1512,1.59530204572394,-0.0095736072095592,-0.0048472356779353,2.37643495323087,2.37183476410597,2.38115801096318,2.35285375107468,105.84
1513,1.60096723978756,-0.0096517287710362,-0.0047812039883193,2.37830669966397,2.37380228766595,2.38438361855518,2.35497733246517,105.91
1514,1.60663633395843,-0.0097243261227239,-0.0047171523940351,2.38016736254231,2.37570394078277,2.38759232566328,2.35708747747226,105.98
1515,1.61230919768359,-0.0097915913181359,-0.0046538060780058,2.38200281839532,2.37752458381118,2.39076698700707,2.35917690778436,106.05
1516,1.6179856106832,-0.0098537214034675,-0.0045899254148955,2.38379812843849,2.379249245168,2.39388926727693,2.36123785615191,106.12
1517,1.62366531097962,-0.0099109172026894,-0.004524216855249,2.38554000276425,2.38086278763256,2.39693964405368,2.3632619986034,106.19
1518,1.62934804286266,-0.0099633821953324,-0.0044553340825973,2.3872170989368,2.38235162234534,2.39989714088787,2.36524029691395,106.26
1519,1.63503351453219,-0.0100113214833399,-0.0043819995545985,2.38881899768604,2.38370599647447,2.40273927229559,2.36716296209139,106.33
1520,1.64072141586168,-0.01005494084332,-0.0043030358381162,2.39033716555771,2.3849188832099,2.40544223113727,2.36901953904314,106.4
1521,1.6464113759368,-0.0100944458604956,-0.0042173669366426,2.39176474549424,2.38598544584321,2.40798089755676,2.37079890198619,106.47
1522,1.65210301081359,-0.0101300411406424,-0.0041240197190399,2.39309406225545,2.38690223360569,2.41032879026147,2.37248919087677,106.54
1523,1.65779597123945,-0.0101619295963029,-0.0040221555567358,2.39431382859993,2.38766538724904,2.41245799068463,2.37407762888527,106.61
1524,1.66348990008061,-0.0101903118035881,-0.0039111923622878,2.39540707535641,2.38827062250655,2.41433895024516,2.37555025121872,106.68
1525,1.66918444990119,-0.010215385425903,-0.0037908365177692,2.39635320550744,2.38871423931148,2.41594027147243,2.37689139508385,106.75
1526,1.67487924034929,-0.0102373447009784,-0.00366108487883,2.39712938863821,2.38899112509264,2.41722849361829,2.3780832218337,106.82
1527,1.68057387570737,-0.0102563799876416,-0.0035221968597313,2.39771331199527,2.38909396450063,2.41816794349879,2.37910563263472,106.89
1528,1.68626790226299,-0.0102726773688217,-0.0033745764240347,2.39808253469943,2.38900947346649,2.41872086278418,2.3799364877133,106.96
1529,1.69196082585782,-0.0102864183073514,-0.003218744502973,2.39821185964028,2.38871896905168,2.41884766194258,2.3805521295442,107.03
1530,1.69765206927244,-0.0102977793512113,-0.0030553416588157,2.398070498641,2.38819903295949,2.41850697055283,2.38092757853663,107.1
1531,1.70334098980671,-0.0103069318849386,-0.0028851308961192,2.39762297284796,2.38741886913053,2.41765566522764,2.38103649190771,107.17
1532,1.70902683671522,-0.0103140419240143,-0.002709000609282,2.39683034898581,2.38634338216905,2.41624899624466,2.38085136759798,107.24
1533,1.7147087688604,-0.0103192699491364,-0.0025279375649043,2.39565181211511,2.38493478618154,2.41424063313697,2.38034360256331,107.31
1534,1.72038581224605,-0.0103227707773826,-0.0023429097275569,2.39404675611663,2.38315418886729,2.4115826902267,2.37948352629076,107.38
1535,1.72605690788499,-0.0103246934673644,-0.0021548394378141,2.39197742272088,2.38096381346776,2.40822573293758,2.37824053040517,107.45
1536,1.73172095975531,-0.0103251812555796,-0.0019645766619995,2.38941067568492,2.37832703102469,2.40411864540026,2.37658308428793,107.52
1537,1.73737679260087,-0.0103243715212718,-0.0017728121216335,2.38631716570505,2.3752079487166,2.39920836024304,2.37447860717259,107.59
1538,1.74302317003468,-0.0103223957772113,-0.0015801709892566,2.38266872912236,2.37157208940966,2.39343963201812,2.37189334772545,107.66
1539,1.74865875261543,-0.0103193796839169,-0.0013872464361228,2.37843633771317,2.36738548526211,2.38675509592364,2.36879242213864,107.73
1540,1.75428211627036,-0.0103154430849453,-0.0011946031080945,2.37358893104375,2.36261263732304,2.37909549246806,2.36513995116892,107.8
1541,1.75989171073794,-0.0103107000609793,-0.0010027806067389,2.36808973200463,2.3572165310428,2.3703998785848,2.36089905604994,107.87
1542,1.76548587840689,-0.0103052590005501,-0.000812327053143,2.36189844057004,2.35116040745921,2.36060603688118,2.35603204489091,107.94
1543,1.77106281322863,-0.0102992226853353,-0.0006239229000425,2.35497232608892,2.34440885361674,2.34965084341842,2.35050060970011,108.01
1544,1.77662061017192,-0.0102926883880754,-0.0004384144556822,2.347268445323,2.33692944647589,2.33747056505711,2.34426576392407,108.08
1545,1.78215731498878,-0.0102857479812523,-0.0002568172824594,2.33874439945264,2.32868986612187,2.32400096715571,2.33728770171989,108.15
1546,1.78767088406298,-0.0102784880547739,-8.03195427845349e-05,2.32935636713949,2.31965523272724,2.30917753365014,2.32952600089371,108.22
1547,1.79315920481497,-0.0102709900410068,8.97147261871931e-05,2.3190574532764,2.30978765364831,2.29293580067245,2.32093986934547,108.29
1548,1.79862005634926,-0.0102633303455915,0.0002517424304102,2.3077971665899,2.29904331769078,2.27521156417148,2.31148825522306,108.36
1549,1.80405113073331,-0.0102555804825716,0.0004040383540279,2.29552058273211,2.28737423793879,2.25594126357534,2.30113018257457,108.43
1550,1.80944999459719,-0.0102478072124562,0.0005447223272528,2.2821701423728,2.27472892726631,2.23506233203925,2.28982489201012,108.5
1551,1.81481411144659,-0.0102400726819249,0.0006718768335611,2.26768746764636,2.26105372239515,2.21251351442574,2.27753211807826,108.57
1552,1.82014080438221,-0.0102324345639678,0.0007835745634645,2.25201489711012,2.24629544944296,2.18823512405779,2.26421232356515,108.64
1553,1.82542727962224,-0.0102249461973419,0.0008778761248361,2.23509821456116,2.23040365674624,2.16216941987642,2.24982692153037,108.71
1554,1.83067059052539,-0.0102176567242977,0.0009527979445864,2.21688693213035,2.21333244599888,2.13426104490285,2.23433851588029,108.78
1555,1.83586769260357,-0.0102106112256165,0.0010061902213663,2.19733576924625,2.19504247427913,2.10445752704738,2.21771116117496,108.85
1556,1.84101549931407,-0.0102038508520689,0.0010357054917765,2.17640468065548,2.1754999685763,2.07270990343799,2.19991064234287,108.92
1557,1.84611084842293,-0.0101974129514809,0.0010387976735626,2.15405951037071,2.15467735695177,2.03897328868739,2.18090477495145,108.99
1558,1.85115052943387,-0.0101913311906637,0.001012751628163,2.13027092542363,2.13255232764356,2.00320744815578,2.16066372664979,109.06
1559,1.85613125178891,-0.0101856356715338,0.0009547733762184,2.10501373618478,2.10910474494862,1.96537737701909,2.13916036036459,109.13
1560,1.86104967424968,-0.010180353040814,0.000861870225296,2.07826359500863,2.08431780089162,1.92545385577905,2.11637059978593,109.2
1561,1.86590237516774,-0.0101755065927726,0.0007307013869624,2.04999269840591,2.05817843856597,1.88341419345826,2.09227369728129,109.27
1562,1.87068588405529,-0.0101711163645185,0.0005575495762582,2.02017132310794,2.03067644569522,1.83924279795487,2.06685207370629,109.34
1563,1.87539665416703,-0.0101671992234318,0.0003383233908282,1.98877387266029,2.00180582917972,1.79293166422631,2.04009127206654,109.41
1564,1.88003112659449,-0.0101637689463688,6.85905367893078e-05,1.95578290602974,1.97156582308926,1.74448114163589,2.01198038640082,109.48
1565,1.88458579567357,-0.0101608362903349,-0.0002563279371509,1.92118961420023,1.93996237266302,1.69390089034023,1.98251278561851,109.55
1566,1.88905718550606,-0.0101584090543777,-0.0006414129316809,1.88499282112386,1.90700898108045,1.64121078600755,1.95168665108254,109.62
1567,1.89344188809725,-0.0101564921325059,-0.0010918511531063,1.84719798348753,1.87272400038475,1.58644183286422,1.91950541831959,109.69
1568,1.89773654282124,-0.0101550875574926,-0.0016129980582222,1.80781552738959,1.83713002281422,1.52963711479665,1.8859784237657,109.76
1569,1.90193787762655,-0.0101541945354743,-0.0022103697066068,1.76686183148197,1.80025480054588,1.47085278394554,1.85112148569417,109.83
1570,1.90604269169152,-0.0101538094713101,-0.0028896333359509,1.72436090068475,1.76213050414145,1.410159116099,1.81495744924302,109.9
1571,1.91004789993973,-0.0101539259847134,-0.0036565965608745,1.68034540631346,1.72279598279496,1.34764166195655,1.77751702621978,109.97
1572,1.91395051912199,-0.0101545349172227,-0.0045171650052454,1.63486178586548,1.68229964886278,1.2834022823763,1.73883956821584,110.04
1573,1.91774774595938,-0.0101556243301261,-0.0054772080878174,1.58797266221304,1.64070148158172,1.21756039702418,1.69897404326343,110.11
1574,1.92143703713772,-0.0101571794935039,-0.0065425133813281,1.53975763442613,1.59807589418215,1.15025429414298,1.65798003479565,110.18
1575,1.92501610094073,-0.0101591828666065,-0.0077187692637982,1.49031451514512,1.55451290584835,1.08164231875547,1.61592852131989,110.25
1576,1.9284829510064,-0.0101616140698321,-0.0090115456698352,1.43975866622118,1.51011830919737,1.01190396688953,1.57290261625415,110.32
1577,1.93183590189686,-0.0101644498486222,-0.0104262728393679,1.38822046094753,1.46501289182592,0.94124109357697,1.52899832681756,110.39
1578,1.93507362686859,-0.0101676640296416,-0.0119682179632836,1.33584505300009,1.41933113124597,0.869879171207206,1.48432533047239,110.46
1579,1.93819515752224,-0.0101712274696641,-0.0136424596280277,1.28279393824282,1.37322255033048,0.798068564499382,1.43900776718163,110.53
1580,1.94119997579468,-0.0101751079976358,-0.0154538599641831,1.22924487677346,1.32685386539908,0.726077062493335,1.39317981023776,110.6
1581,1.94408810804737,-0.0101792703504422,-0.017407034407356,1.17539492615347,1.28040918625574,0.654156152009145,1.34696554290768,110.67
1582,1.94686010090902,-0.0101836761029607,-0.0195063791591699,1.12145626251679,1.234087693501,0.582533561000157,1.30047455011144,110.74
1583,1.94951696913566,-0.0101882835930348,-0.0217563067035972,1.06763458627511,1.1880934943639,0.511414526141839,1.25380278246933,110.81
1584,1.95206014556576,-0.0101930478420641,-0.0241613884212988,1.01411727786542,1.14262180559328,0.440982964839507,1.20703351564881,110.88
1585,1.95449143315245,-0.0101979204719621,-0.0267263440464653,0.961072443195085,1.09784922239735,0.371402728473095,1.16023822274996,110.95
1586,1.95681295904714,-0.0102028496192945,-0.0294559982345539,0.9086498792643,1.05393189107666,0.302818873379079,1.11347741839877,111.02
1587,1.9590271307019,-0.010207779847472,-0.0323552342436047,0.856982031314317,1.01100613629102,0.235358916520582,1.06680150334323,111.09
1588,1.96113659395259,-0.0102126520579321,-0.0354289446420906,0.80618493879407,0.969189343735911,0.169134073222677,1.02025160845723,111.16
1589,1.96314419303929,-0.0102174034013142,-0.0386819789553456,0.756359167751762,0.928581005501432,0.104240474667406,0.973860437239951,111.23
1590,1.96505293251639,-0.010221967189692,-0.0421190881624052,0.707590727553254,0.88926320388666,0.0407603631373977,0.927653106065551,111.3
1591,1.96686594100106,-0.010226272811,-0.0457448659559282,0.659951970109994,0.85130125397706,-0.0212367367313908,0.881647981590347,111.37
1592,1.96858643670608,-0.0102302456468575,-0.0495636866794582,0.613502470059605,0.814744413237619,-0.081692872175857,0.835857514861412,111.44
1593,1.97021769470061,-0.0102338069950654,-0.0535796398594642,0.568289884591706,0.7796265666778,-0.140560543269229,0.790289071792726,111.51
1594,1.97176301584086,-0.0102368739981229,-0.0577964612532504,0.524350791840304,0.745966886696693,-0.197801611671723,0.74494575978144,111.58
1595,1.97322569731161,-0.010239359579185,-0.0622174603392136,0.481711506979887,0.713770466994911,-0.253386238028911,0.699827250328829,111.65
1596,1.97460900471921,-0.0102411723869571,-0.0668454441821463,0.440388875362426,0.68302893020517,-0.30729184870938,0.654930597607397,111.72
1597,1.97591614567653,-0.0102422167510985,-0.0716826376141304,0.40039104221804,0.653721009147458,-0.359502132424222,0.610251052977542,111.79
1598,1.97715024482091,-0.0102423926497841,-0.0767305996805639,0.361718198612676,0.625813101858686,-0.4100060671377,0.565782875504594,111.86
1599,1.9783143202075,-0.0102415956911525,-0.0819901363113585,0.324363303513629,0.599259800778812,-0.458796977567502,0.521520138559457,111.93
1600,1.97941126102135,-0.0102397171104438,-0.0874612091895755,0.288312781957573,0.574004396698904,-0.505871623476058,0.477457532604046,112.0
1601,1.98044380655419,-0.0102366437847145,-0.0931428408030424,0.253547199445377,0.549979358288467,-0.551229318875434,0.433591164266159,112.07
1602,1.98141452639343,-0.0102322582670914,-0.0990330156800084,0.220041912807326,0.527106788225285,-0.594871082208755,0.389919351797166,112.14
1603,1.98232580177435,-0.0102264388426061,-0.105128577826802,0.187767697887533,0.505298857144686,-0.636798817521268,0.346443416980456,112.21
1604,1.98317980804881,-0.0102190596077318,-0.111425124404219,0.156691354490616,0.484458307077492,-0.67701452660545,0.303168473518639,112.28
1605,1.98397849822784,-0.0102099905758173,-0.117916895699807,0.126776289115986,0.46447911622233,-0.715519552089616,0.260104211873153,112.35
1606,1.98472358755868,-0.0101990978106938,-0.12459666147594,0.0979830760777898,0.445246785228373,-0.752313851434193,0.217265680461719,112.42
1607,1.98541656918887,-0.0101862435907968,-0.131455663973466,0.0702699976689957,0.42664158663778,-0.787395301814796,0.174674063036341,112.49
1608,1.98605882106186,-0.0101712866062243,-0.138483828315634,0.043593564080446,0.408551037791028,-0.820759065982636,0.132357451967778,112.56
1609,1.98665162349038,-0.0101540821912138,-0.145670210382019,0.0179090138255134,0.390885852564513,-0.852397079317249,0.0903516170517912,112.63
1610,1.98719614755826,-0.0101344825945909,-0.153003712420727,-0.0068292045453054,0.373590106905369,-0.88229753781012,0.0487006790645596,112.7
1611,1.98769347450305,-0.0101123372907987,-0.160473795804799,-0.0306669686336539,0.356642460534337,-0.910444748179236,0.0074570856650852,112.77
1612,1.98814470623346,-0.0100874933341753,-0.16807095042934,-0.0536500354654016,0.340049789770123,-0.936819761554996,-0.0333202243974108,112.84
1613,1.98855098643575,-0.0100597957591943,-0.175787071376668,-0.0758236110183679,0.323840272405628,-0.961402212248114,-0.0735699511159523,112.91
1614,1.98891349242439,-0.0100290880294303,-0.183615652756978,-0.0972319351816654,0.308051351199642,-0.984173030971021,-0.11323404578132,112.98
1615,1.98923342780403,-0.0099952125380443,-0.191551708607068,-0.117917881331268,0.292718833757015,-1.00511625769625,-0.1522612269116,113.05
1616,1.98951201592175,-0.0099580111626127,-0.199591631578846,-0.137922569724208,0.277873386399914,-1.02421938282388,-0.19060758822481,113.12
1617,1.98975049408768,-0.009917325877145,-0.207733049683513,-0.157284993939217,0.263540389639836,-1.0414730594022,-0.228236044666258,113.19
1618,1.989950108542,-0.0098729994241419,-0.215974681156903,-0.176041659622137,0.249740206100458,-1.05687075829435,-0.265115640267491,113.26
1619,1.99011211014611,-0.0098248760495453,-0.224316187489323,-0.194226234833353,0.236488439204833,-1.07040845672352,-0.30122086894674,113.33
1620,1.99023775077519,-0.0097728023034154,-0.232758024643442,-0.211869301602457,0.223796182258,-1.08208436031581,-0.33653100881183,113.4
1621,1.99032828039,-0.0097166279091466,-0.241301292466787,-0.228998298346278,0.211670257642947,-1.09189865871492,-0.371029470428177,113.47
1622,1.99038494476486,-0.0096562067039875,-0.249947582291038,-0.245636930493096,0.200113445928612,-1.09985331480065,-0.404703159427875,113.54
1623,1.9904089838497,-0.0095913976535764,-0.258698822698788,-0.261804770924681,0.189124704766462,-1.10595188750915,-0.437541853760864,113.61
1624,1.99040163074332,-0.009522065943127,-0.267557123429449,-0.277516959546294,0.178699377524399,-1.11019938821972,-0.469537595827155,113.68
1625,1.99036411125575,-0.0094480841478089,-0.276524617389981,-0.292783911369083,0.168829391676585,-1.11260217064426,-0.50068409967584,113.75
1626,1.99029764403728,-0.0093693334847494,-0.285603300732853,-0.307611032832333,0.159503447032265,-1.11316785412979,-0.530976173416691,113.82
1627,1.99020344125215,-0.0092857051489581,-0.294794870963162,-0.32199844617866,0.150707193948946,-1.11190528025895,-0.560409156959356,113.89
1628,1.99008270977477,-0.0091971017353112,-0.304100563039384,-0.335940721784985,0.142423401733442,-1.10882450261136,-0.58897837517589,113.96
1629,1.98993665288673,-0.0091034387485552,-0.313520983437654,-0.349426618448174,0.134632117489301,-1.10393680952584,-0.616678606571943,114.03
1630,1.9897664724527,-0.0090046462030856,-0.323055942157701,-0.362438921987419,0.127310815720941,-1.09725477968313,-0.643503567552639,114.1
1631,1.98957337155349,-0.008900670314022,-0.332704282660036,-0.374954472629421,0.12043453905476,-1.08879240039099,-0.66944544246751,114.17
1632,1.98935855755467,-0.0087914752808353,-0.342463709738329,-0.386943659382326,0.113976030482899,-1.07856530852165,-0.694494519723671,114.24
1633,1.98912324558892,-0.0086770451644933,-0.352330615348386,-0.398370103923056,0.107905857580155,-1.06659097332027,-0.718638753583486,114.31
1634,1.98886866243029,-0.0085573858587658,-0.362299902435677,-0.409190444270324,0.102192529185653,-1.0528888809785,-0.741863311999185,114.38
1635,1.98859605073856,-0.0084325271559729,-0.372364806827048,-0.419354128637785,0.0968026953433219,-1.03748075074412,-0.764150140790425,114.45
1636,1.98830667365138,-0.0083025249070601,-0.382516717279187,-0.428803220250499,0.091701521332291,-1.02039078221468,-0.785477574522056,114.52
1637,1.98800181970178,-0.0081674632754582,-0.392744993806554,-0.43747221403795,0.0868525142829639,-1.0016459334216,-0.80582005458423,114.59
1638,1.98768280803841,-0.0080274570837131,-0.4030368145324,-0.4452879565134,0.0822175251132404,-0.981276229268243,-0.825147774340642,114.66
1639,1.98735099392488,-0.0078826542513579,-0.413377111430919,-0.452169850548367,0.0777568361806548,-0.959315129921096,-0.843426342070707,114.73
1640,1.98700777449477,-0.0077332383219486,-0.423748414665842,-0.458030887941691,0.07342924507561,-0.935800018786797,-0.860616582595491,114.8
1641,1.98665459473749,-0.0075794310765837,-0.434130726148881,-0.462783212023618,0.0691921452725437,-0.910772809469225,-0.876674688822705,114.87
1642,1.98629295368995,-0.0074214952305872,-0.444501663335498,-0.466346526937827,0.0650016043825151,-0.884281543573999,-0.891553957514405,114.94
1643,1.98592438072019,-0.007259737209344,-0.454836783355425,-0.468657579985685,0.0608124407761938,-0.856383640528916,-0.905208802080223,115.01
1644,1.98555032170045,-0.0070945099985364,-0.465109967530167,-0.4696739788052,0.056578299370086,-0.827150888806316,-0.917601013139879,115.08
1645,1.9851721155688,-0.0069262160632386,-0.475293896805291,-0.469378512497192,0.0522517273914373,-0.796674793460173,-0.928705800465316,115.15
1646,1.98479100107787,-0.0067553103294928,-0.485360438041295,-0.467777207714402,0.0477842509583995,-0.765071496386052,-0.938517135571538,115.22
1647,1.98440812361878,-0.0065823032210882,-0.495281001830468,-0.464897769415952,0.0431264533318897,-0.732484432285677,-0.947051462667469,115.29
1648,1.98402451201001,-0.0064077336556046,-0.505026902434295,-0.46078503635846,0.0382280557139948,-0.699083033319513,-0.954350319644123,115.36
1649,1.98364096505546,-0.0062320518151474,-0.514569720356451,-0.455503500135428,0.0330380014847123,-0.665060578896795,-0.960479070636894,115.43
1650,1.98325802837946,-0.0060555922087133,-0.523881668068064,-0.449137258877987,0.0275045447845893,-0.630630706147254,-0.965523554679272,115.5
1651,1.9828760013492,-0.005878576842704,-0.532935959397318,-0.441788999101988,0.0215753443645011,-0.596022547508212,-0.969585612085163,115.57
1652,1.98249494398683,-0.005701118405818,-0.541707183083838,-0.433582276642054,0.0151975636366306,-0.561474702199133,-0.972778028602794,115.64
1653,1.98211468386588,-0.0055232234643052,-0.550171680980301,-0.424661077268889,0.0083179778710969,-0.527227405622895,-0.975219045954849,115.71
1654,1.98173482299085,-0.0053447956655384,-0.558307871183452,-0.415187858268329,0.0008830894917938,-0.493514938375172,-0.977027730517983,115.78
1655,1.98135474466312,-0.0051656389497755,-0.566096305906596,-0.40532980847753,-0.0071607475680132,-0.460559835109086,-0.978320619248539,115.85
1656,1.98097362034028,-0.0049854607718404,-0.573519584833945,-0.395248909324709,-0.0158671934849245,-0.42857096509605,-0.979210483171736,115.92
1657,1.98059041650005,-0.0048038753362539,-0.580562334922116,-0.385100517656478,-0.0252897771714939,-0.397743675207706,-0.979806153263771,115.99
1658,1.9802039015237,-0.0046204068510839,-0.58721110652431,-0.375034239274645,-0.0354817389411176,-0.36826030663628,-0.980212473972121,116.06
1659,1.97981265261755,-0.0044344928074725,-0.593454246290664,-0.365194382480753,-0.0464958602452224,-0.340290570333247,-0.980530141708164,116.13
1660,1.97941506279489,-0.0042454872934173,-0.59928177717548,-0.355719176557687,-0.0583842795228049,-0.313991807961537,-0.980855546770451,116.2
1661,1.9790093479439,-0.0040526643519528,-0.604685285762158,-0.346740347234662,-0.0711982932095337,-0.289509436174023,-0.981280737232208,116.27
1662,1.97859355401053,-0.0038552213953813,-0.609657817086195,-0.338383197080216,-0.0849881409664164,-0.266977420938012,-0.981893412789998,116.34
1663,1.97816556432864,-0.0036522826886484,-0.614193777108573,-0.330766767216675,-0.0998028644650487,-0.24651871910352,-0.982776916824023,116.41
1664,1.9777231071325,-0.0034429029163443,-0.618288842965383,-0.324003987830461,-0.115690329086327,-0.228245684795107,-0.984010225086949,116.48
1665,1.97726376328999,-0.0032260708491255,-0.62193988109471,-0.31820181532898,-0.132696685542389,-0.212260438407401,-0.985667929516733,116.55
1666,1.9767849742974,-0.0030007131266124,-0.625144873319473,-0.313461354104776,-0.150865992663943,-0.198655196174306,-0.987820215747731,116.62
1667,1.97628405057945,-0.0027656981750078,-0.627902850942482,-0.309877960975862,-0.170239910258358,-0.187512558467374,-0.990532832973609,116.69
1668,1.97575818014086,-0.0025198402788037,-0.630213836890943,-0.307541330476537,-0.190857370980358,-0.178905755157432,-0.993867054895042,116.76
1669,1.97520443761774,-0.0022619038269862,-0.632078795927651,-0.306535559277056,-0.212754230464671,-0.172898846548095,-0.997879630565486,116.83
1670,1.97461979377975,-0.0019906077551331,-0.63349959292858,-0.30693918811328,-0.235962895018996,-0.169546878559136,-1.00262272402904,116.9
1671,1.97400112553575,-0.0017046302057028,-0.634478959209966,-0.308825219706913,-0.260511926230196,-0.168895991000674,-1.00814384172582,116.97
1672,1.97334522649751,-0.0014026134296187,-0.635020466870907,-0.312261111259418,-0.28642562190118,-0.170983477946553,-1.01448574672382,117.04
1673,1.97264881815798,-0.0010831689530004,-0.635128511102509,-0.31730874020106,-0.313723572803035,-0.175837799372198,-1.02168635891944,117.11
1674,1.97190856174188,-0.0007448830335425,-0.634808300399018,-0.324024341978027,-0.342420194805577,-0.183478543384335,-1.02977864043535,117.18
1675,1.97112107078769,-0.0003863224315764,-0.634065854591649,-0.332458418760146,-0.372524236034422,-0.193916338529093,-1.03879046553139,117.25
1676,1.97028292452145,-6.04052133702567e-06,-0.632908010611107,-0.342655618054761,-0.404038258795024,-0.207152715824172,-1.04874447443366,117.32
1677,1.96939068208335,0.0003974162317225,-0.631342435870168,-0.354654580314993,-0.436958096107614,-0.223179920324599,-1.05965791057921,117.39
1678,1.96844089766879,0.0008255014014679,-0.629377649142719,-0.368487754737198,-0.471272282808804,-0.241980672194639,-1.07154244086816,117.46
1679,1.9674301366461,0.0012796613132548,-0.627023048800848,-0.384181182550523,-0.506961461296375,-0.263527877426681,-1.08440395861235,117.53
1680,1.96635499271298,0.0017613273115159,-0.624288948256162,-0.401754247213448,-0.54399776212635,-0.287784288519673,-1.09824236897052,117.6
1681,1.96521210615363,0.0022719075566659,-0.621186618435432,-0.421219391047643,-0.582344159812971,-0.314702115607427,-1.1130513567645,117.67
1682,1.96399818325805,0.0028127783255325,-0.617728337104512,-0.442581797960465,-0.621953804337465,-0.344222588710024,-1.12881813667819,117.74
1683,1.96271001696408,0.0033852747898935,-0.613927444836516,-0.465839042032427,-0.662769329035676,-0.376275471973579,-1.14552318595514,117.81
1684,1.96134450878148,0.003990681248326,-0.60979840740277,-0.490980701876701,-0.704722225975623,-0.410778530959078,-1.16313995982522,117.88
1685,1.95989869205613,0.0046302207872675,-0.605356884345401,-0.517987940816352,-0.747732380125335,-0.447636954250963,-1.18163459001452,117.95
1686,1.95836975662992,0.005305044348156,-0.600619803470247,-0.546833053067315,-0.791707041444046,-0.486742730871086,-1.20096556681798,118.02
1687,1.95675507495001,0.0060162191786011,-0.595605440977078,-0.57747897627035,-0.836539958451999,-0.527973985212631,-1.22108340534764,118.09
1688,1.95505222967807,0.0067647166468298,-0.590333506921366,-0.609878770872582,-0.88211058469161,-0.57119427144445,-1.24193029670661,118.16
1689,1.95325904284676,0.0075513994001831,-0.584825235677437,-0.643975067028764,-0.92828326973801,-0.61625182958874,-1.26343974498287,118.23
1690,1.95137360660717,0.0083770078501704,-0.579103481046899,-0.679699479872412,-0.974906436937371,-0.662978805737918,-1.28553619110817,118.3
1691,1.94939431560627,0.009242145968558,-0.573192815628605,-0.716971994193912,-1.02181208128962,-0.711190439152239,-1.30813462478331,118.37
1692,1.94731987094111,0.0101472663811374,-0.567119513686604,-0.755700319761465,-1.06882178828295,-0.76068427944618,-1.33114021592255,118.44
1693,1.94514919554327,0.0110926547483476,-0.560911086107501,-0.795779218731909,-1.11576718976553,-0.811240580534978,-1.35444853881989,118.51
1694,1.94288144154357,0.0120784134246062,-0.554595818290082,-0.837089806818813,-1.16248929632957,-0.862626703240104,-1.37794783495874,118.58
1695,1.94051602946103,0.0131044744789795,-0.548202370647437,-0.879498830121075,-1.20883382916125,-0.914602912876649,-1.40152214292259,118.65
1696,1.9380526891435,0.0141707022507159,-0.541759501387594,-0.922857919758499,-1.25464854169705,-0.966928161880976,-1.42505472574774,118.72
1697,1.93549150247044,0.0152769049142844,-0.535295820792889,-0.967002826724258,-1.29977784019546,-1.01936541047457,-1.44843167745073,118.79
1698,1.93283294782242,0.0164228152317207,-0.528839516304302,-1.01175263963295,-1.34406325090094,-1.07168522601412,-1.47154477810732,118.86
1699,1.93007791622812,0.017608070583574,-0.522417927544137,-1.05690907859671,-1.38735078967771,-1.12366901924467,-1.49429432163634,118.93
1700,1.92722763900469,0.0188321922832918,-0.516057000857217,-1.10225746314502,-1.42949566905757,-1.1751128242188,-1.51659251998778,119.0
1701,1.92428370740188,0.0200945641816927,-0.509780893668178,-1.14757483373097,-1.47036750467764,-1.22583081344849,-1.53836571034923,119.07
1702,1.92124809396456,0.0213944105701893,-0.503611848538492,-1.19264583242845,-1.50985166098705,-1.27565834134717,-1.55955335107215,119.14
1703,1.91812308532161,0.0227308034817179,-0.497570186048915,-1.23727668864032,-1.54785227471248,-1.32445148044769,-1.58010663589577,119.21
1704,1.9149112768044,0.0241027595787507,-0.491674506368992,-1.2813026199786,-1.58429530331882,-1.37208591170336,-1.59998784081193,119.28
1705,1.91161547841505,0.0255092461185712,-0.48594179826903,-1.32458609433658,-1.61912826044857,-1.41845601392964,-1.61917004340066,119.35
1706,1.90823862236092,0.0269491561889639,-0.480387425150625,-1.36701128165905,-1.65231847502963,-1.46347397410738,-1.63763670382787,119.42
1707,1.90478376236824,0.0284213134084735,-0.475025168315435,-1.40848200922597,-1.68385219175744,-1.5070687399308,-1.65538086728998,119.49
1708,1.90125401428314,0.0299245662866632,-0.469867236931663,-1.44891895009068,-1.71372897740419,-1.54918478610033,-1.67240431917187,119.56
1709,1.89765255825617,0.0314577917389868,-0.464924455063311,-1.48825496325916,-1.74195453225542,-1.58978111687536,-1.68871696383532,119.63
1710,1.8939825821031,0.0330198679524897,-0.460206384839529,-1.52643367188155,-1.76854054187852,-1.62883047580458,-1.70433654735904,119.7
1711,1.89024731622335,0.0346096467104369,-0.455721385568383,-1.56340559409253,-1.79350185078773,-1.66631858284974,-1.71928824264812,119.77
1712,1.88645006975532,0.0362259552838969,-0.451476578534416,-1.59912974060072,-1.8168602849959,-1.70224321887059,-1.73360412668194,119.84
1713,1.88259414755915,0.0378676880864634,-0.447477897855506,-1.63357752070481,-1.83864639773489,-1.7366131577324,-1.74732248927211,119.91
1714,1.87868276831854,0.0395338075866695,-0.443730167094997,-1.66673552746483,-1.85890316970006,-1.76944736730668,-1.76048730371851,119.98
1715,1.87471907396511,0.0412233146735157,-0.440237171433838,-1.69860979007989,-1.87769012878225,-1.80077411815701,-1.77314764805947,120.05
1716,1.8707060799288,0.0429352486693527,-0.437001695227924,-1.72922502484221,-1.89508463902516,-1.8306300898326,-1.78535701594881,120.12
1717,1.86664668650847,0.0446687771836038,-0.434025464706582,-1.75861599613949,-1.91117515255422,-1.85905914329795,-1.79717227557383,120.19
1718,1.86254363095737,0.0464231952980717,-0.431309146200818,-1.78682350357724,-1.92605869889037,-1.88611087919042,-1.80865245617838,120.26
1719,1.85839950058222,0.0481978942743079,-0.428852279519202,-1.81389373092063,-1.93983881900646,-1.91183904129394,-1.81985715055356,120.33
1720,1.8542166864555,0.0499923298835811,-0.426653296898261,-1.83987650313944,-1.9526199106269,-1.93629991477657,-1.83084489348819,120.4
1721,1.84999742813299,0.0518059903705274,-0.424709567360069,-1.86482425599022,-1.96450487300569,-1.95955122971808,-1.84167226730085,120.47
1722,1.84574385907012,0.0536383941481259,-0.423017466505337,-1.88878744478363,-1.9755919272881,-1.98165129812503,-1.85239322190856,120.54
1723,1.84145796243338,0.0554891774086761,-0.421572531964598,-1.91181376289521,-1.98597382999354,-2.00265808251676,-1.86305809692108,120.61
1724,1.83714158770704,0.0573580911329084,-0.420369493958552,-1.93394521174235,-1.9957364991649,-2.02262819503193,-1.87371261557963,120.68
1725,1.8327964077084,0.0592449676792172,-0.419402211135575,-1.95521834690238,-2.0049603310754,-2.04161558531157,-1.88439654875689,120.75
1726,1.82842396641701,0.0611496870453625,-0.418663782571421,-1.97566490145387,-2.01371794769218,-2.05966994622681,-1.89514198802159,120.82
1727,1.82402572732418,0.0630721428057347,-0.418146595339638,-1.99531242482775,-2.02207448125913,-2.07683549841336,-1.90597203942322,120.89
1728,1.8196030320118,0.0650122077264875,-0.417842367952832,-2.0141851171189,-2.03008711512569,-2.09314976157803,-1.91689939584254,120.96
1729,1.81515714946037,0.0669697291482464,-0.417742280075024,-2.03230109739417,-2.03780050982268,-2.108642341871,-1.92792493793372,121.03
1730,1.81068932579876,0.0689446143141733,-0.417837038215715,-2.04967440977816,-2.04524954669987,-2.12333581070234,-1.93903904124009,121.1
1731,1.80620074420946,0.07093682511955,-0.418117028003334,-2.06631586979081,-2.05245831603,-2.13725147262375,-1.95022904955149,121.17
1732,1.80169254540554,0.0729463424600157,-0.418572462942093,-2.08223533822485,-2.05944633097044,-2.15041132650016,-1.96148193263687,121.24
1733,1.79716578830706,0.0749731302669804,-0.419193409474618,-2.09744265429037,-2.06623107517422,-2.16283814519383,-1.97278447541472,121.31
1734,1.79262147124732,0.0770170992306583,-0.419969778790039,-2.11195128968818,-2.07283272070815,-2.17455538836457,-1.98412322528734,121.38
1735,1.78806049333881,0.0790781002991991,-0.420891315644627,-2.12578008991433,-2.07927590103598,-2.18558703823785,-1.99548434831602,121.45
1736,1.78348367633199,0.0811560081309956,-0.421947584377115,-2.13895129728454,-2.08558902010051,-2.19595747826875,-2.00685351483164,121.52
1737,1.77889172659959,0.0832507139762875,-0.423127982391676,-2.15149018087002,-2.09180350407973,-2.20569117356731,-2.01821557402865,121.59
1738,1.77428528767032,0.0853620881657858,-0.424421841472273,-2.16342317390959,-2.097950016622,-2.21481242343572,-2.02955428859192,121.66
1739,1.76966499303603,0.0874899723838274,-0.425818436593172,-2.17477295368626,-2.10405705279418,-2.22334542627828,-2.04085237033226,121.73
1740,1.76503142895726,0.0896342619038662,-0.427306962593644,-2.18555759419491,-2.11014769891227,-2.23131390425198,-2.05209106493072,121.8
1741,1.76038515769452,0.0917948972626019,-0.428876539085999,-2.19579126382598,-2.11623952222393,-2.23874109959047,-2.06325009847355,121.87
1742,1.75572668080371,0.0939718255500899,-0.430516303967378,-2.2054874305441,-2.12234403967534,-2.24564984129618,-2.07430774541467,121.94
1743,1.75105646283666,0.0961649614047437,-0.432215445292886,-2.21465795499762,-2.12846982728908,-2.25206301274565,-2.0852414696472,122.01
1744,1.74637489508657,0.0983741477143071,-0.433963292056924,-2.22331381807316,-2.13462298160237,-2.25800360742606,-2.09602796565347,122.08
1745,1.74168234980884,0.100599146112177,-0.435749313639049,-2.2314648048719,-2.14080649757094,-2.26349479361766,-2.10664314171889,122.15
1746,1.7369792346469,0.102839717447364,-0.437563118370142,-2.23911742280496,-2.14701898405834,-2.26856007787021,-2.11706222615704,122.22
1747,1.73226595699283,0.105095611705865,-0.439394571759885,-2.24627914723408,-2.15325581589556,-2.27322335624046,-2.12725984654179,122.29
1748,1.72754294871434,0.107366527563195,-0.441233914221892,-2.2529583434747,-2.1595078483222,-2.27750927409437,-2.13721035318299,122.36
1749,1.72281063088964,0.109652101748195,-0.44307178821597,-2.25916284371088,-2.1657609132824,-2.2814436533397,-2.14688829703956,122.43
1750,1.71806943889351,0.111951988398988,-0.444899355509889,-2.26490352718414,-2.17199859502287,-2.28505380611664,-2.15626882182995,122.5
1751,1.71331978747581,0.114265847891117,-0.446708444553835,-2.27019426832857,-2.17820148541591,-2.28836882474226,-2.16532803097341,122.57
1752,1.70856209617588,0.116593305319552,-0.448491667951187,-2.27505369853331,-2.18434968904282,-2.29141933592401,-2.17404381121362,122.64
1753,1.70379675471407,0.118933938816293,-0.450242449997368,-2.27950544153955,-2.19042328294191,-2.29423548512092,-2.18239786554604,122.71
1754,1.69902414870395,0.121287357885776,-0.451955114858635,-2.28357706283695,-2.19640361980001,-2.29684597875165,-2.19037579663202,122.78
1755,1.69424462532727,0.123653191239181,-0.453624915158369,-2.28729998921502,-2.20227436169757,-2.29927764212879,-2.19796662506449,122.85
1756,1.68945851931557,0.12603104431014,-0.455248121424126,-2.29071039797208,-2.20802134210923,-2.30155498111155,-2.20516240467664,122.92
1757,1.68466611888123,0.128420486634121,-0.456822022042289,-2.29384830714172,-2.2136329413677,-2.30369965673062,-2.21195778465417,122.99
1758,1.67986769194302,0.1308211292741,-0.458344893963085,-2.29675318117391,-2.2190978166347,-2.30573011304606,-2.21834966903462,123.06
1759,1.67506345228983,0.133232611773725,-0.459815944204999,-2.29946179811607,-2.2244055227363,-2.30766147819939,-2.22433694360354,123.13
1760,1.67025358602882,0.135654558820488,-0.461235162014432,-2.30200512811452,-2.22954740643368,-2.30950564806384,-2.22992042068302,123.2
1761,1.66543821796318,0.138086566800963,-0.462603232133983,-2.30440981889727,-2.23451494606971,-2.31127170265812,-2.23510309209582,123.27
1762,1.66061743824703,0.140528280430382,-0.463921358741156,-2.30669556223617,-2.23930143394545,-2.31296602326561,-2.23989020888612,123.34
1763,1.65579126896433,0.142979378937282,-0.465191060221167,-2.30887700617844,-2.24390390254042,-2.31459289237529,-2.24428960897108,123.41
1764,1.6509597210689,0.145439531985111,-0.466413994928122,-2.31096374382663,-2.24832357969174,-2.31615542588895,-2.2483114802585,123.48
1765,1.64612285142166,0.147908385512159,-0.467591908170861,-2.31296241015703,-2.25256403032837,-2.31765786049694,-2.25196635558142,123.55
1766,1.64128072966181,0.150385637671271,-0.468726610130506,-2.31487823897771,-2.25662975281384,-2.31910594668563,-2.2552642878681,123.62
1767,1.63643346534935,0.152871024349168,-0.469819954590588,-2.31671379323511,-2.2605218299254,-2.32050680124634,-2.25821463369302,123.69
1768,1.63158117502691,0.155364274446322,-0.47087384853483,-2.31847199936792,-2.26423851738348,-2.32186900146306,-2.26082614415098,123.76
1769,1.62672400954989,0.157865095097718,-0.471890352754544,-2.32015909284593,-2.26777770096324,-2.32320219874485,-2.26310769385003,123.83
1770,1.62186212133169,0.160373247014891,-0.472871692904587,-2.32178398465662,-2.27113878510658,-2.32451504804065,-2.26507030979265,123.9
1771,1.61699569185246,0.162888529427968,-0.473820241146095,-2.32335925380433,-2.27432572806755,-2.32581455190337,-2.26672752129506,123.97
1772,1.61212489907753,0.165410734807533,-0.474738498423565,-2.32489931267567,-2.27734523613624,-2.32710600668073,-2.26809529442832,124.04
1773,1.60724994513333,0.1679396335455,-0.475629077333543,-2.32641601583914,-2.28020357696311,-2.32839297903988,-2.26919200205332,124.11
1774,1.60237102388647,0.170475048774242,-0.476494685539804,-2.32792076843539,-2.28290866125812,-2.3296773127302,-2.27003839907357,124.18
1775,1.59748834877355,0.173016840801556,-0.477338109687911,-2.32942425806064,-2.28546902835938,-2.33095919560767,-2.27065760257432,124.25
1776,1.59260212052692,0.175564861340179,-0.478162199770325,-2.33093720985055,-2.28789506105771,-2.33223707627332,-2.27107510656098,124.32
1777,1.58771255514386,0.178118937709906,-0.4789698538918,-2.33247156281472,-2.29019911987041,-2.33350773119961,-2.2713188609674,124.39
1778,1.58281985174424,0.180678947190521,-0.479763973295955,-2.3340369824003,-2.29239312227794,-2.33476666289918,-2.27141851184164,124.46
1779,1.57792422066409,0.183244801002077,-0.480547327425387,-2.33564041153577,-2.29449096828674,-2.3360095813856,-2.27140262878631,124.53
1780,1.5730258514302,0.185816398090262,-0.481322509489665,-2.33728715559565,-2.29650765832373,-2.33723250181018,-2.27129765000337,124.6
1781,1.56812494096318,0.188393608894004,-0.482091922315933,-2.33897733317532,-2.29845435102133,-2.33843154150967,-2.27112767188734,124.67
1782,1.56322166165439,0.190976349272649,-0.482857764347602,-2.34070723039768,-2.30034001168953,-2.33960283776558,-2.27091439067248,124.74
1783,1.55831618966439,0.193564564068486,-0.483621985660085,-2.34246996242968,-2.30217050460221,-2.34074243590683,-2.27067701517293,124.81
1784,1.55340867308855,0.196158180481666,-0.484386183866315,-2.34425499095809,-2.30395093586815,-2.34184629826436,-2.27043227057514,124.88
1785,1.5484992603379,0.198757091434042,-0.485151680578885,-2.34605266573257,-2.30568700440552,-2.34291007299652,-2.2701941017957,124.95
1786,1.54358806838137,0.201361229098768,-0.485919537698004,-2.34785295877374,-2.30738045662541,-2.34392907417455,-2.26997379820846,125.02
1787,1.53867521119783,0.203970548071046,-0.486690573676792,-2.34964537177518,-2.30903086034907,-2.34489850329449,-2.26978038905055,125.09
1788,1.53376076808479,0.206584978356719,-0.487465470007851,-2.35141890363499,-2.31063440081697,-2.34581355124681,-2.26962079781081,125.16
1789,1.52884484226046,0.209204408355132,-0.488244787389708,-2.35315882883281,-2.31218225625695,-2.34666962153196,-2.26950008640232,125.23
1790,1.52392761949436,0.211828758012991,-0.489028981823924,-2.35484985475557,-2.31366108045391,-2.34746243410599,-2.26942160846675,125.3
1791,1.51900933650125,0.214457961624725,-0.489818510895879,-2.35647503726297,-2.31505047756636,-2.34818831081633,-2.26938746285927,125.37
1792,1.51409030953382,0.217091920456265,-0.490613879792049,-2.35801635196547,-2.31632821075433,-2.34884446197767,-2.26939894637471,125.44
1793,1.5091709028188,0.219730485369013,-0.491415747396298,-2.35945968958879,-2.31747450979553,-2.34942906353955,-2.26945667471099,125.51
1794,1.5042515571818,0.222373529621283,-0.492224942017101,-2.36079774670035,-2.31847535772755,-2.34994136559748,-2.26956070261082,125.58
1795,1.49933272841564,0.225020931323359,-0.493042446909242,-2.36203159432431,-2.31932421528399,-2.35038123052578,-2.26971106439834,125.65
1796,1.49441482564752,0.227672555811679,-0.493869385662756,-2.36316845737943,-2.32002094977609,-2.35074716802786,-2.26990981806594,125.72
1797,1.48949823996011,0.230328328207548,-0.494706977353716,-2.36421645711992,-2.32056899152333,-2.35103575553331,-2.27016155404489,125.79
1798,1.48458331282064,0.232988215636283,-0.495556401261271,-2.36517959602629,-2.32097432837054,-2.35124214309329,-2.2704728199368,125.86
1799,1.47967036466173,0.235652179283634,-0.496418721567921,-2.36605773887408,-2.32124393121483,-2.35136173309763,-2.27084976910738,125.93
1800,1.47475966325688,0.238320156465646,-0.497294751671102,-2.36684644490857,-2.32138460333395,-2.35139044735234,-2.27129731259254,126.0
1801,1.4698514522359,0.240992132888177,-0.498185008525871,-2.36753653077721,-2.32140324628818,-2.35132451431886,-2.27181881140157,126.07
1802,1.46494591938441,0.243668124570649,-0.499089696828695,-2.3681178473717,-2.32130574411452,-2.35116019781766,-2.27241558702411,126.14
1803,1.4600432551616,0.246348129609793,-0.500008692945366,-2.36857815415501,-2.32109443560396,-2.35089376814192,-2.27308694209954,126.21
1804,1.45514371116982,0.249032109958681,-0.500941558667079,-2.36890608738819,-2.32077115491429,-2.35052162538606,-2.27383033017195,126.28
1805,1.45024756830883,0.251720063396578,-0.501887644972336,-2.36909178369683,-2.32033630265994,-2.35004039452944,-2.27464155419219,126.35
1806,1.44535516504927,0.254412005163755,-0.50284613536365,-2.36912810777727,-2.3197915596416,-2.34944717286645,-2.27551502389978,126.42
1807,1.44046683538125,0.257107919436814,-0.503816149141536,-2.36901299590775,-2.31914085749838,-2.34873962896587,-2.27644386154593,126.49
1808,1.43558284669552,0.259807740819819,-0.504796754191605,-2.36875123047443,-2.3183927955476,-2.3479161638257,-2.27742015693528,126.56
1809,1.43070342785445,0.262511426027026,-0.505786949476065,-2.36835275712272,-2.31756080294438,-2.34697607408959,-2.27843513120803,126.63
1810,1.4258287370093,0.265218935231847,-0.506785647334235,-2.36782916918976,-2.31666161767204,-2.34591959700238,-2.27947911924166,126.7
1811,1.42095888951067,0.26793021334606,-0.507791655610184,-2.36719251135428,-2.31571202194999,-2.34474792738052,-2.28054146109389,126.77
1812,1.41609392555825,0.270645261493184,-0.508803659627194,-2.36645435633321,-2.31472882832818,-2.34346323668062,-2.28161057345121,126.84
1813,1.41123383793886,0.273364118150494,-0.509820204030619,-2.36562503405945,-2.31372811449852,-2.34206869414466,-2.28267396057335,126.91
1814,1.40637853950095,0.276086810135136,-0.51083967452293,-2.36471364497649,-2.31272415783784,-2.34056852007021,-2.28371822511831,126.98
1815,1.40152792080455,0.278813333609248,-0.511860309604985,-2.36372834577195,-2.31173077729009,-2.33896810123607,-2.28472913924891,127.05
1816,1.39668190768479,0.281543725279098,-0.512880302528086,-2.36267585431475,-2.31075837276462,-2.33727347638919,-2.28569207713966,127.12
1817,1.39184042846766,0.284278043261766,-0.513897812961983,-2.3615631222467,-2.30981665093278,-2.33548949967969,-2.28659413299915,127.19
1818,1.38700344127808,0.287016317794216,-0.514910948586855,-2.36039527790923,-2.30891193485839,-2.33361926948428,-2.28742461521657,127.26
1819,1.38217090109063,0.289758531959286,-0.51591774673026,-2.35917396150339,-2.30805015966352,-2.33166404025156,-2.28817493984624,127.33
1820,1.37734278687452,0.292504692603559,-0.516916125995563,-2.35789502941322,-2.30723556498348,-2.3296233766117,-2.28883870590419,127.4
1821,1.37251906848291,0.295254810920874,-0.517903777829679,-2.35655011073985,-2.30647113173946,-2.32749582051688,-2.28941120043859,127.47
1822,1.36769973363769,0.298008852876876,-0.518878238769804,-2.35512966927442,-2.30575754376492,-2.32528088378675,-2.28988737068401,127.54
1823,1.36288475465949,0.30076671964995,-0.519836932796555,-2.35362525429736,-2.30509332195448,-2.32297905643025,-2.29026190400475,127.61
1824,1.35807411529395,0.303528318264706,-0.520777274101009,-2.35202856343948,-2.30447038416805,-2.3205901617172,-2.29053045291118,127.68
1825,1.35326777728397,0.306293541893215,-0.521696709960975,-2.35033321495331,-2.30387826952679,-2.31811436053993,-2.29068728146939,127.75
1826,1.34846570703907,0.309062220001213,-0.522592824123915,-2.34853233945151,-2.30330351784815,-2.31555270602987,-2.29072483924241,127.82
1827,1.34366784205168,0.311834098516767,-0.523463350303696,-2.34661683535765,-2.30272877774402,-2.31290736877541,-2.29063405935892,127.89
1828,1.33887414749959,0.314608910199993,-0.52430618609791,-2.34457720670722,-2.30213287722415,-2.31018186358629,-2.29040447821339,127.96
1829,1.33408467277245,0.317386354691876,-0.52511952771751,-2.34240407915965,-2.30148827667927,-2.3073807361857,-2.29002498932936,128.03
1830,1.32929951765952,0.320166078510243,-0.525902005215421,-2.34009103500505,-2.30076625480928,-2.30450756643422,-2.28948592359005,128.1
1831,1.32451885863658,0.322947745261519,-0.526652697895437,-2.33763720987037,-2.29994089192533,-2.30156432686922,-2.28877941717082,128.17
1832,1.31974288481142,0.325731015548126,-0.527371090101484,-2.33504549912759,-2.29899206174637,-2.29855116377777,-2.28789927085585,128.24
1833,1.31497173378817,0.328515526840825,-0.528056937316322,-2.33231845007781,-2.29790655960539,-2.29546648041709,-2.28684099289878,128.31
1834,1.31020554779806,0.331300963585327,-0.52871019301797,-2.32945692469567,-2.29667679575828,-2.29230789404646,-2.28560157422339,128.38
1835,1.30544452974309,0.334087037023203,-0.529330845859898,-2.32645268710278,-2.29529425588006,-2.28907448802458,-2.28417755183564,128.45
1836,1.30068890888675,0.336873434908296,-0.529918757439486,-2.32329293832074,-2.29375292320329,-2.28576707944715,-2.28256406840183,128.52
1837,1.29593896662681,0.339659801299414,-0.530473651094026,-2.31996680931599,-2.292049905249,-2.2823878562878,-2.28075429621621,128.59
1838,1.29119500199504,0.342445806610472,-0.530995221639071,-2.31646818614444,-2.29018311481843,-2.27894040701126,-2.27873931591049,128.66
1839,1.28645735722986,0.345231127397951,-0.531483185527507,-2.31279718413808,-2.28815268477833,-2.27543005235587,-2.27650854029225,128.73
1840,1.28172638306545,0.348015396067145,-0.531937391785565,-2.30895879694116,-2.28595871509436,-2.27186411816715,-2.27405014189276,128.8
1841,1.27700246408223,0.35079818067862,-0.532357843291954,-2.30495655408223,-2.28359751843282,-2.26825217927325,-2.27135142423895,128.87
1842,1.27228598376136,0.353579055037011,-0.532744718665965,-2.30079204867754,-2.28106147925231,-2.26460627426915,-2.26839907688611,128.94
1843,1.26757734958731,0.356357578543437,-0.533098485027541,-2.29646531055445,-2.2783376221542,-2.26094045919431,-2.26517982593133,129.01
1844,1.26287695784063,0.35913327608245,-0.533419951187201,-2.29197846187022,-2.27541021516001,-2.25726864681726,-2.26168229261419,129.08
1845,1.25818521842457,0.361905708214673,-0.533710381608069,-2.28734021810941,-2.27226485068595,-2.25360380022751,-2.2578973222565,129.15
1846,1.25350251936741,0.364674451157209,-0.533971520686476,-2.28256539739037,-2.2688912665038,-2.24995751767893,-2.25381771646455,129.22
1847,1.2488292513441,0.367439076822925,-0.534205587503678,-2.27767226617072,-2.26528490693986,-2.24633979783777,-2.24943803069001,129.29
1848,1.24416577185923,0.370199223189534,-0.534415271104934,-2.27268118117995,-2.26144523870303,-2.24275919584072,-2.24475473815702,129.36
1849,1.23951242943532,0.372954574479621,-0.534603696178173,-2.26761248128855,-2.25737163379771,-2.23922300892944,-2.23976642928861,129.43
1850,1.23486952744895,0.375704811333704,-0.534774328996094,-2.26248579526835,-2.2530642211225,-2.23573728089243,-2.23447383608124,129.5
1851,1.23023734795952,0.378449591157558,-0.534931034179604,-2.25732079516662,-2.24852359895648,-2.23230692605978,-2.2288799823301,129.57
1852,1.2256161151741,0.381188618825119,-0.535077981342666,-2.25213476142866,-2.24375043131398,-2.22893573203947,-2.22299021898983,129.64
1853,1.22100604898206,0.383921627216588,-0.535219612163091,-2.24694378933328,-2.23874760596549,-2.22562657207158,-2.21681244549309,129.71
1854,1.21640741829211,0.386648357860299,-0.535360637716389,-2.24176378519748,-2.23351791357962,-2.22238170658023,-2.21035736649112,129.78
1855,1.21182050390444,0.389368631946379,-0.535506035904789,-2.23660875477615,-2.22806227259022,-2.21920278273046,-2.20363860334658,129.85
1856,1.20724562135184,0.392082331190345,-0.535661018808659,-2.23149104717122,-2.22238211027006,-2.2160908930016,-2.19667272036057,129.92
1857,1.20268308335371,0.394789348725344,-0.535830909695123,-2.22641940189151,-2.2164788594608,-2.21304678301053,-2.18947946636504,129.99
1858,1.19813322222839,0.397489570200796,-0.536021110116483,-2.22139979340741,-2.21035700970705,-2.21007114838897,-2.18208211102996,130.06
1859,1.19359635190706,0.400182945264813,-0.536237096826981,-2.21644157032113,-2.2040251465314,-2.20716505078826,-2.17450781535213,130.13
1860,1.18907278989437,0.402869468905972,-0.536484388244991,-2.21155673358724,-2.19749458762577,-2.20432994150644,-2.16678770493984,130.2
1861,1.18456281881902,0.405549162918539,-0.536768420186409,-2.20675933396798,-2.19078067054525,-2.2015677139466,-2.15895700665513,130.27
1862,1.18006670791968,0.408222147754461,-0.537094511296312,-2.20206537964889,-2.18390202809963,-2.19888087514327,-2.15105530822704,130.34
1863,1.17558467411014,0.410888624235193,-0.537467857905431,-2.19748982376114,-2.17687718923795,-2.19627262570803,-2.14312672958488,130.41
1864,1.1711169029699,0.413548825296686,-0.537893528127725,-2.19305034986437,-2.16972873492482,-2.19374741981566,-2.13521958396845,130.48
1865,1.16666350930515,0.416202997939481,-0.538376455105229,-2.18876676247664,-2.16248207094192,-2.19131257683789,-2.12738507670389,130.55
1866,1.16222455762811,0.418851475555223,-0.538921429308752,-2.18466082645738,-2.15516766300028,-2.18897736410096,-2.11967838051363,130.62
1867,1.15780002220136,0.421494660098569,-0.539533059717639,-2.18076070699115,-2.14782550010161,-2.18675436467272,-2.11215718213477,130.69
1868,1.15338980699727,0.42413300436171,-0.540215643616812,-2.1770980950294,-2.14050426365522,-2.18465991062187,-2.10488109916643,130.76
1869,1.14899370522193,0.426767084607448,-0.540973125454583,-2.17370999260253,-2.13325754847344,-2.18271388239805,-2.09791142452742,130.83
1870,1.14461141875631,0.429397583026125,-0.541809084508342,-2.17063676295117,-2.12614381425163,-2.18093896430171,-2.09131023464179,130.9
1871,1.14024251716745,0.432025240181492,-0.542726691111528,-2.16791548200742,-2.11922341717947,-2.17935764068715,-2.08513660366955,130.97
1872,1.13588648673392,0.434650837608778,-0.543728541114237,-2.16557767700887,-2.1125578656371,-2.17799075363857,-2.07944488714686,131.04
1873,1.13154277922974,0.437275270727093,-0.544816488871615,-2.16365009763529,-2.10621081748538,-2.1768565385597,-2.07428362976408,131.11
1874,1.12721077021302,0.439899531525506,-0.545991599064513,-2.16215538997377,-2.10024380739798,-2.17596953554918,-2.06969428393503,131.18
1875,1.1228897772677,0.442524661182138,-0.547254127055958,-2.16111032598523,-2.09471488695897,-2.1753402788675,-2.06571088161843,131.25
1876,1.11857901785894,0.445151702686218,-0.548603497676568,-2.16052474727958,-2.08967659598031,-2.17497492177766,-2.06235960557411,131.32
1877,1.11427765725302,0.447781683532163,-0.550038312522048,-2.1603995379873,-2.08517431706764,-2.17487491692156,-2.05965847005483,131.39
1878,1.10998485625268,0.450415688642352,-0.551556445948582,-2.1607270264684,-2.08124185328021,-2.17503669194627,-2.0576169600232,131.46
1879,1.10569972849966,0.453054842973504,-0.553155049264751,-2.16149146899927,-2.07790352518435,-2.17545222298687,-2.05623674181569,131.53
1880,1.101421387886,0.455700263962575,-0.55483055342154,-2.16266919434676,-2.07517177457865,-2.17610927247184,-2.05551200086944,131.6
1881,1.09714899582682,0.45835301387971,-0.556578760514952,-2.16422690512683,-2.07304698402041,-2.17699207367605,-2.05543030911246,131.67
1882,1.09288171814726,0.461014052068235,-0.55839487372681,-2.16612571848584,-2.07151860929765,-2.1780816799593,-2.0559731796634,131.74
1883,1.0886187721252,0.463684217140379,-0.560273616218045,-2.16832246195631,-2.07056482667844,-2.17935685151802,-2.0571171515198,131.81
1884,1.08435947344149,0.466364299286879,-0.562209378885276,-2.17077652939609,-2.07015957100646,-2.18079508884914,-2.058835013425,131.88
1885,1.08010319278854,0.469055022158824,-0.56419636698776,-2.17345375285697,-2.07027655466445,-2.18237354251684,-2.06109692663168,131.95
1886,1.07584937258828,0.471757024570654,-0.566228715657802,-2.17632650882376,-2.07089306602172,-2.18406979962577,-2.06387147713751,132.02
1887,1.07159748348007,0.474470932274487,-0.568300484135757,-2.17937255672079,-2.07199074967135,-2.18586227662132,-2.0671261163497,132.09
1888,1.06734704093949,0.477197339267706,-0.570405619098669,-2.1825723995742,-2.07355366974176,-2.18773039934665,-2.07082732170906,132.16
1889,1.0630975616867,0.479936758797994,-0.572537947365326,-2.1859051371516,-2.07556555214617,-2.18965466100887,-2.074940658387,132.23
1890,1.05884858024414,0.482689604230685,-0.574691258262487,-2.18934885957513,-2.07800620606573,-2.19161649825003,-2.0794307727479,132.3
1891,1.05459960530133,0.485456259944668,-0.576859295237149,-2.19287857134554,-2.08085299207658,-2.19359864760531,-2.08426182969032,132.37
1892,1.05035016633392,0.488237061722848,-0.579035747090163,-2.19646724249475,-2.08407999587702,-2.1955851703141,-2.08939743169638,132.44
1893,1.04609986022258,0.491032246805717,-0.581214329207331,-2.20008694845534,-2.08765881942962,-2.19756165728672,-2.0948008626929,132.51
1894,1.04184830761689,0.49384193377757,-0.583388804463066,-2.20370958764034,-2.09155710866797,-2.19951546407523,-2.10043529632796,132.58
1895,1.03759516949023,0.496666192456575,-0.585553064260895,-2.20730780907729,-2.09574107653064,-2.2014360964588,-2.10626414985123,132.65
1896,1.03334010354166,0.499505023260045,-0.587701119384561,-2.21085317191692,-2.1001756733903,-2.20331541590567,-2.11225134356048,132.72
1897,1.02908281088959,0.502358336306851,-0.589827060945453,-2.21431571950872,-2.10482412048713,-2.20514775536374,-2.1183614062979,132.79
1898,1.02482308280001,0.505226020520205,-0.591925051710063,-2.21766560040023,-2.10964981577285,-2.20692994552645,-2.12455951791088,132.86
1899,1.02056075719168,0.508107922205901,-0.593989408089574,-2.22087336697141,-2.11461634036726,-2.20866140211459,-2.13081145922949,132.93
1900,1.01629573536043,0.511003823371252,-0.596014622458161,-2.2239142175929,-2.11969056084962,-2.21034415388032,-2.13708365071578,133.0
1901,1.01202793857475,0.513913510050716,-0.597995476341085,-2.22677200063415,-2.12484127601522,-2.21198302195772,-2.14334334057806,133.07
1902,1.00775732489551,0.516836750115618,-0.599927154308538,-2.22943885873945,-2.1300421040505,-2.21358601069826,-2.14955915356969,133.14
1903,1.00348384587014,0.519773270835068,-0.601805268405949,-2.23191463568212,-2.1352708480495,-2.21516451876261,-2.15570130904449,133.21
1904,0.999207463453169,0.522722826455484,-0.603625973733918,-2.23420724944926,-2.1405060323674,-2.21673282874466,-2.16174217076441,133.28
1905,0.994928106802974,0.525685175277124,-0.605386084993467,-2.23632804410255,-2.14572716934526,-2.21830555126389,-2.16765773074975,133.35
1906,0.990645719394264,0.52866002640757,-0.607083103802546,-2.23828849888278,-2.15091207731889,-2.21989678424088,-2.17342774099965,133.42
1907,0.98636030618417,0.531647016372131,-0.608715307279795,-2.24010157392439,-2.1560362448514,-2.22151969332276,-2.17903536605988,133.49
1908,0.982071890569704,0.534645775761925,-0.610281777589496,-2.24178146421119,-2.16107445220572,-2.22318588136326,-2.18446665768154,133.56
1909,0.977780531575248,0.537655905399677,-0.611782492829659,-2.24334534197819,-2.16600040812628,-2.22490484759881,-2.18971012266572,133.63
1910,0.973486280918681,0.540676952293144,-0.61321829875316,-2.24481275466691,-2.17079041993016,-2.22668323543558,-2.19475605318229,133.7
1911,0.969189200306108,0.543708475646595,-0.614590761322469,-2.24620051180986,-2.17542411702028,-2.22852447043279,-2.19959613126362,133.77
1912,0.964889318603327,0.546750022412001,-0.615902080609426,-2.24752145498053,-2.17988454500073,-2.23042899897718,-2.20422357843896,133.84
1913,0.960586679321627,0.549801102651154,-0.617154915573468,-2.24878365042141,-2.18415781128788,-2.23239476653389,-2.20863345951915,133.91
1914,0.956281388154123,0.552861254980092,-0.618352209942248,-2.24999400578721,-2.18823315506826,-2.23441766467428,-2.21282302030185,133.98
1915,0.951973570298529,0.555930021578171,-0.61949713949812,-2.25115945084697,-2.19210401352067,-2.23649170621514,-2.21679169823303,134.05
1916,0.947663388003165,0.559006923033374,-0.620593060366527,-2.25228640412178,-2.19576891107214,-2.23860907898116,-2.2205411069516,134.12
1917,0.94335099798305,0.562091523295303,-0.621643367986046,-2.25338312875606,-2.19923099838296,-2.24076034908834,-2.22407517525337,134.19
1918,0.939036569054119,0.565183404218054,-0.62265144722619,-2.2544571847797,-2.2024963614392,-2.2429344829236,-2.22740001921719,134.26
1919,0.93472023963183,0.568282139964035,-0.623620623328694,-2.25551432612873,-2.20557528289435,-2.24511886851739,-2.23052390847501,134.33
1920,0.930402135442108,0.571387361539538,-0.624554023348141,-2.25655806001033,-2.20847932475658,-2.24729951703451,-2.23345744686655,134.4
1921,0.926082327091185,0.574498730943235,-0.625454528558673,-2.25758902605379,-2.21121889584156,-2.24946108355777,-2.23621357618846,134.47
1922,0.921760877930819,0.577615915197494,-0.626324787682695,-2.25860783579971,-2.21380395150848,-2.25158676759222,-2.23880749310953,134.54
1923,0.917437891954288,0.580738650531855,-0.6271673209773,-2.25961520452512,-2.21624343268244,-2.25365863514643,-2.24125590735205,134.61
1924,0.913113471458742,0.583866716198154,-0.627984534603944,-2.26061241425267,-2.2185479872306,-2.25565989716657,-2.2435746479724,134.68
1925,0.908787734910711,0.586999908185326,-0.62877870541126,-2.26160451494704,-2.22073140018943,-2.25757538367559,-2.2457779571833,134.75
1926,0.904460774662054,0.590138103101076,-0.629551966175347,-2.26259883219928,-2.22281088308478,-2.25939159795389,-2.24787850862698,134.82
1927,0.900132674865167,0.593281231697611,-0.630306291256483,-2.26360398648767,-2.22480589113047,-2.26109668200036,-2.2498872472107,134.89
1928,0.895803469234877,0.596429222219162,-0.631043482633794,-2.26462572309655,-2.22673158668222,-2.26268029351754,-2.25181326089011,134.96
1929,0.8914731890942,0.59958197374819,-0.631765186369998,-2.26566557009363,-2.22859805098392,-2.26413366542452,-2.25366395499302,135.03
1930,0.887141911440096,0.602739419727047,-0.632472969561366,-2.2667226552313,-2.2304102493734,-2.26544966755821,-2.255445167866,135.1
1931,0.8828097167653,0.605901501130433,-0.633168217041196,-2.26779206244038,-2.23217181871328,-2.26662299107162,-2.25716143832417,135.17
1932,0.878476707073613,0.609068139553085,-0.633852088510579,-2.26886508355125,-2.23388599747207,-2.26765000434161,-2.25881573278018,135.24
1933,0.874142963736221,0.612239300476999,-0.634525505983863,-2.26993229804952,-2.23555351786085,-2.26852852118428,-2.26040908328722,135.31
1934,0.869808565538246,0.615414966193101,-0.635189141440201,-2.27098358382125,-2.23717483146455,-2.2692579327598,-2.26194079837322,135.38
1935,0.865473546563098,0.618595108641214,-0.635843404664567,-2.27200806782962,-2.23875031983927,-2.26983913153925,-2.2634084041911,135.45
1936,0.86113794435196,0.621779752431894,-0.636488431266161,-2.27299142936219,-2.24027882103154,-2.27027446804647,-2.26480755669931,135.52
1937,0.856801848074436,0.624968947524147,-0.637124070866827,-2.27391762666704,-2.24175931614021,-2.27056771027106,-2.26613186474209,135.59
1938,0.852465356446452,0.628162711734064,-0.637749875457077,-2.27477267030145,-2.24319096190139,-2.27072394553494,-2.26737274445948,135.66
1939,0.84812859583246,0.631361003249135,-0.63836511801019,-2.27554505776942,-2.24457375598176,-2.27074966544637,-2.26851951575676,135.73
1940,0.843791678179271,0.634563783323391,-0.638968901537859,-2.2762273828574,-2.24590872174761,-2.27065282323544,-2.26955959054948,135.8
1941,0.839454719130218,0.63777098862767,-0.639560208161582,-2.27681611109887,-2.24719607803556,-2.27044301379213,-2.27047878306404,135.87
1942,0.835117795966708,0.640982503518917,-0.640138038654435,-2.27731156746721,-2.24843503452589,-2.2701317762629,-2.27126165215686,135.94
1943,0.830780995813796,0.644198222492913,-0.640701582295758,-2.27771804609753,-2.24962012789078,-2.26973232701407,-2.27189235731087,136.01
1944,0.826444463845075,0.647418022296013,-0.641250356880828,-2.27804115361013,-2.25074005611091,-2.26925766968447,-2.27235690112931,136.08
1945,0.822108361222028,0.65064173396105,-0.641784228636582,-2.27828542482582,-2.25178093667689,-2.2687196395503,-2.27264332860595,136.15
1946,0.817772883203905,0.653869205032861,-0.642303402315198,-2.27845446735793,-2.25272974650106,-2.26812870144443,-2.27274162851166,136.22
1947,0.813438217074327,0.657100271459984,-0.642808411555685,-2.27855459780575,-2.25357637921868,-2.26749404970082,-2.27264372825381,136.29
1948,0.809104560232075,0.660334729418529,-0.643300139597548,-2.27859568114,-2.25431037861613,-2.26682355861946,-2.2723434319505,136.36
1949,0.804772078091748,0.663572397334406,-0.643779930512259,-2.27858992535673,-2.25492152513281,-2.26612337267173,-2.27183615142711,136.43
1950,0.80044095222945,0.666813087581128,-0.644249580322234,-2.27854691622532,-2.25539922088689,-2.26539761770886,-2.27111873112492,136.5
1951,0.796111428507236,0.670056578119655,-0.644711177895335,-2.27846708832837,-2.25572931946388,-2.26464853394058,-2.27018948735605,136.57
1952,0.79178377490971,0.673302674346965,-0.645166946021583,-2.27834196653863,-2.2558966447039,-2.26387688017049,-2.2690485221371,136.64
1953,0.787458299527083,0.676551180630803,-0.645619172897972,-2.27815693555576,-2.25588579715668,-2.26308254907118,-2.2676981010167,136.71
1954,0.783135308328894,0.679801871797425,-0.64607005345518,-2.2778948527354,-2.25568428022999,-2.26226545365869,-2.26614246305216,136.78
1955,0.778815123073874,0.683054554839058,-0.646521530748483,-2.27753851867402,-2.25528647200204,-2.26142758759753,-2.26438576912269,136.85
1956,0.774498038999463,0.686309040318673,-0.646975257724603,-2.27707492436041,-2.25469314747276,-2.26057328064711,-2.26243122736861,136.92
1957,0.770184342636202,0.689565113738778,-0.647432619154108,-2.27649703282295,-2.25390974065529,-2.25970906333583,-2.26028094436847,136.99
1958,0.765874269390712,0.692822597140927,-0.647894843787152,-2.27580396804628,-2.25294488097242,-2.25884380271479,-2.25793608076808,137.06
1959,0.761568051330846,0.696081320413269,-0.648363056268642,-2.27499600075725,-2.25180423939074,-2.25798889845882,-2.25539710070939,137.13
1960,0.757265964905431,0.699341092572636,-0.648838389141358,-2.27407660690061,-2.25049205020775,-2.25715793739978,-2.25266459644073,137.2
1961,0.752968288331134,0.702601763287462,-0.649322034565518,-2.27305329458298,-2.24901278645535,-2.25636463286635,-2.24974141020291,137.27
1962,0.748675319080157,0.705863194118494,-0.649815356085059,-2.27193843301614,-2.24737115348705,-2.25562199718759,-2.24663301451455,137.34
1963,0.744387331112846,0.709125229743235,-0.650319909980181,-2.27074909042693,-2.24557413154565,-2.25494190465931,-2.2433472339618,137.41
1964,0.740104592200813,0.712387759429884,-0.650837436356912,-2.26950551965846,-2.24363272037804,-2.2543348943008,-2.23989400041241,137.48
1965,0.73582732098473,0.715650688237053,-0.65136985003335,-2.26822841150974,-2.24155953453777,-2.25381015201289,-2.23628538221509,137.55
1966,0.731555704112929,0.718913908204537,-0.651919231191183,-2.26693876668453,-2.2393678455,-2.25337549142065,-2.23253573676629,137.62
1967,0.727289853105971,0.722177359800056,-0.652487815757966,-2.26565433834476,-2.23706975360939,-2.2530372429721,-2.22866168534893,137.69
1968,0.723029851382517,0.725441003097448,-0.653077955394899,-2.26439013674208,-2.23467640813579,-2.2528002316781,-2.2246821506856,137.76
1969,0.71877580118119,0.728704788950622,-0.653691986874427,-2.26315908420212,-2.23219985399042,-2.25266781329191,-2.22061845690621,137.83
1970,0.71452778011364,0.731968720427224,-0.654332191331915,-2.26197071404813,-2.22965087849235,-2.2526419989286,-2.21649452167575,137.9
1971,0.710285857785664,0.735232823976436,-0.655000783173897,-2.26083402104164,-2.22703992858819,-2.25272345744949,-2.21233692948272,137.97
1972,0.70605005213408,0.738497120594054,-0.655699898514045,-2.25975528640512,-2.22437649490658,-2.25291139557534,-2.20817488565612,138.04
1973,0.701820375916821,0.741761687247649,-0.656431553009178,-2.25873728595493,-2.22166970044306,-2.25320352633041,-2.20404026124536,138.11
1974,0.697596883092613,0.745026628034902,-0.657197508881446,-2.25777891842663,-2.21892982291289,-2.25359612583204,-2.19996769814793,138.18
1975,0.693379624826718,0.748292045337003,-0.65799923161702,-2.25687868394361,-2.21616972761994,-2.25408438908073,-2.19599369075126,138.25
1976,0.689168665560506,0.751558101228437,-0.658837876134166,-2.25603704816473,-2.2134061203888,-2.25466293437842,-2.19215220636099,138.32
1977,0.684964038792989,0.754824988614848,-0.659714272306566,-2.25525615765737,-2.21066043979759,-2.25532570426701,-2.18847340289263,138.39
1978,0.680765762924189,0.758092902359263,-0.660628909821076,-2.25454009578645,-2.20795625928459,-2.25606556396205,-2.18498318663856,138.46
1979,0.676573796808766,0.761362100656481,-0.661581922354996,-2.25389573925539,-2.20531831366156,-2.2568742593217,-2.18170321842669,138.53
1980,0.672388085458366,0.764632876125567,-0.662573101151777,-2.25332949145087,-2.20276971961135,-2.25774261412919,-2.17865121726462,138.6
1981,0.668208605630076,0.767905526879058,-0.663601998168141,-2.25284497730144,-2.20032561455593,-2.25866060578453,-2.17584123011247,138.67
1982,0.664035321038731,0.771180417826837,-0.664667968357479,-2.25244175971701,-2.19799446630392,-2.25961795141292,-2.17328434886705,138.74
1983,0.659868197632186,0.774457951682802,-0.665770241360653,-2.25211444570531,-2.19577904986693,-2.26060439220077,-2.17098918228421,138.81
1984,0.655707158579313,0.777738509843247,-0.666907812001588,-2.25185501042162,-2.1936816646223,-2.26160976640708,-2.16896202246231,138.88
1985,0.651552129410057,0.781022423305333,-0.668079420391373,-2.2516547287159,-2.19170405394939,-2.26262378097213,-2.16720667564298,138.95
1986,0.647403083045651,0.784310033794246,-0.669283681834494,-2.25151061861437,-2.18985018107012,-2.26363599339882,-2.16572452888305,139.02
1987,0.643259994457021,0.787601664566625,-0.670519216120991,-2.25142655818978,-2.18812758859776,-2.26463609435562,-2.16451500296693,139.09
1988,0.639122855390634,0.790897591147275,-0.671784655878237,-2.25140886525654,-2.18654484443767,-2.26561422039943,-2.16357594021775,139.16
1989,0.634991628811295,0.794198102256627,-0.673078624270415,-2.25146274851836,-2.18510958706937,-2.26656111647711,-2.16290380686529,139.23
1990,0.630866263413074,0.797503470397431,-0.674399712158129,-2.25158764427546,-2.18382404093839,-2.26746814838329,-2.16249374009685,139.3
1991,0.626746647848086,0.800813922358752,-0.675746454743122,-2.25178157817287,-2.18268985639478,-2.26832728569238,-2.16233956020564,139.37
1992,0.622632655112811,0.804129699895569,-0.677117307723562,-2.25204029040778,-2.18170714000095,-2.26913108540845,-2.16243377801221,139.44
1993,0.618524186830661,0.807451030053396,-0.678510622986446,-2.25235587829401,-2.18087453518176,-2.26987264639016,-2.16276756758256,139.51
1994,0.614421127169792,0.810778095396813,-0.679924623865056,-2.25271946942234,-2.18019140628509,-2.27054544442227,-2.16333061411531,139.58
1995,0.610323356836682,0.814111094401032,-0.681357379991288,-2.25312157704262,-2.17965601826345,-2.27114319849727,-2.16411098759597,139.65
1996,0.606230706796629,0.81745021147675,-0.682806781775034,-2.25355456072158,-2.17926807638002,-2.27165994895162,-2.16509522293156,139.72
1997,0.602143002162086,0.820795586887898,-0.684270514545503,-2.25401361200142,-2.17903005973425,-2.27209010686814,-2.16626836607877,139.79
1998,0.598060105988567,0.824147376822256,-0.685746032392677,-2.25449427940479,-2.17894638580175,-2.27242853502722,-2.16761404658413,139.86
1999,0.593981872718014,0.827505723085859,-0.687230561838452,-2.25499450612603,-2.17902380585807,-2.27267044989368,-2.16911436619169,139.93
2000,0.589908161710807,0.830870722681677,-0.688721195558888,-2.25551221434251,-2.17926620129351,-2.27281144560935,-2.17074993477928,140.0
2001,0.585838790518157,0.834242487533201,-0.690214925768729,-2.25604373162904,-2.17967461229154,-2.27284773034087,-2.17250020438477,140.07
2002,0.581773578336144,0.837621113824732,-0.691708737671467,-2.25658438337734,-2.18024539809895,-2.27277627418438,-2.17434362026792,140.14
2003,0.577712389381396,0.841006651219578,-0.693199612590373,-2.25712529391657,-2.1809706208042,-2.27259516957218,-2.17625795043082,140.21
2004,0.573655085928399,0.844399162217695,-0.694684531098063,-2.2576552121307,-2.18183863681151,-2.27230375291939,-2.1782203727572,140.28
2005,0.569601541449618,0.847798691125349,-0.696160566462244,-2.25816158488541,-2.18283399352061,-2.2719027583339,-2.18020762104872,140.35
2006,0.56555159351001,0.85120523289896,-0.697624918023271,-2.25863319521877,-2.18393771458041,-2.27139453348905,-2.18219631072068,140.42
2007,0.561505086856939,0.854618792125539,-0.699075004907125,-2.2590618983213,-2.18513134381939,-2.27078334773277,-2.18416338440087,140.49
2008,0.557461916445134,0.858039351613366,-0.700508469685509,-2.25944092813442,-2.18639821914801,-2.27007558177586,-2.18608640706274,140.56
2009,0.55342198013623,0.861466840856019,-0.701923152205044,-2.2597644684035,-2.18772227763965,-2.26927979888173,-2.18794359075751,140.63
2010,0.549385191513496,0.864901194633376,-0.703317063715965,-2.26002863874763,-2.18908821323476,-2.26840687796853,-2.1897137900518,140.7
2011,0.545351432462709,0.868342321224316,-0.704688391427076,-2.26023058619894,-2.19048274665621,-2.26747005803015,-2.19137658891509,140.77
2012,0.541320595959437,0.871790070495603,-0.706035593698317,-2.26036793886329,-2.19189210350969,-2.2664849839426,-2.19291232899985,140.84
2013,0.537292628801614,0.875244292131821,-0.707357405377045,-2.26043946421153,-2.19330090599235,-2.26546933218865,-2.19430271152485,140.91
2014,0.533267484026024,0.878704803482595,-0.708652843569008,-2.26044368256854,-2.19469148556662,-2.26444078262293,-2.19553281557102,140.98
2015,0.529245133448424,0.882171357293071,-0.70992127404229,-2.26037994898438,-2.19604701679127,-2.26341637482411,-2.19659143407887,141.05
2016,0.525225519977188,0.8856436995842,-0.711162297579989,-2.2602495964934,-2.19735483200531,-2.26241240626073,-2.19747093132479,141.12
2017,0.521208600139788,0.889121567248525,-0.71237572708291,-2.2600556363836,-2.19860465180744,-2.2614445109109,-2.19816731409626,141.19
2018,0.517194386559799,0.89260474571693,-0.713561685517262,-2.25980513747055,-2.19978952428451,-2.26052755698866,-2.19868021582665,141.26
2019,0.513182900121958,0.896093036262347,-0.714720614096414,-2.25951097466543,-2.20090845018916,-2.25967551393368,-2.1990127636739,141.33
2020,0.509174182263789,0.899586223207524,-0.715853250869898,-2.25918765126538,-2.20196172804405,-2.25890140874727,-2.19917150907646,141.4
2021,0.505168247042477,0.903084131303739,-0.716960609799478,-2.25884958922032,-2.20294771455541,-2.25821716080841,-2.19916627129161,141.47
2022,0.50116512341502,0.906586592757826,-0.718043990396742,-2.2585094199264,-2.20386172244563,-2.25763326484769,-2.19900995397384,141.54
2023,0.497164897468089,0.910093414173952,-0.719105078079325,-2.25817585406283,-2.20469404696599,-2.25715847230326,-2.19871833461651,141.61
2024,0.49316766433382,0.913604433676425,-0.720145954695689,-2.25785907340834,-2.2054352448642,-2.2567995611336,-2.19830976644915,141.68
2025,0.489173540228681,0.917119487690555,-0.721169079363437,-2.25757148902534,-2.20607678131697,-2.25656098331574,-2.19780494294502,141.75
2026,0.485182614262829,0.920638377647719,-0.722177269671345,-2.25732892036229,-2.20661468727692,-2.2564443899077,-2.1972266042573,141.82
2027,0.481194960368851,0.924160926880861,-0.72317365311308,-2.25714897566094,-2.20705008948196,-2.25644830438552,-2.19659933565011,141.89
2028,0.477210588997387,0.927686977275233,-0.724161528526417,-2.25704609180869,-2.20738592117999,-2.25656809466481,-2.19594945751413,141.96
2029,0.473229489017019,0.931216446028476,-0.725144287920539,-2.25703165789447,-2.20762649303176,-2.25679606330717,-2.19530509678674,142.03
2030,0.469251669554973,0.934749292084088,-0.726125278281198,-2.25711145957567,-2.20777841975459,-2.25712213739839,-2.19469565702047,142.1
2031,0.465277111515553,0.938285482503078,-0.727107693556097,-2.2572825201108,-2.20784893084722,-2.25753684314752,-2.1941498742251,142.17
2032,0.461305809302583,0.941825049037761,-0.728094316234065,-2.25753403164706,-2.20784872615874,-2.25803142037976,-2.19369462427453,142.24
2033,0.457337812482936,0.945368054381854,-0.729087439426067,-2.25785321927009,-2.20779254625011,-2.25859685226924,-2.19335360881899,142.31
2034,0.453373177127966,0.948914558359505,-0.730088849047172,-2.25822978948437,-2.20769808919567,-2.25922322459567,-2.19314664132698,142.38
2035,0.449411977270681,0.952464674315427,-0.731099835970407,-2.25865622535925,-2.2075854097896,-2.25989968547889,-2.19308962309416,142.45
2036,0.445454256126756,0.956018535178539,-0.732121268207952,-2.25912762931484,-2.20747340092775,-2.26061446419159,-2.19319460710722,142.52
2037,0.441500037429029,0.959576259460357,-0.73315351248212,-2.25964066236832,-2.20738232295326,-2.26135528021087,-2.19347031052817,142.59
2038,0.437549276523846,0.963138007448972,-0.734196536135586,-2.26019293387949,-2.20733058623177,-2.26210939052699,-2.19392208268523,142.66
2039,0.433601901667526,0.96670394707,-0.735250038935359,-2.26078305247182,-2.20733165370508,-2.26286390727299,-2.19455226113209,142.73
2040,0.429657855260492,0.970274219674868,-0.736313464332082,-2.26140733650528,-2.20739440283732,-2.26360632572868,-2.19536094576599,142.8
2041,0.425717044757064,0.973848996016683,-0.737385980443208,-2.2620572760658,-2.20752107960399,-2.26432469126362,-2.19634622815275,142.87
2042,0.421779383778439,0.977428441884608,-0.738466490945598,-2.26272015356301,-2.2077103061244,-2.26500779658447,-2.19750441763535,142.94
2043,0.417844833167234,0.981012683656975,-0.739553736067954,-2.26338071694765,-2.20795765004559,-2.26564513871264,-2.19883008373361,143.01
2044,0.413913351721862,0.984601864033353,-0.740646303176276,-2.26402550042239,-2.20825947236775,-2.26622702703488,-2.20031606533985,143.08
2045,0.409984907050225,0.988196107416849,-0.741742637238191,-2.26464248159248,-2.20861208053376,-2.26674472226537,-2.20195359724725,143.15
2046,0.406059426192501,0.991795485207299,-0.742841111367081,-2.26522137073913,-2.2090110008864,-2.26719051623055,-2.20373249396435,143.22
2047,0.402136836452421,0.995400071266381,-0.743939946859825,-2.2657534492737,-2.20945371029873,-2.26755793316056,-2.20564139097352,143.29
2048,0.398217106175026,0.999009907026871,-0.745037283634957,-2.2662300549275,-2.20993665029592,-2.26784169157328,-2.20766780291443,143.36
2049,0.394300195208952,1.00262496650797,-0.746131190489112,-2.26664160936543,-2.21045470758268,-2.26803781800821,-2.20979820951194,143.43
2050,0.390386095580276,1.00624521149922,-0.747219645293019,-2.26697670697923,-2.21100099472621,-2.26814379235452,-2.21201807921013,143.5
2051,0.386474872115374,1.00987055638701,-0.748300545337408,-2.26721885801847,-2.21156347100014,-2.26815857440567,-2.21431195110745,143.57
2052,0.382566612749645,1.01350083288763,-0.749371808040737,-2.26734937101182,-2.21212463168159,-2.2680826621249,-2.21666348519192,143.64
2053,0.378661438959689,1.01713584495156,-0.750431381530094,-2.26734903336411,-2.21266396514268,-2.26791836216634,-2.21905572185707,143.71
2054,0.374759455966423,1.02077536340354,-0.75147725539597,-2.26720202046154,-2.2131637497116,-2.26766997176482,-2.22147134037873,143.78
2055,0.370860763057996,1.02441918067257,-0.752507561921102,-2.26690125133943,-2.2136107890773,-2.26734387195213,-2.22389273613193,143.85
2056,0.366965403679668,1.02806707517733,-0.753520587293033,-2.26644932407676,-2.21399917137693,-2.26694880281138,-2.22630227791274,143.92
2057,0.36307340572764,1.03171877563416,-0.754514753009525,-2.26585614428826,-2.21433089298549,-2.2664960197763,-2.22868256515593,143.99
2058,0.359184821782719,1.03537401555457,-0.755488627683256,-2.26513772974428,-2.21461341439325,-2.26599924055393,-2.23101644466427,144.06
2059,0.355299679020105,1.03903252749874,-0.756441059537414,-2.26431564936435,-2.21485502068605,-2.26547420194151,-2.23328744909311,144.13
2060,0.351417989233032,1.04269409744047,-0.757371309266754,-2.26341420787602,-2.21506051387632,-2.26493644225608,-2.23548162030593,144.2
2061,0.347539698618917,1.04635852880977,-0.758279093021367,-2.26245988891571,-2.21523018554449,-2.26440028778357,-2.23758761885724,144.27
2062,0.343664727766507,1.05002560648025,-0.759164685964953,-2.26148082964352,-2.21536110690036,-2.26387820051389,-2.23959620301275,144.34
2063,0.339793011581758,1.05369515096793,-0.760028935973827,-2.2605065069216,-2.21544995397454,-2.26338024620344,-2.24149979961789,144.41
2064,0.335924448890572,1.0573670124069,-0.76087324764708,-2.25956622042637,-2.21549408842283,-2.26291377280502,-2.24329216698323,144.48
2065,0.332058942246051,1.06104112465565,-0.761699566700373,-2.25868844821965,-2.21549206742148,-2.26248332917187,-2.24496830036289,144.55
2066,0.328196437678802,1.06471746909827,-0.76251036471803,-2.25789511688322,-2.21543994208531,-2.26209061328971,-2.24652445978807,144.62
2067,0.324336874128795,1.06839603840481,-0.763308594140654,-2.25720363317615,-2.2153323707617,-2.26173469065623,-2.24795838052148,144.69
2068,0.320480223086195,1.07207689051448,-0.764097553268322,-2.25662503286554,-2.21516271025082,-2.26141215181209,-2.24926936532221,144.76
2069,0.316626528179011,1.07576011231536,-0.764880811665085,-2.25616381265009,-2.21492193460963,-2.26111747982914,-2.25045849926354,144.83
2070,0.31277585444479,1.07944578328279,-0.765662045466844,-2.25581679725853,-2.21460185762789,-2.26084329685146,-2.25152877650161,144.9
2071,0.308928297724307,1.08313402933812,-0.766444842704096,-2.2555769087503,-2.21419745395374,-2.26058103136698,-2.25248546993968,144.97
2072,0.305083933825205,1.08682498640005,-0.767232538749216,-2.25543386481892,-2.21370821883447,-2.26032140458649,-2.2533363826805,145.04
2073,0.301242857892563,1.09051876388936,-0.768028172087156,-2.2553767406097,-2.21313967980454,-2.26005530775002,-2.25409152985472,145.11
2074,0.297405223721786,1.09421549844797,-0.768834439998588,-2.25539550580864,-2.21250157015002,-2.25977567227977,-2.25476086665067,145.18
2075,0.29357119274878,1.09791531734385,-0.769653593925367,-2.25547961158099,-2.2118045595816,-2.25947780557006,-2.25535358263443,145.25
2076,0.289740943153435,1.10161830182257,-0.770487515171647,-2.25562184149234,-2.21106152940618,-2.25915936596189,-2.25587805955119,145.32
2077,0.285914618722552,1.10532454066648,-0.771337760285784,-2.25581912238042,-2.21028514796576,-2.25882042830264,-2.25634195086306,145.39
2078,0.282092337820068,1.10903412352122,-0.772205666352048,-2.25607234127036,-2.20948965918842,-2.25846324899285,-2.2567530448018,145.46
2079,0.278274142111034,1.11274719433902,-0.773092365725165,-2.25638574005628,-2.20869339384189,-2.25809088806301,-2.2571209107954,145.53
2080,0.274460035476006,1.11646391449821,-0.773998770358915,-2.25676552688208,-2.20791679804956,-2.25770814833168,-2.25745595929872,145.6
2081,0.270650022851796,1.12018442585978,-0.774925585883858,-2.25721863686867,-2.20718043172649,-2.25732004763947,-2.25777087933171,145.67
2082,0.266844058735242,1.12390890402126,-0.775873415593092,-2.25775311637727,-2.20650074016871,-2.25693131425215,-2.25808105362083,145.74
2083,0.263042085876375,1.12763752123883,-0.776842743708981,-2.25837588831414,-2.20589373799885,-2.25654594253689,-2.25840431216583,145.81
2084,0.259244073898542,1.13137040927797,-0.777833828007722,-2.25909186991714,-2.20537658594957,-2.25616710970474,-2.25876089649898,145.88
2085,0.255449967583239,1.13510771245255,-0.778846742495083,-2.25990453316493,-2.20496462308572,-2.25579724293348,-2.25917351396389,145.95
2086,0.251659695258948,1.13884958041134,-0.779881269251341,-2.26081450780609,-2.20467212828712,-2.25543784567294,-2.25966715068361,146.02
2087,0.247873116944074,1.14259622102037,-0.78093685005845,-2.26182098080931,-2.20451274887067,-2.25508977510699,-2.26026813131731,146.09
2088,0.244090062684042,1.14634786289938,-0.782012567725787,-2.26291951362258,-2.20449986688222,-2.25475406100748,-2.26100010840299,146.16
2089,0.240310370821789,1.15010471787218,-0.783107127036899,-2.26410220454347,-2.20464711342479,-2.25443179166387,-2.26188272757735,146.23
2090,0.236533835941466,1.15386703358984,-0.784218835333872,-2.26535815031489,-2.20496514946409,-2.25412375888779,-2.26293125324997,146.3
2091,0.23276024701471,1.15763505579659,-0.78534558276274,-2.26667113814062,-2.20546127199796,-2.25383055409166,-2.26415661279922,146.37
2092,0.228989425489958,1.16140899049705,-0.786484822210575,-2.26802368490304,-2.20613955873154,-2.25355245349683,-2.26556516699663,146.44
2093,0.225221173065318,1.16518905628383,-0.787633579060118,-2.26939767544269,-2.20700227323163,-2.25328963403993,-2.26715895865639,146.51
2094,0.221455309674697,1.16897544629507,-0.788788550983334,-2.27077707617818,-2.20805171811349,-2.25304238900675,-2.2689358376396,146.58
2095,0.2176917114275,1.17276829006152,-0.789946147388698,-2.27214920412223,-2.20928988849478,-2.25281137347779,-2.27088976305351,146.65
2096,0.213930258241863,1.17656770550265,-0.791102588932597,-2.27350524359696,-2.21072131137763,-2.25259799992997,-2.27301122250819,146.72
2097,0.210170841612433,1.18037379063097,-0.79225391672076,-2.27483865692851,-2.21235275249337,-2.25240453266603,-2.27528743757339,146.79
2098,0.206413312163942,1.18418667531316,-0.793395971443353,-2.27614275296903,-2.21419066307272,-2.2522341217474,-2.27770247595765,146.86
2099,0.202657517431311,1.18800648264751,-0.794524402690717,-2.27741222760668,-2.21624109019919,-2.25209092682814,-2.2802372405523,146.93
2100,0.198903339605668,1.19183329021872,-0.795634798787965,-2.27864470480054,-2.21850452869944,-2.25198030074516,-2.28286960641742,147.0
2101,0.195150642985816,1.19566718149094,-0.796722877051133,-2.27984203753011,-2.22097588412625,-2.25190948410467,-2.28557524763309,147.07
2102,0.191399281575987,1.19950820681128,-0.797784734543964,-2.28100938290869,-2.22364217533384,-2.25188763734523,-2.28832894379888,147.14
2103,0.187649046481457,1.20335634428557,-0.798816918710141,-2.28215271335984,-2.22648739420069,-2.25192397654999,-2.29110693828324,147.21
2104,0.183899703543397,1.20721155078869,-0.799816528565227,-2.28327605754334,-2.22949032131608,-2.25202708179583,-2.29388727972393,147.28
2105,0.18015106104119,1.2110737225834,-0.800781226159471,-2.28437702672047,-2.23262333134692,-2.25220450533118,-2.29664950115446,147.35
2106,0.176403007290798,1.21494265581176,-0.801709218539253,-2.28544872009591,-2.23585525741889,-2.25246267942878,-2.29937450969777,147.42
2107,0.172655457967083,1.21881809712422,-0.802599240337152,-2.28648093855961,-2.23915289921254,-2.25280691316344,-2.30204453675828,147.49
2108,0.168908363590853,1.22269973401147,-0.803450506935327,-2.28746416703726,-2.24248647077106,-2.25324138773524,-2.30464311896953,147.56
2109,0.16516165683126,1.22658724519425,-0.804262578049766,-2.28838985676185,-2.24583062421667,-2.25376921041816,-2.30715520048125,147.63
2110,0.161415290063201,1.23048029072608,-0.805035282188567,-2.28925146061968,-2.24916538254187,-2.25439264740902,-2.30956723653207,147.7
2111,0.15766927291766,1.23437856216529,-0.805768611729277,-2.29004589075723,-2.25247914824617,-2.25511326473071,-2.31186723840369,147.77
2112,0.153923619562577,1.23828174238399,-0.806462769145016,-2.29077311189582,-2.25576419018736,-2.25593224793764,-2.31404494052744,147.84
2113,0.150178356152832,1.24218946528265,-0.807118063502173,-2.29143125277968,-2.25901390597554,-2.25685038910324,-2.31609172890632,147.91
2114,0.146433468098196,1.24610136567944,-0.807734867840391,-2.29202056463222,-2.2622253201455,-2.25786816229582,-2.31800069209084,147.98
2115,0.142688937587514,1.25001706894207,-0.808313607341658,-2.29254671892328,-2.26540290681554,-2.25898624858133,-2.31976613293409,148.05
2116,0.138944781106118,1.2539362407197,-0.808854748194095,-2.29302130820464,-2.26855705740125,-2.26020708220914,-2.32138208993661,148.12
2117,0.135200996683539,1.25785857643063,-0.809358817230485,-2.2934617463135,-2.2717023383082,-2.26153338620987,-2.3228437496039,148.19
2118,0.131457571309942,1.26178385086272,-0.809826512508558,-2.29388939431393,-2.274853402193,-2.26296748841804,-2.32414783851676,148.26
2119,0.127714428170459,1.26571187745334,-0.810258724296838,-2.29432353493764,-2.27802201262985,-2.26451099664465,-2.32529235625259,148.33
2120,0.123971464136374,1.26964246751608,-0.810656526628834,-2.29477989050757,-2.28121704736555,-2.26616462234439,-2.3262764916737,148.4
2121,0.120228587251296,1.27357547968102,-0.811021169497245,-2.29526980268479,-2.28444278626653,-2.2679282129246,-2.32710060226821,148.47
2122,0.116485663950914,1.27751077902532,-0.811354071668821,-2.29580205954681,-2.28770111020609,-2.2698006316302,-2.32776619638274,148.54
2123,0.112742556544455,1.28144819616018,-0.811656814097332,-2.29638439110291,-2.29099276668534,-2.27177969562204,-2.32827591834049,148.61
2124,0.108999160696997,1.28538757653969,-0.811931133909049,-2.29702141369735,-2.29431655881663,-2.27386214218128,-2.32863353641758,148.68
2125,0.105255352651839,1.28932876955602,-0.812178918932225,-2.29771672562316,-2.2976708504655,-2.27604359299197,-2.32884393362988,148.75
2126,0.101511026721305,1.29327167777452,-0.812402172651496,-2.29847181245357,-2.30105209212961,-2.27831851656053,-2.32891310126239,148.82
2127,0.0977661327849263,1.29721621587288,-0.812602889377804,-2.29928489115191,-2.30445629486928,-2.28068021893924,-2.32884816514066,148.89
2128,0.0940206235336582,1.3011622695492,-0.812783020124364,-2.30015062565626,-2.30787827726169,-2.28312095311655,-2.32865750471162,148.96
2129,0.0902744919874852,1.30510974466391,-0.812944468977327,-2.30105773528743,-2.31130907659319,-2.28563205693184,-2.32835081436606,149.03
2130,0.0865278090240268,1.30905852609119,-0.813089089838213,-2.30199379318923,-2.31473991886486,-2.28820408956606,-2.32793922720226,149.1
2131,0.0827806706549762,1.31300843654462,-0.813218683503765,-2.3029481284989,-2.31816456390155,-2.29082693667673,-2.32743535061675,149.17
2132,0.0790332054878669,1.31695928564277,-0.813334995049735,-2.30391340413005,-2.32158146992608,-2.29349027548762,-2.32685276220544,149.24
2133,0.0752855220205072,1.32091085877891,-0.813439681398412,-2.30488972158397,-2.32499719182779,-2.2961854530846,-2.32620397285411,149.31
2134,0.0715377161168299,1.3248629661493,-0.813534188863029,-2.30588213633063,-2.3284246345464,-2.29890588967713,-2.32549989563908,149.38
2135,0.0677898183112721,1.32881543159292,-0.813619721165828,-2.30689624736133,-2.33187895961599,-2.30164690961218,-2.32474970706814,149.45
2136,0.0640418313787294,1.33276814159693,-0.813697237728332,-2.30793715627369,-2.33537625956081,-2.30440563210177,-2.3239606792371,149.52
2137,0.0602937679062374,1.33672100403233,-0.813767482212089,-2.30900938877349,-2.33893021592585,-2.30718080139819,-2.32313804291211,149.59
2138,0.0565455976030902,1.34067390688514,-0.813831131555659,-2.31011525113311,-2.34254568759139,-2.30997276708327,-2.32228506193349,149.66
2139,0.0527972848756178,1.34462676724804,-0.813888975230791,-2.3112607381086,-2.3462217155475,-2.3127831030033,-2.32140389051273,149.73
2140,0.0490488264039181,1.34857952013578,-0.813942034441891,-2.31245370769483,-2.3499520292948,-2.31561221001987,-2.32049751423862,149.8
2141,0.0453001984578886,1.3525321674767,-0.813991440727836,-2.31369847472098,-2.35372994497508,-2.31845827237999,-2.31956991641432,149.87
2142,0.0415513944791251,1.35648473684285,-0.81403828456212,-2.31499377342417,-2.3575493210318,-2.32131741726271,-2.31862618467102,149.94
2143,0.0378024626658175,1.36043724018194,-0.814083554282216,-2.31632783068369,-2.36139913441332,-2.32418462621894,-2.31767231708417,150.01
2144,0.0340534532975118,1.36438972281394,-0.814128014890077,-2.31768559381318,-2.36526849648074,-2.32705591006262,-2.31671331357825,150.08
2145,0.0303044262375948,1.36834222216551,-0.814172177144871,-2.31905330994381,-2.36914658354147,-2.32992867835019,-2.31575247102625,150.15
