-6.10127923996762e-05,-4.93918268066092e-06,-2.77778635291179e-05,0.000688874910195854,-0.00103605712953011,2.33173028291337,2.33016506454409,0
-5.65269244865036e-05,-4.61956347810648e-06,-2.33725828919904e-05,0.000909243780023256,-0.000879592758590761,2.33137979330906,2.33014366785052,0.07
-5.20383722573707e-05,-4.29972669502928e-06,-1.89660951504357e-05,0.00112958062068063,-0.000723083315320139,2.3310292289975,2.3301222639536,0.14
-4.75426846536862e-05,-3.97931006854825e-06,-1.45564788934641e-05,0.00134982312654203,-0.000566456786297308,2.33067847367697,2.33010084122316,0.21
-4.30334274219947e-05,-3.65778747210357e-06,-1.01410899109981e-05,0.00156986594300817,-0.000409613601336475,2.33032737182188,2.3300793833695,0.28
-3.85023544904952e-05,-3.33448113023223e-06,-5.71672926604382e-06,0.00178955227348903,-0.000252432603330479,2.32997574205149,2.33005787026002,0.35
-3.39395798742229e-05,-3.00857387645654e-06,-1.27981159038874e-06,0.00200866549432351,-9.47770264884251e-05,2.32962339051188,2.33003627873705,0.42
-2.93337504220682e-05,-2.67912148003853e-06,3.17346627532269e-06,0.00222692078366532,6.34995124531166e-05,2.32927012427822,2.33001458343792,0.49
-2.46722197812994e-05,-2.34506507266519e-06,7.64695616157041e-06,0.00244395677264379,0.000222547004871078,2.32891576478449,2.32999275761801,0.56
-1.99412240111711e-05,-2.00524371097239e-06,1.21443888261476e-05,0.00265932722970873,0.00038251301720869,2.32856016128801,2.32997077397773,0.63
-1.51260593264555e-05,-1.65840711517583e-06,1.66692034407261e-05,0.00287249279197872,0.000543536628560824,2.3282032043754,2.32994860549452,0.7
-1.02112624943541e-05,-1.30322862798717e-06,2.12243761669198e-05,0.00308287627918193,0.000705742333308651,2.32784483951571,2.3299262262608,0.77
-5.18079444398335e-06,-9.38318441365449e-07,2.58122476916511e-05,0.00329004512889958,0.000869233903540198,2.32748508066483,2.32990361232906,0.84
-1.82276766354456e-08,-5.6223714159374e-07,3.04343496095839e-05,0.00349351282581021,0.00103408820655123,2.32712402392308,2.32988074256486,0.91
5.29306191317245e-06,-1.73509625553445e-07,3.50912295645186e-05,0.00369266749082562,0.00120034897351189,2.32676186124536,2.32985759950886,0.98
1.07696981809168e-05,2.29360557028323e-07,3.97822750924662e-05,0.00388676413059857,0.00136802051640798,2.32639889420026,2.32983417024844,1.05
1.64281022073578e-05,6.47876379237852e-07,4.45055361466795e-05,0.00407491705224803,0.00153706139163127,2.32603554777054,2.32981044729987,1.12
2.22842834735252e-05,1.08353197359649e-06,4.92575463290729e-05,0.00425609247174709,0.00170737801009378,2.32567238418352,2.32978642950124,1.19
2.83536241109762e-05,1.53779667246821e-06,5.40331429035193e-05,0.00442916486829125,0.00187881819548674,2.32531011675502,2.32976212291657,1.26
3.46506556184964e-05,2.0120983954064e-06,5.88252857242529e-05,0.00459310064220569,0.00205116469429161,2.32494962372544,2.32973754175113,1.33
4.11888274604867e-05,2.50780632755206e-06,6.36248752772953e-05,0.00474676096997455,0.00222412864338401,2.32459196206054,2.32971270927769,1.4
4.79802669946997e-05,3.02621283477334e-06,6.84205701043674e-05,0.0048892131562921,0.00239734300355213,2.32423838118358,2.32968765877318,1.47
5.50355302181743e-05,3.56851456347387e-06,7.31986039572383e-05,0.0050208681171542,0.00257035596997968,2.3238902730797,2.32966243446491,1.54
6.23633428708913e-05,4.13579267594417e-06,7.79426031159067e-05,0.00514233161490532,0.00274262437372405,2.32354893168837,2.32963709248493,1.61
6.99703314964407e-05,4.72899217577439e-06,8.26334043964281e-05,0.00525401812576136,0.00291350709144998,2.32321550264346,2.32961170183108,1.68
7.78607441288309e-05,5.34890028225178e-06,8.72488744735513e-05,0.00535614620806843,0.00308225848416165,2.32289099627486,2.32958634533227,1.75
8.60361603547239e-05,5.99612381786727e-06,9.17637312496657e-05,0.00544873424441846,0.00324802188940862,2.32257630030938,2.32956112061571,1.82
9.44951905910178e-05,6.67106557907619e-06,9.61493681146908e-05,0.00553159654931648,0.00340982319542417,2.32227219223248,2.32953614107258,1.89
0.000103233164519458,7.37389966732945e-06,0.000100373682061575,0.00560433984172828,0.00356656452988523,2.32197935127665,2.32951153681871,1.96
0.000112241808733286,8.10454576518961e-06,0.000104400906748713,0.00566636008960277,0.00371701810045812,2.32169837000707,2.32948745564569,2.03
0.000121508913775882,8.86264235105301e-06,0.000108191451733826,0.00571683974138181,0.00385982022901063,2.32142976547831,2.3294640639577,2.1
0.000131017990888873,9.64751885570851e-06,0.000111701749243436,0.00575474536753245,0.00399346562632213,2.32117398993956,2.32944154768816,2.17
0.000140747918937193,1.04581667746956e-05,0.000114884109987732,0.00577882574327604,0.00411630195929656,2.32093144106856,2.32942011319004,2.24
0.000150672582141765,1.12932097621953e-05,0.000117686589682108,0.00578761041190928,0.0042265247680829,2.32070247171698,2.32939998809268,2.31
0.000160760499427012,1.21508727450787e-05,0.000120052868093834,0.00577940877641484,0.00432217279610792,2.32048739915198,2.32938142211725,2.38
0.000170974446380852,1.30289501097654e-05,0.000121922142594179,0.00575230977540699,0.00440112380182081,2.32028651378047,2.32936468784211,2.45
0.000181271071029442,1.39247730297455e-05,0.000123229038363104,0.00570418220784219,0.00446109092691959,2.32010008734394,2.3293500814087,2.52
0.000191600504847653,1.48351760180257e-05,0.000123903537564404,0.00563267577933171,0.00449961970196748,2.31992838057265,2.32933792315738,2.59
0.00020190597066003,1.57564628064307e-05,0.00012387092998319,0.00553522295126269,0.00451408577656822,2.31977165028895,2.32932855818209,2.66
0.000212123389335228,1.66843716726114e-05,0.000123051787794484,0.00540904168229803,0.00450169346766178,2.31963015594954,2.32932235679151,2.73
0.000222180987440287,1.76140403558512e-05,0.000121361967310551,0.00525113916008284,0.00445947522596478,2.31950416561701,2.3293197148636,2.8
0.000231998908299338,1.85399707243131e-05,0.00011871264073368,0.0050583166291609,0.00438429212710355,2.31939396135064,2.32932105407948,2.87
0.000241488829194608,1.945599337926e-05,0.000115010361121356,0.00482717542913841,0.00427283550053801,2.31929984400624,2.32932682202139,2.94
0.000250553587755569,2.0355232405995e-05,0.000110157163948679,0.00455412436494544,0.00412162981588385,2.31922213743425,2.3293374921188,3.01
0.000259086820904642,2.12300705069065e-05,0.000104050708828492,0.00423538853869782,0.0039270369527306,2.31916119206458,2.32935356342564,3.08
0.000266972620064806,2.20721147788499e-05,9.65844651222862e-05,0.00386701977995553,0.00368526198636461,2.31911738786588,2.32937556021042,3.15
0.000274085206684823,2.28721634254074e-05,8.76479453405845e-05,0.00344490881817772,0.0033923606280257,2.31909113666584,2.32940403134044,3.22
0.000280288632501615,2.36201737240907e-05,7.71269903915783e-05,0.00296479934776281,0.00304424846426811,2.31908288381799,2.32943954943997,3.29
0.000285436509335187,2.43052315993916e-05,6.4904110887032e-05,0.00242230414220783,0.00263671214570944,2.3190931091993,2.32948270980153,3.36
0.000289371773598997,2.49155231846016e-05,5.08588888537664e-05,0.0018129233794759,0.00216542268072506,2.3191223275217,2.3295341290285,3.43
0.00029192649110633,2.54383087885299e-05,3.4868444325992e-05,0.00113206534567239,0.00162595099461277,2.31917108793911,2.32959444338633,3.5
0.000292921708159676,2.5859899717542e-05,1.68079714049972e-05,0.000375069688395738,0.00101378591908976,2.31923997293039,2.32966430683879,3.57
0.000292167355324295,2.61656384385634e-05,-3.4486515346208e-06,-0.000462766605413035,0.000324354780810891,2.3193295964373,2.32974438874523,3.64
0.000289462210706789,2.63398826048862e-05,-2.6028172739001e-05,-0.00138616032964328,-0.000446953239291625,2.31944060123539,2.32983537119373,3.71
0.000284593929982242,2.63659935034828e-05,-5.10571942677307e-05,-0.0023998100981891,-0.00130476080174088,2.31957365551421,2.32993794594476,3.78
0.000277339150839131,2.62263295200455e-05,-7.86613106589949e-05,-0.00350836112354286,-0.00225367298374196,2.31972944864254,2.33005281095935,3.85
0.000267463679933911,2.59022452559482e-05,-0.000108964154247874,-0.00471636655596703,-0.00329824455792975,2.31990868609323,2.33018066648541,3.92
0.000254722770865963,2.53740969694097e-05,-0.000142086342357528,-0.00602824520646339,-0.004442943799347,2.32011208350119,2.33032221067563,3.99
0.000238861502097474,2.46212550514844e-05,-0.000178144321658247,-0.00744823548027597,-0.0056921126472757,2.32034035982797,2.3304781347104,4.06
0.000219615264142895,2.36221242854178e-05,-0.00021724910510415,-0.00898034535282199,-0.00704992305189547,2.32059422960545,2.33064911739891,4.13
0.000196710365740222,2.23541726754614e-05,-0.000259504897018422,-0.0106282982268183,-0.00852032934057715,2.32087439423146,2.33083581923248,4.2
0.000169864769085056,2.07939696679719e-05,-0.000305007602104771,-0.012395474518225,-0.0101070164450925,2.32118153229006,2.33103887586402,4.27
0.00013878896455308,1.89172346232878e-05,-0.000353843214423107,-0.0142848488294572,-0.0118133438394047,2.32151628886984,2.33125889098852,4.34
0.000103186995654448,1.66988964310177e-05,-0.000406086082684423,-0.0162989225814411,-0.0136422850479049,2.32187926385445,2.33149642860056,4.41
6.27576452474266e-05,1.41131651937724e-05,-0.000461797048599274,-0.0184396519915634,-0.0155963625965001,2.32227099916085,2.33175200460567,4.48
1.71957942819388e-05,1.11336169342618e-05,-0.000521021455457663,-0.0207083713026717,-0.0176775782936131,2.3226919649025,2.33202607776427,4.55
-3.38060354549451e-05,7.73329230827147e-06,-0.000583787024634125,-0.0231057111890112,-0.0198873387453932,2.32314254445686,2.33231903994842,4.62
-9.05559429728627e-05,3.88481032978892e-06,-0.000650101598303577,-0.0256315122888061,-0.022226376029342,2.32362301841954,2.33263120569415,4.69
-0.000153360702385032,-4.39501864932159e-07,-0.000719950747325977,-0.0282847338399893,-0.0246946634732386,2.32413354743039,2.3329628010343,4.76
-0.000222523598157561,-5.26746217169295e-06,-0.000793295244016121,-0.0310633574257304,-0.0272913265120006,2.3246741538611,2.33331395160013,4.83
-0.000298342029623676,-1.0626868537256e-05,-0.000870068400363814,-0.0339642858700215,-0.0300145486240487,2.32524470235824,2.33368466998307,4.9
-0.000381104873220163,-1.65453147839093e-05,-0.000950173273217345,-0.0369832373609292,-0.0328614723811532,2.32584487924098,2.33407484235185,4.97
-0.000471089591127684,-2.30499861812207e-05,-0.0010334797389889,-0.040114634920184,-0.0358280956815448,2.32647417075887,2.33448421432478,5.04
-0.000568559075324736,-3.0167433714836e-05,-0.00111982144159565,-0.0433514913830065,-0.0389091632759223,2.32713184022167,2.33491237610144,5.11
-0.000673758216499355,-3.79233260175279e-05,-0.00120899261861399,-0.0466852901014495,-0.042098053739509,2.32781690402106,2.33535874686368,5.18
-0.000786910187824342,-4.63421779523459e-05,-0.00130074481200867,-0.0501058616382962,-0.0453866620912145,2.32852810657237,2.33582255846156,5.25
-0.000908212434282878,-5.54470548712591e-05,-0.00139478347129812,-0.0536012567768857,-0.0487652783129471,2.32926389421398,2.33630283840659,5.32
-0.00103783235906714,-6.5259251616768e-05,-0.00149076445864742,-0.0571576162352277,-0.0522224620787783,2.3300223881125,2.33679839220148,5.39
-0.00117590269955183,-7.57979453897354e-05,-0.00158829046713643,-0.0607590375406424,-0.0557449140647906,2.33080135623302,2.33730778504375,5.46
-0.00132251658649132,-8.70798216738485e-05,-0.00168690736534134,-0.0643874395939604,-0.0593173442764358,2.33159818444624,2.33782932294874,5.53
-0.00147772228141438,-9.91186724882508e-05,-0.00178610048339472,-0.0680224255302048,-0.0629223379010978,2.33240984685769,2.33836103334683,5.6
-0.00164151758869893,-0.000111924966335173,-0.00188529085785502,-0.0716411445657138,-0.066540219269426,2.33323287545903,2.33890064521962,5.67
-0.00181384394052565,-0.000125505389319421,-0.0019838314550241,-0.075218153609931,-0.070148914589995,2.33406332921663,2.3394455688502,5.74
-0.00199458015482709,-0.000139862357043784,-0.0020810033948018,-0.0787252795136201,-0.07372381420804,2.33489676273013,2.33999287527449,5.81
-0.00218353586851045,-0.00015499349702875,-0.00217601219976047,-0.082131482924017,-0.0772376352303817,2.33572819461114,2.34053927553213,5.88
-0.00238044465060794,-0.000170891101567469,-0.00226798409686074,-0.0854027248215944,-0.0806602854553762,2.33655207575179,2.34108109982891,5.95
-0.00258495680265631,-0.000187541551110357,-0.0023559624021105,-0.088501836921879,-0.0839587296482909,2.33736225767322,2.34161427673624,6.02
-0.00279663185650648,-0.000204924708476054,-0.0024389040214905,-0.0913883972410745,-0.0870968593102751,2.33815196116558,2.34213431256738,6.09
-0.00301493078293623,-0.00022301328441229,-0.00251567610462874,-0.094018612242132,-0.0900353672002939,2.33891374545415,2.3426362710861,6.16
-0.00323920792790152,-0.000241772175277696,-0.00258505289099897,-0.0963452071029191,-0.092731627987207,2.33963947815016,2.34311475371885,6.23
-0.00346870269702372,-0.000261157773889121,-0.00264571279183768,-0.098317325776073,-0.095139586530716,2.34032030626997,2.34356388045886,6.3
-0.00370253101296932,-0.000281117254876411,-0.00269623575451169,-0.09988044264292,-0.0972096554163799,2.34094662863284,2.343977271668,6.37
-0.00393967657476502,-0.000301587836211287,-0.00273510095972107,-0.100976287700158,-0.0988886235006272,2.34150806997477,2.34434803100056,6.44
-0.00417898195279585,-0.000322496018928073,-0.0027606849056751,-0.101542787357911,-0.100119577356149,2.34199345714462,2.34466872969226,6.51
-0.0044191395582764,-0.000343756807433995,-0.00277125993720581,-0.101514023070081,-0.100841837645993,2.34239079777786,2.34493139247742,6.58
-0.0046586825313625,-0.000365272913214957,-0.00276499328171187,-0.100820210163161,-0.100990912596052,2.34268726187413,2.34512748541738,6.65
-0.00489597559779538,-0.00038693394518125,-0.00273994665777124,-0.0993876993757165,-0.100498470878535,2.34286916673568,2.34524790594439,6.72
-0.00512920595003955,-0.000408615590366022,-0.00269407652628399,-0.0971390037681856,-0.0992923363645575,2.34292196575561,2.34528297544607,6.79
-0.00535637421529539,-0.000430178789188924,-0.00262523505800602,-0.0939928538096226,-0.0972965073500946,2.34283024157776,2.34522243473752,6.86
-0.00557528557953114,-0.000451468910027795,-0.00253117189535459,-0.0898642835942333,-0.0944312030059532,2.34257770418238,2.34505544279001,6.93
-0.0057835411437882,-0.000472314928403379,-0.00240953679032541,-0.0846647512842874,-0.0906129399476429,2.34214719448528,2.34477057910703,7
-0.00597852959646398,-0.000492528616675483,-0.00225788320427384,-0.0783022970169782,-0.0857546419656551,2.34152069407135,2.34435585016114,7.07
-0.00615741929304806,-0.000511903750773724,-0.00207367295910495,-0.0706817416484681,-0.0797657860968652,2.34067934171621,2.34379870032661,7.14
-0.00631715084288075,-0.000530215341141219,-0.00185428203308135,-0.0617049298386377,-0.0725525883545645,2.33960345738258,2.34308602776493,7.21
-0.00645443031090172,-0.000547218895755856,-0.00159700759794653,-0.0512710211024096,-0.0640182325661488,2.33827257441026,2.34220420574165,7.28
-0.00656572315102395,-0.000562649723808103,-0.00129907639732631,-0.0392768325664791,-0.0540631458910572,2.33666548064917,2.34113910987369,7.35
-0.00664724899671394,-0.000576222289358168,-0.000957654569357313,-0.0256172372727054,-0.0425853247070211,2.3347602693156,2.33987615182623,7.42
-0.00669497744350895,-0.000587629625063384,-0.000569859019177537,-0.0101856219575636,-0.0294807146573866,2.33253440037943,2.3384003199974,7.49
-0.00670462496757652,-0.000596542816862598,-0.000132770449204722,0.00712559168823113,-0.0146436487445759,2.32996477331705,2.33669622774635,7.56
-0.00667165313394091,-0.000602610571319331,0.000356551843001136,0.0264243582203538,0.00203265256747198,2.32702781208844,2.3347481697366,7.63
-0.00659126825763042,-0.000605458878161175,0.00090105328812897,0.0478183480056418,0.020655515217916,2.32369956321824,2.3325401869806,7.7
-0.00645842269071894,-0.000604690781406713,0.0015036653777935,0.0714142110407668,0.0413321753151642,2.31995580787876,2.33005614118377,7.77
-0.00626781791794873,-0.000599886273335049,0.0021672848943525,0.0973167609260045,0.0641690687173625,2.3157721888871,2.32727979899573,7.84
-0.00601390965327177,-0.000590602326426049,0.00289475092629805,0.125628074934974,0.0892710423462115,2.31112435353849,2.32419492678309,7.91
-0.00569091513923095,-0.000576373079280113,0.00368881955894448,0.156446506191363,0.116740483181425,2.30598811320338,2.32078539654208,7.98
-0.00529282286041585,-0.000556710193398618,0.00455213613237883,0.18986560406837,0.14667636094623,2.30033962061527,2.31703530356893,8.05
-0.00481340489132792,-0.000531103398578026,0.00548720496182527,0.22597293907001,0.179173180587906,2.29415556576997,2.31292909650181,8.12
-0.00424623210767738,-0.000499021245525853,0.00649635641978032,0.264848828635887,0.214319840787885,2.28741339134402,2.3084517203399,8.19
-0.00358469249837143,-0.000459912085139184,0.00758171128470262,0.306564960540407,0.252198394907308,2.28009152851912,2.30358877303107,8.26
-0.00282201282309771,-0.000413205294695895,0.0087451422676538,0.351182910833867,0.292882710987289,2.27216965407097,2.29832667620118,8.33
-0.00195128386735574,-0.000358312771971862,0.00998823263633168,0.398752553603618,0.336437027686296,2.26362896954262,2.29265286057259,8.4
-0.000965489552908676,-0.000294630719024457,0.0113122318653589,0.449310360217314,0.382914403347498,2.25445250327534,2.28655596658844,8.47
0.000142459833192192,-0.000221541738043658,0.0127180082527923,0.5028775861593,0.432355055758071,2.2446254360114,2.28002606072016,8.54
0.00137969002386776,-0.000138417262266094,0.0142059984555273,0.559458344081477,0.484784590589686,2.23413545071349,2.27305486788999,8.61
0.00275332050155782,-4.46203454709734e-05,0.0157761539108228,0.619037562270672,0.540212116997399,2.22297310716351,2.26563602038553,8.68
0.00427041730078931,6.04911660078924e-05,0.0174278841276467,0.681578828388711,0.598628249413953,2.21113224180744,2.25776532358009,8.75
0.00593794061271613,0.000177561054500088,0.0191599968500712,0.74702211907385,0.660002995205228,2.19861039320376,2.24944103869979,8.82
0.00776268692265374,0.000307230720991156,0.0209706351155586,0.815281416804477,0.724283528556471,2.18540925330778,2.2406641827957,8.89
0.00975122541574474,0.000450134719386228,0.0228572112540161,0.886242216329328,0.791391851748401,2.17153514468227,2.23143884598503,8.96
0.0119098283921263,0.00060689581062355,0.0248163378988032,0.959758923956782,0.861222345849951,2.15699952356751,2.22177252592094,9.03
0.0142443954416736,0.000778119512488112,0.0268437561087299,1.03565215408494,0.93363921381656,2.14181950856625,2.21167647933277,9.1
0.0167603711397694,0.000964388121427625,0.0289342607306178,1.11370592853753,1.00847382003468,2.12601843450359,2.2011660903487,9.17
0.0194626560397704,0.00116625418332666,0.0310816231651991,1.19366478556051,1.08552193150589,2.10962643080603,2.1902612551696,9.24
0.0223555107552753,0.00138423339109547,0.0332785117352308,1.27523080672872,1.1645408671142,2.09268102350651,2.17898678250523,9.31
0.0254424529459622,0.00161879688805258,0.0355164098936943,1.35806057151727,1.2452465627783,2.0752277597236,2.16737280901208,9.38
0.0287261470453273,0.00187036295750347,0.0377855325520237,1.44176205091114,1.32731056175633,2.05732085318051,2.1554552287846,9.45
0.0322082865969899,0.00213928808060714,0.0400747408534764,1.525891453161,1.41035694094867,2.03902384902391,2.14327613574864,9.52
0.0358894690986884,0.00242585734665067,0.0423714557650993,1.60995003664566,1.49395918573546,2.02041030587249,2.13088427758634,9.59
0.0397690632902664,0.00273027420220094,0.0446615709133574,1.69338522603436,1.57764153751074,2.00156449266888,2.11833551958521,9.66
0.0438451323822785,0.00305264952834218,0.046929428661896,1.77562126760092,1.66090706164116,1.98258216104565,2.10569331655079,9.73
0.0481146038052141,0.00339299003830529,0.0491581140432741,1.85613017918416,1.74329385120982,1.96357119943354,2.09302906361366,9.8
0.0525734949966108,0.00375118599134359,0.0513301306580498,1.93446330054588,1.82439167438633,1.94465070433242,2.08042181536214,9.87
0.0572170683046407,0.00412699822267496,0.0534283321445329,2.01026309126979,1.9038329299583,1.92594827408366,2.06795679891482,9.94
0.0620397881219526,0.00452004449375488,0.0554365382134377,2.08323925007773,1.98128409634541,1.90759367858518,2.05572144755915,10.01
0.067035461541668,0.00492978517208303,0.0573395818229019,2.153143342304,2.05645280556798,1.88971328290427,2.04380155599242,10.08
0.0721973721901105,0.0053555082551999,0.0591232327398632,2.21976290786329,2.12908120928005,1.87242972969259,2.03228092033894,10.15
0.077518216915856,0.00579631375953981,0.0607741251033296,2.28291670236633,2.19894057490298,1.85586154003424,2.02124090263885,10.22
0.082990226702539,0.00625109750136355,0.0622797530508985,2.34244879284415,2.26582559727776,1.84012256453632,2.01075978958064,10.29
0.0886052815274964,0.00671853430418826,0.0636286619549034,2.39822627891422,2.3295518645878,1.82532140718618,2.00091232349208,10.36
0.0943548289060099,0.00719706067488778,0.0648104546325453,2.45013848571666,2.389955025468,1.81156056356541,1.99176908501594,10.43
0.100229987542246,0.0076849205176085,0.0658157400035271,2.49809356850459,2.44688810729556,1.79893558687997,1.98339604221886,10.5
0.106221645856611,0.008180400981825,0.0666360881102606,2.54201138979603,2.50021546749962,1.78753465901649,1.97585407289052,10.57
0.112320365171864,0.00868187739885887,0.0672640553773808,2.58181635670523,2.54980782982453,1.77743824539341,1.96919845752225,10.64
0.118516469016884,0.00918779440888642,0.0676934709872545,2.61744133729602,2.59553663223093,1.76871921135919,1.96347897583312,10.71
0.124800191870283,0.00969664685899473,0.0679197305792281,2.64883922881132,2.63727734621073,1.76144079281135,1.9587385086252,10.78
0.131161760674627,0.010206960531683,0.0679398434319072,2.67599493915372,2.67493244350625,1.75565248179066,1.9550100160425,10.85
0.137591282455889,0.0107172727612943,0.0677524238591269,2.69893403574314,2.70844835335222,1.75138839799968,1.95231532061864,10.92
0.144078819532422,0.011226112994685,0.067357626933728,2.7177255850498,2.7378194268127,1.7486676362221,1.95066537627239,10.99
0.150614525652978,0.0117319833519994,0.0667569015552394,2.73248076977273,2.76308640541372,1.74749506389575,1.95006068852844,11.06
0.157188779923114,0.0122333392437174,0.0659529419683307,2.74334397807806,2.78432952133566,1.74786199643947,1.95049163146951,11.13
0.163792318894392,0.0127285701011844,0.0649496471214912,2.75049020775263,2.801665247284,1.74974725829262,1.95193936010202,11.2
0.17041636718219,0.0132159802796106,0.0637518972079705,2.75411893441703,2.815240087077,1.75311831239868,1.95437661979289,11.27
0.177052703445833,0.013693770195044,0.0623655283529554,2.75444926457439,2.82522610292001,1.75793239541437,1.95776858052731,11.34
0.183693535028008,0.0141600812785759,0.0607973782240719,2.75171801740522,2.8318153154788,1.76413778691415,1.96207395109517,11.41
0.190331562678704,0.0146132318531162,0.0590552753055064,2.74617761456308,2.83521297023015,1.77167445198922,1.967245231193,11.48
0.196960108623221,0.0150517628909586,0.0571478445381143,2.73809129173573,2.83563709447991,1.78047342402367,1.97322829356933,11.55
0.203573181214567,0.0154744207529777,0.0550844466211142,2.72772638460581,2.83331252278646,1.79045715308685,1.97996288598879,11.62
0.2101653493873,0.0158801404836863,0.0528749965728467,2.71534726718335,2.82846865622036,1.80154012386519,1.98738316581599,11.69
0.216731808253077,0.0162680297100395,0.0505299152691503,2.70121498292233,2.82133681820313,1.81363076238096,1.99541890469679,11.76
0.223268445488912,0.016637353184673,0.0480599595076855,2.68558256984459,2.81214776986521,1.82663266567118,2.00399634954266,11.83
0.229771718145291,0.0169875180076846,0.045476184276236,2.66869261215908,2.80112982075271,1.8404462377234,2.01303956822966,11.9
0.236238657624238,0.0173180595550695,0.0427897827411568,2.65077656411936,2.78850638276731,1.85497035422096,2.02247171114784,11.97
0.242666748888268,0.0176286281365042,0.0400120576098012,2.63205348669298,2.77449302217209,1.87010348821615,2.0322161279681,12.04
0.24905393808818,0.01791897640026,0.0371542693663917,2.61272863285936,2.75929641487094,1.88574468168941,2.04219721551149,12.11
0.255398514631449,0.0181889474986618,0.034227615025654,2.59299136504855,2.74311322767921,1.90179455741296,2.05234119019222,12.18
0.261699185362795,0.0184384640235893,0.0312430829011076,2.57301595394862,2.72612904475247,1.91815650199728,2.06257685142934,12.25
0.26795515036614,0.0186675177180702,0.0282114370362785,2.55296086868194,2.70851720464856,1.93473757927067,2.0728362753156,12.32
0.274165989881154,0.0188761599669783,0.0251430768060844,2.53296718689858,2.69043836669769,1.95144917766804,2.08305531421581,12.39
0.280331679958219,0.0190644930672186,0.0220480253531423,2.51316132727583,2.67204124470737,1.96820777627784,2.0931742224725,12.46
0.286452482793631,0.0192326622754903,0.0189357923886433,2.49365619180778,2.65346005557796,1.9849354518084,2.10313802954871,12.53
0.292528965820701,0.0193808486297784,0.0158154285692807,2.47455261861519,2.63481198014044,2.00155987557919,2.11289653584545,12.6
0.298561895472595,0.0195092625390897,0.0126956440504162,2.45594050577847,2.61619831519147,2.01801361295146,2.12240399680732,12.67
0.304552259670019,0.0196181381345691,0.00958492735128826,2.43789928475098,2.59770639040072,2.03423368073686,2.13161875130553,12.74
0.310501164930329,0.0197077283740172,0.00649166419954705,2.42049786696058,2.57941180158805,2.05016111108284,2.14050292308117,12.81
0.316409862135138,0.0197783008909099,0.00342419251234265,2.40379367946148,2.56137847980596,2.06574090534906,2.14902238739383,12.88
0.322279646840022,0.0198301345783185,0.000390666156985334,2.38783307368265,2.5436610396421,2.0809219355928,2.15714687728234,12.95
0.328111888153348,0.0198635168975398,-0.00260095523313146,2.37265024674859,2.52630686354969,2.09565717687124,2.16485029425596,13.02
0.333907932060598,0.0198787419008313,-0.00554304477210234,2.35826854824228,2.50935633214825,2.10990439934456,2.17211090697497,13.09
0.339669133216696,0.0198761089573053,-0.00842832139297581,2.34470023295046,2.49284107165039,2.12362655974552,2.17891169298809,13.16
0.345396761080769,0.0198559221707871,-0.0112499918417795,2.33194624666614,2.47678199540513,2.13679221141512,2.18524050676024,13.23
0.351092097934895,0.0198184904782251,-0.0140017042780835,2.31999775958243,2.46118993318016,2.14937548968361,2.19109013815671,13.3
0.356756538182293,0.0197641284170716,-0.0166774407783545,2.30883798630614,2.44606719589993,2.16135605490687,2.19645819832797,13.37
0.362391498319882,0.0196931575498474,-0.0192714760218785,2.29844473744557,2.43141121875075,2.17271924821806,2.20134715086286,13.44
0.367998455125255,0.019605908533899,-0.0217785294259159,2.28879332228506,2.41721869457838,2.18345607965769,2.20576423422731,13.51
0.373578857929733,0.0195027238240748,-0.024193793354708,2.2798559287438,2.40348721227951,2.19356317627795,2.2097214659505,13.58
0.379134168995889,0.0193839609957089,-0.026513091677501,2.27160141971197,2.39021471789502,2.20304262704557,2.21323515661592,13.65
0.384665777869939,0.0192499966748334,-0.0287328512652046,2.26399694423283,2.3774006096118,2.21190134356189,2.21632506023969,13.72
0.390175043727916,0.0191012310619673,-0.0308500771405517,2.25700907804077,2.36504541785537,2.22015031763531,2.21901347801203,13.79
0.39566321158831,0.0189380930351064,-0.0328624584551935,2.2506043676626,2.35314760957229,2.22780396600348,2.22132444169239,13.86
0.401131456413995,0.0187610458166203,-0.0347680972589806,2.24475023213057,2.3417019629989,2.23487975234556,2.22328329340558,13.93
0.406580800981626,0.0185705931876825,-0.0365653682994167,2.23941609653924,2.33069995761462,2.24139789548229,2.22491678796292,14
0.412012225066845,0.018367286232536,-0.0382528464059685,2.23457482219914,2.32013148077282,2.24738109958146,2.22625308155687,14.07
0.417426775350083,0.018151730593355,-0.0398292380031261,2.23020310065451,2.30998677150807,2.25285430560008,2.22732166932786,14.14
0.422825485449332,0.0179245942146502,-0.0412933803254568,2.22628024093037,2.300258220782,2.25784446309928,2.22815333424926,14.21
0.428209423633132,0.017686615554093,-0.0426444354210474,2.22278763757132,2.29094183797259,2.26238025796477,2.22877997916983,14.28
0.43357961409998,0.0174386122342434,-0.0438818978752489,2.21970936489396,2.28203895555424,2.26649160445151,2.22923402324869,14.35
0.438937085858033,0.0171814901069884,-0.0450056068421871,2.21702945186164,2.27355575840631,2.27020909101847,2.22954780620062,14.42
0.444282795091684,0.0169162526994701,-0.0460159529588015,2.21473231709493,2.26549955788736,2.2735635058537,2.22975268152723,14.49
0.44961767505036,0.0166440110069213,-0.0469138990350777,2.21280268054953,2.25787632027797,2.27658556796425,2.22987855972958,14.56
0.454942559348712,0.0163659935941013,-0.0477009415425263,2.2112250159744,2.25069002099582,2.27930554506647,2.22995383679165,14.63
0.460258232717193,0.0160835569629249,-0.0483790128644187,2.20998521251408,2.24394299861905,2.28175307470104,2.23000538920262,14.7
0.465565355096852,0.0157981961393989,-0.0489501972143908,2.20907127010992,2.23763711800844,2.28395706038345,2.23005857091723,14.77
0.470864576641516,0.0155115554281002,-0.0494167047811501,2.20847296571555,2.23177523428401,2.28594557814229,2.23013721123006,14.84
0.476156653045925,0.0152253757586308,-0.049781104020036,2.20818068134132,2.22636308461243,2.28774579234457,2.23026354907879,14.91
0.481442370618744,0.0149412515246811,-0.0500463673761081,2.20818415654706,2.22140811416611,2.28938381622005,2.23045791231333,14.98
0.486722598664735,0.0146605779620096,-0.0502158573776022,2.20847389705388,2.21691930122777,2.29088438901316,2.23073833164067,15.05
0.491998215071698,0.0143845619678708,-0.0502933165050866,2.20904136522772,2.21290512282483,2.29227074988036,2.23112021551039,15.12
0.497270159143614,0.0141142327901307,-0.0502827971897279,2.20987763520226,2.20936966056387,2.2935645805541,2.23161633932967,15.19
0.502539357572113,0.013850452540005,-0.0501884047614185,2.21097216445693,2.20631072099701,2.29478601588783,2.23223714842076,15.26
0.507806777585013,0.0135939264891282,-0.0500142343050864,2.21231390534607,2.20372098667248,2.2959539120114,2.23299112015784,15.33
0.51307335316221,0.0133452131180332,-0.0497643742320814,2.21389240678865,2.20158914905705,2.2970861172536,2.23388518488317,15.4
0.518340038356587,0.0131047338890955,-0.0494429128920402,2.21569820782911,2.19990146823132,2.29819955455601,2.23492533231346,15.47
0.523607733609945,0.0128727827226004,-0.0490539480693568,2.21772296809454,2.19864464903866,2.29931043229,2.23611695853921,15.54
0.528877339102134,0.0126495351598058,-0.0486015992084062,2.21995997069323,2.19780774752598,2.30043426523795,2.23746488986775,15.61
0.534149681024655,0.0124350572017439,-0.0480900222112595,2.22240404509148,2.19738247298614,2.30158583215792,2.23897327385986,15.68
0.539425564818958,0.0122293138170152,-0.0475234266508048,2.22505002096589,2.19736277527619,2.30277906934073,2.24064527385821,15.75
0.544705701273564,0.0120321771160036,-0.0469060952407764,2.22789193638603,2.19774333661909,2.30402677255989,2.24248294796254,15.82
0.549990759523824,0.0118434341927976,-0.0462424054021379,2.23092185719649,2.1985163964622,2.30534048799618,2.24448718529479,15.89
0.555281292852842,0.0116627946396421,-0.0455367892439439,2.23413027690683,2.19967033961561,2.30673052813149,2.24665769947622,15.96
0.560577791342591,0.0114898977419858,-0.0447935047550707,2.23750682701909,2.20119004797485,2.30820617569026,2.24899326983809,16.03
0.565880607279733,0.0113243193651453,-0.0440165991504667,2.24104199685421,2.20305857163883,2.30977575764153,2.25149203981981,16.1
0.571190070890534,0.0111655785462932,-0.0432099371728466,2.24472827529874,2.20525929424793,2.31144684298157,2.25415180908064,16.17
0.57650660583515,0.0110131438078881,-0.042377230676875,2.2485591903826,2.20777795798907,2.31322624638586,2.25697025587542,16.24
0.581830653892414,0.0108664392108398,-0.0415220693483758,2.25252681864677,2.21060315148102,2.31511996447881,2.25994477218396,16.31
0.587162726412054,0.0107248501676249,-0.0406479524169012,2.25662138511917,2.21372449885778,2.31713310798066,2.26307184816539,16.38
0.592503328443089,0.0105877290372659,-0.0397583212246521,2.26083162031413,2.21713325086693,2.31926976598483,2.26634676826274,16.45
0.597853009593494,0.01045440052556,-0.0388565925181868,2.26514523944072,2.22082102263386,2.32153267513468,2.26976323798245,16.52
0.60321228752746,0.0103241669152081,-0.037946192331552,2.26954821035736,2.22477693250738,2.32392313817576,2.27331325912358,16.59
0.608581698153898,0.0101963131515438,-0.0370305903304035,2.27402477981967,2.22898542899124,2.3264411917796,2.27698731721571,16.66
0.613961718412026,0.0100701118104226,-0.0361132709678126,2.27855927485252,2.23342715637499,2.32908564247735,2.28077469091372,16.73
0.619352815708211,0.00994482797549221,-0.0351975142826678,2.28313783779808,2.23808082705911,2.33185428829409,2.28466394722871,16.8
0.62475536991149,0.0098197240525331,-0.034286367320383,2.28774799951514,2.2429239416703,2.33474413557246,2.28864324188918,16.87
0.630169721964522,0.00969406454885026,-0.0333826790140475,2.29237964829751,2.24793483499596,2.33775135699406,2.2927005523035,16.94
0.635596095021112,0.00956712084579431,-0.0324891348911526,2.29702567998062,2.25309484173053,2.34087124498695,2.29682384357356,17.01
0.641034642171903,0.00943817599241287,-0.0316082914971002,2.30168156739525,2.25838880432704,2.34409835122109,2.30100097746108,17.08
0.646485366675324,0.00930652954797014,-0.0307426104329219,2.30634384944203,2.26380373310646,2.34742643125908,2.30521955532151,17.15
0.651948232281097,0.00917150250062751,-0.0298944283910468,2.31100989015383,2.26932669902586,2.3508483216072,2.30946682250613,17.22
0.657423273089886,0.00903244228894904,-0.029065736058451,2.31567592250919,2.27494170553972,2.35435581292409,2.3137298252609,17.29
0.662910512394241,0.00888872795207692,-0.028258146910655,2.32033591785058,2.28062858895592,2.35793951966087,2.31799556653334,17.36
0.668410008092637,0.0087397754334154,-0.0274729287838603,2.32498299605788,2.2863642019771,2.36158880996484,2.32225097062427,17.43
0.673921770601355,0.00858504306145323,-0.026711034645017,2.32961267799453,2.29212511896605,2.36529192324208,2.32648303829139,17.5
0.679445807336599,0.00842403722995042,-0.0259731325113059,2.33422302602324,2.29789046639287,2.36903583115362,2.33067900224619,17.57
0.684982039692093,0.00825631829809591,-0.0252596344825269,2.33881097405747,2.3036425291533,2.37280590601292,2.33482622946485,17.64
0.690530346586475,0.00808150672941201,-0.0245707248607533,2.34337215187536,2.30936761077225,2.3765859687497,2.33891199783701,17.71
0.696090480509137,0.00789928948611882,-0.0239063873413594,2.34790210770327,2.31505695760671,2.38035814533124,2.34292302059867,17.78
0.701662173662251,0.00770942669338696,-0.0232664312682391,2.35239746830121,2.32070469867505,2.38410246873923,2.34684497311074,17.85
0.70724524365218,0.00751175858536202,-0.0226505169536574,2.35685322560194,2.32630292849656,2.38779667181627,2.35066227656699,17.92
0.712839508184256,0.00730621274206146,-0.0220581800698444,2.36126046930848,2.3318378713445,2.39141610822554,2.35435801214157,17.99
0.71844482636101,0.00709281162318613,-0.0214888551251244,2.36560748750724,2.3372915100158,2.39493386589123,2.35791409320736,18.06
0.724061012516471,0.006871680401558,-0.0209418980421227,2.36988188544408,2.34264391574352,2.39832069274726,2.36131144219489,18.13
0.729687876666511,0.00664305509527873,-0.0204166078594655,2.37407143622966,2.34787551770133,2.4015448628574,2.36452991870583,18.2
0.735325137507998,0.00640729099378684,-0.0199122475813719,2.37816353690397,2.35296886821582,2.4045720475411,2.36754819016417,18.27
0.740972462048608,0.0061648713687661,-0.0194280642017296,2.3821451123664,2.35790965034703,2.40736519271481,2.37034360929199,18.34
0.746629377803708,0.00591641645630723,-0.0189633079306071,2.38600093505993,2.36268616627349,2.40988440375798,2.37289203570516,18.41
0.752295375166131,0.00566269269184944,-0.0185172506517844,2.38971347332549,2.36728781517898,2.41208677579808,2.3751674119375,18.48
0.757970009410665,0.00540462217420502,-0.0180892036397546,2.39325994974889,2.37170021091115,2.41392604389909,2.37714134889035,18.55
0.76365281179646,0.00514329232939688,-0.017678534563838,2.39661073889058,2.37590043336561,2.41535243590203,2.37878297577729,18.62
0.769343327377458,0.00487996573910575,-0.0172846838055445,2.3997282160174,2.37985527250727,2.41631266616309,2.38005892860978,18.69
0.775041025464412,0.00461609009222105,-0.0169071801131841,2.40257031371331,2.3835237362839,2.41675013560475,2.38093360543749,18.76
0.780745336830459,0.00435324469279584,-0.0165456556149498,2.40509446852128,2.38686147349652,2.41660489547987,2.381369435539,18.83
0.786455563606163,0.00409289643253528,-0.0161998602083386,2.40725706826854,2.38982273038301,2.41581337700593,2.38132690984411,18.9
0.792170915960384,0.00383634628029082,-0.0158696753398424,2.40900986262667,2.39236130351865,2.41430839730412,2.38076456457478,18.97
0.79789042151924,0.00358473919595841,-0.0155551271843471,2.41030146896205,2.39443201521579,2.41201944406572,2.37963898312922,19.04
0.803612961627932,0.00333907390061684,-0.0152563992286777,2.41107832215753,2.39599137928519,2.40887279687504,2.37790475427077,19.11
0.809337180418171,0.00310021245920973,-0.0149738442582139,2.41128545146887,2.39699612498771,2.40479155139365,2.3755141977209,19.18
0.815061584317025,0.00286888963764702,-0.0147079957395029,2.41086753108198,2.39740085121336,2.39969554921556,2.37241717648136,19.25
0.820784641492658,0.00264572200141321,-0.0144595150668364,2.40976893608893,2.39715500310741,2.39350172447272,2.36856144233354,19.32
0.826504690737705,0.00243121672762017,-0.0142289476157578,2.40793394932429,2.39620311104093,2.38612429857698,2.36389307179377,19.39
0.832219977441828,0.00222578010695339,-0.0140166686909548,2.40530680358757,2.39448676940676,2.37747469922578,2.3583566134022,19.46
0.837928562642468,0.00202972571612411,-0.0138228923110568,2.40183086267174,2.3919453719719,2.36746146101561,2.35189501191773,19.53
0.843628359295307,0.00184328224529607,-0.0136476792974598,2.39744656221668,2.38851643174823,2.35599030159487,2.34444975616249,19.6
0.849317041764038,0.00166660096848409,-0.0134910081774937,2.39209198718918,2.38413669454118,2.34296469443371,2.33596112565228,19.67
0.854992146202144,0.00149976284815999,-0.0133530359361949,2.38570094325562,2.37874347688402,2.32828643365297,2.32636853824142,19.74
0.860651171359134,0.00134278526825888,-0.0132341675047374,2.37820347886388,2.37227464279728,2.31185644866086,2.31561112809271,19.81
0.866291489348929,0.00119562839245431,-0.0131350610161364,2.36952625629442,2.36466658657662,2.29357568177974,2.30362817516686,19.88
0.871910384068892,0.00105820114700217,-0.0130566323312765,2.35959245675173,2.35585200250918,2.27334577855865,2.29035951558491,19.95
0.877504963295335,0.000930366829630259,-0.0130000588101529,2.34832281025456,2.34575890488214,2.2510697215801,2.275745998694,20.02
0.883072198633637,0.000811948347912274,-0.0129667187748769,2.33563768972761,2.33431191715141,2.22665234798611,2.2597299931266,20.09
0.888608839358892,0.000702733092299848,-0.0129579395829287,2.32145836674677,2.32143468967212,2.20000107201109,2.24225588058531,20.16
0.894111454337106,0.000602477450533505,-0.0129749988893504,2.30570470066847,2.30705109866327,2.17102656206905,2.22327041250989,20.23
0.899576348076494,0.000510910971504795,-0.0130193790472911,2.28829491730608,2.29108637264177,2.13964375703063,2.20272337637325,20.3
0.90499960511426,0.000427740187828133,-0.013092829966961,2.26914728965399,2.27346922903505,2.10577328860682,2.18056857363177,20.37
0.910377008805328,0.000352652107405099,-0.0131973674131369,2.24818188172766,2.25413343584503,2.06934299547921,2.15676460308913,20.44
0.915704152255374,0.000285317385142812,-0.0133352701930635,2.22532280325335,2.23301670495932,2.03028927811833,2.13127545142947,20.51
0.920976551002574,0.000225393186736831,-0.0135090761579386,2.20049996194279,2.21005888871464,1.98855848758629,2.10407140064178,20.58
0.926189567059775,0.000172525757048917,-0.0137215134126598,2.17365057030851,2.18520189580168,1.94410835073974,2.0751302537027,20.65
0.93133846208105,0.000126352706133673,-0.0139752396004509,2.14471990153301,2.15839101121145,1.89690924331236,2.04443837149402,20.72
0.936418325755,8.65050263750294e-05,-0.0142727702712727,2.11366078863229,2.12957666965147,1.84694550303636,2.01199152179462,20.79
0.941424133679906,5.26088545371639e-05,-0.0146165327145678,2.08043326640929,2.09871751024549,1.79421691095946,1.97779598549046,20.86
0.946350680833436,2.42869927784733e-05,-0.015009108678692,2.0450048026274,2.06578274531342,1.7387405956202,1.94186979312029,20.93
0.951192708421392,1.1602028681966e-06,-0.0154532847718626,2.0073505482586,2.03075378127323,1.68055336007689,1.90424409150945,21
0.955945033747522,-1.71517120271076e-05,-0.0159520374829545,1.96745405267417,1.99362528338407,1.61971417704901,1.86496476683332,21.07
0.960602492748427,-3.10290235407642e-05,-0.0165085162345498,1.92530920694277,1.95440530392087,1.55630672371519,1.82409387828292,21.14
0.965160012984028,-4.08513778030019e-05,-0.0171260243549148,1.8809233523319,1.91311523620576,1.49044169983076,1.78171083705702,21.21
0.969612563205896,-4.69972641501221e-05,-0.0178079978489912,1.83431939459654,1.86978921307783,1.42225905299746,1.73791370941855,21.28
0.973955233771123,-4.98436383795526e-05,-0.0185579818426505,1.78553838468705,1.82447529917594,1.35193067851957,1.69282102189218,21.35
0.978183194018907,-4.97656861286402e-05,-0.0193796045694087,1.73464313665404,1.77723968257682,1.27966308034663,1.64657355670555,21.42
0.982291780871302,-4.71367120132553e-05,-0.0202765487646565,1.68172034042199,1.72817075152338,1.20570005005454,1.59933632350163,21.49
0.986276464767622,-4.23281402273434e-05,-0.0212525203293174,1.62687913443154,1.67738203739858,1.13032541949531,1.5513003208328,21.56
0.990133010702987,-3.57096123768737e-05,-0.0223112776412762,1.57025255022623,1.62501370296461,1.05386581428909,1.50268401761858,21.63
0.99385764398709,-2.76491683919755e-05,-0.0234568484102301,1.51200087203706,1.57123511227213,0.976693270286222,1.45373480135226,21.7
0.99744703032796,-1.85134964285706e-05,-0.0246935528202011,1.45231411145915,1.51624422114064,0.899228018127642,1.40473044823971,21.77
1.00089838797729,-8.66823773173161e-06,-0.0260258963246029,1.39141371813271,1.46026657657401,0.821923573003359,1.35596904546256,21.84
1.00420947798967,1.52166751616299e-06,-0.0274582684113696,1.32955326510235,1.4035546797956,0.745199242021548,1.30772429782106,21.91
1.00737872677577,1.16916072997949e-05,-0.0289948917979785,1.26701790985468,1.34638846653306,0.669425409555326,1.26023582397642,21.98
1.01040522696008,2.14769117382249e-05,-0.0306400854079373,1.20410852026278,1.28906889159367,0.594926204865581,1.2137112476638,22.05
1.01328887067715,3.05124678135078e-05,-0.032398523373517,1.14113014541154,1.23191362673172,0.52198232434858,1.16832806973054,22.12
1.01603029774748,3.84323487609694e-05,-0.0342752993429374,1.07838647139189,1.17524920721748,0.450833805481981,1.12423550363051,22.19
1.01863078577466,4.48694720385607e-05,-0.0362761135060692,1.0161736445477,1.11939917042117,0.381682551198371,1.08155645815376,22.26
1.02109214565834,4.94552998229428e-05,-0.0384072645507209,0.954770338233214,1.06467554219074,0.31469491311492,1.04038934409952,22.33
1.02341668599382,5.18195960245374e-05,-0.040675636887902,0.894434341857794,1.01137118152502,0.250004071833736,1.00080995427097,22.4
1.02560737332626,5.15902538680852e-05,-0.0430888734616351,0.835401659952205,0.959760212810438,0.187712525550806,0.96287309543691,22.47
1.02766780705957,4.83932081504635e-05,-0.0456554162872534,0.777882902919142,0.910099102790199,0.127894554844771,0.926614096398067,22.54
1.02960213594401,4.18524463569975e-05,-0.0483846685007312,0.722059056607852,0.862620114405453,0.0705985326865538,0.892050317097146,22.61
1.03141497952439,3.15901328929378e-05,-0.0512869600036681,0.668083355675488,0.817524622959908,0.015848949787446,0.859182784453291,22.68
1.03311135439135,1.72268607588716e-05,-0.0543734433828421,0.616082203270847,0.774981557836205,-0.0363514654599839,0.827997573138123,22.75
1.03469660506,-1.617954930696e-06,-0.0576559832298216,0.566156592120168,0.735128675432576,-0.0860196604317195,0.798467058282383,22.82
1.0361763392852,-2.53255271301933e-05,-0.061147038436284,0.518384022188914,0.698074179651368,-0.133190268748882,0.7705511041545,22.89
1.03755636761034,-5.42769762444529e-05,-0.0648595370136504,0.472820402909897,0.663898240049379,-0.177913717147613,0.744198189856237,22.96
1.03884264693607,-8.88524241859766e-05,-0.0688067429629645,0.429501873494008,0.632654403516668,-0.22025442743436,0.719346473557966,23.03
1.04004122788806,-0.000129429888588647,-0.0730021147031975,0.38844653918076,0.604370896419432,-0.260289111616569,0.695924797230351,23.1
1.04115820575706,-0.000176383962697587,-0.0774591545533638,0.349656122040471,0.579051815157924,-0.298105157763879,0.673853634222799,23.17
1.04219967478089,-0.000230084266538172,-0.0821912487564751,0.313117525627918,0.556678204056475,-0.333799103686547,0.65304598239473,23.24
1.04317168553648,-0.000290893655095632,-0.0872114975317711,0.278804313411295,0.537209020422189,-0.367475195110963,0.633408205824797,23.31
1.04408020520992,-0.000359166169432285,-0.09253253464613,0.246678101466701,0.520581987488703,-0.399244024681417,0.614840828408292,23.38
1.04493108051411,-0.000435244716925676,-0.0981663360065826,0.216689866436517,0.506714336804169,-0.429221247824462,0.597239282906559,23.45
1.04573000302695,-0.000519458467148279,-0.104124016793594,0.188781170206444,0.495503442431527,-0.457526371268784,0.580494619234531,23.52
1.04648247672737,-0.000612119950338969,-0.110415616680025,0.162885303161729,0.486827350111908,-0.484281609820952,0.564494175967236,23.59
1.04719378751257,-0.000713521845939775,-0.117049872713551,0.138928348242318,0.48054520529917,-0.509610806849278,0.54912221921318,23.66
1.04786897448681,-0.000823933449302499,-0.124033979481272,0.116830168332543,0.476497584709895,-0.533638413825447,0.534260553144091,23.73
1.04851280282057,-0.000943596805440321,-0.131373336225167,0.0965053197963185,0.474506736755492,-0.556488524210123,0.519789106588043,23.8
1.04912973798815,-0.0010727224995816,-0.139071280635727,0.0778638952061216,0.474376736930742,-0.578283956945922,0.505586500186758,23.87
1.0497239212023,-0.00121148509532887,-0.147128809119717,0.0608122985166734,0.475893564931609,-0.599145384834162,0.49153059868949,23.94
1.05029914587584,-0.00136001821242602,-0.155544283416624,0.0452539561047218,0.47882517448769,-0.619190503120243,0.477499053005907,24.01
1.05085883495254,-0.0015184092375127,-0.164313123527704,0.0310899672378499,0.482921627583632,-0.63853323369388,0.463369836669271,24.08
1.05140601896299,-0.00168669366280756,-0.173427487021989,0.018219697648336,0.487914857282737,-0.657282960423746,0.449021781369317,24.15
1.05194331467493,-0.00186484904942457,-0.182875998414386,0.00654131997773749,0.493520927013043,-0.675543791289728,0.43433511620205,24.22
1.05247290422286,-0.00205278861400937,-0.192643782990524,-0.00404769507600908,0.499452355221469,-0.693413843148728,0.419192015250818,24.29
1.05299651461721,-0.00225035443959046,-0.202712805511674,-0.0136501330314125,0.505436196879671,-0.710984608689394,0.40347722157838,24.36
1.05351539755019,-0.0024573103139968,-0.213062323808923,-0.0223686314114128,0.511226205275494,-0.728340592396038,0.387078942672003,24.43
1.0540303094324,-0.00267333420190524,-0.223669521469582,-0.0303053131318902,0.516609910155887,-0.745559021481602,0.3698898311729,24.5
1.05454155513137,-0.00289801035956726,-0.234510002809723,-0.0375614535813016,0.521406937486919,-0.762709565052398,0.351807991625888,24.57
1.05504922241982,-0.00313082110453953,-0.245558405073361,-0.0442371775016447,0.525461945420504,-0.779854122081744,0.332738080852268,24.64
1.0555532260095,-0.00337113825631443,-0.256788747672986,-0.0504311818128943,0.528638916349924,-0.797046802575711,0.312592632859687,24.71
1.05605328820396,-0.00361821426763399,-0.268174519435836,-0.0562404805668498,0.53081846249223,-0.81433365494241,0.291293167284265,24.78
1.05654891969215,-0.00387117307048425,-0.279688949475183,-0.0617601682705315,0.531899674642747,-0.831752137504388,0.268771084691548,24.85
1.05703940049364,-0.00412900066531845,-0.291305335658159,-0.0670831978833162,0.531800420862173,-0.849330777032139,0.244968796351158,24.92
1.0575237610741,-0.00439053548695708,-0.302997368169882,-0.0723001698651031,0.530456480051442,-0.867088885836288,0.219840964055302,24.99
1.05800076365872,-0.00465445858586969,-0.314739449189408,-0.0774991287342381,0.527821609660777,-0.885036209296024,0.193355725130956,25.06
1.0584688837805,-0.00491928366917006,-0.326507009678191,-0.0827653636836808,0.523866517387652,-0.903172376053001,0.165495713810418,25.13
1.05892635562942,-0.00518334705165439,-0.338276824254614,-0.0881812099011538,0.518579596965918,-0.921486468095307,0.136259070723438,25.2
1.05937140829709,-0.0054447975735906,-0.350027325088929,-0.0938258473441003,0.511964220639117,-0.939956393155881,0.105660504685134,25.27
1.05980231187181,-0.00570158654872769,-0.361738852183246,-0.0997750938328317,0.504038750073961,-0.958548250400952,0.0737323433248496,25.34
1.06021736048805,-0.00595152133165718,-0.373393713819913,-0.106101189445524,0.494834057066679,-0.977215880810093,0.0405253814336735,25.41
1.06061485591515,-0.00619250961930188,-0.38497643903829,-0.11287256932698,0.484395667432556,-0.995900285950104,0.00610958931131389,25.48
1.06099309175004,-0.0064226134574318,-0.39647403225699,-0.120153622159405,0.472782460036256,-1.01452929801674,-0.0294257019388992,25.55
1.06135033827918,-0.00664004006864227,-0.407876040074046,-0.128004431688596,0.46006655608836,-1.03301763043189,-0.0659720773163848,25.62
1.06168482807451,-0.00684313309422776,-0.419174748332446,-0.136480498853312,0.446331220538736,-1.05126731174631,-0.103402970989153,25.69
1.06199474238962,-0.00703036431833424,-0.430365255774082,-0.145632442229655,0.431672425979662,-1.06916856961393,-0.141575513719215,25.76
1.06227819842354,-0.00720032593756497,-0.441445678649756,-0.155505674677208,0.41619912143116,-1.08660142264024,-0.180333934644475,25.83
1.0625332375215,-0.0073517234343327,-0.452417232396618,-0.166140117778345,0.400033028089602,-1.10343798427786,-0.219514141729443,25.9
1.06275781438457,-0.0074833691076558,-0.463284444528393,-0.177570015860364,0.383308529555713,-1.11954535629053,-0.258949296236596,25.97
1.06294985088131,-0.00759417631077596,-0.474055181098162,-0.189823339932007,0.366165156718395,-1.13478911664092,-0.298476260399687,26.04
1.06310748157623,-0.0076831544408976,-0.484740550079455,-0.202921288381105,0.348742507590984,-1.14903600943749,-0.337940193320206,26.11
1.06322910994135,-0.00774940472249351,-0.495354554329475,-0.21687781985218,0.331174293851624,-1.16215609612065,-0.377197682386236,26.18
1.06331340235896,-0.00779211682195961,-0.505913684268868,-0.231699153980365,0.313583287323787,-1.17402354721205,-0.416117653872749,26.25
1.0633592834946,-0.00781056632788859,-0.516436513265488,-0.247383239453051,0.296080908925785,-1.18451665124087,-0.454580639849874,26.32
1.06336593309148,-0.00780411312786809,-0.526943295096242,-0.263919189165306,0.278767136153611,-1.19351768082789,-0.492477867325069,26.39
1.0633327842271,-0.00777220070941309,-0.53745556278174,-0.281286746069697,0.261730724851371,-1.20091255704773,-0.529709920103875,26.46
1.06325952306338,-0.00771435640943962,-0.5479957280244,-0.29945584365706,0.245049804976138,-1.20659050711437,-0.566185295115953,26.53
1.06314609011205,-0.00763019263348621,-0.558586680431857,-0.318385753695112,0.228792529378164,-1.21044378325774,-0.601818984041485,26.6
1.06299268302708,-0.00751940906268602,-0.569251385674198,-0.338024330524028,0.213017709096469,-1.21236744701519,-0.636531083733974,26.67
1.06279976092645,-0.00738179586324851,-0.580012481705109,-0.358307289947808,0.197775432568066,-1.21225922304542,-0.670245438688362,26.74
1.06256805023579,-0.0072172379098775,-0.590891872174318,-0.379157461194614,0.183107666505771,-1.21001942646503,-0.702888318607964,26.81
1.06229855203619,-0.00702572003109512,-0.601910316171139,-0.400484014400817,0.169048836531697,-1.20555096760643,-0.734387133981398,26.88
1.06199255088867,-0.00680733328082439,-0.61308701346696,-0.42218173008326,0.155626385963447,-1.19875943799554,-0.76466919248715,26.95
1.0616516250968,-0.00656228223676909,-0.624439247986649,-0.444131774991931,0.142861311437455,-1.18955328124945,-0.793660562519049,27.02
1.06127759484029,-0.0062908933220782,-0.635982215816504,-0.466206211496279,0.130768674320117,-1.17784430656475,-0.821285554758049,27.09
1.06087228108235,-0.0059936241424367,-0.647728655979976,-0.488266907783168,0.119358087103273,-1.16354931050489,-0.847467586833866,27.16
1.06043745629436,-0.00567107382609518,-0.659688410441423,-0.510159361897416,0.108634174207035,-1.14659179414123,-0.872130036547691,27.23
1.05997485989153,-0.0053239943493214,-0.671867976373693,-0.531711607891466,0.0985970068205223,-1.12690276241111,-0.895195625643811,27.3
1.05948621479354,-0.00495330282437598,-0.684270050317344,-0.552735923312653,0.0892425116016372,-1.104421497863,-0.916585734461106,27.37
1.05897324504364,-0.0045600947212693,-0.696893127505241,-0.573026294015557,0.0805628532306119,-1.079096819561,-0.93622060319201,27.44
1.0584376944205,-0.00414565798827051,-0.70973128328937,-0.592359075136457,0.0725467909699422,-1.05088825778865,-0.9540192158919,27.51
1.057881345977,-0.00371148802932493,-0.722773755617485,-0.610490821817955,0.0651800095271944,-1.01976778167972,-0.969899378428045,27.58
1.05730604243935,-0.00325930348919893,-0.736004519343605,-0.627161873220724,0.058445424646998,-0.985721255567233,-0.983777548824656,27.65
1.05671370739838,-0.00279106278926356,-0.749402106859283,-0.642106080188982,0.0523234639757636,-0.948750768442395,-0.995570138138728,27.72
1.05610636722284,-0.00230898134830988,-0.762939612139017,-0.6550678932552,0.0467923238485408,-0.908878726306842,-1.00519736485606,27.79
1.05548617362104,-0.00181554941365057,-0.776585196610491,-0.665816848612168,0.0418282027422183,-0.866155422313422,-1.01259138096938,27.86
1.05485542677363,-0.00131348689944242,-0.790302716760777,-0.674156857439291,0.0374055122246047,-0.8206689404586,-1.01770664013466,27.93
1.0542165989552,-0.000805508100575782,-0.804052411169382,-0.67992929101233,0.0334970663051539,-0.772555167700319,-1.02053016024037,28
1.05357235855709,-0.000294277291075098,-0.817791775378282,-0.683013616641442,0.0300742501612645,-0.722006005523766,-1.02108945891201,28.07
1.05292553089834,0.000217571933187748,-0.831476244997616,-0.683329782702411,0.0271071692752868,-0.669273171466126,-1.01945809887787,28.14
1.05227886868638,0.000727417187647223,-0.845059879218179,-0.68084184919061,0.0245647800717138,-0.614661676039435,-1.01575738118662,28.21
1.05163501313236,0.0012326278085587,-0.85849630049881,-0.6755626127516,0.0224150031931039,-0.55852134994447,-1.01014986420209,28.28
1.05099651857939,0.00173060895745726,-0.871739701618022,-0.667556178640124,0.020624820597161,-0.501233932783106,-1.0028278162018,28.35
1.05036587702435,0.00221903645757566,-0.884745858332461,-0.65694013058432,0.0191603576968158,-0.443194376129698,-0.993998945642234,28.42
1.04974554243582,0.00269590134851066,-0.897473149381537,-0.643883548506464,0.0179869518012522,-0.384789840050268,-0.983873149446377,28.49
1.04913795477292,0.00315949128446924,-0.909883521998627,-0.628598710001383,0.0170692081483677,-0.326383799817551,-0.972653447407992,28.56
1.04854550009295,0.00360837237129441,-0.921943150434922,-0.611329645107424,0.0163710448494245,-0.268308487612152,-0.960531729955375,28.63
1.04797027961802,0.00404137150764542,-0.933622788941921,-0.592342617834107,0.0158557280944481,-0.210863114664678,-0.947687342490844,28.7
1.04741406878222,0.00445755928509159,-0.944897947536559,-0.571911665206712,0.0154858989933362,-0.154314621743952,-0.934286720482924,28.77
1.04687833914271,0.00485623349193868,-0.955748574069777,-0.550302677290501,0.0152235299339468,-0.0988991680647419,-0.920483496811968,28.84
1.04636427956817,0.00523690325630889,-0.966158624645077,-0.527762296185158,0.0150297483626695,-0.0448241578765313,-0.906418947988334,28.91
1.04587281664846,0.00559927385534406,-0.976115650191024,-0.504516451334062,0.0148650375860782,0.00772964890932337,-0.892222519311249,28.98
1.04540463428016,0.00594323220932835,-0.985610399801672,-0.480771788794797,0.0146893079256848,0.0586060770091286,-0.878012360062152,29.05
1.0449601923924,0.00626883307206118,-0.994636441322082,-0.456716174740457,0.014461903249894,0.107671533874694,-0.863895863795903,29.12
1.0445397447869,0.00657628592187433,-1.00318979953368,-0.432519281609252,0.0141416079294953,0.154813071584963,-0.8499702092236,29.19
1.04414335607453,0.00686594255128977,-1.01126861218702,-0.408333630849938,0.0136866557661061,0.199936517624074,-0.836322897590654,29.26
1.04377091769862,0.00713828534741531,-1.01887280403565,-0.38429538708652,0.0130547424642648,0.24296467886324,-0.823032282843203,29.33
1.04342216304247,0.00739391624974658,-1.02600377894407,-0.360525469550906,0.0122030432388851,0.283835622346518,-0.810168091244585,29.4
1.04309668162508,0.00763354636705487,-1.03266413007463,-0.337130530957555,0.0110882371701951,0.322501035833058,-0.797791927452574,29.47
1.04279393239519,0.00785798623049446,-1.03885736810162,-0.314203799205467,0.00966653993808807,0.358924670466958,-0.785957764396679,29.54
1.04251325613915,0.00806813665588236,-1.04458766735566,-0.291825714319065,0.00789374658676336,0.393080867425608,-0.774712414604692,29.61
1.04225388702327,0.00826498018432508,-1.04985962976595,-0.270064738181946,0.00572528598793377,0.424953169937451,-0.764095980918448,29.68
1.04201496329553,0.00844957306691122,-1.054678066443,-0.248978206955692,0.00311628868709301,0.45453302165607,-0.754142284811851,29.75
1.04179553717587,0.0086230377560766,-1.05904779672772,-0.228613160050682,2.16698309489949e-05,0.481818552025444,-0.744879270780146,29.82
1.04159458396794,0.00878655586343467,-1.06297346452482,-0.209007143458408,-0.00360377111442868,0.506813448970921,-0.73632938550886,29.89
1.0414110104281,0.00894136154133939,-1.06645937173804,-0.19018898564758,-0.00780523213711066,0.52952591899393,-0.728509930754916,29.96
1.04124366243099,0.00908873524318914,-1.06950932863128,-0.172179544588049,-0.0126277702226629,0.549967734536616,-0.721433389082416,30.03
1.04109133197296,0.0092299978154766,-1.07212652095258,-0.154992424799288,-0.0181161409455852,0.568153368309414,-0.715107721791465,30.1
1.04095276355767,0.00936650487282413,-1.07431339367662,-0.138634663623752,-0.0243146143927801,0.584099214138911,-0.709536638562462,30.17
1.04082666000944,0.00949964140569911,-1.07607155124514,-0.123107386202411,-0.031266765714413,0.597822893789024,-0.704719838510715,30.24
1.04071168776258,0.00963081656918124,-1.07740167421254,-0.108406428880044,-0.0390152386164099,0.609342649135184,-0.700653222508564,30.31
1.04060648167574,0.00976145860003055,-1.07830345223626,-0.094522930993489,-0.0476014801354205,0.61867681902371,-0.697329076784977,30.38
1.04050964942232,0.00989300980838419,-1.07877553338628,-0.0814438951977714,-0.0570654450725875,0.625843400124777,-0.694736227957843,30.45
1.04041977550886,0.0100269215896822,-1.07881548978594,-0.0691527166641496,-0.0674452685086232,0.630859691082342,-0.6928601697918,30.52
1.04033542497439,0.0101646494018855,-1.07841979963579,-0.0576296816421765,-0.0787769048793047,0.633742019278081,-0.691683162106758,30.59
1.04025514682473,0.0103076476527047,-1.07758384571327,-0.0468524360154192,-0.091093732160501,0.634505549551148,-0.691184302389206,30.66
1.04017747725644,0.0104573644414015,-1.0763019304821,-0.0367964245991037,-0.10442611979494,0.633164174253154,-0.691339570782069,30.73
1.04010094272557,0.0106152360997688,-1.07456730798772,-0.0274353020288753,-0.118800959091303,0.629730484060896,-0.69212184924939,30.8
1.04002406291708,0.0107826814771337,-1.07237223275529,-0.0187413161739148,-0.134241154941299,0.624215819017745,-0.693500915831101,30.87
1.03994535367113,0.0109610959146808,-1.06970802594731,-0.0106856650760072,-0.150765077833102,0.616630399323337,-0.695443415021502,30.94
1.0398633299224,0.0111518448550606,-1.06656515907545,-0.00323882846996011,-0.168385975291668,0.606983535438637,-0.697912805423389,31.01
1.03977650870928,0.0113562570341439,-1.06293335559701,0.00362912501907429,-0.187111405568013,0.595283917115613,-0.700869285949351,31.08
1.03968341230925,0.0115756172029266,-1.05880171075832,0.00994825387827368,-0.20694275659482,0.581539980994657,-0.704269701963336,31.15
1.03958257155719,0.0118111583289949,-1.05415883007606,0.015748481770905,-0.227874341775024,0.565760356436578,-0.708067432880036,31.22
1.03947252940265,0.012064053228634,-1.04899298687126,0.0210593565172061,-0.249892580704654,0.547954389264445,-0.712212262867361,31.29
1.0393518447623,0.0123354055826437,-1.04329229928909,0.0259098288535586,-0.272975201533112,0.528132743083191,-0.716650236429679,31.36
1.03921909672289,0.0126262402912231,-1.03704492725035,0.030328049845295,-0.297090401965111,0.506308077817133,-0.721323500786436,31.43
1.03907288914972,0.0129374931259206,-1.03023928978621,0.034341185850973,-0.322195969758354,0.482495805054365,-0.726170137103545,31.5
1.03891185575468,0.0132699996396562,-1.02286430320612,0.0379752499665078,-0.348238363934501,0.456714919711387,-0.731123982783369,31.57
1.03873466567705,0.0136244832992225,-1.01490964053855,0.0412549489148743,-0.375151758318275,0.428988907424376,-0.736114447174297,31.64
1.03854002962911,0.0140015428084971,-1.00636601266552,0.0442035443909582,-0.402857049450934,0.399346726938266,-0.741066323222548,31.71
1.03832670665727,0.014401638594873,-0.997225471542704,0.046842727920816,-0.431260831393373,0.367823866592026,-0.745899597757749,31.78
1.03809351156772,0.0148250784361777,-0.987481735857011,0.0491925083496612,-0.460254340440004,0.334463473789596,-0.750529263279659,31.85
1.03783932306394,0.0152720022106235,-0.977130539422649,0.0512711111325347,-0.489712373309931,0.299317556097026,-0.754865134296662,31.92
1.03756309264115,0.015742365758156,-0.966170002552834,0.0530948886658099,-0.519492182967366,0.262448252313841,-0.758811671456897,31.99
1.03726385428039,0.0162359238479731,-0.954601026567335,0.0546782409654439,-0.549432356849975,0.223929171528214,-0.762267816910273,32.06
1.03694073498207,0.0167522122540045,-0.942427711504984,0.0560335460693571,-0.57935174647101,0.18384679777968,-0.765126844543447,32.13
1.03659296617586,0.0172905289478135,-0.929657797004163,0.0571710996154721,-0.609048518072223,0.142301957514718,-0.767276228940209,32.2
1.03621989603998,0.0178499144267317,-0.916303126192214,0.0580990631241285,-0.638298886607657,0.0994113465300484,-0.768597537135457,32.27
1.0358210027592,0.018429131204106,-0.902380068767312,0.0588234205928279,-0.666861702054802,0.0553091125515699,-0.768966347452101,32.34
1.03539590874628,0.0190266424983562,-0.887909648744761,0.0593479430924899,-0.694500012293407,0.010148425472462,-0.768252263453355,32.41
1.03494439584663,0.0196406536866624,-0.87291737624281,0.059674161137453,-0.720987725309201,-0.0358971604271461,-0.766319154789215,32.48
1.03446642154052,0.0202693436186159,-0.857433036582326,0.0598013446855918,-0.746111161562472,-0.0826324310882138,-0.763025312312799,32.55
1.03396213615097,0.0209109047456582,-0.84149043572895,0.05972649071043,-0.769673381424886,-0.129839584805095,-0.758223903764489,32.62
1.03343190105895,0.021563519172491,-0.8251269739075,0.0594443183731259,-0.791494308762948,-0.177277976920265,-0.751763862458749,32.69
1.03287630791996,0.0222253342180141,-0.808383427213858,0.0589472719087548,-0.811411358544036,-0.224684799458071,-0.743491278082613,32.76
1.03229619886813,0.022894437555234,-0.791303808763486,0.058225531428229,-0.829276954767799,-0.271777467086412,-0.733251612946712,32.83
1.03169268768512,0.0235688320009032,-0.773935180786276,0.0572670319236462,-0.844954278824084,-0.318257846444248,-0.720892940096073,32.9
1.03106718190166,0.0242464100279349,-0.756327288954563,0.0560574908512684,-0.858316335410241,-0.36381814902217,-0.70626995507567,32.97
1.03042140578909,0.0249249280768673,-0.738532398264116,0.0545804447517221,-0.869242878635379,-0.408148371883703,-0.689249211745212,33.04
1.02975736066861,0.0256020442653822,-0.720605201536262,0.0528172954515203,-0.877622063170783,-0.450944408650991,-0.669715143017311,33.11
1.02907709543573,0.0262755466181771,-0.702602735031308,0.0507473664730701,-0.883351934093354,-0.491917477703227,-0.6475771891601,33.18
1.02838266833626,0.0269433907938841,-0.68458429908943,0.0483479703615824,-0.886341696156038,-0.530803799302597,-0.622777974503979,33.25
1.02767617287887,0.0276036744301311,-0.666611318107266,0.0455944877164642,-0.886514735437258,-0.567373706851718,-0.59530183724896,33.32
1.0269597642872,0.0282546117033429,-0.648746947035548,0.0424604587913603,-0.883812571069678,-0.601440011721993,-0.565183523949043,33.39
1.02623568641146,0.028894508175941,-0.631055612614912,0.0389176886004999,-0.878198342535279,-0.632865312759718,-0.532516159956014,33.46
1.02550629901739,0.029521735999164,-0.613602550464344,0.0349363665391137,-0.869662121400659,-0.661567939965229,-0.497458240374203,33.53
1.02477410536657,0.0301347095362409,-0.596453272051384,0.0304851380731842,-0.858226460900128,-0.6875265375439,-0.46023684311716,33.6
1.02404171647988,0.0307318614681154,-0.579672768505675,0.0255310661156464,-0.843950722784002,-0.710781828485825,-0.42114178596924,33.67
1.02331162495146,0.0313116829608155,-0.563324702858256,0.0200399914324139,-0.826935069804179,-0.731429908329682,-0.380517261441347,33.74
1.02258616932656,0.0318729549909885,-0.547470778790493,0.0139767851830651,-0.80732170784601,-0.749610179007964,-0.338749159911337,33.81
1.02186756191128,0.0324147897745209,-0.532169902359128,0.00730555841493893,-0.785295025362207,-0.765490650484841,-0.296247115233384,33.88
1.02115791640643,0.0329366093814774,-0.517477324906855,-1.01066333772937e-05,-0.761076940614698,-0.779253780892716,-0.253423926001904,33.95
1.02045921176254,0.0334381250898463,-0.503444018992949,-0.00800690205287814,-0.734921896022585,-0.791086024780377,-0.210678942914807,34.02
1.01977306513854,0.0339193175002467,-0.490116158205096,-0.0167215152229519,-0.70710907748705,-0.801171717770976,-0.168388391979921,34.09
1.01910069500142,0.0343804174227327,-0.477534889468805,-0.0261903238115669,-0.677932801823228,-0.809690083710348,-0.126901475072963,34.16
1.01844294726831,0.0348218875365497,-0.465736332577437,-0.0364490634206348,-0.647690807646013,-0.816813896373995,-0.086539565755587,34.23
1.01780032092584,0.0352444048141645,-0.454751487782281,-0.0475324664921887,-0.616677870233899,-0.822708772614049,-0.0475970896429335,34.3
1.01717299309451,0.0356488436920487,-0.4446065582147,-0.0594738711158364,-0.585173867397816,-0.827532772773868,-0.0103426796595656,34.37
1.01656084351874,0.0360362599625219,-0.435323368364329,-0.0723047984161582,-0.55343657519643,-0.831435920949713,0.0249796591184727,34.44
1.01596347847578,0.0364078753534303,-0.426919750575036,-0.086054497252323,-0.521701469543963,-0.834559956671258,0.0581491947249573,34.51
1.01538025410798,0.0367650627555218,-0.419409898724271,-0.100749455031391,-0.490182934257921,-0.837038185248025,0.0889671235321239,34.58
1.01481029919304,0.0371093320510507,-0.412804688404111,-0.116412873523765,-0.459075469157524,-0.838995357862156,0.117255307385528,34.65
1.01425253737694,0.0374423164913776,-0.407111963061047,-0.133064108674623,-0.428554890034668,-0.84054757632794,0.142855100230009,34.72
1.01370570890235,0.0377657595661098,-0.402336785678019,-0.150718073530791,-0.398779513077205,-0.841802217764351,0.165626271023241,34.79
1.01316839187356,0.0380815023016211,-0.398481655698373,-0.169384667067334,-0.36989131703657,-0.842857874756229,0.18544602898996,34.86
1.01263902310578,0.0383914709225819,-0.395546690997292,-0.189068291868119,-0.3420170770986,-0.843804306912261,0.202208156567301,34.93
1.01211591861279,0.0386976648064176,-0.393529774804284,-0.20976695213758,-0.315269465039542,-0.844722400062574,0.21582225472655,35
1.01159729379248,0.0390021446573608,-0.392426667571439,-0.231471440030127,-0.289748110828663,-0.845684129675383,0.226213104723919,35.07
1.01108128337427,0.0393070208239727,-0.392231083867319,-0.254164546859736,-0.265540621376618,-0.846752525410259,0.233320149729825,35.14
1.01056596119634,0.0396144416816728,-0.39293473445746,-0.277820236027016,-0.242723552626127,-0.847981634065193,0.237097099206942,35.21
1.01004935988358,0.0399265819999236,-0.394527333810943,-0.302402778325107,-0.221363331640061,-0.849416478515552,0.237511658346656,35.28
1.00952949049961,0.0402456312122661,-0.396996573348882,-0.327865850622029,-0.201517125763296,-0.851093010585374,0.234545384330447,35.35
1.00900436224764,0.0405737815063986,-0.400328060826753,-0.354151662805454,-0.183233656321416,-0.853038056135573,0.228193670648104,35.42
1.0084720022959,0.0409132156509324,-0.404505226320442,-0.381190178279342,-0.166554018190631,-0.855269250998959,0.218465860174534,35.49
1.00793047580346,0.0412660944753546,-0.409509195364778,-0.40889881133099,-0.151512566895706,-0.857794966740404,0.205385487181485,35.56
1.00737790622127,0.0416345439200906,-0.415318629877033,-0.43718419200256,-0.138137427034234,-0.860614225570354,0.188990647925586,35.63
1.00681249594231,0.0420206415743966,-0.421909601104126,-0.465939713269962,-0.126451192381502,-0.863716604093205,0.169334498913978,35.7
1.00623254737201,0.0424264026211443,-0.42925562244467,-0.495045088917884,-0.116471244932719,-0.867082125928414,0.14648588139242,35.77
1.00563648448749,0.0428537651094115,-0.437327461946529,-0.524363035250842,-0.108210136649603,-0.870681143602295,0.120530070025425,35.84
1.00502287495001,0.0433045744781667,-0.446092862527461,-0.553738353282512,-0.101675969727574,-0.874474210472587,0.0915695796222856,35.91
1.00439045283073,0.0437805672572886,-0.455516298071718,-0.583001576270927,-0.0968727113841337,-0.87841200733493,0.0597248996169505,35.98
1.00373814200405,0.0442833538756885,-0.465558957189162,-0.611979475157775,-0.093800442858179,-0.882435452252238,0.0251355335002921,36.05
1.00306508025678,0.0448144005104684,-0.476178828953827,-0.640505758859244,-0.0924555424668827,-0.886475614374675,-0.0120388519480699,36.12
1.00237064415392,0.0453750099158533,-0.487331019137562,-0.668424671312685,-0.0928308027164398,-0.89045362455806,-0.051617490546228,36.19
1.00165447469371,0.0459663011761343,-0.498968107982309,-0.695595177334637,-0.0949154816033411,-0.894280839482352,-0.0933978633229557,36.26
1.00091644025717,0.0465891883331182,-0.511040487701163,-0.721889835977439,-0.0986952883810289,-0.897859135237949,-0.137155334751716,36.33
1.00015640982882,0.047244357845551,-0.523496681513307,-0.747191796766334,-0.104152304201335,-0.901081587830269,-0.182643213362484,36.4
0.999374217606379,0.0479322448458372,-0.536283582582893,-0.771389733137943,-0.111264838175526,-0.903833671375003,-0.22959356288507,36.47
0.998569691967349,0.0486530081680394,-0.549346487785125,-0.794377831639317,-0.120007219539341,-0.905994469903181,-0.277718392209244,36.54
0.997742685280371,0.0494065676492454,-0.562629309434423,-0.81605423520462,-0.13034952674929,-0.907438478799807,-0.32671193306927,36.61
0.996893104567505,0.0501928307350672,-0.576074776502552,-0.836321501588962,-0.142257254490885,-0.908038127509913,-0.37625395289534,36.68
0.99602094302297,0.0510117272797508,-0.589624436907459,-0.855085904912702,-0.15569091974104,-0.90766690124196,-0.426014559093833,36.75
0.995126312391654,0.0518631795812686,-0.603218844166571,-0.872258569404123,-0.170605608202078,-0.906203447621896,-0.475660062300572,36.82
0.994209476207444,0.0527470711727527,-0.616797803603991,-0.887755072424309,-0.186950462615308,-0.903536482537681,-0.524859974660946,36.89
0.993270883886928,0.0536632143734412,-0.630300680375623,-0.901499935534181,-0.204668114668362,-0.899570372731183,-0.573294584143134,36.96
0.99231114214966,0.0546113166037789,-0.643666898641387,-0.913430163088623,-0.223694062439308,-0.894232034528071,-0.620663816135147,37.03
0.991330796711031,0.0555909454720428,-0.656836316599596,-0.923496560841631,-0.24395599556679,-0.887478834714176,-0.666696314639257,37.1
0.990330305337111,0.056601492643858,-0.669749797282364,-0.931666330473394,-0.265373070609444,-0.87930641647847,-0.711157801664493,37.17
0.989310075203789,0.0576421365113168,-0.682349786844892,-0.937925099860894,-0.287855139354537,-0.869756070886754,-0.753858153439188,37.24
0.988270501024032,0.058711803685122,-0.694580712043214,-0.94227781866182,-0.311301933162077,-0.858921018820073,-0.794657202327073,37.31
0.987212003927476,0.0598091293413107,-0.706389580202391,-0.944748646791806,-0.335602206785071,-0.846949632690274,-0.83346952573024,37.38
0.98613507107708,0.0609324799822373,-0.717726656752308,-0.945383329124432,-0.360632845492797,-0.834041846766716,-0.870268481364144,37.45
0.985040296006533,0.0620801657007252,-0.728546158827822,-0.944251197146023,-0.386259464186803,-0.820443641408382,-0.905082123986885,37.52
0.983928356141073,0.0632504608971753,-0.738806839787285,-0.941448002660041,-0.412345617272037,-0.806438958431548,-0.937985069808837,37.59
0.982799800442202,0.0644415605509509,-0.748472085279403,-0.937095007547868,-0.438771259531259,-0.792339927548919,-0.969089038861954,37.66
0.981655028262946,0.0656515991491108,-0.757509840022508,-0.931335659831517,-0.46544458345603,-0.778478696084052,-0.998534803840582,37.73
0.980494332355832,0.0668788593782012,-0.765892366691936,-0.924339696808068,-0.492310540497041,-0.765201358265377,-1.02648611287471,37.8
0.979317878981045,0.0681217895377667,-0.773596155731355,-0.916304633837032,-0.519349507271165,-0.75286174833184,-1.05312411998272,37.87
0.978125498066713,0.0693789567779564,-0.78060173307183,-0.907455775635597,-0.546576896979821,-0.741813813929158,-1.07864123718372,37.94
0.976916664527412,0.070649063257693,-0.786893684248062,-0.898045949406069,-0.574038444751925,-0.73240319154514,-1.10323497307143,38.01
0.975690543710462,0.0719311523149513,-0.792460705098595,-0.888354570099371,-0.601803516539164,-0.724957907030107,-1.12710149648129,38.08
0.97444603747122,0.0732246235861837,-0.797295489081393,-0.878677135592496,-0.629956122270487,-0.719779776051472,-1.15043006109797,38.15
0.973181830908879,0.0745291841482955,-0.80139476922899,-0.869319941012667,-0.658592904382986,-0.717139731480135,-1.17339955393282,38.22
0.971896376285827,0.0758447992248754,-0.804759197428743,-0.860591553017036,-0.687817427429025,-0.717275033643733,-1.19617633473972,38.29
0.970587687143699,0.0771716424681702,-0.807393188190604,-0.852801576482625,-0.7177395306686,-0.720387590915944,-1.2189125338247,38.36
0.969253323787602,0.0785101093369423,-0.809304790396944,-0.846254760373745,-0.748469767296181,-0.726642619388566,-1.24174448432758,38.43
0.9678904431772,0.0798610206005628,-0.810505586867143,-0.841248370838966,-0.78011686596655,-0.736167824495536,-1.26479141022451,38.5
0.966495849798842,0.0812256348418575,-0.811010557912219,-0.838061640681233,-0.812783891162886,-0.74905252663024,-1.2881543013456,38.57
0.965066047626756,0.0826055969643838,-0.81083778140189,-0.836944143938877,-0.846559731806455,-0.765348250340095,-1.31191541550066,38.64
0.963597293294758,0.0840028861750175,-0.810008349886205,-0.838113502046541,-0.881510424048724,-0.78507020202289,-1.33613834034868,38.71
0.962085650611377,0.08541976337949,-0.808546377046323,-0.841755425041777,-0.917671130654014,-0.808198046189545,-1.36086778613522,38.78
0.960527046560719,0.0868587179157856,-0.806479029151868,-0.848023665819963,-0.955043411359146,-0.834675408041562,-1.38612878928285,38.85
0.958917328938719,0.0883224135395618,-0.803836580605783,-0.85703988035993,-0.993593844738744,-0.864408992401695,-1.41192576976546,38.92
0.957252325779647,0.0898136335670749,-0.800652492540996,-0.868893388061651,-1.03325298522952,-0.897267575224455,-1.43824156835532,38.99
0.955527906730739,0.0913352250744356,-0.796963449795962,-0.883640827560979,-1.07391802307526,-0.933080934768513,-1.46503646358046,39.06
0.953740046533546,0.0928900420474704,-0.792809100919687,-0.901305704619425,-1.11546372315555,-0.971639362622963,-1.49224748664522,39.13
0.951884890769031,0.0944808873740512,-0.788231563328223,-0.921877829933638,-1.15775059432483,-1.01269541255983,-1.51978911564707,39.2
0.949958824019393,0.0961104535704903,-0.783275073215839,-0.945312645972026,-1.20062775324189,-1.05596821278639,-1.54755497037368,39.27
0.947958540593076,0.0977812621355536,-0.777985461025393,-0.971530443231139,-1.24393525187679,-1.10114933470433,-1.57542063796631,39.34
0.94588111795031,0.0994956014298666,-0.772409577832341,-1.00041546761518,-1.2875056203566,-1.14791048291649,-1.60324782404092,39.41
0.943724092954701,0.101255462985009,-0.766594734417914,-1.03181492198187,-1.3311664097544,-1.19591238300202,-1.63088951638987,39.48
0.941485477543239,0.103062476155487,-0.760588087730979,-1.0655379297911,-1.3747406287807,-1.24481424432987,-1.65819635705744,39.55
0.939163586871474,0.104917904556626,-0.754435845902343,-1.10135681687154,-1.41804705002049,-1.29428279448434,-1.68502346612919,39.62
0.936757061121821,0.106822831263338,-0.748182734649017,-1.13901630820089,-1.46090229801507,-1.34399969138138,-1.71123664306929,39.69
0.93426495400203,0.108778151609321,-0.741871786829255,-1.17824334368927,-1.50312027978577,-1.39366624591522,-1.73671649016199,39.76
0.931686824466563,0.110784500582501,-0.735544199371126,-1.21875980929806,-1.54451639645865,-1.44300572131164,-1.76136084425676,39.83
0.929022768177852,0.112842178301565,-0.729239192416963,-1.26029006345014,-1.58491419287019,-1.49176379222334,-1.78508590246305,39.9
0.926273261687,0.114951137068386,-0.722993869114516,-1.30256593706074,-1.62415000585095,-1.53970882559273,-1.80782687142176,39.97
0.923439200442378,0.117111157022017,-0.716843074560987,-1.34532724858768,-1.66207587195653,-1.58663199297318,-1.82953858797297,40.04
0.920521940052167,0.119321829283842,-0.710819252486802,-1.38832343394799,-1.69856266993879,-1.63234728665388,-1.85019611368517,40.11
0.917523150210896,0.121582473639413,-0.704952298352033,-1.43131433213204,-1.73350172505806,-1.67669138402884,-1.86979511440781,40.18
0.914444862350352,0.123892117810115,-0.699269407619952,-1.47407274031883,-1.76680595996175,-1.71952451063291,-1.88835094598057,40.25
0.911289520395371,0.126249665377746,-0.693794918069318,-1.51638652448086,-1.79841205718966,-1.76073319732301,-1.90589352441833,40.32
0.908059843991216,0.128653871286893,-0.688550145109947,-1.5580627078278,-1.82828306494454,-1.80022877561796,-1.92246420483416,40.39
0.904758821702846,0.131103315522604,-0.683553272693617,-1.59893113144394,-1.85640782796844,-1.83794466441949,-1.93811333409083,40.46
0.901389580008416,0.133596565566524,-0.67881942604567,-1.63884547130259,-1.8827995316036,-1.87383372188131,-1.9528980309911,40.53
0.897955382048013,0.136132146573468,-0.674360607931188,-1.67768244387673,-1.90749469336135,-1.90786553794396,-1.96688000154622,40.6
0.894459501934395,0.13870850987878,-0.670185815472419,-1.71533971407562,-1.93054574150261,-1.940023478793,-1.98012326012278,40.67
0.890905228576263,0.141324190448432,-0.666301210022122,-1.75173346299681,-1.95201524613746,-1.97030250071523,-1.99269238931579,40.74
0.887295744815167,0.143977772218785,-0.662710276230418,-1.78679568292777,-1.97197256310436,-1.99870741640758,-2.00465120908244,40.81
0.883634199344075,0.146667788419086,-0.659413970069295,-1.8204701229939,-1.9904902840066,-2.02525104227569,-2.016061535091,40.88
0.879923780730299,0.149392683968355,-0.656410855680991,-1.85271285881123,-2.00764385626692,-2.04995241710603,-2.02698202386057,40.95
0.876167602866728,0.152150967039834,-0.653697294531558,-1.88349189865429,-2.02351062284319,-2.07283534570807,-2.03746722938017,41.02
0.872368719323187,0.154941168740177,-0.651267813960043,-1.91278747929734,-2.03816986669915,-2.0939270762552,-2.04756648786652,41.09
0.868530012405085,0.157761801516074,-0.649115274148605,-1.94059038496836,-2.05170245967484,-2.1132569833883,-2.05732275562566,41.16
0.864654274396257,0.160611506900078,-0.647230960758065,-1.96690032277225,-2.06418909644099,-2.1308550654961,-2.06677146166388,41.23
0.860744290320095,0.163489011540314,-0.645604730537488,-1.9917259429079,-2.07571034991083,-2.14675038209944,-2.07593930989971,41.3
0.856802731556467,0.16639301860312,-0.644225337275931,-2.01508167628261,-2.08634397170077,-2.16096936668829,-2.08484283907887,41.37
0.852832177801551,0.169322161634907,-0.643080557369851,-2.0369846921775,-2.09616457958566,-2.17353420446916,-2.09348673938338,41.44
0.848835013194554,0.172275147969975,-0.642157242470959,-2.05745464321052,-2.10524179083978,-2.18446070235995,-2.10186148048584,41.51
0.844813514106271,0.17525071062435,-0.641441363198563,-2.07650825713008,-2.11364010159447,-2.19375901688149,-2.10994425255162,41.58
0.840769937942487,0.178247559280759,-0.640918044417245,-2.09416077972435,-2.12141345900432,-2.20144232082017,-2.11771020758352,41.65
0.836706422319367,0.181264520968896,-0.640571592614289,-2.11042461338487,-2.12860989528007,-2.20752924358999,-2.12513577209165,41.72
0.832625012118017,0.184300489378167,-0.640385579462158,-2.12531042278906,-2.13527154872477,-2.2120437053321,-2.13219835127403,41.79
0.828527560262521,0.187354309884949,-0.640343109200567,-2.13883089777743,-2.141436358276,-2.21501474830185,-2.13887630023767,41.86
0.824415819736728,0.190424727374315,-0.640426889351495,-2.15100171040265,-2.14714054067824,-2.2164766822259,-2.14514897256589,41.93
0.820291536213044,0.193510523937588,-0.640619232447618,-2.16184284158684,-2.15242064197167,-2.21646928844703,-2.15099659298245,42
0.816156350670265,0.196610465381575,-0.640902116470211,-2.17137729141064,-2.15731331986736,-2.21503782747412,-2.15640033601127,42.07
0.812011829527151,0.199723247151784,-0.641257431707291,-2.17962818857735,-2.16185171228388,-2.21223310249489,-2.16134242082923,42.14
0.807859368154912,0.202847630272578,-0.641667033606146,-2.18661772819383,-2.16606194770846,-2.20811183120045,-2.16580603247357,42.21
0.803700285302135,0.205982386241988,-0.642112729347122,-2.19236603143793,-2.16996278151228,-2.20273706990865,-2.16977545119285,42.28
0.799535917822805,0.209126241484323,-0.642576325867316,-2.1968900533108,-2.17356486370795,-2.19617849726707,-2.17323626354481,42.35
0.79536752510101,0.212278011963299,-0.643039867064255,-2.20020533252912,-2.17687141595747,-2.18851293624098,-2.17617565583853,42.42
0.791196320714573,0.215436546892265,-0.643485743278801,-2.20232727993674,-2.17987898353166,-2.179824984691,-2.17858291750561,42.49
0.78702337721535,0.218600608624036,-0.643896927815018,-2.20327479965045,-2.18257908783431,-2.17020654475659,-2.18045079007068,42.56
0.782849721573131,0.221768815801997,-0.644257087092516,-2.20307274881089,-2.18495957276012,-2.15975277060202,-2.18177963119473,42.63
0.778676430686113,0.224939776857045,-0.644550819153574,-2.20175539483207,-2.18700602631245,-2.14856065586285,-2.18257778811584,42.7
0.774504536362641,0.228112032791046,-0.644763767071942,-2.19936572418051,-2.18870289682377,-2.13672835162,-2.18286078473031,42.77
0.770335057326366,0.231283999855777,-0.644882861923649,-2.1959526339746,-2.19003640043221,-2.12435451250542,-2.18265059237171,42.84
0.76616890413123,0.234454102738861,-0.644896378272853,-2.19156918070995,-2.19099680668463,-2.11153804831398,-2.18197523777487,42.91
0.762006911022124,0.237620717205097,-0.644793929707485,-2.18627201129546,-2.19157921351794,-2.09837840440045,-2.18086868387149,42.98
0.757849740632244,0.24078211280916,-0.64456646839009,-2.18012057697387,-2.19178274846579,-2.08497579542344,-2.17937060123889,43.05
0.753697979078544,0.243936586297463,-0.644206289019739,-2.17317911334377,-2.19161149924573,-2.07143151568193,-2.17752628298295,43.12
0.749552230873874,0.247082468171722,-0.643706974031246,-2.16551706494509,-2.19107507764305,-2.05784787759354,-2.17538638395142,43.19
0.745413023077319,0.250218256553136,-0.643063153288699,-2.15720953992044,-2.19018970579092,-2.04432828260257,-2.1730066095901,43.26
0.741280836252878,0.253342560817399,-0.642270459630496,-2.14833683932497,-2.18897887169624,-2.03097735709962,-2.17044741603179,43.33
0.73715600814215,0.256454045613669,-0.641325553433819,-2.13898350285507,-2.18747374394406,-2.01790108589274,-2.16777378281558,43.4
0.733038764107379,0.259551565876415,-0.640226089327749,-2.12923610571895,-2.18571220134947,-2.0052070027602,-2.16505518297073,43.47
0.728929120257736,0.262634111769071,-0.638970498145528,-2.1191819630714,-2.18373596822733,-1.99300259200758,-2.16236384243354,43.54
0.724826976843439,0.265700754159026,-0.637557965317797,-2.10890734131366,-2.18158566329856,-1.98138757768177,-2.15976836430849,43.61
0.720732211360962,0.268750781218352,-0.635988478729749,-2.09849803127557,-2.17930023956343,-1.97045197435749,-2.15733186192844,43.68
0.716644580816984,0.271783645073694,-0.634262882554405,-2.08803897702566,-2.1769166848935,-1.96027589404143,-2.15511142218509,43.75
0.712563750748957,0.274798845569834,-0.632382937062127,-2.07761429093087,-2.17447099815601,-1.95092945428326,-2.15315775339456,43.82
0.708489196937297,0.277795878205568,-0.630351384373817,-2.06730708006179,-2.17199974075105,-1.94247259388533,-2.15151495200613,43.89
0.704420297415166,0.28077437329835,-0.628171956571807,-2.05719933481299,-2.16954006606862,-1.93495530168802,-2.15022051326011,43.96
0.700356424239673,0.283734045284913,-0.625849199026798,-2.04737232120149,-2.16712803491654,-1.92841793855267,-2.14930533004015,44.03
0.696296844492078,0.286674642727842,-0.623388489910885,-2.0379076642717,-2.16479686699526,-1.92289126952351,-2.14879336089843,44.1
0.692240748124122,0.289596089594855,-0.620796128686272,-2.02888213246573,-2.16257538113056,-1.91839569648213,-2.14870102959692,44.17
0.688187148604202,0.292498436708379,-0.618079366327098,-2.02036513951095,-2.1604891002302,-1.91494127808957,-2.14903699044064,44.24
0.684134973987454,0.29538175040563,-0.615246186478552,-2.01241749998923,-2.1585604628221,-1.91252828216514,-2.14980263988974,44.31
0.680083157891223,0.298246065445041,-0.612305091352407,-2.0050888316909,-2.1568086483483,-1.91114814307711,-2.1509926754135,44.38
0.676030539860647,0.301091529193829,-0.609265082611605,-1.99841792171137,-2.15524920591594,-1.91078488764784,-2.15259601912195,44.45
0.671975956276713,0.303918355983343,-0.606135455808886,-1.99243287847154,-2.15389545485103,-1.91141645822438,-2.15459666174199,44.52
0.667918331294916,0.306726782182442,-0.602925598593272,-1.98715335484905,-2.15275975089778,-1.91301612407001,-2.15697468142862,44.59
0.663856577302694,0.309517212536554,-0.599644982886947,-1.98259344392788,-2.15185417291823,-1.91555360079746,-2.15970724745965,44.66
0.659789622529903,0.312290176651381,-0.596302969563733,-1.97876226122849,-2.15119361498736,-1.91899594237409,-2.16276941901094,44.73
0.655716311779506,0.315046222643137,-0.592908615824945,-1.97566646861831,-2.1507954397,-1.92330865147687,-2.1661349939515,44.8
0.651635497912558,0.317785874972837,-0.589470675472662,-1.97330946750234,-2.1506798843462,-1.92845624722378,-2.16977696397384,44.87
0.647546133575371,0.320509783481068,-0.585997474142646,-1.97169177085971,-2.15086886910576,-1.93440305381483,-2.17366808520341,44.94
0.643447172656444,0.323218682491183,-0.582496976756669,-1.97081268103126,-2.15138371464629,-1.94111363976327,-2.17778137475731,45.01
0.639337599106289,0.32591328699346,-0.578976856320957,-1.97066971619109,-2.15224361034088,-1.94855246444414,-2.18209002613926,45.08
0.635216329085768,0.328594252919926,-0.57544437321123,-1.97125769108754,-2.15346407008048,-1.95668349553518,-2.18656699857373,45.15
0.631082304074869,0.331262328519891,-0.571906445763765,-1.9725671345618,-2.15505365995929,-1.96546954463266,-2.19118466241468,45.22
0.626934584427096,0.333918315699127,-0.56836972133979,-1.9745841401626,-2.15701534911469,-1.97487132241978,-2.19591405703202,45.29
0.622772252853645,0.336562968331448,-0.564840457043532,-1.97728885540428,-2.15934390838663,-1.98484659592202,-2.20072420686305,45.36
0.618594445466399,0.339196954549815,-0.561324590952453,-1.98065908909665,-2.16202894799608,-1.99534906824095,-2.20558124266309,45.43
0.614400256340425,0.341821010025521,-0.557827876583716,-1.98467103414699,-2.16505425720035,-2.00632679182772,-2.21044732914114,45.5
0.610188833222088,0.344435901097889,-0.5543560168512,-1.98929748778641,-2.16839592354775,-2.01772176855208,-2.21528048009323,45.57
0.605959473861156,0.347042324763739,-0.550914797292949,-1.99450909625038,-2.17202323402785,-2.02947505780873,-2.22003869247638,45.64
0.6017115324432,0.349640872535072,-0.547510218350853,-2.0002770369792,-2.17590026291193,-2.04152774002377,-2.22468090581197,45.71
0.597444453742242,0.35223218517569,-0.54414856296272,-2.00657262962539,-2.17998833799964,-2.05382021502409,-2.22916682110579,45.78
0.593157680943979,0.354816917182094,-0.540836272200576,-2.01336381345023,-2.18424633773637,-2.06629180659326,-2.23345678770266,45.85
0.588850754753907,0.357395638021529,-0.53757994630914,-2.02061363722501,-2.18863193308077,-2.07888092956227,-2.23751201368611,45.92
0.584523413255399,0.359968797139875,-0.534386153306387,-2.02827904786837,-2.19310326753356,-2.09152544063522,-2.24129516485169,45.99
0.580175501979031,0.362536879754948,-0.531261235451433,-2.03631366330988,-2.1976212674857,-2.10416323881344,-2.24477122669116,46.06
0.575807011786327,0.365100372305988,-0.528211303886219,-2.04466925916579,-2.20215074242943,-2.11673292722686,-2.24790818617562,46.13
0.571417990499466,0.36765966457808,-0.5252421036167,-2.05329698728172,-2.20666084818099,-2.1291744116983,-2.25067759818594,46.2
0.56700858235196,0.370215015520653,-0.522359002675614,-2.06215017000925,-2.2111269470458,-2.14142924782116,-2.25305497428854,46.27
0.562578941184138,0.372766709782438,-0.519566851173814,-2.07118638539386,-2.21553100775646,-2.15344086587549,-2.25502031253082,46.34
0.55812927145258,0.375315023840909,-0.516870027629136,-2.08036516096563,-2.21985806889787,-2.16515461229011,-2.25655845159335,46.41
0.553659742973289,0.377860192271146,-0.514272481832061,-2.08964712146802,-2.22409416560298,-2.17651792739876,-2.25765931357757,46.48
0.54917059698395,0.38040256469934,-0.511777583525491,-2.09899198781309,-2.22822317936207,-2.18748028046127,-2.25831797248661,46.55
0.544662252962579,0.382942572319888,-0.509388157860185,-2.10835911285085,-2.23222616853463,-2.1979928639529,-2.25853486637562,46.62
0.540135225637121,0.385480631000024,-0.507106580460166,-2.11770610918784,-2.23608019481205,-2.20800843016103,-2.25831583576527,46.69
0.535590169763149,0.388017044474658,-0.504934868471288,-2.12698760320562,-2.23975778969385,-2.21748095435754,-2.25767211533859,46.76
0.53102779857567,0.390551971134733,-0.502874767501882,-2.13615608597638,-2.24322826870688,-2.2263653169053,-2.2566204057356,46.83
0.526448929964686,0.393085581434754,-0.50092783437802,-2.14516441817,-2.24645867125779,-2.23461719661043,-2.25518315205425,46.9
0.521854406272959,0.395618024801358,-0.499095452127851,-2.15396706889538,-2.24941610580081,-2.24219285944794,-2.25338864730814,46.97
0.517245141759401,0.398149333073653,-0.497378650098509,-2.1625204713758,-2.25206940545096,-2.24905011472158,-2.25127000720739,47.04
0.512622043621586,0.40067938750731,-0.495778110265212,-2.17077976589495,-2.25438647473016,-2.25515209180006,-2.24886091907954,47.11
0.507986060617149,0.403208076378418,-0.49429423265613,-2.17870311095415,-2.25633958772496,-2.2604677412359,-2.24619457906602,47.18
0.50333810517509,0.405735262079529,-0.492927132829694,-2.18625225802641,-2.25790657032696,-2.26497147537243,-2.24330340261317,47.25
0.498679166553925,0.408260748267903,-0.491676444352011,-2.1933904713134,-2.25907009075314,-2.26864264832849,-2.24021849069835,47.32
0.494010424455627,0.41078443762698,-0.490541307382364,-2.20008344712425,-2.25982077586246,-2.27146525745014,-2.23696961278132,47.39
0.489333108982869,0.413306299136427,-0.489520352825284,-2.20629885149265,-2.26015818316859,-2.27342837516659,-2.23358614992527,47.46
0.484648360969572,0.415826271891733,-0.488611491526497,-2.21200676400923,-2.26009058167778,-2.27452566037564,-2.23009683731747,47.53
0.4799572831943,0.418344232512169,-0.487811826158882,-2.21717963169113,-2.25963328749582,-2.27475483903777,-2.22652913081205,47.6
0.475260864840144,0.420860153176683,-0.487117431804507,-2.22179567217771,-2.25881057186275,-2.27411728126071,-2.22290864103345,47.67
0.470560033233583,0.42337406918032,-0.486523322937177,-2.22583721579926,-2.25765053342658,-2.27261761144536,-2.2192588245534,47.74
0.465855578750242,0.425885983049465,-0.48602354343676,-2.22928964050754,-2.25618227108622,-2.27026341496188,-2.21560080413023,47.81
0.46114827044527,0.428395832252213,-0.485611443343242,-2.23214096386685,-2.25443478468357,-2.26706523173706,-2.21195344415473,47.88
0.456438971821922,0.430903647541011,-0.485279761464638,-2.23438044118403,-2.25243531577644,-2.26303664590844,-2.20833348994154,47.95
0.451728566152752,0.433409520817843,-0.485020641128707,-2.23599629728001,-2.25020814369384,-2.2581944076243,-2.20475570662777,48.02
0.447018008913569,0.435913509558014,-0.484825642873622,-2.23697519658598,-2.24777478862074,-2.25255858647118,-2.2012329535211,48.09
0.442308253222084,0.438415541308175,-0.484685754376937,-2.23730249923858,-2.24515168263767,-2.2461527558895,-2.19777612981593,48.16
0.437600302319393,0.440915381775503,-0.484591461462954,-2.2369659079401,-2.24235146920609,-2.23900427132965,-2.19439456285417,48.23
0.432895134983553,0.443412793548059,-0.484533007568535,-2.23595590019231,-2.23938259490939,-2.23114483180428,-2.19109652092057,48.3
0.428193757911565,0.445907504343114,-0.484500460917197,-2.23426618581446,-2.23625011482224,-2.22261113323469,-2.18788972317655,48.37
0.423497130958064,0.44839911182974,-0.484483716809945,-2.23189450769792,-2.23296025192179,-2.21344542182377,-2.1847817828958,48.44
0.418806219266883,0.450887052073686,-0.484472562448362,-2.22884689843972,-2.22952121513421,-2.20369569197938,-2.18178045666761,48.51
0.414121918184531,0.453370758657102,-0.484456931711688,-2.22513726254328,-2.22594510318138,-2.193416289399,-2.17889408038723,48.58
0.409445104993314,0.455849631382489,-0.484426905645862,-2.22078190284833,-2.22224657464364,-2.18266853637169,-2.17613193766089,48.65
0.404776563355615,0.458323005138216,-0.484372459048163,-2.21580086865747,-2.21844743045252,-2.17152086907391,-2.17350411567573,48.72
0.400117034510423,0.460790309504218,-0.484283398156689,-2.21021843918907,-2.21457497618886,-2.16004892915106,-2.17102122929299,48.79
0.395467141117861,0.463251038011121,-0.484149362790132,-2.20406534584836,-2.21066267484706,-2.14833586104998,-2.16869414001866,48.86
0.390827437798015,0.465704654111746,-0.483959893326311,-2.19738050922928,-2.20674978605795,-2.13647249462511,-2.16653373296746,48.93
0.386198334265943,0.468150560921941,-0.483704689950922,-2.19021438577586,-2.20288126086748,-2.12455772744105,-2.16455094196317,49
0.38158014511628,0.470588261788404,-0.483373746980882,-2.18262738019129,-2.1991033172424,-2.1126971342335,-2.16275753050834,49.07
0.376973012167448,0.473017330594136,-0.482957616728056,-2.17468853020017,-2.19546212628458,-2.10099579810137,-2.16116877153525,49.14
0.372376953428037,0.47543731885766,-0.482447485690376,-2.16647134896292,-2.19200319369712,-2.08955577648936,-2.15980332510221,49.21
0.367791784605573,0.477847726679869,-0.481835190467021,-2.1580495538339,-2.18876863993179,-2.07847565723137,-2.15868253660221,49.28
0.363217167231554,0.480248164592844,-0.481113237251921,-2.14949585461461,-2.18579618841198,-2.06785023169399,-2.15782998051782,49.35
0.358652529335409,0.482638325217517,-0.48027482521661,-2.14088163887067,-2.18311827226919,-2.05777009070934,-2.15727080428234,49.42
0.354097176273359,0.485017891782275,-0.479313937586388,-2.13227736098783,-2.1807613851982,-2.04832094913158,-2.1570309983896,49.49
0.349550401177736,0.487386510551806,-0.478225627705418,-2.12375318761442,-2.17874611982868,-2.03958288612449,-2.15713659179899,49.56
0.345011404496964,0.489743954215501,-0.477006119207166,-2.1153781818009,-2.17708560593644,-2.0316294979183,-2.15761258109461,49.63
0.340479340246253,0.49209009513672,-0.475652847515088,-2.10722075446395,-2.17578723864558,-2.02452676943351,-2.15848171945036,49.7
0.335953234925102,0.494424815508805,-0.474164506335736,-2.09934542609566,-2.174852805184,-2.01833191604839,-2.15976316445598,49.77
0.331432033208452,0.496747917941791,-0.472541099241752,-2.09181574150158,-2.17428253602095,-2.01309257411356,-2.16147168264941,49.84
0.32691451637422,0.499059100003394,-0.470783996394174,-2.08469666564575,-2.17407310788533,-2.00884621100139,-2.16361715595599,49.91
0.322399411100539,0.501358119758986,-0.468895932885069,-2.07805105909154,-2.17421988866845,-2.00561867306372,-2.16620311910482,49.98
0.317885498122915,0.503644771209937,-0.466880758092711,-2.07193404169607,-2.17471719950914,-2.00342377563455,-2.16922597913613,50.05
0.313371530243575,0.505918796676726,-0.464743190020721,-2.06639153053155,-2.17555989719873,-2.00226380705872,-2.1726754250185,50.12
0.308856277332595,0.50817986317227,-0.462488765031631,-2.06145958346066,-2.17674481618664,-2.00213062862331,-2.1765351382504,50.19
0.304338444293966,0.510427729812471,-0.460123601684202,-2.0571637843981,-2.17826959315102,-2.00300692566915,-2.18078367779795,50.26
0.29981671611809,0.512662225164514,-0.457654105502105,-2.05351866888777,-2.18013039870694,-2.00486754666505,-2.1853951588739,50.33
0.2952896759957,0.514883161579256,-0.455086741479639,-2.05053093661704,-2.18232416598654,-2.00768035923028,-2.19033985340771,50.4
0.290755914136418,0.517090313551839,-0.452428001118871,-2.04820130529361,-2.18484851974109,-2.01140694165056,-2.19558471318941,50.47
0.286214136789727,0.519283587154841,-0.449684246159429,-2.04652589487708,-2.18769978719363,-2.01600298407082,-2.20109349922429,50.54
0.281663084965812,0.521462999440378,-0.446861746347116,-2.04549530009215,-2.19087277481932,-2.02141776564134,-2.20682639152016,50.61
0.277101580498705,0.523628594851897,-0.443966720443124,-2.04509541656239,-2.19435951638013,-2.02759372560557,-2.21273958883866,50.68
0.272528445425333,0.525780362164076,-0.441005189679062,-2.04530970332501,-2.19814864390123,-2.03446555859871,-2.21878439178299,50.75
0.26794254879997,0.527918215468164,-0.437983024532842,-2.04611792780558,-2.20222201541511,-2.04195870931943,-2.22490583441532,50.82
0.2633427269146,0.530042166240358,-0.434906057558624,-2.04749495092806,-2.20655374492827,-2.04998866648065,-2.23104226367623,50.89
0.258727894561413,0.532152305384282,-0.431780198527836,-2.04940910850907,-2.21110807827083,-2.05846537814438,-2.23712891759247,50.96
0.254097156825496,0.534248722284288,-0.428611551658266,-2.05182076157181,-2.21583814842179,-2.06729421663353,-2.24309870811844,51.03
0.249449730892838,0.536331424385139,-0.425406471186735,-2.05468438327677,-2.22068821593971,-2.07637565607603,-2.24888198959322,51.1
0.24478499550082,0.538400320813706,-0.42217142801531,-2.05794980118902,-2.22559558515969,-2.08560493656019,-2.25440633166758,51.17
0.240102413986656,0.540455397079524,-0.418913068300866,-2.06156373994257,-2.23049365919453,-2.09487171869637,-2.25959629935676,51.24
0.235401585032014,0.542496699745464,-0.415638273185437,-2.06546969713009,-2.23531391296212,-2.10405985961673,-2.26437337001783,51.31
0.230682167049876,0.544524258106194,-0.412354028858149,-2.06960913981942,-2.23998742194963,-2.11304769573078,-2.26865630771974,51.38
0.225943993821999,0.546538006391685,-0.409067487798399,-2.07392224532431,-2.2444436626498,-2.1217083285131,-2.27236136281092,51.45
0.221187190843723,0.548537770013643,-0.405786030378113,-2.07834609234413,-2.24860976322961,-2.12990947332849,-2.27540223626074,51.52
0.216412101826139,0.550523442894504,-0.40251713599452,-2.08281322661592,-2.25241230323493,-2.13751351131705,-2.27769032011506,51.59
0.211619342943919,0.552494974773417,-0.399268317527077,-2.08724946015257,-2.25577874324512,-2.14437793993569,-2.27913534439019,51.66
0.206809730741278,0.554452295530364,-0.396046737722801,-2.09157173239247,-2.25864001171105,-2.15035629091697,-2.27964643377822,51.73
0.201984337747113,0.556395240049332,-0.392859142411291,-2.09569035536105,-2.26093202857659,-2.15529958458826,-2.2791333870416,51.8
0.197144421693782,0.558323537142213,-0.389711665647281,-2.09950815081018,-2.26259451682465,-2.15905769093953,-2.27750767440423,51.87
0.19229148237317,0.560236989576824,-0.386609633561878,-2.10292232646267,-2.26356767606432,-2.1614806031084,-2.27468366451842,51.94
0.187427192007662,0.562135464107136,-0.383557620764052,-2.10582795172036,-2.26378919769957,-2.16241937492219,-2.27057925863319,52.01
0.182553453153399,0.564018818550323,-0.38055956853347,-2.10811922562,-2.26319251323686,-2.16172647413378,-2.26511631633447,52.08
0.177672329997623,0.565886829434689,-0.377618837592536,-2.10968955732423,-2.26170583348778,-2.15925581109953,-2.25822087598345,52.15
0.172786107052141,0.567739120224357,-0.374738068270078,-2.11042976447561,-2.25925217176532,-2.15486276611446,-2.24982336338517,52.22
0.167897221089758,0.569575153648209,-0.371919229040578,-2.11022737885792,-2.25574952806891,-2.14840428449067,-2.23985885502333,52.29
0.163008320311152,0.571394415184514,-0.369163726300991,-2.10896680945591,-2.25111193589489,-2.13973910840816,-2.22826746202975,52.36
0.158122196574856,0.573196406609441,-0.366472511790904,-2.10653017664343,-2.24524915164253,-2.12872834154476,-2.21499496439733,52.43
0.153241908182443,0.574980576666144,-0.363846187601766,-2.1027997746776,-2.23806708600512,-2.11523603427188,-2.19999331660381,52.5
0.148370902556189,0.576746252392365,-0.361285045219714,-2.09765683142035,-2.22946694819001,-2.09912941359499,-2.18322115374659,52.57
0.143512948136315,0.578492634646532,-0.358788911541787,-2.09098336626261,-2.21934844211452,-2.08027939820386,-2.16464436353495,52.64
0.138672192959447,0.580218984895037,-0.356357182966488,-2.08266511817317,-2.20761377887771,-2.0585616577632,-2.14423685274948,52.71
0.13385303218172,0.581924622178882,-0.353988920528037,-2.0725925629801,-2.19417054023149,-2.03385917413465,-2.12198068372338,52.78
0.129059974944825,0.583608857324876,-0.35168287905971,-2.06066237441719,-2.17893352379599,-2.00606726202934,-2.09786259646843,52.85
0.124297700973899,0.585270927946284,-0.349437343384772,-2.04678015884188,-2.16182849538201,-1.9750952098158,-2.07187339604078,52.92
0.119570989142471,0.586909934259591,-0.347250152694668,-2.03086294310004,-2.142794739236,-1.94086695816533,-2.04400823658108,52.99
0.114884771900613,0.588524839265383,-0.345118722624078,-2.01283729041599,-2.12178551976225,-1.90332183628525,-2.01426710367445,53.06
0.110244061309782,0.590114660364654,-0.343039811031015,-1.99263939933376,-2.09876944240222,-1.86241523159559,-1.98265511410078,53.13
0.105654000570893,0.591678471337742,-0.341009281655991,-1.97021013795163,-2.07372788803716,-1.81811944923197,-1.94918250593623,53.2
0.101119786780211,0.593215341760362,-0.339022119859406,-1.94549619517293,-2.04665322249697,-1.77042425492165,-1.91386438233046,53.27
0.0966467187916179,0.594724277410945,-0.337072510039125,-1.91845220621928,-2.01754587634054,-1.71933748339506,-1.87672058968154,53.34
0.0922401159128058,0.596204161705113,-0.335153911400367,-1.88904194886846,-1.98641213725404,-1.66488609383056,-1.83777623778208,53.41
0.0879053613080446,0.597653761714074,-0.333259132299045,-1.85724223269441,-1.95326424302818,-1.60711773554597,-1.79706273413983,53.48
0.0836478158304476,0.599071925846494,-0.331380403407372,-1.8230444647016,-1.918122584318,-1.54610269586159,-1.75461914095371,53.55
0.0794728561531966,0.600457592128464,-0.329509449975348,-1.78645433685788,-1.88101677726099,-1.48193578367762,-1.71049340890994,53.62
0.0753857829211021,0.601809734162433,-0.327637563483766,-1.7474916684472,-1.84198528757648,-1.41473827311175,-1.66474361333886,53.69
0.0713918527922554,0.603127308324446,-0.325755736522162,-1.70619059358233,-1.80107379557608,-1.34466003060855,-1.61743925441554,53.76
0.0674961800934605,0.604409202239141,-0.323854988259769,-1.66259888626897,-1.75833484136994,-1.27188194792235,-1.56866261918285,53.83
0.063703761963837,0.60565424809111,-0.321926499739608,-1.61677864487291,-1.71382906612277,-1.19661829413514,-1.51851020273929,53.9
0.0600193727174015,0.606861427851999,-0.319961686374123,-1.56881030323926,-1.66762912716443,-1.11911904331991,-1.4670940584097,53.97
0.0564475813089944,0.608029889355406,-0.317952271496556,-1.51879685366394,-1.61982215591509,-1.0396721061488,-1.41454281913858,54.04
0.0529926376473391,0.609158900295334,-0.315890424813255,-1.46686878677375,-1.57051564676658,-0.958605709980349,-1.36100302101424,54.11
0.0496584816559551,0.610247803699476,-0.313769093108519,-1.41318783880275,-1.51983781745046,-0.876290535326444,-1.30664015234636,54.18
0.0464486208457948,0.611296038424043,-0.311582142387186,-1.35794998589741,-1.46794107531243,-0.793142167843036,-1.25163974029825,54.25
0.0433661303243242,0.612303351732089,-0.30932450227842,-1.30138729815698,-1.4150024868066,-0.709606384109489,-1.19620002079699,54.32
0.0404135210332688,0.613269822864238,-0.306992439970602,-1.24376782018716,-1.36122581773198,-0.626094035266307,-1.14050081321591,54.39
0.0375927301727746,0.614195824648357,-0.304583455720647,-1.18539054747172,-1.30684291430131,-0.542967205084067,-1.08469756524983,54.46
0.0349049796422485,0.615081986663897,-0.302096244710336,-1.12656881893427,-1.25210615986078,-0.460542390411887,-1.02892328413085,54.53
0.0323508200175458,0.615929159946937,-0.299530471271083,-1.06761856569661,-1.19728311421313,-0.379093730741512,-0.973290535470237,54.6
0.0299302329806359,0.616738383212158,-0.296886482565324,-1.00885076898154,-1.14265129336702,-0.298856401841326,-0.917893250570656,54.67
0.0276427286615868,0.617510850559533,-0.294165025257677,-0.950564049982386,-1.08848679121557,-0.220029781879981,-0.862808401425755,54.74
0.0254873743744117,0.618247880626342,-0.291367028682957,-0.893032679524119,-1.03505340208431,-0.142780508093821,-0.80809747629819,54.81
0.0234626277282521,0.618950887139208,-0.288493581520998,-0.836498444174326,-0.982590518695231,-0.0672454163798891,-0.753808070525685,54.88
0.0215663552616057,0.619621350816083,-0.285545784350421,-0.781171439884432,-0.93130506760769,0.00646576959161993,-0.699975399646174,54.95
0.0197959096212175,0.620260792564482,-0.282524795633391,-0.727230637274772,-0.881367600100537,0.0782676238665753,-0.646624241166706,55.02
0.0181482018479492,0.620870747919712,-0.27943194405208,-0.674825290367713,-0.832913165819467,0.148096209534334,-0.59377098602892,55.09
0.0166197688700483,0.621452742665274,-0.276268843633468,-0.624076927865058,-0.786043215091687,0.215906342685325,-0.541425671776884,55.16
0.0152068363211225,0.622008269577102,-0.273037511611101,-0.575081349601957,-0.740827444933783,0.281668931453198,-0.489593996789614,55.23
0.0139053768143916,0.622538766233613,-0.269740488961544,-0.527910560015121,-0.697305584874889,0.345368391879941,-0.438279315182957,55.3
0.0127111638166949,0.623045593834826,-0.266380963537901,-0.482614634961214,-0.655489119927672,0.407000141729657,-0.387484612151018,55.37
0.0116198212754092,0.623530016975901,-0.262962895702763,-0.439223519130001,-0.61536294918171,0.466568172860419,-0.337214459606736,55.44
0.0106268691590301,0.623993184323344,-0.259491146338293,-0.397748752132229,-0.576886979571405,0.524082702344423,-0.287476951995413,55.51
0.00972776507789831,0.624436110145804,-0.255971607081719,-0.358185122109944,-0.539997655383583,0.579557902199329,-0.238285622094635,55.58
0.00891794215557067,0.62485965665581,-0.252411332600135,-0.32051224641905,-0.504610504838011,0.633009707355438,-0.189661336480066,55.65
0.00819284332367746,0.6252645171239,-0.248818611160722,-0.284696079572702,-0.470628533554053,0.684453701333167,-0.141634106610553,55.72
0.00754795221411843,0.625651199732385,-0.245202719153012,-0.250690349212594,-0.437957357328952,0.733903142554771,-0.0942444971334628,55.79
0.00697882082207712,0.626020012142446,-0.241573359248866,-0.218437921396928,-0.406518058198351,0.781367448302041,-0.0475442491462403,55.86
0.00648109411178826,0.62637104675527,-0.237940035924285,-0.187872096959439,-0.376253003405826,0.826851453416682,-0.00159573575327898,55.93
0.0060505317344274,0.626704166655614,-0.234311495014266,-0.158917841108919,-0.347125646547994,0.870355633944719,0.0435300061245704,56
0.00568302702396708,0.627019055752875,-0.230695353979098,-0.131492948803326,-0.319119521612078,0.911877676650487,0.0877565430152582,56.07
0.00537462343246923,0.627315460161601,-0.227097604958519,-0.105509148750801,-0.292234208156338,0.951414886223851,0.131006550403661,56.14
0.00512152856123314,0.627593239720851,-0.223522307919175,-0.0808731491635614,-0.266483032175815,0.98896666803134,0.173206733626185,56.21
0.00492012593848535,0.627852356698781,-0.219971346631932,-0.0574876286218822,-0.241889390276507,1.02453664186846,0.214293230586082,56.28
0.00476698468807805,0.628092865206396,-0.216444247325864,-0.0352521755976061,-0.21847598000671,1.0581345772781,0.254216165159494,56.35
0.00465886722695689,0.628314901321976,-0.212938250503822,-0.0140641803401017,-0.196257670152055,1.0897766893587,0.292940749438058,56.42
0.00459273512211328,0.628518673924157,-0.209448445381635,0.00618031705413147,-0.175240995544704,1.11948461228069,0.330446143553468,56.49
0.00456575323035774,0.628704456228566,-0.205967903536738,0.0255858184831028,-0.155425003786347,1.14728419323303,0.366723979973013,56.56
0.00457529223669764,0.628872578020085,-0.202487811952531,0.0442565956352073,-0.136802056223072,1.17320436005705,0.401776934180377,56.63
0.0046189296993468,0.629023418570385,-0.198997605721676,0.0622959497617718,-0.119358583203337,1.19727606158979,0.43561734207011,56.7
0.00469444970157186,0.629157400228209,-0.195485100743357,0.0798054994567641,-0.103075793905417,1.2195312796211,0.468265863962125,56.77
0.00479984120269308,0.62927498266799,-0.191936626816314,0.0968844925115514,-0.0879303412468167,1.24000211129117,0.499750194775072,56.84
0.00493329517270945,0.629376657780739,-0.188337161591137,0.113629137976071,-0.0738949425878137,1.25871992071566,0.530103819578813,56.91
0.00509320058720014,0.629462945189723,-0.184670465901975,0.130132018166839,-0.0609389571148159,1.27571455862015,0.559364813479018,56.98
0.00527813935148005,0.629534388372216,-0.180919221049298,0.146481640477406,-0.0490289209395799,1.29101364879417,0.587574748083403,57.05
0.00548688021543357,0.629591551367535,-0.177065168651755,0.162761617317508,-0.0381290410787701,1.3046419402312,0.614777830142769,57.12
0.00571837173311282,0.629635016050678,-0.173089253726253,0.179049978961184,-0.0282016495860354,1.31662072390607,0.641019889676808,57.19
0.00597173431407126,0.629665379950086,-0.168971771691214,0.195418552603129,-0.0192076191978227,1.32696731325039,0.666347342943308,57.26
0.00624625140655107,0.629683254587356,-0.164692520018273,0.211932341134902,-0.0111067419258017,1.33569458751791,0.690806192029208,57.33
0.00654135984610547,0.629689264316159,-0.160230955282406,0.228648898907507,-0.00385807208471154,1.34281059738264,0.714441059301115,57.4
0.00685663939702354,0.629684045637048,-0.155566356379475,0.245617702006989,0.00257976471402231,1.34831823228161,0.737294254967889,57.47
0.00719180150808997,0.629668246964379,-0.150677994693015,0.262879574372087,0.00824829504471214,1.35221494919746,0.759404876060856,57.54
0.00754667729876386,0.629642528821086,-0.145545311998952,0.280466231390555,0.0131889520504847,1.35449256277249,0.7808079352248,57.61
0.00792120478685056,0.629607564436581,-0.140148106897086,0.298399431273023,0.0174428591461127,1.35513709685247,0.801533517835219,57.68
0.00831541536418488,0.629564040722636,-0.134466730551643,0.316690241149213,0.0210506414628921,1.35412869777304,0.821605966112856,57.75
0.00872941952277256,0.629512659601543,-0.12848229250957,0.335338353543484,0.0240522634694544,1.35144160992186,0.841043089094125,57.82
0.00916339183028607,0.629454139660395,-0.122176877344082,0.354331389293692,0.0264868912213633,1.34704421433347,0.859855397534655,57.89
0.00961755515079645,0.629389218104717,-0.115533772842047,0.373644186929531,0.0283927777171351,1.34089913129802,0.878045363072213,57.96
0.0100921641041921,0.629318652984037,-0.108537710416512,0.393238078986692,0.0298071698689268,1.33296338818832,0.895606701252962,58.03
0.0105874877558905,0.629243225661309,-0.101175118379804,0.413060156220244,0.0307662356304941,1.32318865392875,0.912523678331661,58.1
0.0111037915272573,0.629163743497261,-0.0934343886574067,0.433042521195753,0.0313050098633946,1.31152154174223,0.928770442089434,58.17
0.0116413183165846,0.629081042719888,-0.0853061574582702,0.453101596797666,0.0314573575633661,1.29790398201519,0.944310377273167,58.24
0.0122002688206361,0.628995991448294,-0.0767836003421267,0.473137555765616,0.0312559531119854,1.2822737308318,0.959095486645962,58.31
0.0127807810476325,0.628909492838997,-0.0678627420387359,0.493034954262232,0.0307322742629572,1.26456514342357,0.973065799047711,58.38
0.0133829090141458,0.628822488321589,-0.0585427177587434,0.512669781791584,0.0299166096179198,1.24471008786514,0.986149314447302,58.45
0.0140066006207944,0.628735960889314,-0.0488257955903926,0.531914928489684,0.0288380783920478,1.22264014484546,0.99826439382761,58.52
0.0146516747048058,0.628650938408665,-0.0387174140890142,0.55063461021939,0.0275246613149615,1.19828996906001,1.00932383441007,58.59
0.0153177972715876,0.628568496910511,-0.0282264890466861,0.568678999127119,0.0260032415570459,1.17160009980967,1.01923764793401,58.66
0.0160044569123589,0.628489763823562,-0.0173657986772171,0.585878429685173,0.0242996546144559,1.14251896920584,1.02791441825907,58.73
0.0167109394207275,0.628415921109148,-0.00615238335581299,0.602041632262903,0.0224387461280191,1.11100411023387,1.03526124171207,58.8
0.0174363016278653,0.628348208254313,0.00539210409472188,0.616956349222549,0.020444436651005,1.07702326533712,1.04118346051423,58.87
0.0181793444836649,0.628287925078173,0.0172412252598546,0.630394436936617,0.0183397924184843,1.04055577824355,1.0455849550535,58.94
0.0189385854199965,0.62823637078575,0.0293635068835816,0.642121398264924,0.0161471012061574,1.0015951595152,1.04836995138536,59.01
0.019712230041936,0.628194592183109,0.0417226246703479,0.651910481162971,0.0138879523991205,0.960153715850331,1.04944742742864,59.08
0.0204981432036472,0.628163322116978,0.0542777672628995,0.659555318009447,0.0115833204206303,0.916269878541287,1.04873926481189,59.15
0.0212938195374877,0.628142981062321,0.0669843088151276,0.664880860140576,0.00925365069755016,0.870017214276639,1.04619030774993,59.22
0.0220964170364173,0.628133678311411,0.0797947281924981,0.667750900386564,0.00691894736256646,0.821513719357897,1.04177874390193,59.29
0.0229029808220148,0.628135212748346,0.0926593318653382,0.668071555048469,0.00459911598750353,0.770929425394087,1.03552509424586,59.36
0.0237104760938833,0.628147073204875,0.105526972857014,0.665792806595619,0.00231481465724459,0.718489898225329,1.02749733552234,59.43
0.0245157574098843,0.628168438405156,0.118345958191875,0.660908237688714,8.67800276473874e-05,0.664472257091551,1.01780840684,59.5
0.0253156014500941,0.628198240037485,0.131064829193882,0.653455181584756,-0.00206433982298896,0.609196563808237,1.00660927379393,59.57
0.0261069304211858,0.628235416020895,0.143633334193609,0.643516813611906,-0.00411790061220086,0.553013587739212,0.994078816206959,59.64
0.0268868451115528,0.628278972894658,0.156003405043055,0.631223323944459,-0.00605318000291816,0.496288489816202,0.980411740656654,59.71
0.0276525947512976,0.628327984407766,0.168129885273133,0.616749500723545,-0.00784929947161037,0.439382444933619,0.965806861232793,59.78
0.0284015473062886,0.628381589864825,0.179971202276682,0.600306304872766,-0.00948515068525619,0.382637969103526,0.950457900808533,59.85
0.0291311603113095,0.628438992263627,0.191489985233709,0.582130304630957,-0.0109393271833108,0.326371240662225,0.934547885121857,59.92
0.0298390158613129,0.628499456257259,0.202653376285242,0.562470453680922,-0.0121900621695642,0.27086911585699,0.918246804727075,59.99
0.0305230468944887,0.6285623059711,0.213433036378038,0.541577730053498,-0.0132151732301263,0.216388984744898,0.901711203967155,60.06
0.0311815737467529,0.628626922702762,0.223805037587949,0.519698833236571,-0.0139920148074207,0.163159677953678,0.885084356602024,60.13
0.0318132780932327,0.628692742530754,0.233749515965606,0.497065545519713,-0.0144974392759055,0.111382842822856,0.868496577496065,60.2
0.032417177859452,0.628759253855441,0.243250276374122,0.473890482869488,-0.0147077674828122,0.0612348437138456,0.852065791939463,60.27
0.0329926031526119,0.628825994893832,0.252294413596791,0.450367384491999,-0.0145987696362583,0.012868734162527,0.835898167077861,60.34
0.0335391732505569,0.628892551147692,0.260871950334597,0.426672185385255,-0.0141456574433163,-0.0335838964155295,0.820088737433505,60.41
0.0340567746740953,0.628958552862596,0.26897549258738,0.40296372115751,-0.0133230884214862,-0.0780113343487261,0.804722020467725,60.48
0.0345455403573263,0.62902367249375,0.276599902801421,0.379384566550216,-0.0121051833282766,-0.120320035576393,0.789872618559055,60.55
0.0350058299204304,0.629087622192669,0.283741991067054,0.356061938088308,-0.0104655576746192,-0.160432933063719,0.775605804171974,60.62
0.0354382110399803,0.629150151327227,0.290400224564158,0.333108591899952,-0.00837736830817079,-0.198287824859696,0.76197808536958,60.69
0.0358434419031921,0.629211044046052,0.296574455379007,0.310623711851578,-0.00581337607174471,-0.233835845745197,0.749037749178744,60.76
0.0362224547245804,0.629270116896844,0.302265666752495,0.288693783695456,-0.00274602555957481,-0.267040024851344,0.736825380650945,60.83
0.0365763402962411,0.629327216506849,0.307475737767151,0.267393451444075,0.000852456991044742,-0.297873931119793,0.725374355775057,60.9
0.0369063335363225,0.629382217332505,0.312207226436762,0.246786352669958,0.00500994662326282,-0.32632040802236,0.714711306692288,60.97
0.0372137999942088,0.629435019484106,0.316463171128561,0.226925929880768,0.00975428234139961,-0.352370398555726,0.704856557938259,61.04
0.0375002232654371,0.629485546630296,0.320246910221614,0.207856215539298,0.0151131084875872,-0.376021861171983,0.695824532694607,61.11
0.0377671932643857,0.629533743986206,0.32356191988685,0.189612588686528,0.0211136937542581,-0.3972787769976,0.6876241282728,61.18
0.0380163952982661,0.629579576388153,0.326411669862471,0.172222501484952,0.027782726780143,-0.416150248424526,0.680259060278079,61.25
0.038249599881895,0.629623026457011,0.328799497093211,0.155706174329065,0.0351461508102812,-0.432649688927805,0.67372817511245,61.32
0.0384686532290821,0.629664092851599,0.330728497102013,0.140077258472473,0.0432290999225068,-0.446794040249107,0.668025730672886,61.39
0.0386754683532161,0.629702788612755,0.332201432967612,0.125343465396773,0.0520554276840247,-0.458602889402863,0.663141645287116,61.46
0.0388720167067486,0.629739139598171,0.333220661790653,0.111507162397884,0.0616473354311827,-0.468097865976602,0.659061715104166,61.53
0.0390603202867168,0.629773183007489,0.333788078543496,0.0985659340923137,0.0720250357472567,-0.475302191945087,0.655767800322436,61.6
0.0392424441312244,0.629804965996686,0.333905077214219,0.0865131097492849,0.0832063867758566,-0.480240319658755,0.653237980795685,61.67
0.0394204891298656,0.629834544380348,0.333572529172915,0.0753382565377539,0.0952064966017604,-0.482937657123516,0.651446681706938,61.74
0.0395965850694389,0.629861981420023,0.332790778707145,0.0650276389392189,0.108037297021319,-0.483420379641754,0.650364770145272,61.81
0.0397728838349257,0.629887346696561,0.331559655693619,0.0555646447210213,0.121707149647551,-0.481715326847603,0.649959623559117,61.88
0.0399515526846104,0.629910715064012,0.329878441874069,0.0469301779909292,0.136222770564748,-0.477849984139385,0.650195171196416,61.95
0.0401347675173725,0.629932165682453,0.32774560018671,0.0391030199636911,0.151598999312522,-0.471852483968049,0.651031909774321,62.02
0.0403247060495973,0.629951781126888,0.325158521256319,0.0320601581649142,0.167864343362902,-0.463751371859628,0.652426958271636,62.09
0.0405235408188221,0.629969646569223,0.322113541177267,0.0257770848789298,0.18505092767479,-0.453575199620388,0.654334280386216,62.16
0.0407334319311684,0.629985849030151,0.318606040133268,0.0202280657157724,0.20318587126631,-0.441352452786617,0.656704695179075,62.23
0.0409565194698071,0.630000476697734,0.314630558474256,0.0153863792295001,0.222289234635256,-0.427111874750407,0.659485804696598,62.3
0.0411949154821813,0.630013618309343,0.310180930425855,0.0112245285672493,0.242373328488833,-0.410882932399611,0.662621903964209,62.37
0.0414506954644775,0.630025362593622,0.305250435638551,0.00771442616594086,0.263441985615125,-0.392696358654808,0.666053875349067,62.44
0.0417258892629049,0.630035797769084,0.299831968810662,0.00482755254342746,0.285489795431519,-0.372584770777193,0.669719069415317,62.51
0.0420224713127429,0.630045011095957,0.293918227640086,0.0025350902535557,0.308501301069205,-0.350583363271931,0.673551174525787,62.58
0.0423423501378587,0.630053088477939,0.28750191937449,0.000808034091148252,0.332450159204785,-0.326730674139589,0.677480077578577,62.65
0.0426873570355126,0.63006011411052,0.280575986236876,-0.0003827213554225,0.357298263233589,-0.301069423129326,0.681431718406623,62.72
0.0430592338737892,0.630066170172611,0.273133850003044,-0.00106631569938472,0.382994830794119,-0.273647420520166,0.685327940513258,62.79
0.0434596199319362,0.630071336558264,0.265169675998396,-0.00127187718944257,0.409475457101736,-0.244518544796013,0.689086340967226,62.86
0.0438900377173131,0.630075690645365,0.256678656763056,-0.00102849647221493,0.436661136033043,-0.213743787386449,0.692620122436728,62.93
0.0443518776965629,0.630079307098243,0.247657315605939,-0.000365218573273474,0.464457251421597,-0.181392362413102,0.695837950503947,63
0.0448463818830791,0.630082257701258,0.238103830229027,0.000688948011817059,0.492752541582481,-0.147542879110281,0.698643819568849,63.07
0.0453746262278829,0.630084611220519,0.228018376552255,0.00210500622351161,0.521418040678181,-0.112284574274394,0.700936930823976,63.14
0.0459375017666857,0.630086433290993,0.217403492806324,0.00385393044701455,0.550306064691326,-0.0757186017384411,0.702611585959944,63.21
0.0465356944822474,0.630087786326396,0.206264463884482,0.00590661272908339,0.57924931044429,-0.0379593754628507,0.70355710044379,63.28
0.0471696638482101,0.630088729449355,0.194609725853914,0.00823379630947998,0.608059565151629,0.000864037621590708,0.703657740399057,63.35
0.0478396200283885,0.630089318439466,0.182451226904439,0.0108059975768026,0.636527430297065,0.0406064793873179,0.702792687306294,63.42
0.0485454997141592,0.630089605696996,0.16980461737353,0.013593417564202,0.66442484552831,0.0811052853472594,0.700836098453546,63.49
0.0492869405920872,0.630089640220105,0.156689649502318,0.0165658441092179,0.691504195719232,0.122179088651988,0.697657394777863,63.56
0.0500632544443716,0.630089467593584,0.143130659286445,0.0196925458140168,0.717494200452261,0.163626595379816,0.693121399780989,63.63
0.0508733988960769,0.630089129987251,0.129157002628989,0.0229421589581014,0.742103139458195,0.205225147484167,0.687088461531912,63.7
0.0517159478355725,0.630088666162265,0.114803190791062,0.0262825685354602,0.765031583961199,0.246729589226934,0.67941475346281,63.77
0.0525890605480863,0.630088111483742,0.100108724020467,0.0296807846121831,0.785988483669641,0.287872017257542,0.669953267426779,63.84
0.0534904496169189,0.630087497938209,0.0851178125997989,0.0331028152292938,0.804700013129749,0.32836337646016,0.658555822085187,63.91
0.0544173476626793,0.630086854154542,0.0698788567732464,0.0365135371088676,0.820918048477687,0.367897928065323,0.645077172029213,63.98
0.055366536526441,0.630086205427163,0.0544438109076,0.0398765654597463,0.834425744231887,0.406162316013916,0.629382303071702,64.05
0.0563345660391423,0.63008557374042,0.038867366528407,0.0431541242222419,0.845040283064803,0.442850132427029,0.611355902902343,64.12
0.0573177813873809,0.630084977793165,0.0232062698489123,0.0463069181393396,0.852615538096108,0.477678945142695,0.590914075709475,64.19
0.0583122862439456,0.630084433022715,0.00751851763783099,0.0492940080948888,0.857044019474768,0.510406368889046,0.568016907682203,64.26
0.0593139688396539,0.630083951627463,-0.00813731665760103,0.0520726912171728,0.858256903952913,0.540842904088886,0.54267979039902,64.33
0.0603187181618597,0.630083542587564,-0.0237029463319526,0.0545983873088176,0.856223675992939,0.568861234858839,0.514981216884684,64.4
0.0613224493238481,0.630083211683221,-0.0391212995750227,0.0568245332312566,0.850953542662768,0.594400532440286,0.485065715811434,64.47
0.0623210652986678,0.630082961510243,-0.0543373875368399,0.0587024869434175,0.84249754365875,0.617462529443049,0.453138617871296,64.54
0.063310418691845,0.630082791492634,-0.0692989874367394,0.0601815064883246,0.830950784424861,0.638102225577296,0.419455380140288,64.61
0.0642863372278818,0.630082697892136,-0.0839575239189797,0.0612091233741219,0.816452757815882,0.656414876348852,0.384306349936683,64.68
0.0652448401454742,0.630082673814728,-0.0982689600839994,0.0617348341328229,0.799186449382177,0.672521739926228,0.347997403163733,64.75
0.0661821645479763,0.630082709214239,-0.112194382448394,0.061723019255329,0.779375014113921,0.686557945122008,0.310831019528086,64.82
0.0670947924162095,0.63008279089333,-0.12570021798954,0.061160418567393,0.757274175654378,0.698664381498647,0.273095087726199,64.89
0.0679796689824073,0.630082902502228,-0.138758148275185,0.0600579738011705,0.733165166933663,0.708982780760487,0.235057714141853,64.96
0.0688342314868752,0.630083024535716,-0.151344976031988,0.0584493890411255,0.707346487521515,0.717652840759855,0.196964975227383,65.03
0.0696563754706403,0.630083134329004,-0.163442445233265,0.0563876790068224,0.68012484814522,0.724810624512479,0.159040078920592,65.1
0.0704444222204929,0.630083206053225,-0.1750368250355,0.0539401485397014,0.65180236920146,0.730587720759389,0.121483608131732,65.17
0.0711970874468268,0.630083210711409,-0.186118448817509,0.0511771009347585,0.622659322950796,0.735110652747337,0.0844745201997021,65.24
0.0719134512584597,0.63008311613594,-0.196681272367156,0.048167293920249,0.592951209471835,0.738500593735042,0.0481715135556826,65.31
0.0725929294835689,0.630082886988577,-0.206722451586785,0.0449775363756283,0.562910056267887,0.740873193849619,0.0127144371725297,65.38
0.073235246371982,0.630082484764286,-0.21624193995031,0.041672802614293,0.532745358446771,0.742338450157572,-0.0217743267755808,65.45
0.0738404087012575,0.630081867800218,-0.225242105823056,0.0383163535360635,0.502645158773367,0.743000615543679,-0.0551885123819403,65.52
0.0744086812972318,0.630080991291302,-0.233727369648394,0.0349698621724356,0.472777196085299,0.742958142206245,-0.0874366562771812,65.59
0.0749405639689253,0.630079807314042,-0.24170386091332,0.0316935412128477,0.443290051379574,0.742303655795805,-0.118440824758425,65.66
0.0754367698478713,0.630078264860227,-0.249179094726753,0.0285462701607214,0.414314285170031,0.74112395644561,-0.148135385271803,65.73
0.0758982051129462,0.630076309882379,-0.256161667778825,0.0255857198237044,0.385963560445935,0.739500043163435,-0.176465825226068,65.8
0.0763259500736568,0.630073885352876,-0.262660973396836,0.0228684718933405,0.358335746248576,0.737507158276752,-0.20338762064606,65.87
0.076721241577464,0.630070931338829,-0.26868693537189,0.0204501314155603,0.331513997527341,0.735214848843897,-0.228865156750942,65.94
0.0770854567000932,0.630067385094855,-0.274249760200192,0.0183854299947912,0.305567807538151,0.732687042163422,-0.252870702160995,66.01
0.0774200976717909,0.630063181176063,-0.27935970736208,0.0167283176119662,0.280554029608678,0.729982132730492,-0.275383438096494,66.08
0.0777267779871372,0.630058251573618,-0.284026877251411,0.0155320409699028,0.256517865615435,0.72715307820348,-0.296388543631981,66.15
0.078007209641256,0.63005252587539,-0.288261016365642,0.0148492063095117,0.233493818999467,0.72424750215469,-0.315876337804936,66.22
0.078263191431018,0.630045931454272,-0.292071339372919,0.0147318246670457,0.211506610592138,0.72130780158628,-0.333841479149412,66.29
0.0784965982560506,0.630038393686857,-0.295466367685769,0.0152313375673017,0.190572055930038,0.718371257395696,-0.350282223028538,66.36
0.0787093713510778,0.630029836205231,-0.298453784191355,0.016398621170458,0.170697903111522,0.715470146174114,-0.365199736974029,66.43
0.0789035093781964,0.630020181184731,-0.301040303814339,0.0182839669119756,0.151884630586708,0.712631851916394,-0.378597474103676,66.5
0.0790810603051625,0.630009349670575,-0.303231559620507,0.0209370366965531,0.134126204580354,0.70987897641171,-0.390480604576558,66.57
0.0792441139935676,0.629997261946324,-0.305032004205836,0.0244067907301309,0.11741079612494,0.707229447270532,-0.400855504957456,66.64
0.0793947954189001,0.629983837947196,-0.306444826157015,0.0287413860974485,0.101721457929203,0.704696622725898,-0.409729305297036,66.71
0.0795352584428899,0.629968997721243,-0.307471881414231,0.0339880442200865,0.0870367615285443,0.702289392525079,-0.417109493687519,66.78
0.0796676800571922,0.629952661941469,-0.308113639415204,0.0401928853600593,0.0733313953592152,0.700012274401842,-0.423003578024909,66.85
0.0797942550163577,0.629934752471909,-0.308369143949965,0.0474007283710722,0.0605767245692299,0.69786550578999,-0.427418804694004,66.92
0.0799171907771559,0.629915192990698,-0.308235988708839,0.0556548539403399,0.0487413135269436,0.69584513060535,-0.430361933892318,66.99
0.080038702660642,0.629893909673109,-0.307710307560118,0.0649967296149012,0.0377914121154795,0.693943081086648,-0.4318390713178,67.06
0.0801610091528668,0.629870831937453,-0.306786779649358,0.075465694964216,0.0276914070077058,0.692147254845489,-0.431855555964242,67.13
0.0802863272598329,0.629845893256659,-0.305458649467476,0.0870986053010242,0.0184042392053384,0.690441587432444,-0.430415903792095,67.2
0.0804168678321754,0.629819032038216,-0.3037177620903,0.0999294324633889,0.00989178919679077,0.688806120880034,-0.427523807071444,67.27
0.080554830775107,0.629790192575003,-0.301554613846932,0.113988821255704,0.0021152311435661,0.687217068834372,-0.423182189225327,67.34
0.080702400059399,0.629759326069355,-0.29895841872717,0.129303600257153,-0.00496464245413154,0.685646879035708,-0.417393315032053,67.41
0.0808617384495869,0.629726391732476,-0.295917190890117,0.145896245832143,-0.0113871241351763,0.684064294053966,-0.410158956074894,67.48
0.0810349818662036,0.629691357961056,-0.292417843684141,0.163784298324357,-0.0171913214060824,0.68243441132897,-0.401480611351188,67.55
0.0812242332996492,0.629654203592635,-0.288446305634585,0.182979729581237,-0.0224159117246433,0.680718743706209,-0.391359782972302,67.62
0.0814315561943361,0.629614919240915,-0.283987653897086,0.203488261144395,-0.0270989210498597,0.678875281797911,-0.379798306895311,67.69
0.081658967222997,0.62957350871181,-0.279026265712215,0.225308632654025,-0.031277524485461,0.676858559635977,-0.366798738627431,67.76
0.0819084283725699,0.629529990500598,-0.273545988428809,0.248431820253898,-0.0349878675691265,0.674619725217068,-0.352364793830617,67.83
0.0821818382648498,0.629484399369998,-0.267530328690571,0.272840205050224,-0.0382649067916384,0.672106617672441,-0.336501843725824,67.9
0.0824810226371881,0.629436788008484,-0.260962661400329,0.298506691973142,-0.0411422679695351,0.669263852923756,-0.319217465152512,67.97
0.0828077239109399,0.629387228767472,-0.253826459089086,0.325393779718121,-0.0436521211399481,0.666032919812157,-0.300522045075296,68.04
0.0831635897781465,0.629335815475387,-0.246105542322139,0.353452582805805,-0.0458250706968205,0.662352288810899,-0.280429439244777,68.11
0.0835501607401215,0.629282665325822,-0.237784351770421,0.382621807195784,-0.0476900595432286,0.658157535550593,-0.25895768461286,68.18
0.0839688565352256,0.629227920836214,-0.228848242562005,0.412826681323844,-0.0492742860939843,0.653381481501322,-0.23612976496948,68.25
0.0844209613971955,0.629171751872548,-0.219283801504998,0.443977844905247,-0.0506031330261121,0.647954354266137,-0.211974429109271,68.32
0.0849076080900248,0.629114357734651,-0.209079187737807,0.475970198360981,-0.0517001067409868,0.641803970044911,-0.18652706064629,68.39
0.0854297606705515,0.62905596929559,-0.198224497315792,0.508681716279953,-0.0525867865711807,0.634855940926736,-0.159830598375945,68.46
0.0859881959356915,0.628996851187556,-0.186712152183318,0.541972228929992,-0.0532827828364972,0.62703390976028,-0.131936505829644,68.53
0.0865834835176829,0.628937304025437,-0.174537313906242,0.575682176475801,-0.0538057029270713,0.618259815436062,-0.102905788379863,68.6
0.0872159645978844,0.628877666657959,-0.161698322450925,0.609631341254039,-0.0541711246663462,0.608454191488523,-0.0728100559274811,68.67
0.0878857292175326,0.628818318434948,-0.148197160191363,0.643617564194496,-0.0543925762830417,0.597536500991268,-0.0417326288398621,68.74
0.0885925921726201,0.628759681477762,-0.134039941204792,0.677415452263822,-0.0544815223985975,0.585425510771766,-0.00976968440326254,68.81
0.089336067489592,0.628702222938441,-0.119237425777209,0.710775084644419,-0.0544473555145966,0.57203970801276,0.022968559392619,68.88
0.0901153414891018,0.628646457231453,-0.103805559882354,0.743420726246896,-0.0542973925632627,0.557297762333323,0.0563566264114812,68.95
0.0909292444565099,0.628592948220244,-0.0877660392207315,0.775049558088744,-0.0540368761631269,0.541119036453206,0.0902525354765423,69.02
0.0917762209503135,0.62854231133894,-0.0711468972073605,0.805330435056262,-0.0536689803009791,0.523424148537004,0.124496528816081,69.09
0.0926542987932858,0.628495215627735,-0.0539831160776034,0.833902682597783,-0.0531948202402667,0.504135589287508,0.158909781267472,69.16
0.0935610568057819,0.62845238565846,-0.0363172600390152,0.860374944977042,-0.0526134665349451,0.483178396809977,0.193293096336374,69.23
0.0944935913565955,0.628414603324858,-0.0182000020946945,0.884331022357256,-0.0519219631061473,0.460480892196781,0.227425595934704,69.3
0.0954484818238498,0.628382709469911,0.00030996523540347,0.905362402335364,-0.0511152858984731,0.435975796277005,0.261064046582469,69.37
0.0964218185953164,0.628357605320428,0.0191467007444271,0.923100823802969,-0.0501861787102999,0.409603508774557,0.293945879384542,69.44
0.0974094207753825,0.628340190178311,0.0382381515590158,0.937237613127081,-0.0491253745388144,0.381320220196098,0.325799597107158,69.51
0.0984068626351813,0.628331108297516,0.0575073412636187,0.947532601375946,-0.0479216945666871,0.351112319593657,0.35636600829476,69.58
0.099409499520606,0.628330686025152,0.0768736118671359,0.953815810223863,-0.0465620886615128,0.319014940151249,0.385424391417267,69.65
0.100412683942269,0.62833893214553,0.0962540495746455,0.955988648640268,-0.0450316813322628,0.285128545218331,0.4128129911669,69.72
0.101411790911934,0.628355537896202,0.115564779836541,0.954023864611851,-0.0433138236398918,0.249626947420063,0.4384397900015,69.79
0.102402243257939,0.628379876655649,0.134722388900905,0.94796476380237,-0.0413901516285946,0.212750722705122,0.462278860659595,69.86
0.103379727651267,0.628411066832917,0.153645220982565,0.9379257287874,-0.0392406519119372,0.174789506267375,0.484356304844694,69.93
0.104340220404223,0.62844822501972,0.172254808293596,0.924091941098461,-0.0368437351132191,0.136055892581441,0.504731051192389,70
0.105280013761493,0.628490528325867,0.190477055927176,0.906709853757197,-0.0341763179224645,0.0968596307169293,0.52347800683383,70.07
0.106195933392326,0.628537212968359,0.208243121059094,0.886075267300972,-0.0312139145921941,0.05749372707055,0.540678006711719,70.14
0.107085366112644,0.628587572664008,0.225490116322352,0.862518936465754,-0.0279307387511946,0.0182294584291366,0.556413986192322,70.21
0.107946224994924,0.628640956854721,0.242161385899915,0.836393952084812,-0.0242998164687581,-0.0206844796603378,0.570769753360653,70.28
0.10877691548419,0.628696768792371,0.258206801360176,0.808064822159538,-0.0202931115515392,-0.0590213673247522,0.583829642846807,70.35
0.109576302599846,0.628754463508054,0.273582698281494,0.777895825011242,-0.0158816641001133,-0.0965754233811563,0.595678285768575,70.42
0.110343679284356,0.628813545688495,0.288251836687555,0.746243257547643,-0.0110357433928901,-0.133160663175057,0.606400174985437,70.49
0.111078735942195,0.628873567480388,0.302182942328391,0.713443942588571,-0.00572501620009715,-0.168609532053487,0.616079212996914,70.56
0.111781531196243,0.628934126241548,0.315350147821939,0.679807858041147,8.1268340123888e-05,-0.20277151212519,0.624798302786588,70.63
0.112452463873586,0.628994862255975,0.327732461888387,0.645618051060221,0.0064141396470873,-0.235511772220803,0.632638978416589,70.7
0.113092246218676,0.629055456428179,0.339313267666745,0.611131727603528,0.0133048747721784,-0.266709866798413,0.639681072215543,70.77
0.113701878318813,0.629115627970484,0.350079850916541,0.576581490290962,0.0207845662918491,-0.296258488940834,0.646002415454591,70.84
0.114282623714977,0.629175132095504,0.360022958741241,0.542176651239178,0.0288837959780641,-0.324062282043067,0.651678569470952,70.91
0.114835986160051,0.629233757724494,0.369136389320612,0.508104547480052,0.0376323495446284,-0.35003671428733,0.656782584274609,70.98
0.11536368747641,0.629291325220922,0.377416613007227,0.474531850977393,0.0470589077873703,-0.374107019546496,0.661384781759809,71.05
0.115867646455734,0.629347684157319,0.384862425025895,0.441605866093968,0.0571907129848829,-0.396207207944475,0.665552560738641,71.12
0.116349958735527,0.629402711122279,0.391474629912706,0.409455808148647,0.0680532094688976,-0.416279148929314,0.669350221118084,71.19
0.116812877579379,0.629456307573336,0.397255757741915,0.378194057441497,0.0796696573282875,-0.434271729379704,0.672838804652916,71.26
0.117258795481191,0.629508397740453,0.402209812111292,0.347917383814379,0.0920607182794579,-0.450140088965689,0.676075949824931,71.33
0.117690226507629,0.629558926583885,0.406342049791545,0.318708137456321,0.105244012819453,-0.463844934716434,0.679115758523025,71.4
0.118109789287725,0.629607857809311,0.409658791888298,0.290635402258218,0.119233647876937,-0.475351936508722,0.682008672328325,71.47
0.118520190553934,0.629655171942357,0.412167266317903,0.263756108570722,0.134039714292536,-0.48463120497844,0.684801356343342,71.54
0.118924209134931,0.629700864463893,0.413875481356764,0.238116102725807,0.149667817112695,-0.491656853165762,0.687536588643388,71.61
0.119324680297116,0.629744944006872,0.414792129989694,0.213751171145292,0.16611870183406,-0.496406643036196,0.690253153572559,71.68
0.119724480329009,0.62978743061488,0.414926524752716,0.19068801728274,0.183387531757373,-0.498861717866516,0.692985737254648,71.75
0.120126511260575,0.629828354062086,0.414288499220929,0.168945190028372,0.201467135686215,-0.499006421345059,0.695764823841511,71.82
0.120533685607969,0.629867752233846,0.412888085231541,0.148533962553603,0.22036265780127,-0.496828204105392,0.698616591177639,71.89
0.120948911033193,0.62990566956682,0.410735156024869,0.129459224401354,0.240094870260547,-0.492317554772724,0.701562804719798,71.96
0.121375074807756,0.629942155547185,0.407839161960315,0.111720703979197,0.260691386086261,-0.485467828964263,0.70462070871477,72.03
0.121815027969636,0.629977263265246,0.404209085469902,0.0953142671871836,0.28217739549138,-0.476275357719188,0.707802913806329,72.1
0.122271569063595,0.630011048024579,0.399853297296685,0.0802317677380486,0.304572530578285,-0.46473970857237,0.711117216896513,72.17
0.122747427356295,0.630043566003687,0.394779631269308,0.0664614184024185,0.327887378580679,-0.450864035892481,0.714566225744653,72.24
0.12324524541968,0.630074872968064,0.388995550256107,0.053988365894629,0.352124216255838,-0.434655520498199,0.718147169120522,72.31
0.1237675609787,0.63010502303055,0.382508339480813,0.042795215770218,0.377273644093109,-0.416125898430107,0.721851765376373,72.38
0.124316787922789,0.63013406745784,0.375325326914115,0.0328625078983077,0.403312836940009,-0.395292078600746,0.725666086025795,72.45
0.12489519638451,0.630162053521109,0.367454130461739,0.0241691431687275,0.430204585674699,-0.372176848871365,0.729570414645941,72.52
0.125504891793485,0.630189023388794,0.358902931668818,0.0166927621724224,0.457896305059618,-0.346809669907564,0.733539101634731,72.59
0.126147792819234,0.630215013059745,0.349680775647865,0.0104100766574064,0.486319009201218,-0.319227555938983,0.737540415575497,72.66
0.126825608122817,0.63024005133515,0.339797896917045,0.00529715460976362,0.515386256625853,-0.289476041295627,0.741536392187455,72.73
0.127539811844305,0.630264158827851,0.329266070801787,0.001329659845819,0.544993067608029,-0.257610231303858,0.745482682072328,72.8
0.128291617761127,0.63028734700798,0.318098990007476,-0.00151695297414304,0.575014817052124,-0.223695935799434,0.749328398704938,72.87
0.129081952061264,0.630309617284123,0.30631266591201,-0.00326728698424314,0.605306106935583,-0.187810883150839,0.753015968358938,72.94
0.129911424685205,0.630330960119582,0.293925854054048,-0.00394589446934154,0.635699686588691,-0.150046012277247,0.756480983907989,73.01
0.13078029920155,0.630351354183689,0.280960503203761,-0.00357721000174734,0.666005489877755,-0.110506839690124,0.759652064697463,73.08
0.131688461193218,0.630370765538547,0.267442227298568,-0.00218552442366697,0.696009287523776,-0.0693148980841658,0.762450724942302,73.15
0.13263544866292,0.630389146862003,0.253400799404309,0.000205001256299184,0.725472740327184,-0.0266092424469128,0.764791253372037,73.22
0.133620671499102,0.630406436708158,0.2388705396857,0.00357028297778878,0.754141086277762,0.0174519809535908,0.766580607115241,73.29
0.134643438907465,0.630422558807228,0.223890215137528,0.00788622267606709,0.781760630213863,0.0626899715318047,0.767718323090422,73.36
0.13570292186742,0.630437421407093,0.208502767362049,0.0131285801805094,0.808092579703151,0.108903913891007,0.768096386931275,73.43
0.136798114158553,0.630450916659443,0.192754803398124,0.0192728088833957,0.832921775799706,0.155869826695398,0.767598936239071,73.5
0.137927791988937,0.630462920054043,0.176696038524671,0.0262938561036266,0.856058422167053,0.203340200235423,0.766102246910219,73.57
0.139090472263916,0.630473289905195,0.160378816302505,0.0341659290824858,0.877335806126954,0.251044367706447,0.763475324547305,73.64
0.140284433060763,0.630481866895181,0.143857830999876,0.0428622275676463,0.896607194806472,0.298690508890418,0.759581867887047,73.71
0.141507923402658,0.630488473680067,0.127189732816258,0.052354643969881,0.913742802017156,0.345969677654417,0.754283863299554,73.78
0.142759181285152,0.630492914563951,0.1104329314149,0.0626134321160383,0.92862651388487,0.392562372510047,0.747447006085967,73.85
0.144036387058784,0.630494975248412,0.0936474050508237,0.0736068456714089,0.941151870048695,0.438147534929324,0.73894744565181,73.92
0.145337615753812,0.630494422664628,0.0768943225138563,0.0853007473675633,0.951222767472681,0.482413034758776,0.728678843335388,73.99
0.146660788416708,0.630491004896319,0.0602357931958973,0.097658190248083,0.95875444462694,0.525067273789613,0.716560509788517,74.06
0.148003622532095,0.630484451202405,0.0437344888787168,0.110638972235529,0.96367595654632,0.565850331343347,0.70254618128157,74.13
0.149363645128176,0.630474472148986,0.0274533254331378,0.124199165430933,0.965935223796192,0.604543900692826,0.68663305684055,74.2
0.150738395689622,0.630460823379462,0.0114547574135795,0.138290621680884,0.965504371349795,0.640980280235085,0.668870145144008,74.27
0.152125437859747,0.630443560070474,-0.00419980869729217,0.152860519607738,0.962381738773439,0.675049856012971,0.649364841419631,74.34
0.153522307062707,0.630423037451727,-0.0194505484887119,0.167851018459724,0.956592341286726,0.706705303409886,0.628286144466856,74.41
0.154926457657444,0.630399657387576,-0.0342398302407925,0.183198512647735,0.948189068425637,0.735959399762023,0.605861460804273,74.48
0.156335273236127,0.6303738056381,-0.0485130314753113,0.198832997326257,0.93725461934703,0.762878228223131,0.58236876803915,74.55
0.157746267201116,0.630345852747692,-0.0622191825186138,0.214677547446507,0.923903092931619,0.787571042809012,0.558125145138759,74.62
0.159157092607741,0.630316155027942,-0.075311566191063,0.230651215916001,0.908280340264565,0.810177808463635,0.533471468526691,74.69
0.160565488404664,0.630285055620691,-0.0877482755620338,0.246682277296315,0.890562948106431,0.830856825766431,0.508755294609892,74.76
0.161969289198635,0.630252885627661,-0.099492477472979,0.262715622817754,0.870953434097901,0.849775674468854,0.484317569001891,74.83
0.163366625666793,0.630219965293592,-0.110512383424232,0.278718882730808,0.849676919036081,0.867105215811079,0.460484038540189,74.9
0.164755934586647,0.630186605230236,-0.120781119784905,0.294684165648335,0.826977299451597,0.883015376899723,0.437560781492059,74.97
0.166135905591965,0.630153107669015,-0.130276435019765,0.310629100175142,0.803112530820003,0.897672266032467,0.41583200152516,75.04
0.167505491751503,0.630119767730493,-0.138980562551745,0.326593368008007,0.778350917697762,0.911236485474206,0.395559057496145,75.11
0.168864111057507,0.630086874699131,-0.146879922516275,0.342637460819269,0.752967892827029,0.923861619068699,0.376979701935532,75.18
0.170211657751472,0.630054713292066,-0.153964790123478,0.35883927664181,0.727243529078705,0.935693142648943,0.360308089939922,75.25
0.171548450546328,0.630023564910901,-0.160228994666684,0.375293571434554,0.701458296530319,0.946867433807158,0.345734723668981,75.32
0.172875181267909,0.629993708865617,-0.165669649549396,0.392106005455827,0.675891055698205,0.957511383634498,0.333427022990848,75.39
0.174192863903904,0.629965423559902,-0.170286913567818,0.409393531797086,0.650815338099718,0.967741843013387,0.323529562233199,75.46
0.175502784034231,0.629938987627229,-0.174083783560438,0.427277403047642,0.626493840022848,0.977665470296597,0.316164982954791,75.53
0.176806448604524,0.629914681007072,-0.177065918419989,0.445874063714679,0.603173786891438,0.987378658328228,0.311434814999155,75.6
0.178105535994048,0.629892785950628,-0.179241494354508,0.465287353835327,0.581085000280857,0.996967155630947,0.309419947077573,75.67
0.179401909839453,0.629873587945377,-0.180621027664445,0.485610086244362,0.560435576692782,1.00650550512538,0.310180488934775,75.74
0.180697823587346,0.629857376547716,-0.181216974169617,0.506931118900409,0.541411457691336,1.01605705933946,0.313756546459768,75.81
0.181995934592247,0.629844446112774,-0.181043358961982,0.529337565170005,0.524177215694351,1.02567482334076,0.320170098001295,75.88
0.183299254711,0.629835096410379,-0.180115690085884,0.55290515163184,0.508876777958425,1.03540293241655,0.329427398681477,75.95
0.184611100811184,0.629829633115946,-0.178450965056167,0.577690884772421,0.495634082480713,1.04527717450898,0.341520006298965,76.02
0.185935045079076,0.629828368164861,-0.176067642586126,0.603731390214835,0.484553660328687,1.05532474627579,0.356424682650892,76.09
0.187274865001037,0.629831619958718,-0.172985451840855,0.63104292065202,0.475721139669681,1.06556394011776,0.374103250409832,76.16
0.188634492882543,0.629839713411499,-0.169225419624356,0.659619347014609,0.469203667514248,1.07600401521241,0.394502342925417,76.23
0.190017964761169,0.629852979823582,-0.164809987711768,0.689430545970449,0.465050245906955,1.0866448707467,0.417552794331881,76.3
0.191429368564033,0.629871756571189,-0.159763156005797,0.72042124751805,0.463291980003042,1.09747664803478,0.443168862555364,76.37
0.192872791356179,0.629896386598642,-0.154110650661241,0.752509899199878,0.46394223616268,1.10847932504584,0.471247351380367,76.44
0.194352265524445,0.629927217700585,-0.147880116262028,0.785587485530094,0.466996708875263,1.11962230372014,0.501666634848059,76.51
0.195871713741403,0.629964601581094,-0.141101331068852,0.819516305752857,0.472433396004711,1.13086399083916,0.53428558792668,76.58
0.197434892556043,0.630008892676437,-0.133806444282589,0.854128714093499,0.480212482520104,1.14215137361848,0.568942428095088,76.65
0.19904533446205,0.630060446728083,-0.126030234187136,0.889225891276907,0.490276133550386,1.15341959161136,0.605453473226147,76.72
0.200706288300885,0.630119619092457,-0.117810385944742,0.92457671722849,0.502548198281979,1.16459150694598,0.643611821942473,76.79
0.202420657865417,0.630186762773902,-0.109187787716683,0.959917197172046,0.51693382690548,1.17557727537113,0.683185963454154,76.86
0.204190938580682,0.630262226167311,-0.100206780152561,0.994955467899263,0.533319003516227,1.18627404808978,0.723918515327772,76.93
0.206019152151508,0.630346350496994,-0.0909151036142937,1.02938493498082,0.551569998586361,1.19656657002888,0.76552617783289,77
0.207906779082303,0.630439466938521,-0.0813634779268874,1.0628996447368,0.571532745356714,1.20632982179436,0.807702883748866,77.07
0.209854688992403,0.63054189341054,-0.0716048763575614,1.09520440736812,0.59303214524984,1.21543402727995,0.850128187002159,77.14
0.211863068670984,0.630653931023989,-0.0616937459690063,1.12602254117834,0.615871308179677,1.22375228573638,0.89247988544878,77.21
0.213931411357397,0.6307758601766,-0.0516852358513392,1.15509883538289,0.639830734436329,1.23117057912454,0.934448857341759,77.28
0.216058694276864,0.630907936281238,-0.0416343676441639,1.18220110851319,0.664667445654282,1.23759838100697,0.975752757187283,77.35
0.218243363338661,0.631050385117419,-0.0315950192151201,1.20712183305783,0.690114073235327,1.24297745755148,1.01614674064657,77.42
0.220483252072872,0.631203397796315,-0.0216190369970286,1.22968021629041,0.715877913492335,1.24728772070822,1.05543116565727,77.49
0.22277556190251,0.631367125330654,-0.011755220861895,1.24972461814278,0.741644914153635,1.25054772203826,1.09345443701966,77.56
0.225117030870714,0.631541672802277,-0.00204856067336755,1.26713315336922,0.767098131135866,1.25280794591963,1.13010846129776,77.63
0.227503909817507,0.631727093121635,0.00746021381877696,1.28181165803591,0.79192265577039,1.25414293572499,1.16532173580409,77.7
0.229931936686151,0.631923380375249,0.0167349620094342,1.29369480517893,0.815816588234628,1.25464256869007,1.19905153675792,77.77
0.232396499657688,0.63213046275918,0.0257442149074109,1.30275100839735,0.838503940416489,1.2544039376128,1.23127673383582,77.84
0.23489267168246,0.632348195098757,0.0344611394569337,1.30898069880394,0.859743254820904,1.25352447119522,1.26199148686287,77.91
0.237415370658252,0.632576350957357,0.0428633223925109,1.31241254988035,0.879329536278129,1.25209736918574,1.29120071474871,77.98
0.239959391367716,0.632814614339826,0.050932692243666,1.31309892061535,0.897094142495711,1.25020845937863,1.31891676525322,78.05
0.242519563442648,0.633062570999208,0.0586552627517337,1.31111527975089,0.912904483304348,1.24793459997585,1.34515722189725,78.12
0.245090717959897,0.633319699358901,0.0660208254260197,1.3065555422923,0.926661883545099,1.24534222664281,1.36994289478348,78.19
0.247667653421707,0.633585361066059,0.073022655292941,1.29952877802949,0.938299456702357,1.24248686707907,1.3932964393004,78.26
0.250245291873277,0.633858791196204,0.0796572302289382,1.29015760610206,0.94777872268535,1.23941311242683,1.41524153840578,78.33
0.25281864424366,0.634139088133418,0.0859239641353449,1.27857630238863,0.955087830662948,1.23615447173453,1.43580182189121,78.4
0.255382775659308,0.63442520315535,0.091824954091065,1.26493102876257,0.960241007317862,1.23273342536969,1.45499996636125,78.47
0.25793296147617,0.634715929757441,0.0973647415070814,1.2493804005771,0.963277007827793,1.22916148554802,1.4728568479958,78.54
0.260464716624845,0.635009892756433,0.102550023685811,1.23209352847218,0.964256823114952,1.22543900904759,1.48939055668075,78.61
0.262973952522727,0.635305600737708,0.107389188577029,1.21324610013717,0.963260641901331,1.22155501574456,1.50461565182893,78.68
0.265456944130494,0.635601688935574,0.111892053589188,1.1930167187574,0.960385526190756,1.21748739406913,1.51854259568806,78.75
0.267910234345999,0.635896971490699,0.116069681101131,1.17158419017633,0.95574316195142,1.21320374787307,1.53117755414028,78.82
0.270330602915182,0.636190430173387,0.119934143264125,1.14912460864995,0.94945882464706,1.20866275850884,1.54252262811384,78.89
0.272715227028978,0.636481203136504,0.123498108637062,1.12581274421226,0.941671936477795,1.20381612686515,1.55257645185223,78.96
0.27506165261683,0.636768573736915,0.126774567789987,1.10182397733959,0.932537892960586,1.19861058877285,1.56133490388274,79.03
0.277367767000127,0.637051959458353,0.12977644332088,1.07733556738887,0.922230391301929,1.19298981505386,1.5687919307323,79.1
0.279631963554804,0.637330900963107,0.132516337867007,1.05252820089542,0.910944572217796,1.18689689693444,1.57494073761588,79.17
0.281853117351491,0.637605051294799,0.135006165545996,1.02758660611315,0.898897538561552,1.18027741895394,1.57977534632127,79.24
0.284030562390123,0.637874165249811,0.137256920422664,1.00270075135157,0.886330372022887,1.17308254985159,1.58329239350147,79.31
0.28616426102761,0.638138088930672,0.139278263956531,0.978068382284002,0.8735092894262,1.16527247107831,1.58549336014773,79.38
0.288254784511745,0.638396749490804,0.141078121569086,0.95389615967464,0.860725929432897,1.1568193825504,1.58638647013414,79.45
0.290303295178467,0.638650145076558,0.142662542039271,0.930397039795841,0.848292503758486,1.14771021418063,1.58598851183955,79.52
0.292311720846376,0.638898334969386,0.144035692388991,0.907781603009416,0.836519923859619,1.13794904422882,1.58432632844792,79.59
0.294282740251995,0.639141429928278,0.145200115065232,0.886252659673167,0.825696549477311,1.12755681125143,1.58143632479652,79.66
0.296219706489418,0.639379582730262,0.146156993184218,0.866015829085618,0.816096257693715,1.11656730319976,1.57736135456624,79.73
0.298126571871272,0.639612978904821,0.146906233183491,0.847284550893999,0.807996257757279,1.10502259882044,1.5721469555211,79.8
0.300007814083677,0.63984182765644,0.147446682428889,0.830269231097673,0.801663608162734,1.09297164417351,1.56584023415024,79.87
0.301868363485046,0.640066352968293,0.147776164186002,0.815154579766907,0.797337992543924,1.08046821508071,1.55848822205809,79.94
0.303713531378539,0.64028678487914,0.1478914570369,0.802093906490235,0.795228593013846,1.06757029624446,1.55013741731834,80.01
0.305548939070716,0.640503350924957,0.147788282343675,0.791209441362868,0.795514444245611,1.05434049388059,1.54083406437179,80.08
0.30738044751444,0.640716267736583,0.147461299881669,0.782592831967131,0.79834432217136,1.04084678094874,1.53062472606512,80.15
0.309214087322219,0.640925732784776,0.146904111805491,0.776305557609357,0.803836668624631,1.02716306444159,1.51955670143477,80.22
0.311055988927077,0.641131916264458,0.146109275151339,0.772379257317925,0.812079482738211,1.01336969917583,1.50767841449579,80.29
0.312912312661565,0.64133495311069,0.145068323119336,0.770815969257115,0.82313017458408,0.999554008783405,1.49503983574897,80.36
0.314789178521718,0.641534935139935,0.143771795419402,0.771588280350126,0.837015822332847,0.98581081083729,1.4816929345581,80.43
0.316692595381618,0.641731903311511,0.142209214484655,0.774639640105949,0.853735736298109,0.972243069817597,1.46769222400864,80.5
0.318628389425785,0.641925840105797,0.140368880876022,0.779886745248312,0.8732681073356,0.958963373003859,1.45309584089345,80.57
0.320602131570834,0.64211666201767,0.13823793290825,0.787228570620959,0.895572228100672,0.946096479434207,1.43796753985203,80.64
0.322619127173354,0.642304212165881,0.135802797979862,0.796565797078566,0.920589146313915,0.933780142809465,1.42237756684253,80.71
0.324684594848771,0.642488253021625,0.133049972575849,0.807824224719905,0.94824233954553,0.922161091175022,1.40639999580749,80.78
0.326803653086781,0.642668459262301,0.129966813862864,0.820957783988489,0.9784368893155,0.911384125563238,1.39010614476187,80.85
0.328981241501556,0.642844410759576,0.126542025793896,0.835930702819968,1.01106084150629,0.901579858184925,1.37355787963353,80.92
0.33122204004072,0.643015585714197,0.122765776682579,0.852688613556973,1.0459862794744,0.892858579914545,1.35680467780989,80.99
0.333530385965308,0.643181353953596,0.11862951219554,0.871146676363752,1.08306611245387,0.885312919907796,1.3398854018298,81.06
0.335910188422881,0.643340970412225,0.114125718212692,0.89118944925046,1.12213134803564,0.879023449427827,1.32283179595313,81.13
0.338364903967599,0.643493568818677,0.109247760920001,0.912678950904691,1.16299152212449,0.874063605758932,1.30567186206792,81.2
0.340897699915414,0.643638155618028,0.10399005849621,0.935468316419336,1.20543969021816,0.870502408660857,1.28843184333319,81.27
0.343511424290546,0.643773604162453,0.0983485846452419,0.959418891458979,1.24925557186575,0.868404839511297,1.27113694151492,81.34
0.346208509279714,0.64389864920802,0.0923215136282996,0.984410162760551,1.29420266394947,0.867827974947534,1.25380981423266,81.41
0.34899093512327,0.644011881760629,0.085910070463493,1.01033910018989,1.34002434916685,0.868813634777863,1.23646729579536,81.48
0.35186038138778,0.644111744319361,0.0791191417275553,1.03711139217329,1.38644097782525,0.871380654441742,1.21911686522828,81.55
0.354818184432547,0.644196526570948,0.07195758339052,1.06462978700485,1.43314532848803,0.875519575288469,1.20175438531632,81.62
0.357865228043337,0.644264361594764,0.0644384795692863,1.09277833684618,1.47980109501079,0.881189624953613,1.18436285831887,81.69
0.361001830701597,0.644313286162059,0.0565794153795033,1.12141868192839,1.52604231557467,0.888319004508529,1.16691315129974,81.76
0.364227629456212,0.644341492237233,0.0484026363482196,1.1503933614362,1.57147845690773,0.896805879676407,1.14936554838191,81.83
0.367541460386404,0.644347388643271,0.0399347761235954,1.17951405188169,1.6156990698317,0.906519951807639,1.13167168639782,81.9
0.370941235670359,0.644329599996881,0.0312067868207055,1.20855042811734,1.65824690691385,0.917308804707699,1.1137787809923,81.97
0.374423817304691,0.644286966492516,0.0222541980260353,1.23722721294009,1.69860467970444,0.92900039372444,1.09563188925353,82.04
0.377984951073691,0.644218544587685,0.0131172586495941,1.26523279056464,1.73621205140289,0.94140301677681,1.07717478253611,82.11
0.381619451443883,0.644123608633757,0.00384032508458793,1.29226423014306,1.77054877252262,0.954307791844985,1.05835216286085,82.18
0.385321383470793,0.644001653488199,-0.00552893418874951,1.31806210832826,1.80118368464057,0.967501905619401,1.0391183700202,82.25
0.389084051358832,0.643852398135909,-0.014940328685025,1.34240370053855,1.82776452193277,0.980784891926064,1.01944883384884,82.32
0.392900175011672,0.64367579033884,-0.0243419960114551,1.36509329714934,1.85001096569605,0.993981723120511,0.999350525734335,82.39
0.396762127790158,0.643472012324623,-0.0336814409259883,1.38596699371785,1.86772062014052,1.00695380182205,0.97887115616367,82.46
0.400662108716625,0.643241487516126,-0.0429063206961035,1.40490129155772,1.88077254861573,1.01960722440374,0.958105911129751,82.53
0.404592122378174,0.642984888294971,-0.05196497875393,1.42181878189267,1.88912583722275,1.03189717813451,0.937200201092468,82.6
0.408544147937438,0.642703144782823,-0.0608071097502166,1.43668933029652,1.89281598524272,1.0438262523759,0.916346576811982,82.67
0.412510370517461,0.642397454614763,-0.0693842403790998,1.44952936862184,1.89195261748447,1.05544009555222,0.895779363569208,82.74
0.416483348227846,0.642069293669234,-0.0776501549247541,1.46039986723622,1.8867154683222,1.06682143411916,0.875767895728509,82.81
0.420455988091905,0.641720427708862,-0.0855613308932269,1.46940247880574,1.87734971308817,1.07808308701453,0.85660846979219,82.88
0.424421712269713,0.641352861357304,-0.0930773864879276,1.476672453918,1.86415968721993,1.08935997248245,0.838614688140678,82.95
0.428374624290764,0.640968597308101,-0.100161541584593,1.48237277101222,1.84750149200703,1.10080054765188,0.822105928153604,83.02
0.432309484990305,0.64056958680181,-0.106781093741958,1.48668972957366,1.82777409427515,1.11255888263384,0.807395512795872,83.09
0.436221815966822,0.640157744258333,-0.112907847128098,1.48982828540848,1.80541220945471,1.12478812575198,0.794780539646673,83.16
0.440107876685608,0.639734962471494,-0.118518305050741,1.4920061681511,1.78087764991229,1.13763522703914,0.784533483531381,83.23
0.443964769473315,0.639303128292793,-0.123593817720164,1.49344785304523,1.75464924906807,1.15123615197473,0.77689606963576,83.3
0.447790418471305,0.638864138732104,-0.128120686139558,1.49437837873869,1.72721051802352,1.16571234211477,0.772075089163567,83.37
0.451583676732443,0.638419917403306,-0.132090095795537,1.49501814590977,1.69903908171313,1.18116848097436,0.7702398942791,83.44
0.455344243947162,0.637972431242444,-0.13549813474581,1.49557856114466,1.67059819381352,1.19769086184396,0.771520992800781,83.51
0.459072521880089,0.637523707425003,-0.138345451809766,1.4962592163976,1.6423292324456,1.21534635356126,0.776009355091923,83.58
0.46276953456661,0.637075850407232,-0.140637063161758,1.49724615136499,1.61464636591443,1.2341817704,0.783756364658391,83.65
0.466437040291631,0.636630995495611,-0.142382180266247,1.49871004784471,1.58793140262526,1.25422358001338,0.794774345469631,83.72
0.470077454199666,0.636191071827554,-0.143593804890886,1.50080365029804,1.56252919053503,1.27547794764954,0.809037473485081,83.79
0.473693708506773,0.635757755794542,-0.144288281404458,1.50366018464423,1.53874425032092,1.29793117914844,0.826483262466153,83.86
0.477289113741715,0.635332487797462,-0.14448486938559,1.50739308706925,1.51683920081205,1.32155068952001,0.847014625048826,83.93
0.48086728442398,0.63491648875161,-0.144205335922006,1.51209595795811,1.49703426638456,1.34628624354456,0.870502384408123,84
0.484432256090007,0.63451077628637,-0.143473566869002,1.51784184736853,1.47950741168446,1.37207185074087,0.896788557790274,84.07
0.487988412418012,0.63411618059294,-0.142315132721438,1.52468364700192,1.46439338028557,1.39882768141918,0.925690289779296,84.14
0.491540349335109,0.633733359881208,-0.140756681154642,1.53265520477423,1.45178442532,1.4264623874332,0.957005076477762,84.21
0.495092739459054,0.633362815414055,-0.138825536374718,1.54177239774117,1.44173298101596,1.45487564010291,0.990516461797917,84.28
0.498650196700299,0.633004906093892,-0.136549377228224,1.55203454319244,1.43425709735024,1.48396101581061,1.02599957835776,84.35
0.502217204365668,0.632659862582239,-0.133955929513316,1.56342563915269,1.42934533282002,1.51360840733472,1.06322590601261,84.42
0.505798233625307,0.632327800938586,-0.131072734957997,1.57591562486279,1.42696193035591,1.54370590144368,1.10196687545018,84.49
0.509397671060179,0.632008735769647,-0.127927122847297,1.58946223351033,1.42705037122335,1.57414112693395,1.14199638905383,84.56
0.513019682157196,0.631702592884501,-0.124546002138852,1.60401337482399,1.42953670566011,1.60480258551704,1.18309277587732,84.63
0.516668137622714,0.631409221454997,-0.120955663582186,1.61950922338737,1.43433164608636,1.63558065223706,1.22504044340933,84.7
0.520346729393161,0.631128405684154,-0.117181781372887,1.63588363353306,1.44133275958192,1.66636882132859,1.26763161567717,84.77
0.524058895083407,0.630859875988243,-0.113249232228794,1.65306520068007,1.45042606431435,1.69706463001789,1.31066778478295,84.84
0.527807741288234,0.630603319700704,-0.10918192146618,1.6709784162591,1.4614878595544,1.72757064543206,1.35396082026407,84.91
0.531596156161909,0.630358391308092,-0.105002805684732,1.68954453782784,1.4743874923128,1.75779526444065,1.39733393439108,84.98
0.535426730045677,0.630124722229919,-0.100733793557354,1.70868217724912,1.48898979492653,1.7876533301378,1.4406223200117,85.05
0.53930167458911,0.629901930155489,-0.0963957779247492,1.72830824511366,1.50515656337168,1.8170662508598,1.48367340415558,85.12
0.543222930822721,0.629689627951716,-0.092008544285408,1.74833963561498,1.52274847885405,1.84596200609349,1.52634678719791,85.19
0.547192148504214,0.629487432156432,-0.0875908089595106,1.76869470225408,1.54162684274524,1.87427516930802,1.56851412747106,85.26
0.551210790738667,0.6292949710719,-0.0831601320983054,1.78929427345808,1.56165398683147,1.90194695045437,1.61005904019408,85.33
0.555280046216439,0.629111892473078,-0.0787329589003399,1.81006278288441,1.58269357100856,1.92892532414458,1.65087707913089,85.4
0.559400739569235,0.628937870944765,-0.0743245342909465,1.83092856464309,1.60461172644701,1.95516530926872,1.69087586893077,85.47
0.563573430355083,0.628772614860994,-0.0699489445128593,1.85182407853726,1.62727790608177,1.98062889388264,1.72997488398333,85.54
0.567798383047623,0.628615873019042,-0.0656190309726328,1.87268587749628,1.65056563807916,2.00528505171065,1.76810532193895,85.61
0.572075662082612,0.628467440939114,-0.0613464933991395,1.8934542562571,1.67435369539949,2.0291095976379,1.80520975737228,85.68
0.576405097876918,0.628327166839251,-0.0571419912685533,1.91407290130683,1.69852774978657,2.05208494689406,1.84124151469434,85.75
0.58078637789181,0.628194957293204,-0.0530150524937236,1.93448898899364,1.72298099034894,2.07419965181479,1.87616395306153,85.82
0.585219008672367,0.628070782577029,-0.0489741700833828,1.9546541150629,1.7476146003457,2.09544784389095,1.90994953802768,85.89
0.589702402949243,0.62795468170793,-0.0450269593704226,1.97452510484773,1.77233784217029,2.11582851802696,1.94257895541554,85.96
0.594235837746954,0.627846767176447,-0.0411802484475265,1.99406356262052,1.79706737318671,2.13534504034745,1.97404045901855,86.03
0.598818537595399,0.627747229370474,-0.0374399744823048,2.01323524156832,1.82172674865828,2.154004752557,2.0043291352802,86.1
0.603449628797584,0.62765634068679,-0.033811266763496,2.03200974400773,1.84624655957812,2.17181860920821,2.03344633947768,86.17
0.608128218857469,0.627574459322833,-0.0302985892143719,2.05035991796097,1.87056463664714,2.18880078408235,2.0613989860077,86.24
0.612853347026644,0.627502032738283,-0.0269058151399733,2.06826222162599,1.89462511619175,2.2049681182304,2.08819881976455,86.31
0.617624060078238,0.62743960077282,-0.0236361070004546,2.08569672288426,1.91837751372969,2.22033979024927,2.11386173187038,86.38
0.622439359270116,0.627387798402942,-0.0204919821748682,2.10264641715067,1.94177631546731,2.23493708111599,2.13840711931398,86.45
0.627298272608138,0.627347358117295,-0.0174754375574018,2.11909719821848,1.96478128021019,2.24878310581351,2.16185728789641,86.52
0.632199798372951,0.627319048367735,-0.0145880693707587,2.13503810163653,1.9873573100867,2.26190238390216,2.18423689774857,86.59
0.637142974021861,0.627303421031609,-0.011831124601401,2.1504609318954,2.00947382810017,2.27432056575033,2.20557245057352,86.66
0.642126816429365,0.627300748968638,-0.0092053569583294,2.16535984550947,2.03110461662931,2.28606405941851,2.22589181767772,86.73
0.647150387577579,0.627311026614765,-0.0067110684200383,2.1797308903099,2.05222780045033,2.29715981129482,2.24522380778322,86.8
0.652212731659439,0.627333970084022,-0.00434820930349242,2.19357277154448,2.07282502250256,2.30763498540336,2.26359777356235,86.87
0.657312937704987,0.627369016778643,-0.00211647332457148,2.20688712993004,2.09288102008811,2.31751679443426,2.28104325579858,86.94
0.662450073692619,0.627415324518234,-1.53241326645778e-05,2.2196781411497,2.1123836022081,2.32683222738737,2.2975896640579,87.01
0.667623246254577,0.627471770209455,0.00195617370604073,2.23195207191977,2.13132288528365,2.33560792686815,2.31326599274624,87.08
0.672831531937684,0.627537011606835,0.00379933814402711,2.24371704654445,2.14969080402773,2.3438698974155,2.32810057143463,87.15
0.678074034127943,0.62760973924416,0.00551579450807524,2.25498264260955,2.16748083432882,2.35164323440343,2.34212084834784,87.22
0.683349811599708,0.627688737474891,0.00710740524391396,2.2657594425454,2.18468786493732,2.35895206308281,2.35535314242048,87.29
0.688657932798151,0.627772881708149,0.00857626800685427,2.27605866773383,2.20130777357419,2.36581930569621,2.36782223583849,87.36
0.69399740181648,0.627861135405155,0.00992490906446868,2.28589202179508,2.21733727932628,2.37226640278468,2.3795511236584,87.43
0.699367210177941,0.627952546878977,0.0111562908190745,2.2952714885541,2.23277356333801,2.37831311485182,2.39056066548724,87.5
0.704766260386163,0.628046245937134,0.0122737603907221,2.30420946535259,2.24761422959369,2.38397753060635,2.40086945594174,87.57
0.710193415356838,0.628141440403327,0.0132810026665942,2.31271853254532,2.2618572883055,2.38927589991876,2.41049372253694,87.64
0.715647419698179,0.628237412551495,0.0141819976896012,2.32081098574702,2.27550122551699,2.39422241784098,2.4194469962222,87.71
0.721127010476585,0.62833351548241,0.0149809822459643,2.32849800331607,2.28854376159022,2.3988289590709,2.42773974450364,87.78
0.726631026959087,0.628429169470181,0.0156824155004013,2.33578921083414,2.30098075956794,2.40310463528559,2.43537903015858,87.85
0.73215832882446,0.628523858303342,0.0162909485176021,2.34269251512124,2.31280629980106,2.40705549248603,2.44236813162626,87.92
0.737707840480364,0.628617125642656,0.0168113975002917,2.34921420742065,2.32401315877617,2.41068409393378,2.44870599777128,87.99
0.743278467455595,0.628708571415316,0.0172487205667575,2.35535825563666,2.33459273958801,2.41398930604468,2.4543869180093,88.06
0.748869138983056,0.628797848262962,0.0176079978844758,2.36112586520493,2.34453464488827,2.41696616010597,2.45940028080019,88.13
0.754478722740808,0.62888465805879,0.01789441497098,2.36651600715056,2.35382703597435,2.41960572634263,2.46373035720939,88.2
0.760106065866639,0.628968748507005,0.0181132489684559,2.37152583346972,2.36245663507848,2.42189500052283,2.4673561099428,88.27
0.765749908214947,0.629049909836005,0.0182698576945513,2.37615129746431,2.37040805371623,2.42381680344366,2.47025102845647,88.34
0.771408921974526,0.629127971594934,0.0183696712683373,2.38038677228193,2.37766289223387,2.42534963027504,2.47238299094354,88.41
0.777081623620929,0.629202799561614,0.0184182496258075,2.38422354078125,2.38419943688797,2.42646732338022,2.47371415420973,88.48
0.782766475847187,0.629274292768382,0.0184215327546206,2.38764995176127,2.38999289164137,2.42713895054557,2.47420087266212,88.55
0.788461988973194,0.62934238065095,0.0183858388050055,2.39065121029336,2.39501544679844,2.42732876258063,2.47379364785448,88.62
0.794166631336184,0.629407020324168,0.0183176098504238,2.39320905667525,2.3992368206088,2.42699616794867,2.4724371102521,88.69
0.79987886631219,0.629468193987394,0.0182233496884737,2.39530127105472,2.40262432211875,2.42609572579062,2.47007003510344,88.76
0.80559706195259,0.629525906461115,0.0181096263998555,2.39690195719936,2.40514300809008,2.42457722240771,2.46662539452799,88.83
0.811319527368917,0.629580182855522,0.0179830758990154,2.39798146292457,2.40675587171332,2.42238595997142,2.46203044815411,88.9
0.817044421853858,0.629631066370862,0.0178504062261133,2.39850581112971,2.40742374685278,2.41946294177969,2.45620693837846,88.97
0.82276979087749,0.629678616228632,0.0177184023273966,2.39843653183583,2.40710480219777,2.41574521021734,2.44907152005585,89.04
0.828493474954658,0.629722905731973,0.0175939310682905,2.39773064244643,2.40575388088953,2.41116602207378,2.44053604648733,89.11
0.834213209051097,0.629764020453029,0.017483946220596,2.39634084121645,2.40332308463022,2.40565505417253,2.43050784191917,89.18
0.839926722054458,0.62980205654448,0.0173954931620601,2.39421629667706,2.39976220658323,2.39913883240976,2.41889002742753,89.25
0.84563164584035,0.629837119172003,0.0173357130232674,2.3913030185181,2.3950193959992,2.39154100576866,2.40558190372003,89.32
0.851325551613121,0.629869321064008,0.017311846013325,2.38754444704785,2.38904078610625,2.38278259514504,2.39047939454332,89.39
0.857005859537343,0.629898781174646,0.017331233652163,2.38288181865468,2.38177061168732,2.37278228341033,2.37347549101276,89.46
0.862669875827197,0.6299256234558,0.017401319633501,2.37725481757173,2.37315080210064,2.36145674972099,2.35446063731,89.53
0.868314703317775,0.629949975733546,0.0175296490386788,2.37060181747655,2.36312043298239,2.34872105117073,2.33332356997229,89.6
0.873937279695597,0.629971968684347,0.0177238656176791,2.3628597787412,2.35161605514416,2.33448905495884,2.30995210679476,89.67
0.879534289424457,0.629991734906133,0.0179917068497991,2.35396405775626,2.33857169613337,2.31867392430872,2.28423395310017,89.74
0.885102267076439,0.630009408079283,0.0183409964926953,2.34384825776945,2.32391853687456,2.30118859789821,2.2560575931645,89.81
0.890637701638268,0.630025122212461,0.0187796343249619,2.33244482240729,2.30758566331584,2.28194613907066,2.2253132710728,89.88
0.896136951368824,0.630039010968225,0.0193155827841239,2.31968504051766,2.28950145106823,2.2608603392541,2.19189406524885,89.95
0.901596286934793,0.630051207063289,0.0199568501991094,2.30549948120345,2.2695945059169,2.23784645185985,2.15569706083428,90.02
0.907011808888873,0.63006184173837,0.0207114703137608,2.28981879814606,2.2477947345956,2.21282199642462,2.11662462398579,90.09
0.912379493707275,0.630071044292542,0.0215874777964203,2.27257350845071,2.22403391335172,2.18570763621872,2.07458578200278,90.16
0.917695114460748,0.63007894167712,0.0225928794294604,2.25369395551113,2.19824709086013,2.15642813246022,2.02949771299969,90.23
0.922954290347086,0.630085658144133,0.0237356206728336,2.233111220763,2.17037349418675,2.12491344166933,1.98128734857852,90.3
0.92815241117176,0.630091314944554,0.0250235472966007,2.21075841530937,2.14035763897635,2.09110008606231,1.92989309265015,90.37
0.933284691018252,0.630096030071562,0.0264643617799837,2.18657171885025,2.10815032857988,2.05493241853261,1.87526665917528,90.44
0.938346097209329,0.6300999180442,0.0280655741781007,2.16049174012662,2.07371024293463,2.01636391166926,1.81737503116397,90.51
0.943331472334707,0.630103089726957,0.0298344471632511,2.13246456611635,2.03700529331963,1.97535853644208,1.756202542759,90.58
0.948235658980599,0.630105652180879,0.0317778714362506,2.10244262927682,1.99801387159124,1.93189223231948,1.69175302213153,90.65
0.953053436801319,0.630107708542022,0.0339020441949064,2.07038539488239,1.95672605863101,1.8859544701813,1.62405186873375,90.72
0.957779589722517,0.630109357923133,0.0362123315100484,2.03626095008125,1.91314523745232,1.83754990893538,1.55314844586238,90.79
0.962408849400475,0.63011069533465,0.0387131873368846,2.0000476704642,1.86728953966608,1.78670014622651,1.47911866051073,90.86
0.966935969210719,0.630111811621243,0.0414080654390613,1.96173583831546,1.81919369683501,1.73344556305148,1.40206766509538,90.93
0.971355674892139,0.630112793410264,0.0442993240563668,1.9213289592839,1.7689108513826,1.67784726144309,1.32213267814522,91
0.97566280963952,0.630113723068654,0.0473881231849395,1.87884452376367,1.71651438924198,1.61998903015498,1.23948585641042,91.07
0.979852483289004,0.630114678665002,0.0506743143808061,1.83431465747503,1.66209985572481,1.55997920896848,1.15433708610636,91.14
0.983920035236487,0.630115733933622,0.0541563230432724,1.78778754983355,1.60578669772767,1.49795282952736,1.06693700430517,91.21
0.987861128868176,0.63011695823766,0.0578310231845475,1.73932934128243,1.54771932047525,1.43407390152101,0.977579988384158,91.28
0.99167172360626,0.630118416528443,0.061693604746344,1.68902653125718,1.48806891516777,1.368537775537,0.886607421551601,91.35
0.995348178809185,0.630120169298401,0.0657374335835343,1.63698763387702,1.42703528979462,1.30157357631719,0.794411032655033,91.42
0.998887235605817,0.63012227252511,0.0699539042990237,1.58334528490704,1.36484856954188,1.23344669895693,0.701436106684567,91.49
1.00228613087642,0.630124777604133,0.0743322861836093,1.5282576525091,1.30177126731557,1.16445030707698,0.608166702317844,91.56
1.00554258942986,0.630127731268539,0.0788595625897417,1.47191048060688,1.23810014393131,1.09486378198216,0.515056209445495,91.63
1.00865494855646,0.630131175493134,0.0835203276677133,1.41451626530518,1.17416454499017,1.02494461578633,0.422512353484497,91.7
1.01162216096834,0.63013514738163,0.0882969315165997,1.35630268099321,1.11030856295647,0.954931379389056,0.33090042374,91.77
1.01444393026468,0.63013967903514,0.0931696837805218,1.29749958533011,1.04686831829564,0.885046449176013,0.240546670997291,91.84
1.01712066136835,0.630144797400607,0.0981171163616856,1.23833126396167,0.984155144850511,0.815498673888618,0.151741542807841,91.91
1.01965335298259,0.630150524097923,0.103116496554426,1.17901263588797,0.922446000641956,0.746486036689863,0.0647430616077974,91.98
1.02204349557147,0.630156875224727,0.108144400859685,1.1197508083648,0.861981028771087,0.678198240931181,-0.0202198559773146,92.05
1.02429297482671,0.63016386113805,0.113177286824073,1.06074797147233,0.802965208994096,0.610818894466142,-0.10294440257057,92.12
1.02640398056474,0.630171486212202,0.118192063792617,1.00220276610559,0.745570660807705,0.544526967674692,-0.183251087930032,92.19
1.02837898450114,0.630179748572505,0.123166663468771,0.944310498783766,0.689938891514166,0.479497391153949,-0.260981413105558,92.26
1.03022091385622,0.6301886398047,0.128080547639572,0.88726251329924,0.636182982692606,0.415900468658743,-0.335996335312598,92.33
1.03193313958541,0.630198144640118,0.132915026866723,0.831245918618526,0.584389709669177,0.353899781035886,-0.408175593093332,92.4
1.03351940615981,0.630208240616919,0.137653708516906,0.776441252041147,0.534621589663461,0.293648701712386,-0.477417770029967,92.47
1.03498376628762,0.630218897717995,0.142282757248165,0.723020103092623,0.486918855290114,0.235286406784313,-0.543640593446685,92.54
1.036330520434,0.630230077986394,0.146791095612461,0.671142500731136,0.441301351022268,0.178934136109324,-0.606781344924222,92.61
1.03756416098536,0.630241735119406,0.151170545300451,0.62095386678863,0.397770351069094,0.124692081232622,-0.666797258725098,92.68
1.03868932089454,0.630253814042761,0.155415718894162,0.572579624012228,0.356310297901973,0.0726373401762948,-0.723665275330549,92.75
1.03971072663597,0.63026625046672,0.159523852995517,0.526122344123363,0.316890461367894,0.0228242056558003,-0.777380643573061,92.82
1.04063315529454,0.630278970426136,0.163494646455606,0.481662765021374,0.279466518973208,-0.0247141054747376,-0.827954880400342,92.89
1.04146139560836,0.630291889806959,0.16733010381105,0.439261560809375,0.243982058499161,-0.0699635539997912,-0.875413723649909,92.96
1.04220021278356,0.630304913862002,0.171034383939902,0.39896103581304,0.210370004628177,-0.112927466693474,-0.919795204444902,93.03
1.04285431689885,0.630317936719166,0.174613653861704,0.360786740268555,0.178553971722069,-0.153624811792027,-0.961147838243568,93.1
1.04342833471849,0.630330840885754,0.178075947524079,0.324749006058203,0.148449545299877,-0.192088561470671,-0.999528933103669,93.17
1.04392678473424,0.630343496752903,0.181431029341752,0.29084440150965,0.119965495118562,-0.228364140613123,-1.03500301332333,93.24
1.0443540552602,0.630355762104611,0.184690262182651,0.259057104855864,0.0930049230656761,-0.262507960626759,-1.06764035628506,93.31
1.04471438540847,0.630367481636314,0.187866479429857,0.229360196477605,0.0674663493334595,-0.2945860365819,-1.09751564005299,93.38
1.04501184877848,0.630378486488428,0.190973860687097,0.201716870523647,0.0432447405608578,-0.324672685533443,-1.12470669905287,93.45
1.04525033969848,0.630388593800772,0.194027810639503,0.176081566926761,0.0202324838040982,-0.352849303517716,-1.14929338499768,93.52
1.0454335618642,0.630397606294328,0.197044840530016,0.15240102521117,-0.00167968966721118,-0.379203218399672,-1.17135653009857,93.59
1.04556501922614,0.630405311887289,0.200042451665081,0.130615261820511,-0.0226018901720712,-0.403826615476192,-1.19097700952585,93.66
1.04564800898454,0.630411483352932,0.203039020321122,0.110658472990485,-0.0426444243768924,-0.426815532513606,-1.20823490004425,93.73
1.0456856165584,0.630415878027392,0.20605368338553,0.0924598654468896,-0.0619168066709016,-0.448268920712395,-1.2232087317458,93.8
1.04568071240313,0.630418237576004,0.209106224032537,0.0759444174302869,-0.0805269311089133,-0.46828776794577,-1.23597482983397,93.87
1.04563595055896,0.630418287827453,0.212216956705414,0.0610335727419958,-0.0985803362339138,-0.486974280505503,-1.24660674346909,93.94
1.04555376882104,0.630415738685597,0.215406610651701,0.0476458706648878,-0.11617949515433,-0.504431119512421,-1.2551747587715,94.01
1.04543639042989,0.630410284129386,0.218696211238078,0.0356975147499015,-0.13342312685772,-0.520760688100396,-1.26174549318054,94.08
1.04528582718927,0.630401602311968,0.222106958255545,0.0251028835682519,-0.150405524860261,-0.536064465466557,-1.26638156849515,94.15
1.04510388392684,0.630389355770601,0.225660100414444,0.0157749866206736,-0.167215899433827,-0.550442383888485,-1.26914136005805,94.22
1.04489216422087,0.630373191759678,0.229376805222109,0.00762586866291979,-0.183937729821294,-0.56399224484566,-1.27007881969895,94.29
1.04465207732403,0.630352742719692,0.233278023434249,0.000566965761079419,-0.20064812304424,-0.576809170439735,-1.26924337021313,94.36
1.0443848462234,0.630327626895604,0.23738434727409,-0.00549058357400901,-0.217417176125618,-0.588985086390096,-1.26667986931994,94.43
1.04409151678262,0.630297449118598,0.241715861621841,-0.0106356687995995,-0.234307338792885,-0.600608232982643,-1.26242864121757,94.5
1.04377296791975,0.630261801765787,0.246291987390544,-0.0149569759165672,-0.251372773994069,-0.611762700471671,-1.25652557402509,94.57
1.04342992278077,0.63022026591291,0.251131316323883,-0.0185427908211327,-0.268658713850856,-0.622527985574696,-1.24900228157329,94.64
1.04306296087529,0.630172412695552,0.256251436476863,-0.021480834054323,-0.286200808988604,-0.632978565858336,-1.2398863281765,94.71
1.04267253114664,0.630117804894847,0.261668747671902,-0.0238581235853017,-0.304024469523538,-0.643183488988254,-1.22920151517827,94.78
1.04225896595438,0.630055998763993,0.267398266261172,-0.0257608622866097,-0.322144196352572,-0.653205974007388,-1.21696822821959,94.85
1.0418224959519,0.629986546112234,0.273453418571466,-0.0272743467854951,-0.340562965300227,-0.663103022013413,-1.2032038443194,94.92
1.04136326584637,0.629908996663212,0.279845822460617,-0.0284828944066071,-0.359271727092359,-0.672925033828643,-1.18792319798837,94.99
1.04088135103217,0.629822900704739,0.286585056475128,-0.0294697849558072,-0.378248514898374,-0.682715432492388,-1.17113910571045,95.06
1.04037677509221,0.629727812047149,0.293678416167697,-0.0303172141321615,-0.397457667940492,-0.692510288657365,-1.15286294822419,95.13
1.03984952816407,0.629623291307353,0.301130657211152,-0.0311062553943307,-0.416849108493787,-0.702337947237605,-1.1331053101107,95.2
1.03929958617001,0.629508909535554,0.308943725032471,-0.0319168271491232,-0.436357610122134,-0.712218653935555,-1.11187667625116,95.27
1.03872693091111,0.629384252201379,0.317116470787234,-0.032827662172638,-0.455902059063177,-0.722164180570506,-1.0891881847455,95.34
1.03813157102625,0.629248923555726,0.325644353602214,-0.0339162762183727,-0.475384711252857,-0.732177448439101,-1.06505243588879,95.41
1.03751356381661,0.629102551384112,0.334519129131776,-0.0352589328119023,-0.494690448085605,-0.742252149261696,-1.03948435677478,95.48
1.03687303793513,0.628944792166553,0.3437285246032,-0.0369306012782105,-0.513686034640049,-0.752372363605691,-1.01250212104111,95.55
1.03621021693863,0.628775336658164,0.353255900667026,-0.0390049050953229,-0.532219448280714,-0.762512177028578,-0.984128123182018,95.62
1.03552544369755,0.628593915903491,0.363079900522509,-0.0415540577175507,-0.550119346236329,-0.772635358068477,-0.954390070247334,95.69
1.03481920565461,0.628400307696364,0.373174086954329,-0.0446487830627515,-0.567194169803635,-0.782695226108768,-0.923322317105414,95.76
1.03409216091916,0.628194343495454,0.383506568097024,-0.0483582179121013,-0.583231399860536,-0.792634329387457,-0.890967063093403,95.83
1.03334516517858,0.627975915803966,0.394039612936843,-0.0527497935274517,-0.597996907475602,-0.802384061969347,-0.857375535776101,95.9
1.03257929940125,0.627744986019846,0.404729257769127,-0.0578890938524371,-0.611234344198458,-0.811864285391537,-0.822609223714914,95.97
1.03179589829858,0.62750159276055,0.415524968569989,-0.0638396877279556,-0.622668392069414,-0.820982957599325,-0.786741156288046,96.04
1.0309965795045,0.627245860663789,0.426369742071239,-0.0706629326240628,-0.632027127541325,-0.829636788525258,-0.749857799875772,96.11
1.03018320990297,0.626978009662723,0.437201028574791,-0.0784180015404398,-0.639079063368651,-0.837717943778101,-0.71206455298709,96.18
1.02935768200495,0.626698364730801,0.447951907006583,-0.0871623848114407,-0.643654262665104,-0.845129849224318,-0.673497504774254,96.25
1.0285218814163,0.626407366087794,0.458552451067797,-0.0969508319643329,-0.645651439374108,-0.851805049915995,-0.634338403955525,96.32
1.02767771828759,0.626105579854579,0.468930971432572,-0.10783476403925,-0.645036641213116,-0.857719473784136,-0.594827751382702,96.39
1.02682709563672,0.625793709139825,0.479015390723388,-0.119861900214059,-0.641839680256004,-0.862900625355191,-0.555270292576973,96.46
1.02597168743477,0.625472605536933,0.488734499913403,-0.133075842702592,-0.636153203396274,-0.867427423689548,-0.516025850476916,96.53
1.02511290749501,0.625143217485852,0.49801935296888,-0.147515618109968,-0.628132114895029,-0.87141971442087,-0.477495395731745,96.6
1.02425194206451,0.624806348430593,0.506804484844045,-0.163215173586786,-0.61798966341123,-0.875022407399491,-0.440101070544412,96.67
1.02338971902707,0.624462605848951,0.515029018966748,-0.180202826297561,-0.60599202967294,-0.878390269732382,-0.40426288220645,96.74
1.0225266866357,0.624112414087102,0.522637539665821,-0.198500664913458,-0.592446833363657,-0.881676989349324,-0.370379799643553,96.81
1.02166278285143,0.62375602745732,0.529580858891823,-0.218123902053615,-0.577690058967276,-0.885029583081161,-0.338820000973691,96.88
1.02079746823493,0.623393543582556,0.535816488782502,-0.239080176837482,-0.562070626708226,-0.888586110835799,-0.309917462120181,96.95
1.01992975887419,0.623024916978112,0.541308758426149,-0.261368806972932,-0.545936152917451,-0.892474911764995,-0.283971633024704,97.02
1.0190582593689,0.622649972866589,0.546028639959907,-0.284979990093872,-0.52962083939457,-0.896814150313368,-0.261248029105302,97.09
1.01818119590867,0.622268421227769,0.549953539437625,-0.309894017896386,-0.513439226187749,-0.901711603742832,-0.241978900801387,97.16
1.01729644949816,0.621879871089996,0.553067117093558,-0.336080566970997,-0.49768566805731,-0.90726449607469,-0.226364034601571,97.23
1.01640158939633,0.621483845074012,0.555359137863745,-0.363497558938623,-0.482634949305242,-0.913559310824819,-0.2145714861432,97.3
1.0154939068506,0.621079794204069,0.556825352789219,-0.392090099200722,-0.468542882415386,-0.920671578827349,-0.206738174244009,97.37
1.01457044921813,0.620667113004408,0.557467411691398,-0.421789432396024,-0.455646880028251,-0.928665637852606,-0.202970329460276,97.44
1.01362805457742,0.62024515490193,0.557292807282754,-0.452511853143646,-0.444166490497129,-0.937594361141861,-0.203343791947572,97.51
1.01266338694234,0.619813247958046,0.556314850649377,-0.484157574700383,-0.434303887974876,-0.947498852409233,-0.207904154576619,97.58
1.01167297219903,0.619370710954232,0.554552677820996,-0.516609749284333,-0.426244308659778,-0.958408105296859,-0.216666748409802,97.65
1.01065323489255,0.618916869856815,0.552031223401801,-0.549738280726588,-0.420156425493983,-0.970338625719658,-0.229616468803923,97.72
1.0096005359954,0.618451074686828,0.548780906459422,-0.583417580546034,-0.41619265425132,-0.983294015996652,-0.246707505071891,97.79
1.00851121179391,0.617972716820527,0.54483702772332,-0.617536739515421,-0.414489384585554,-0.997264583661323,-0.267863228357357,97.86
1.00738161403107,0.617481246745229,0.54023913101164,-0.651999832773142,-0.415167130227431,-1.01222716537137,-0.292976302984369,97.93
1.00620815144508,0.616976192293554,0.53503039106332,-0.686722206409856,-0.418330593132936,-1.02814503925164,-0.321909024205069,98
1.00498733284233,0.616457177376891,0.529257089791161,-0.721625289949754,-0.424068636988517,-1.04496805359051,-0.354493822912938,98.07
1.00371581184158,0.615923941235976,0.522968369869081,-0.756632034096935,-0.432454166083544,-1.06263284625122,-0.390533815530375,98.14
1.00239043342199,0.615376358222785,0.516216009817252,-0.791665136399899,-0.443543906163872,-1.08106328374548,-0.429803786564495,98.21
1.00100821888363,0.614814394605029,0.509054028158105,-0.82664666037444,-0.457378148008641,-1.10017099534403,-0.472051484291706,98.28
0.999566162304074,0.614237875361298,0.501538432265036,-0.861497971218586,-0.473980515087157,-1.11985625919645,-0.516999301663217,98.35
0.998061219716649,0.613646442080709,0.49372685577257,-0.89613960997917,-0.493357245615025,-1.14000949789655,-0.56434692370247,98.42
0.996490364088165,0.613039574936972,0.485678336489816,-0.930489076575116,-0.515496496261514,-1.16051319672894,-0.613775078994036,98.49
0.994850642693163,0.612416615231871,0.477452978548128,-0.964459128979007,-0.540367603756009,-1.18124418524211,-0.664949580945073,98.56
0.993139236999738,0.611776788527828,0.469111750609222,-0.997959523563779,-0.567920241331324,-1.20207635013043,-0.717526052071733,98.63
0.991353525179046,0.611119228394515,0.460716100251745,-1.03090016733582,-0.598083471177603,-1.22288410169499,-0.771155915684288,98.7
0.989491147345519,0.610443000798853,0.452327445733664,-1.0631949232514,-0.630764694831752,-1.24354697977851,-0.825493604538901,98.77
0.987550073627331,0.609747129171303,0.444006479273438,-1.09476315017414,-0.665848504210852,-1.26395553096828,-0.880204872657196,98.84
0.98552867515656,0.609030620183845,0.435812597106189,-1.12553101333887,-0.703195436827965,-1.28401776291738,-0.934975016579845,98.91
0.983425734537516,0.608292490276738,0.427803199931398,-1.15543282246124,-0.742640639594651,-1.30366579880302,-0.989516510591501,98.98
0.981240268818119,0.60753179297171,0.420033052048493,-1.18441602085368,-0.78399244653532,-1.32286203668228,-1.04357543267764,99.05
0.978971546123047,0.606747647008932,0.412553252367117,-1.21244557227938,-0.827030940222275,-1.34160462573732,-1.09693694620416,99.12
0.976619168948891,0.605939265343625,0.405410323359694,-1.23950698529644,-0.87150656776528,-1.35992965654897,-1.14942997399935,99.19
0.974183160630246,0.60510598503574,0.398645288977524,-1.26560823048311,-0.917138311595933,-1.37790511101109,-1.20092980262592,99.26
0.971663991472731,0.604247298062491,0.392292612726294,-1.2907811862687,-0.963615934385483,-1.39562177906703,-1.25135144575355,99.33
0.969062417514928,0.6033628195603,0.386379693047921,-1.31508019935416,-1.01062225193881,-1.41318069510538,-1.3006380906869,99.4
0.966379449494861,0.602452066478682,0.380927041735565,-1.33857661518263,-1.05787042778424,-1.4306808382275,-1.34875015747182,99.47
0.963616197918397,0.601514427773258,0.375948890262344,-1.36135302401657,-1.10512168371764,-1.44821077668822,-1.39565802170401,99.54
0.960773911784547,0.600549199119439,0.371454032682799,-1.38349645771632,-1.15218223026827,-1.46583682112415,-1.4413328129647,99.61
0.957854020369616,0.599555618651364,0.367446459929485,-1.40509205856054,-1.19889289213184,-1.48360489678776,-1.4857461517376,99.68
0.954857987466716,0.598532903752663,0.363925912202801,-1.4262175344241,-1.24511747028146,-1.50154533410015,-1.52887209294616,99.75
0.951787359138278,0.597480288927899,0.360888412816732,-1.44693973099293,-1.29073435671166,-1.51967663759356,-1.57068822829168,99.82
0.948643814369836,0.596397064784214,0.358326783507295,-1.46731471548329,-1.33563388428146,-1.53800804150832,-1.61117632948451,99.89
0.945429028010363,0.595282618152172,0.356231077833103,-1.48738940024345,-1.37971824038226,-1.55654148650779,-1.65032272377479,99.96
0.942144727047084,0.59413647337252,0.354588805902206,-1.50720413242388,-1.42290204305491,-1.5752732077026,-1.68811859302965,100.03
0.938792749595072,0.592958334772006,0.353385331913643,-1.52679459643016,-1.465113075132,-1.59419499741838,-1.72456006983955,100.1
0.93537491597986,0.5917480668276,0.352604254431829,-1.54619258297937,-1.50629184576557,-1.61329539691678,-1.75964832154493,100.17
0.931893092954948,0.590505484993444,0.352227579393475,-1.56542594098748,-1.5463892198736,-1.63256081737489,-1.79338962232934,100.24
0.928349260428851,0.589230338308164,0.352236067582251,-1.58451860033586,-1.5853645950092,-1.65197627295998,-1.82579515926074,100.31
0.924745390074607,0.587922356752637,0.352609566699045,-1.6034900292702,-1.62318462753719,-1.67152559947592,-1.85688057204274,100.38
0.921083453339611,0.586581299848966,0.353327138203508,-1.62235558644919,-1.65982282726589,-1.69119179433606,-1.88666548012651,100.45
0.917365304706507,0.585207006510637,0.354367297286707,-1.6411269411581,-1.69525900551106,-1.71095741495804,-1.91517306010862,100.52
0.913592757723387,0.58379944615271,0.355708112697142,-1.65981319628429,-1.72947953038325,-1.7308049091888,-1.94242967267023,100.59
0.909767663176513,0.582358707549338,0.357327421312523,-1.67842157026966,-1.76247686562131,-1.75071668786712,-1.96846453817624,100.66
0.905891798780455,0.580884798402826,0.359202904217602,-1.69695808231824,-1.79424947331019,-1.77067513074745,-1.99330939641368,100.73
0.901966887908361,0.579377636733204,0.361312279206388,-1.71542792298696,-1.82480150910309,-1.79066252645556,-2.01699795880201,100.8
0.897994493220435,0.577837107051071,0.363633356483957,-1.73383544640934,-1.85414281815775,-1.81066082011072,-2.03956540594353,100.87
0.893976102718207,0.576263117797924,0.366144212490868,-1.75218448265794,-1.88228916810911,-1.83065148688376,-2.0610481197876,100.94
0.88991321760894,0.574655660058051,0.368823228620593,-1.77047789026297,-1.90926125777649,-1.85061527810563,-2.08148326795879,101.01
0.885807251367345,0.573014867545055,0.371649249739431,-1.78871800022531,-1.93508396193583,-1.87053209470837,-2.10090836590168,101.08
0.881659557530635,0.571341014344493,0.374601609257611,-1.80690699863437,-1.95978568433671,-1.89038060762163,-2.1193608154291,101.15
0.877471332098783,0.569634323370484,0.377660275631854,-1.82504693020713,-1.98339673820458,-1.91013756237462,-2.13687722769087,101.22
0.873243708081638,0.567894966638183,0.380805803493401,-1.84313983081291,-2.00594827760129,-1.92977689575792,-2.15349265617954,101.29
0.868977851591118,0.566123130306573,0.384019280720904,-1.86118601983119,-2.02747177849471,-1.94926841136286,-2.16923961134503,101.36
0.864674868879197,0.564319080966106,0.387282462755032,-1.87918194968312,-2.04799875076125,-1.96857665018543,-2.18414710956325,101.43
0.860335841870354,0.562483233163653,0.390577777282234,-1.89711869235303,-2.06756004473823,-1.98766008448962,-2.19823994578069,101.5
0.855961738072097,0.56061615463569,0.39388845405692,-1.91498195230388,-2.08618506872222,-2.00647025517575,-2.21153780762309,101.57
0.851553512415419,0.558718382196802,0.397198526456931,-1.93275170057157,-2.10390104327955,-2.02495040961221,-2.22405435706557,101.64
0.84711221043219,0.556790429374204,0.400493023003972,-1.95040016021449,-2.12073216421611,-2.04303643660093,-2.23579824799404,101.71
0.842638882176804,0.554832858730688,0.403758158900773,-1.96789163741331,-2.13669899076656,-2.06066537267055,-2.24678008079728,101.78
0.838134624445431,0.552846355337477,0.406981337598751,-1.98518489798417,-2.15182028123334,-2.07777788912367,-2.25701436843058,101.85
0.833600497178493,0.550831737856548,0.410151280514147,-2.00223554990983,-2.16611448046511,-2.0943184462962,-2.26651962594183,101.92
0.829037568079152,0.548789780169212,0.413257967779259,-2.01899868751928,-2.17960066789491,-2.11023534043671,-2.2753186154991,101.99
0.824446831333085,0.54672122463198,0.416292581014553,-2.03543008399066,-2.19229921950285,-2.12548058180401,-2.28343836510116,102.06
0.819829254463429,0.544626859893134,0.419247639059458,-2.05148555277042,-2.20423243704658,-2.1400099235467,-2.2909099601036,102.13
0.815185699208644,0.542507599722667,0.422117009404436,-2.0671202581167,-2.21542501674148,-2.15378278911922,-2.29776861467984,102.2
0.810517033979504,0.540364499306523,0.42489604968346,-2.0822893103442,-2.22590391190816,-2.16676337029174,-2.30405287869852,102.27
0.805824247306108,0.538198581933182,0.427581561867127,-2.0969489487718,-2.23569841438775,-2.1789244852561,-2.30980012034686,102.34
0.801108371685549,0.536010857144581,0.43017168637066,-2.11105869518745,-2.24483975499351,-2.19024790983493,-2.3150448889857,102.41
0.79637053538564,0.533802403275221,0.432665799717876,-2.12458327263237,-2.25336003132946,-2.20072378708679,-2.31981837830371,102.48
0.791611888090919,0.531574387303413,0.435064415832607,-2.13749327473883,-2.26129084290344,-2.21035000526479,-2.32414816271668,102.55
0.786833654422533,0.529327894936436,0.437369090982023,-2.14976509510997,-2.2686622675056,-2.21913198913839,-2.32805801526949,102.62
0.7820370612137,0.527063951997272,0.439582332352801,-2.16138157878844,-2.27550230469115,-2.22708239661147,-2.33156780599065,102.69
0.777223392568695,0.524783610034423,0.441707446682972,-2.17233218985799,-2.28183627707678,-2.23422084746939,-2.33469367034989,102.76
0.772393918584097,0.522487969078083,0.443748201817737,-2.18261212416347,-2.28768733172058,-2.24057387432946,-2.33744825650477,102.83
0.767549951757963,0.520178010465454,0.445708682176557,-2.19222151089048,-2.29307689728408,-2.24617369764045,-2.33984193997905,102.9
0.762692776964018,0.517854620805409,0.447593210951763,-2.20116495726614,-2.29802471497989,-2.25105385465323,-2.34188684732011,102.97
0.757823709015432,0.515518680007962,0.44940627536501,-2.20945099175002,-2.30254926822931,-2.25524771542201,-2.3435977810924,103.04
0.752944023694711,0.513171086307112,0.451152454817285,-2.21709051628328,-2.30666841971867,-2.25878823308547,-2.34499214184959,103.11
0.748055016274153,0.510812591206372,0.45283641528045,-2.22409458487405,-2.31040025514658,-2.26170784734347,-2.34608986281856,103.18
0.743157933403769,0.50844382542487,0.454463096792823,-2.23047385830224,-2.31376362482718,-2.2640396196881,-2.34691227681724,103.25
0.73825403239184,0.506065388778225,0.456037712768728,-2.23623865471163,-2.31677800134608,-2.26582118710929,-2.34747769150608,103.32
0.733344513756121,0.503677876932501,0.457565687970734,-2.24140105660833,-2.31946258903269,-2.26709543521145,-2.34780002403963,103.39
0.728430581072296,0.501281717971225,0.459052534946313,-2.24597691422939,-2.32183500210514,-2.26790903263617,-2.34788966868895,103.46
0.723513373999469,0.498877199864868,0.460503541685925,-2.24998679203052,-2.32391052706058,-2.26830698312871,-2.34775723208361,103.53
0.718594028511327,0.496464561789305,0.461923651405514,-2.253455603609,-2.32570171457022,-2.26833094276354,-2.34741416491314,103.6
0.713673610215065,0.494044085763144,0.463317407215634,-2.25641074372444,-2.32721938011381,-2.26801882340228,-2.34687238579043,103.67
0.708753174789316,0.491616125075744,0.464688897970631,-2.25888055851715,-2.3284736789802,-2.26740447394724,-2.34614397665814,103.74
0.703833701425968,0.489180942457919,0.46604176864361,-2.26089302585254,-2.32947481058509,-2.26651762850303,-2.34524113984121,103.81
0.698916153310176,0.486738739094031,0.467379422108315,-2.26247540694196,-2.33023328819612,-2.26538399311984,-2.3441762892484,103.88
0.694001411026765,0.484289747428235,0.468705031076633,-2.26365436002774,-2.33075983719335,-2.2640255335028,-2.34296233877557,103.95
0.689090332930819,0.481834260719559,0.470021487098979,-2.26445645157424,-2.33106581072432,-2.26246064511369,-2.34161280632485,104.02
0.684183688374446,0.479372472299764,0.4713313500255,-2.26490766653818,-2.33116342363865,-2.26070445890051,-2.3401419235023,104.09
0.679282217831497,0.476904505634927,0.472636861336732,-2.26503356819062,-2.33106612186057,-2.25876902787805,-2.33856494103372,104.16
0.674386565816465,0.474430508146144,0.473940148283105,-2.26485883612866,-2.33078819747229,-2.25666364805566,-2.33689831176185,104.23
0.669497340643843,0.471950681747029,0.47524323763546,-2.26440662613518,-2.33034479233147,-2.25439505917664,-2.33516000471648,104.3
0.664615046928921,0.469465123055153,0.476548006002466,-2.26369736983921,-2.32975228967817,-2.25196784250634,-2.33336969555441,104.37
0.65974014488135,0.466973854381845,0.477856193675035,-2.26274796607958,-2.3290278862998,-2.24938488837271,-2.33154915027592,104.44
0.654872982297784,0.464476918459462,0.479169608963165,-2.26157136319852,-2.32818923389176,-2.2466479332814,-2.32972267442828,104.51
0.650013853310562,0.461974409867608,0.48049020536501,-2.26017653162372,-2.32725446655307,-2.24375930982553,-2.32791648363067,104.58
0.64516292980475,0.45946631611947,0.48182028557283,-2.25856971550487,-2.32624261374434,-2.24072643375702,-2.32615470783147,104.65
0.640320319566802,0.456952549516751,0.483162514647483,-2.25675601027697,-2.32517395338446,-2.23756273976887,-2.32445806258359,104.72
0.635485997083904,0.454433042736478,0.484519869310664,-2.25474094831003,-2.3240691610254,-2.2342876699591,-2.32284334438938,104.79
0.630659861064336,0.451907781115343,0.485895586772161,-2.25253202892212,-2.32294890581907,-2.23092654020504,-2.32132330469947,104.86
0.625841664605463,0.449376644596925,0.487293112978987,-2.25013987494281,-2.32183293971313,-2.22751060130057,-2.31990645729637,104.93
0.621031135606173,0.446839440454462,0.488716050163383,-2.24757869794121,-2.32073912372342,-2.22407716685403,-2.31859713617084,105
0.616228096876918,0.4442959997565,0.490168040040134,-2.24486619874776,-2.31968283516598,-2.22066974323638,-2.31739580356602,105.07
0.611432395401369,0.441746210545115,0.491652455479652,-2.24202398254368,-2.31867624702375,-2.21733644515693,-2.31629979857788,105.14
0.606643958349491,0.439189860695905,0.493172281631078,-2.23907925006309,-2.31772843164408,-2.21412313818133,-2.31530586017851,105.21
0.601862721773444,0.436626671576112,0.494730059330609,-2.23606509629581,-2.31684558959884,-2.21107115177224,-2.31441042308084,105.28
0.597088686063612,0.434056395471733,0.496327827163086,-2.23301846287451,-2.31603172095251,-2.20821644871176,-2.31360895693766,105.35
0.592321844092759,0.431478849756553,0.497967062080416,-2.22997758493505,-2.31528923054959,-2.20558923303942,-2.31289536531137,105.42
0.587562236122848,0.428893760775317,0.499648618499473,-2.22697956624348,-2.3146190225352,-2.20321374106363,-2.31226188922039,105.49
0.582809877400351,0.426300798560071,0.501372665823613,-2.224058589296,-2.31402129086875,-2.20110834133387,-2.31169913438422,105.56
0.578064812513068,0.42369967535288,0.503138687874135,-2.22124494954489,-2.31349579893913,-2.19928594264924,-2.31119615894412,105.63
0.573327042433435,0.421090180909803,0.504945671262267,-2.21856497597217,-2.31304139419828,-2.19775445532669,-2.31074081257239,105.7
0.568596578321185,0.418472027559856,0.506792101609064,-2.21604120167185,-2.31265640930673,-2.19651724171551,-2.31032013682964,105.77
0.563873368010872,0.415844886139043,0.508675958207404,-2.21369265639908,-2.31233804427685,-2.19557355565383,-2.30992076371198,105.84
0.55915734925842,0.413208485773191,0.510594897739379,-2.21153464504059,-2.31208187301468,-2.19491897073599,-2.30952924936087,105.91
0.554448375674234,0.410562650484424,0.51254624601383,-2.20957826535641,-2.31188153788874,-2.19454579741671,-2.3091322164062,105.98
0.549746269419804,0.407907145594357,0.514526988368941,-2.2078303631166,-2.31172856897779,-2.19444348911803,-2.30871668656482,106.05
0.54505074659898,0.40524171504279,0.516533949397401,-2.20629373365459,-2.31161182009295,-2.19459897411089,-2.308270413447,106.12
0.54036153294375,0.402566182593574,0.518563780996809,-2.20496788716764,-2.3115172841228,-2.19499678653432,-2.30778196198899,106.19
0.535678479249054,0.399880489899737,0.520612885903419,-2.20385006006034,-2.3114289233125,-2.19561931464205,-2.30724078905216,106.26
0.531001486010801,0.397184544397289,0.522677340355857,-2.20293571012136,-2.3113293716722,-2.1964468492718,-2.30663751617947,106.33
0.526330554865845,0.394478258142028,0.524752879544893,-2.20221862267235,-2.31120019252901,-2.19745762376373,-2.30596401379825,106.4
0.521665712763306,0.391761650555577,0.526835073035957,-2.20169088193588,-2.31102258114181,-2.19862803663458,-2.30521348778178,106.47
0.517007062941743,0.389034888046318,0.52891930921469,-2.2013427078591,-2.31077832252161,-2.19993274024281,-2.30438075923441,106.54
0.512354708636734,0.386298133467191,0.531000779480048,-2.20116266684423,-2.31045024294587,-2.20134491393648,-2.3034624201649,106.61
0.507708803589511,0.383551586516098,0.533074652916365,-2.20113800268308,-2.31002247345062,-2.20283659561106,-2.30245711931834,106.68
0.503069475278292,0.380795524516863,0.53513606051541,-2.20125559627742,-2.30948122465696,-2.20437894566005,-2.30136572422069,106.75
0.498436874941047,0.378030153017365,0.537180079688215,-2.20150183962522,-2.30881524779106,-2.20594231734564,-2.30019161356049,106.82
0.493811100310415,0.375255647306285,0.539201909807876,-2.20186205975884,-2.30801693519798,-2.20749600765072,-2.2989405282061,106.89
0.489192245129594,0.372472257803387,0.541196921377249,-2.20232031889805,-2.30708279040078,-2.20900660992915,-2.29761966313814,106.96
0.484580321371078,0.369680352278892,0.543160833078235,-2.2028592102673,-2.30601320447322,-2.21043814546062,-2.29623784212107,107.03
0.479975308229257,0.366880267855147,0.545089762803898,-2.2034600312971,-2.30481204700893,-2.2117527683307,-2.29480620317195,107.1
0.475377073812003,0.364072353888572,0.54698040691035,-2.20410269968655,-2.30348594463774,-2.21291147333602,-2.29333869578211,107.17
0.470785487125164,0.361257015163265,0.548830093761109,-2.20476490489218,-2.30204362805732,-2.21387474483399,-2.29185251650091,107.24
0.466200529798695,0.358434564827069,0.550636965763603,-2.20542062285095,-2.30049649066511,-2.21460302098244,-2.29036854586607,107.31
0.461622217003175,0.355605268166756,0.552400035924376,-2.20603977331559,-2.29885864345422,-2.21505837227952,-2.28891076972572,107.38
0.45705064515049,0.352769450173058,0.554119373067543,-2.20658933838883,-2.297147100924,-2.21520911090111,-2.2875024610122,107.45
0.452485912303738,0.349927539847724,0.555796098160296,-2.20703480006255,-2.29538171635506,-2.21503059928885,-2.28616464718876,107.52
0.447928165367244,0.347079924202895,0.557432382298462,-2.20734234264067,-2.29358511987495,-2.21450486345073,-2.28491546508451,107.59
0.443377519978599,0.34422699304849,0.559031573346409,-2.20748036042129,-2.29178119763221,-2.21362028228592,-2.28376976713511,107.66
0.438834107171689,0.341369183997005,0.56059794299962,-2.20742014488045,-2.28999325455937,-2.21237148065797,-2.28273885130361,107.73
0.434297992731937,0.338506837115037,0.56213656229209,-2.20713689589066,-2.28824344778923,-2.21075910906719,-2.28183044115397,107.8
0.429769223313364,0.335640240316883,0.563653241868034,-2.20661074046969,-2.28655266409907,-2.20878989123978,-2.28104872509132,107.87
0.425247745240571,0.332769674931411,0.565154473306482,-2.20582737888688,-2.28494001479838,-2.20647693960847,-2.28039445447444,107.94
0.420733513587007,0.329895270875394,0.566647307759185,-2.20477886702856,-2.28342239189696,-2.2038399573153,-2.27986529099563,108.01
0.416226600975279,0.327017052534595,0.568139044618156,-2.20346345574774,-2.28201402130935,-2.20090558030976,-2.27945621274164,108.08
0.411727115545009,0.324135048310351,0.569637111057206,-2.20188505916853,-2.28072652060275,-2.19770760471493,-2.2791599155037,108.15
0.40723524567855,0.321249336792966,0.571149005133018,-2.20005317775598,-2.27956863500521,-2.19428741603776,-2.27896720952547,108.22
0.402751177406112,0.31835990252353,0.572682175126028,-2.19798314896577,-2.27854654049224,-2.19069442837725,-2.2788674119647,108.29
0.398275138557687,0.315466682453163,0.574243707799075,-2.1956969156655,-2.27766350676477,-2.18698519816139,-2.27884968819425,108.36
0.393807315580359,0.312569612544451,0.575840206403054,-2.19322291433091,-2.27691974562598,-2.18321911442445,-2.27890712085949,108.43
0.389347897086891,0.309668483961609,0.577477667604719,-2.19059527273682,-2.27631250815189,-2.17945688831112,-2.27903740930136,108.5
0.384896990054158,0.306762989963847,0.579161166530169,-2.18785225254585,-2.27583751046175,-2.17576025159089,-2.27924248627114,108.57
0.380454662738814,0.303852836472541,0.580894794327163,-2.18503488828182,-2.27549022725818,-2.17219178205596,-2.27952819536006,108.64
0.376020860231805,0.300937789286201,0.582681848053172,-2.18218613883082,-2.27526705329186,-2.16881339252523,-2.27990301277616,108.71
0.371595510242227,0.298017530917055,0.584524828102498,-2.17934985120793,-2.27516607884209,-2.16568011459749,-2.2803732089943,108.78
0.367178628556405,0.295091708170245,0.586425370083766,-2.17656921736626,-2.27518627249348,-2.16283863909311,-2.28094162757984,108.85
0.362770233618726,0.292159979921834,0.588384238090049,-2.17388459534993,-2.27532615110196,-2.1603274986887,-2.28160773076931,108.92
0.358370387826752,0.289221874553262,0.590401506336319,-2.17133209056639,-2.27558314384937,-2.15817755707519,-2.28236789540343,108.99
0.353979111465579,0.286276838167237,0.592476548022859,-2.16894321324135,-2.27595396803996,-2.15641273964942,-2.28321576867527,109.06
0.349596423353682,0.28332434656572,0.594608021977427,-2.16674542012707,-2.27643474636402,-2.15505062344692,-2.28414262031097,109.13
0.345222254125148,0.280363953973341,0.596794047655701,-2.16476328518553,-2.27702105630848,-2.15410313947457,-2.28513769142296,109.2
0.340856486222187,0.277395151488895,0.59903218743891,-2.16301883726678,-2.27770816593613,-2.15357706917632,-2.28618854036606,109.27
0.336498866526254,0.274417416393901,0.601319426855965,-2.16153182606588,-2.2784910115707,-2.15347446161077,-2.28728138600429,109.34
0.332149109225411,0.271430261781773,0.603652343378686,-2.16032036014706,-2.27936379053141,-2.15379297107999,-2.28840138534206,109.41
0.327806998371343,0.268433095971627,0.606027082792821,-2.15940032831504,-2.28031948670512,-2.15452598809181,-2.28953271900589,109.48
0.323472299580747,0.2654252728373,0.608439333831012,-2.1587850010549,-2.28135028195791,-2.15566294485578,-2.29065880273451,109.55
0.319144798482449,0.262406206036782,0.610884491770287,-2.15848506551115,-2.2824479008732,-2.15718966852518,-2.29176237140493,109.62
0.314824211844879,0.259375420128891,0.613357630046272,-2.15850890294477,-2.28360363503812,-2.15908865554909,-2.29282575381834,109.69
0.31051022546671,0.256332411562223,0.615853470615302,-2.15886260011081,-2.28480830126733,-2.16133914063535,-2.29383114834673,109.76
0.306202404767135,0.253276700666438,0.618366543807985,-2.15954963071873,-2.28605200705947,-2.16391734210263,-2.29476070955634,109.83
0.301900295680925,0.250207884109233,0.620891156763198,-2.16057052433785,-2.28732327900808,-2.16679675737404,-2.29559682759687,109.9
0.297603525318625,0.247125497281366,0.623421361206761,-2.16192239558097,-2.28860857084588,-2.16994844599856,-2.29632241047932,109.97
0.293311711853012,0.244029067737097,0.625951111347479,-2.16359744428929,-2.28989221508119,-2.17334130120814,-2.29692097935624,110.04
0.289024501239167,0.240918232670374,0.628474231005172,-2.16558290406071,-2.29115675522467,-2.17694231111213,-2.29737695856618,110.11
0.284741476708439,0.237792793406995,0.630984380756822,-2.16786155015955,-2.29238359568279,-2.18071681071255,-2.29767603403164,110.18
0.280462258642925,0.234652579889167,0.633475215892033,-2.17041200506906,-2.29355390646071,-2.18462872599694,-2.2978055170832,110.25
0.276186604290194,0.231497506272043,0.635940417825763,-2.17320985863727,-2.29464997393303,-2.1886408749467,-2.29775471425318,110.32
0.271914316776505,0.228327627082763,0.638373853284043,-2.17622877788326,-2.29565553746556,-2.19271545387107,-2.29751524000134,110.39
0.267645281020963,0.225143003389406,0.640769607428386,-2.17944116275731,-2.29655600182035,-2.19681432936936,-2.29708114574141,110.46
0.263379372483794,0.221943760089689,0.643122145226502,-2.18281733255817,-2.29733852596229,-2.20089926439763,-2.29644924659803,110.53
0.2591164928278,0.218730143761218,0.645426283701121,-2.18632508610138,-2.2979921793785,-2.20493176229879,-2.29561920148936,110.6
0.254856478423423,0.215502390512548,0.647677165823604,-2.18993103418025,-2.29850778528791,-2.20887176803243,-2.29459264795234,110.67
0.250599199294346,0.212260784937668,0.649870426805594,-2.19360097424159,-2.29887808634359,-2.21267751474626,-2.29337329728476,110.74
0.246344657953677,0.209005719608927,0.652002235380151,-2.19729937206525,-2.29909778854711,-2.216305818513,-2.29196735475588,110.81
0.242092897579509,0.205737564541664,0.654069464312557,-2.2009895397169,-2.29916348365102,-2.2197125687487,-2.29038394714897,110.88
0.237844037122893,0.202456727727489,0.656069672693101,-2.20463432057171,-2.29907338673335,-2.22285303484377,-2.28863555739642,110.95
0.23359817927233,0.199163716166203,0.658001027168192,-2.20819633002518,-2.29882720666817,-2.22568218124182,-2.28673846595706,111.02
0.229355445344869,0.195859006824828,0.65986228924036,-2.21163845200906,-2.29842595900564,-2.2281551197056,-2.28471313493835,111.09
0.225115883025625,0.192543108616399,0.66165299574413,-2.21492338588238,-2.29787216590322,-2.23022719233586,-2.28258440730375,111.16
0.220879564544263,0.189216624824353,0.663373451432719,-2.21801338844832,-2.29717012547581,-2.23185521149745,-2.2803808216803,111.23
0.216646684730448,0.185880125397185,0.665024660730282,-2.22087033955691,-2.29632650454072,-2.23300170038383,-2.2781305646018,111.3
0.212417468389342,0.182534210202311,0.666608325675578,-2.22345664088013,-2.29534953959015,-2.2336356569504,-2.27585996634794,111.37
0.208192204582886,0.179179572661432,0.668127037055806,-2.22573631412096,-2.29424786203835,-2.23373244689873,-2.27359320542574,111.44
0.20397115373403,0.175816873188605,0.669584277553443,-2.22767522026769,-2.29303034484447,-2.23327371615395,-2.27135233143244,111.51
0.199754581617536,0.172446803516492,0.670984363844338,-2.22924135404095,-2.29170639851639,-2.23224713321831,-2.26915728778573,111.58
0.195542666153156,0.169070151329662,0.672332391033245,-2.23040540538842,-2.29028601745194,-2.2306463432138,-2.2670257429252,111.65
0.191335594584231,0.165687674622613,0.673634179262607,-2.23114108109493,-2.28877944922131,-2.2284710070467,-2.26497311033713,111.72
0.18713366047876,0.162300166864405,0.674896222300785,-2.23142512410473,-2.28719680400467,-2.22572686241772,-2.26301262969214,111.79
0.182937169989634,0.158908522385048,0.676125574369684,-2.23123747618734,-2.28554836601902,-2.22242580668984,-2.26115544498918,111.86
0.178746474956037,0.155513611397431,0.677329547928016,-2.23056222001758,-2.28384427265807,-2.21858600139534,-2.25941067920089,111.93
0.174561878760041,0.152116282214099,0.678515603254363,-2.22938860272436,-2.28209445021467,-2.21423199792721,-2.2577855685135,112
0.170383668999698,0.148717236551617,0.679691302515011,-2.2277115063235,-2.28030861524413,-2.20939494724108,-2.2562857828499,112.07
0.166212022892742,0.145317095483587,0.680864264514039,-2.22553155599645,-2.27849608711605,-2.20411301966721,-2.25491561480547,112.14
0.162047102993166,0.141916465459591,0.682042119837716,-2.22285518400251,-2.27666604657092,-2.19843165253204,-2.25367829085336,112.21
0.157889152657734,0.138515813810417,0.68323240258463,-2.21969483975517,-2.27482843047993,-2.19240381468814,-2.25257615057969,112.28
0.153738400700091,0.135115534828366,0.684442251354382,-2.21606959989083,-2.27299362041564,-2.18609047677512,-2.25161094789849,112.35
0.149595092816378,0.131716015848834,0.68567830032073,-2.21200541562877,-2.2711725761382,-2.17955988778213,-2.25078503637776,112.42
0.145459395699368,0.128317512762193,0.686946633080763,-2.20753525076834,-2.26937588915602,-2.17288368651899,-2.25010572526869,112.49
0.141331427906431,0.124920216053093,0.688252671990548,-2.20269879174047,-2.26761334391238,-2.16613410116026,-2.24958499334303,112.56
0.137211163400729,0.12152431680146,0.689600939237552,-2.19754045808892,-2.26589506601189,-2.15937689859427,-2.24923386155819,112.63
0.133098525354293,0.11812988208196,0.690995197592891,-2.1921069822517,-2.26423241506939,-2.15266929105441,-2.24906069783288,112.7
0.128993479657859,0.114736920866553,0.692438462521975,-2.18644398529851,-2.26263722438258,-2.14605981216909,-2.24907097630192,112.77
0.124895937584209,0.111345449871588,0.693932949028627,-2.18059275371675,-2.26112040329643,-2.13958863580636,-2.24926753795501,112.84
0.120805785199553,0.107955368793152,0.695480080155094,-2.17458994682424,-2.25969079107645,-2.13328839938,-2.24965090781955,112.91
0.116722785452061,0.104566526041917,0.697080684090548,-2.16846851823703,-2.25835515114184,-2.12718483137703,-2.25021941450315,112.98
0.112646670535102,0.10117878442533,0.698734998721457,-2.16225775387812,-2.25711822550658,-2.12129711834035,-2.25096942966767,113.05
0.108577233978082,0.09779189622699,0.70044261062927,-2.15598293341925,-2.25598335731873,-2.11563845495316,-2.2518954734229,113.12
0.104514231918949,0.0944055688002837,0.702202455563809,-2.14966543978243,-2.25495241094277,-2.11021664945367,-2.25299050337003,113.19
0.100457411159459,0.0910195301298103,0.704013007445099,-2.14332299814446,-2.25402645038403,-2.10503472035441,-2.25424626046494,113.26
0.096406409938227,0.087633403815728,0.705872338340469,-2.13696991659108,-2.25320590560943,-2.10009148416533,-2.25565360844897,113.33
0.0923608490244569,0.0842467746033287,0.707778303548711,-2.13061732774358,-2.25249035376015,-2.09538213400143,-2.25720280364124,113.4
0.0883204225899866,0.0808593174347059,0.709728534271071,-2.1242735578481,-2.25187835987056,-2.09089880911666,-2.25888356840199,113.47
0.0842847983179818,0.0774708630005086,0.711720364987831,-2.11794487697513,-2.25136712303674,-2.08663109202497,-2.2606853497489,113.54
0.0802536443531458,0.0740812727666939,0.713750822668308,-2.11163599482188,-2.25095288086913,-2.08256630646808,-2.2625975729609,113.61
0.0762265290318838,0.0706905045946575,0.715816804952923,-2.10535074650504,-2.25063124659281,-2.07868993421744,-2.26460963649595,113.68
0.0722030109982771,0.0672986784040267,0.717915066308434,-2.09909214241937,-2.25039786004784,-2.07498589711703,-2.26671090270001,113.75
0.0681827291662132,0.0639059513237735,0.720042202830184,-2.09286235368231,-2.25024808238212,-2.07143702251089,-2.26889087526662,113.82
0.0641653019883424,0.0605125199204382,0.722194826370727,-2.0866630776796,-2.25017681441999,-2.06802550210981,-2.27113924625907,113.89
0.0601503536388778,0.0571184954234114,0.724369547012329,-2.08049545788605,-2.25017812129165,-2.06473315439298,-2.27344606716878,113.96
0.056137413050516,0.0537239695331445,0.726562954568147,-2.07435968493439,-2.25024466352034,-2.06154180881444,-2.27580179032758,114.03
0.0521260034130593,0.0503290802520989,0.72877178979694,-2.06825472352077,-2.25036750646353,-2.05843355843052,-2.27819743512692,114.1
0.0481157315955445,0.0469338871789434,0.730992924349096,-2.06217791106725,-2.25053611783376,-2.0553911357134,-2.28062456181426,114.17
0.0441061869539505,0.0435384373726651,0.733223340123852,-2.05612474577599,-2.25073950641712,-2.0523981581567,-2.28307524376443,114.24
0.0400970306511966,0.0401428312283272,0.735460298712635,-2.05008905473335,-2.25096729553195,-2.04943962544077,-2.28554229262213,114.31
0.0360880849489841,0.0367470978067269,0.737701383449868,-2.04406443149385,-2.25121028701002,-2.04650266877884,-2.2880195460605,114.38
0.0320792319282457,0.0333512607260107,0.73994466824942,-2.03804567299956,-2.25146108775891,-2.04357710838137,-2.29050215490935,114.45
0.0280704392382396,0.0299554040581844,0.742188759243642,-2.03202907273679,-2.25171460869635,-2.04065588304399,-2.29298680636771,114.52
