-0.0274475787557336,0.699487506858605,0.0369419187795491,0.11872946714509,-0.110796894223243,1.86624117091905,1.95091055859339,0
-0.0242626478070329,0.699661004024465,0.0374384447397842,0.18722167955909,-0.0309689855648474,1.87038866229261,1.95728779394404,0.07
-0.0210765166878642,0.69983452287526,0.0379333249989935,0.255708177856803,0.0488633423967033,1.87446794852467,1.96359304533834,0.14
-0.0178872349018701,0.700008094760021,0.0384237216954725,0.324176866883993,0.128704985433485,1.87842539547834,1.9697661258335,0.21
-0.014692048723237,0.700181757333958,0.038905351314832,0.392606096832326,0.208558977022134,1.88222473062328,1.97576081350242,0.28
-0.0114875227612576,0.700355547943205,0.0393724660276428,0.460962625625725,0.28842344547085,1.88584689244336,1.98154461646433,0.35
-0.00826966175424856,0.700529497006109,0.0398178353705048,0.529198439550884,0.368288570606942,1.88928988576087,1.98709854462697,0.42
-0.00503403272297231,0.700703621389684,0.0402327284897148,0.597247957863414,0.448133540115566,1.89256864370461,1.99241688938003,0.49
-0.00177588763505375,0.700877917780111,0.0406068972232024,0.665025623217276,0.527923505923273,1.89571489639869,1.99750701196508,0.56
0.00150971325144199,0.701052356046684,0.0409285603535879,0.732423880432176,0.607606541438899,1.89877704580389,2.00238914074076,0.63
0.00482777718511133,0.701226872599374,0.0411843894230224,0.799310212983368,0.687110600998984,1.90182004550307,2.00709617706403,0.7
0.008183253671496,0.701401363741199,0.0413596235959604,0.86553080003592,0.766340483516562,1.90492522006808,2.01167350901793,0.77
0.0115809079865492,0.701575679017858,0.0414386951881489,0.930932867568348,0.845174803097696,1.90818938634897,2.01617857765871,0.84
0.0150251932654248,0.701749614568637,0.0414060488279119,0.995377981714202,0.923462970273715,1.9117216856284,2.02067911424087,0.91
0.0185201845043329,0.70192290648436,0.0412472183562392,1.05874756042901,1.00102237904973,1.91563761482377,2.02524934753822,0.98
0.0220697013431861,0.702095224180179,0.0409499714962217,1.12093844909481,1.0776361866378,1.92005018909661,2.02996373407413,1.05
0.0256772383618626,0.702266163793336,0.0405052052431869,1.18186037905293,1.15305760006998,1.92505931133884,2.0348891612497,1.12
0.029345829781976,0.702435241618501,0.0399068302139083,1.24142279986564,1.22703941589174,1.93074080522191,2.04007682743361,1.19
0.0330779754788777,0.702601887596151,0.0391514700432206,1.29953948160724,1.29935630067146,1.93714590621936,2.04556160929376,1.26
0.0368757552257524,0.702765438872448,0.0382384206916851,1.35615031894028,1.3698108654952,1.94430510993858,2.05136484923841,1.33
0.0407408134812302,0.702925133452381,0.0371696792376936,1.41122330882837,1.43823453169925,1.95222786430294,2.05749408273089,1.4
0.0446744687154103,0.703080103971489,0.0359499151435536,1.46474915379285,1.5044897377649,1.96090210609123,2.06394262651839,1.47
0.0486776931368572,0.703229371615232,0.0345861933641903,1.51672912715325,1.56846529989786,1.97029586462467,2.07069080600834,1.54
0.0527512168445238,0.703371840219109,0.0330876396777206,1.56716655420094,1.63006721823053,1.98036055194061,2.07770837740998,1.61
0.056895438774307,0.703506290586863,0.0314651750078334,1.61605822523739,1.68920874405397,1.99103409861313,2.0849568750052,1.68
0.0611103349685165,0.703631375068593,0.0297314454289465,1.66339666559054,1.74580161728109,2.00224393705234,2.09239188468605,1.75
0.0653955547091949,0.703745612445259,0.0279005663272153,1.7091607136426,1.79976156231731,2.01390742092529,2.09996346669235,1.82
0.0697503869230122,0.703847446689497,0.0259877437555954,1.75331867128827,1.85101400807477,2.02593508253571,2.10761866738718,1.89
0.0741738509453612,0.703935496695868,0.0240087089289212,1.7958336105731,1.89950676826896,2.03823412703198,2.11530402584666,1.96
0.0786646575961394,0.704008615927133,0.0219793463941366,1.83666518453758,1.94521253475873,2.05071261146096,2.12296864893282,2.03
0.0832212946788788,0.704065889065847,0.0199153882415093,1.87578128255223,1.98812969738446,2.06328316884393,2.13056652297856,2.1
0.087841982877753,0.704106629233524,0.0178321102348526,1.91315863401461,2.02827723559956,2.07586488334779,2.13805755586149,2.17
0.0925247561844546,0.704130375812251,0.0157440927816415,1.94878487477624,2.06568850939562,2.08838452672117,2.14540804991743,2.24
0.0972674128481616,0.704136892894968,0.0136652367179195,1.98265902828421,2.10040617198624,2.10077684147859,2.15259079777396,2.31
0.102067590997898,0.704126168381951,0.0116088427966706,2.01478633672061,2.13248264930635,2.11298412769604,2.15958492942475,2.38
0.106922714946657,0.704098413732518,0.00958762731232722,2.045177986284,2.16197951525447,2.12495653331478,2.16637595621226,2.45
0.11183012986024,0.704054064372411,0.00761354631738543,2.07385013678505,2.18896734864584,2.1366520973729,2.17295575843969,2.52
0.116787234332532,0.703993780748789,0.00569774554018803,2.10082828939535,2.21352892786549,2.14803654806428,2.17932200901639,2.59
0.121791420412038,0.703918450016235,0.00385038147447922,2.12614562209124,2.23575858291679,2.15908260315119,2.18547722400536,2.66
0.126840138771755,0.703829188328599,0.00208063080966778,2.14983948405362,2.25575935319796,2.1697691551525,2.19142775776018,2.73
0.131930835047314,0.703727343702847,0.000396697259115751,2.17195424167003,2.27364372761357,2.18008046938911,2.19718280608032,2.8
0.137061011515016,0.703614499412357,-0.00119437511887979,2.19253961303126,2.28952976920109,2.19000545921501,2.20275348066758,2.87
0.142228160132636,0.703492414339759,-0.00268670130776413,2.21165433461225,2.30354259241704,2.19953716607499,2.2081521450946,2.94
0.147429821112706,0.703362773192308,-0.00407549473258182,2.22936531284942,2.31581127968573,2.20867219074088,2.21339194834768,3.01
0.1526635130494,0.703227127625464,-0.00535701041615722,2.24574378282467,2.32646745727547,2.21741045710628,2.21848674603113,3.08
0.157926852285812,0.703086901173803,-0.00652849207443233,2.26086266375394,2.33564520800042,2.2257546734855,2.22345064651054,3.15
0.163217671059868,0.702943394411579,-0.00758818681249853,2.27478977302602,2.34348002906514,2.2337098090158,2.22829730850657,3.22
0.168533943963432,0.702797790288648,-0.00853561808185816,2.28757651494482,2.35010092272565,2.24128207691472,2.2330386720136,3.29
0.173873840390259,0.702651159592156,-0.00937186288990405,2.29926274869931,2.35563022391353,2.24847767848386,2.23768337610489,3.36
0.179235648975596,0.702504466488875,-0.0100995156854156,2.30988316079339,2.36018182268478,2.25530200633371,2.24223556188267,3.43
0.184617828171735,0.702358574107335,-0.0107223388792648,2.31947857037611,2.36386038110184,2.26175930659856,2.24669482247411,3.5
0.190018928950365,0.702214250122977,-0.0112449174962798,2.32809704867121,2.36676344576909,2.26785349864162,2.25105749047096,3.57
0.195437643765018,0.702072172313403,-0.0116725083725886,2.33579094872071,2.36898162461179,2.27358875467596,2.25531773837582,3.64
0.200872727754456,0.701932934054413,-0.0120107661321133,2.34261441696309,2.37060095288385,2.27896971211125,2.25946842866935,3.71
0.206323046311417,0.701797049730983,-0.0122656633361606,2.34861846281427,2.37170014030623,2.28400157253987,2.26350145964097,3.78
0.211787494989765,0.70166496004052,-0.0124434775541106,2.35384904681223,2.37234752348224,2.28869002366662,2.26740798836399,3.85
0.217265045867882,0.701537037168766,-0.0125507180906133,2.35834761372651,2.37259975320188,2.293041301577,2.27117872167814,3.92
0.222754666336026,0.701413589821518,-0.0125938650934617,2.36215254443297,2.37250227755762,2.29706213905238,2.27480440255162,3.99
0.228255364421412,0.701294868097952,-0.0125793019068617,2.36530196959501,2.37209250796892,2.30075991728794,2.27827617458124,4.06
0.233766106616018,0.70118106819375,-0.0125132498679881,2.36783521237426,2.37140255395579,2.30414283019969,2.2815860790551,4.13
0.239285925838021,0.701072336924466,-0.0124015147484088,2.36979622518967,2.37046324021826,2.30721987048308,2.28472743083819,4.2
0.244814029010028,0.700968776061641,-0.0122494257160092,2.37123469974554,2.36930959532812,2.31000095470339,2.28769520041892,4.27
0.250349713734705,0.700870446476021,-0.0120618395594904,2.37220726234986,2.36797688563803,2.31249680596328,2.29048583070208,4.34
0.255892411691162,0.700777372083991,-0.0118431464538015,2.37277583076978,2.36649945217235,2.31471846673337,2.29309725096353,4.41
0.261441604704497,0.700689543594875,-0.0115972770813711,2.3729999545507,2.3649108247186,2.31667669551432,2.29552857995374,4.48
0.266996867584792,0.700606922058161,-0.0113277109417763,2.37293418870996,2.36324168180997,2.3183820091355,2.29777996286075,4.55
0.272557783680934,0.70052944221099,-0.0110375492185158,2.37262579818201,2.36152175311186,2.31984479861356,2.2998525421671,4.62
0.278123987240096,0.700457015627372,-0.0107297791068506,2.372115903358,2.35978102617928,2.32107577224309,2.30174856239548,4.69
0.283695078514408,0.700389533671585,-0.0104072848532158,2.37143923750357,2.35804384107401,2.32208602681718,2.30347110055054,4.76
0.289270665703364,0.70032687025913,-0.0100726053922863,2.37062378485979,2.35632400210659,2.32288700064311,2.30502399383998,4.83
0.294850279672872,0.700268884429338,-0.00972788310294687,2.36968953588354,2.35462306543619,2.32349037144928,2.30641202807635,4.9
0.300433415540485,0.700215422734439,-0.00937487654968891,2.36864699375387,2.35292900719826,2.32390770819243,2.3076408784642,4.97
0.306019447070356,0.700166321450445,-0.00901497360919118,2.36750019528094,2.35122314840553,2.32415013039644,2.30871680259042,5.04
0.311607731490298,0.70012140861567,-0.00864920491497459,2.3662501170943,2.34948060074018,2.32422810162097,2.30964653003312,5.11
0.317197714198589,0.700080505903126,-0.00827825756715811,2.36489503693504,2.34767725524262,2.32415097552638,2.31043722131421,5.18
0.322788842828806,0.700043430333341,-0.00790248906794505,2.36343153408635,2.34579461276397,2.32392724691685,2.31109649593951,5.25
0.328380608286954,0.700009995834359,-0.00752200497508654,2.36185638307595,2.34382074207029,2.32356518981092,2.31163265629028,5.32
0.333972458707612,0.699980014655923,-0.00713692729624006,2.36016635539818,2.34174882722354,2.32307324702666,2.31205466244483,5.39
0.339563840423119,0.699953298644884,-0.0067474089888662,2.35836297993564,2.33957787803645,2.32246010744489,2.31237185761382,5.46
0.345154111892495,0.69992966038902,-0.0063534580794394,2.3564521627287,2.33731014126402,2.32173472470251,2.31259388847931,5.53
0.350742648204336,0.699908914236399,-0.00595507954541007,2.35444590714808,2.33495454980801,2.32090634050308,2.31273069304482,5.6
0.356328945621924,0.699890877197441,-0.0055520997735236,2.35236467330867,2.33252750778989,2.3199845122032,2.31279255562885,5.67
0.361912535638131,0.699875369736734,-0.00514418174357217,2.35023300810388,2.33004993133192,2.3189791443225,2.3127903556599,5.74
0.367493026152467,0.699862216461595,-0.00473115798113484,2.34807130344196,2.32754765851419,2.31790046009408,2.31273550173116,5.81
0.373070015713793,0.69985124671418,-0.00431336369744329,2.34588946198619,2.32504900289295,2.31675872212271,2.3126392329082,5.88
0.378643134918247,0.699842295073863,-0.00389171604656539,2.34368545503254,2.32257811572218,2.31556389231831,2.31251160445183,5.95
0.384211960903358,0.699835201776351,-0.00346773004218428,2.34145194808234,2.32015476343415,2.31432535775306,2.31236079271943,6.02
0.389776122545562,0.699829813055858,-0.00304347109891697,2.33918165692307,2.31779651779324,2.31305191261951,2.31219303645856,6.09
0.395335405821004,0.699825981416412,-0.00262131710369887,2.33687206964792,2.31551897517799,2.31175186889517,2.31201302362606,6.16
0.400889668787554,0.699823565838166,-0.00220384753262239,2.33452756578764,2.31333851413519,2.31043342241472,2.31182453293682,6.23
0.406438883789318,0.69982243192432,-0.0017936054492361,2.33215728115552,2.31126876151995,2.30910508347518,2.31163094884841,6.3
0.411983052814719,0.699822451994034,-0.00139304988010262,2.32977017917803,2.30932092958305,2.30777604462188,2.31143590390838,6.37
0.417522250083807,0.699823505126457,-0.00100457143396132,2.32737298154248,2.30750319607655,2.3064562947331,2.31124366722,6.44
0.423056537790386,0.699825477160723,-0.000630507552159722,2.32497083079604,2.30581772954703,2.30515660608923,2.31105921536701,6.51
0.428586009070727,0.699828260656551,-0.000273157299153007,2.3225691601915,2.30426476026428,2.30388826700889,2.31088817618987,6.58
0.434110704122162,0.699831754819761,6.52679146276296e-05,2.32017804094214,2.30284353371417,2.30266275019869,2.31073658170561,6.65
0.439630717061128,0.699835865396837,0.000382884801881958,2.3178131629473,2.30155262386282,2.30149131638854,2.31061074755095,6.72
0.44514630296289,0.69984050454236,0.000678188831158014,2.31549783137655,2.30039583103393,2.30038442578077,2.31051702464556,6.79
0.450657794523136,0.699845590662904,0.000950105650196926,2.31326267553865,2.29938007145304,2.29935133799866,2.31046167691037,6.86
0.45616564592483,0.699851048240752,0.00119817039394795,2.3111431961861,2.29851319814206,2.29839970958286,2.31045056720705,6.93
0.461670349823296,0.699856807640543,0.00142232676891141,2.30917292695543,2.29780410309966,2.29753512516672,2.31048890533606,7
0.467172481506825,0.699862804901712,0.00162285408095669,2.30738008492989,2.29726090824528,2.29676132426401,2.31058143898255,7.07
0.472672616139677,0.699868981519404,0.00180029517218106,2.3057847236975,2.29688921387337,2.29608061530648,2.31073251574357,7.14
0.478171373140152,0.699875284216283,0.00195519470106869,2.30439499043982,2.29669669265294,2.29549447678638,2.31094620661099,7.21
0.483669333597447,0.699881664707473,0.00208796533951508,2.30321195057003,2.296691325226,2.29500472652289,2.31122687185451,7.28
0.4891670847783,0.699888079460658,0.00219869131125965,2.30223186383859,2.29688267786444,2.29461411565568,2.31157947044267,7.35
0.49466513762692,0.699894489453197,0.00228731388686844,2.30145302592548,2.29727879020637,2.29432666488493,2.31200942227778,7.42
0.500163971310401,0.699900859927894,0.00235375420125462,2.30087536117355,2.29787867272727,2.29414755229538,2.31252272176062,7.49
0.505663950715823,0.699907160148927,0.00239816395074821,2.30049880078993,2.29867070368699,2.29408223501926,2.31312566729237,7.56
0.511165370955336,0.699913363159261,0.00242098637853855,2.30032279671372,2.29963286041547,2.29413550324998,2.31382439704252,7.63
0.516668374791005,0.699919445540706,0.00242295457935187,2.30034335060029,2.30073923167483,2.29431033936776,2.31462429426433,7.7
0.522173060561252,0.699925387177667,0.00240509062500728,2.30055175018398,2.30196576134031,2.29460778885346,2.31552989711274,7.77
0.527679590047238,0.699931171025459,0.00236870548291619,2.30093704577234,2.30328969823987,2.29502752528547,2.31654512220462,7.84
0.533188105719177,0.699936782883982,0.00231533617004887,2.3014872492252,2.30469278899874,2.29556828363523,2.31767335711744,7.91
0.53869877494955,0.699942211177373,0.00224655657429661,2.30219205064306,2.30616065603198,2.29622822538981,2.31891773926896,7.98
0.544211707113428,0.699947446740211,0.00216417003399276,2.30304610042668,2.30767950471803,2.2970051085102,2.3202813669731,8.05
0.54972699764412,0.699952482610696,0.00207027546624414,2.3040493635614,2.30924000569241,2.29789581766481,2.32176706143992,8.12
0.555244644965637,0.699957313831158,0.00196720697492269,2.30520524503155,2.31083920609606,2.29889627112288,2.3233772512698,8.19
0.560764657891443,0.699961937256169,0.00185728334019165,2.30651883656334,2.31248085123281,2.30000170442708,2.32511397933508,8.26
0.566287162933321,0.699966351368438,0.00174274841331404,2.30799934976282,2.31417500600562,2.30120701340648,2.32697909547503,8.33
0.571812320963782,0.699970556102616,0.00162577529171079,2.30965733469862,2.3159335459915,2.30250702967228,2.32897425381401,8.4
0.577340370820313,0.699974552677071,0.00150840715169317,2.31149579433692,2.317768631874,2.30389660175201,2.33110084166924,8.47
0.582871545770984,0.699978343433633,0.00139224410086767,2.3135010381865,2.31969391271643,2.30537086316979,2.33335977646734,8.54
0.588406116906922,0.699981931685265,0.00127813004840998,2.31564426380148,2.32171835816024,2.30692543359314,2.33575078950663,8.61
0.593944309378397,0.699985321571574,0.00116609360828896,2.31789151646813,2.32384809054896,2.30855617211958,2.33827164116464,8.68
0.599486345538818,0.699988517922026,0.00105541596661677,2.32021180162873,2.32608795921699,2.31025905453791,2.34091771219557,8.75
0.605032360913683,0.699991526126733,0.000944889230122101,2.32258252554421,2.32844101466268,2.31203017472314,2.34368228879831,8.82
0.610582447060637,0.699994352014592,0.000832947688907529,2.32499010571279,2.33091210723905,2.31386599735503,2.34655735107357,8.89
0.616136567241124,0.699997001738609,0.000717926112764852,2.32742435449416,2.33350404985306,2.31576360803393,2.349533975862,8.96
0.621694662493256,0.699999481668162,0.000598127546488092,2.32987209908535,2.33621148951218,2.31772064333392,2.35260254482155,9.03
0.627256757551095,0.70000179828797,0.000471827704252223,2.33231683475836,2.33902112616926,2.31973490090524,2.35575263104609,9.1
0.632822876056345,0.700003958103547,0.000337279546221924,2.33473806001208,2.34191033925309,2.32180382027386,2.35897262811105,9.17
0.638393082654651,0.700005967552867,0.000192718103076143,2.33711429593836,2.34485444888186,2.32392389794397,2.36224956657526,9.24
0.643967397901268,0.700007832924012,3.64291335165998e-05,2.33942909186056,2.34782838442733,2.32609060857145,2.36556892782722,9.31
0.64954584004824,0.700009560278548,-0.000132991281372218,2.34167423784007,2.35080669950781,2.32829768900889,2.36891420169691,9.38
0.655128339637974,0.700011155380398,-0.0003165672543396,2.34384796150902,2.35376892140239,2.33053616651039,2.37226644246357,9.45
0.660714844495645,0.70001262362997,-0.000514936628664885,2.34595579529426,2.35670051748891,2.33279408411867,2.37560407796535,9.52
0.666305424566858,0.700013970003335,-0.0007283439778209,2.34801036650221,2.35958884429458,2.33505628839318,2.37890271846027,9.59
0.671900186046332,0.700015198996238,-0.000956633043842543,2.3500254096845,2.36242271825723,2.33730383530638,2.38213477550601,9.66
0.677499312388086,0.700016314572756,-0.00119923860512997,2.35200768491542,2.36519160701541,2.33951396766753,2.38526933642032,9.73
0.683102978118728,0.700017320118438,-0.0014552412982061,2.35395721854607,2.36788406054718,2.34166079183293,2.38827229537416,9.8
0.688711389521498,0.700018218397762,-0.00172367597018105,2.35586411525003,2.37049408460635,2.34371570178791,2.39110642470228,9.87
0.694324698110068,0.700019011515801,-0.00200383952092892,2.35771191378732,2.37301798925927,2.34564869491816,2.39373183236027,9.94
0.699943040958861,0.700019700883973,-0.00229528067720974,2.35948132554616,2.37544825517809,2.34742911962605,2.39610623527722,10.01
0.705566453809792,0.700020287189802,-0.00259753524411781,2.36115397535492,2.37776880064782,2.34902553833838,2.39818485956711,10.08
0.711194911024826,0.700020770370647,-0.00291005148236492,2.36270744323866,2.37995152256695,2.35040477059278,2.39992003272949,10.15
0.716828238308666,0.700021149591354,-0.00323217859252877,2.36411189785202,2.38195805022431,2.35153113370347,2.40126078714094,10.22
0.722466152277176,0.700021423225846,-0.00356315480884435,2.36533079968656,2.38374347346806,2.35236632690537,2.40215273073103,10.29
0.728108172803855,0.700021588842684,-0.00390209512742123,2.3663238331479,2.38525518670505,2.35286951570744,2.40253799623007,10.36
0.733753662229795,0.700021643194651,-0.00424797869799299,2.36704717795068,2.3864373310054,2.35299691921077,2.40235520754379,10.43
0.739401737381101,0.700021582212463,-0.00459963591300985,2.36745436081054,2.38723118147378,2.35270185472817,2.40153946546022,10.5
0.745051372011211,0.700021401002721,-0.00495573523306056,2.36749508483855,2.38757472145858,2.35193454266962,2.40002235502832,10.57
0.750701499145596,0.70002109385027,-0.00531476979328304,2.36711368989797,2.38740401009856,2.35064218162217,2.3977319770812,10.64
0.756350922811715,0.700020654225136,-0.00567504384159483,2.36625359770211,2.38665164519202,2.34876942255814,2.39459300651171,10.71
0.761998356788067,0.700020074794278,-0.00603465906625832,2.36485681856096,2.38525083531602,2.3462582914029,2.39052678003971,10.78
0.76764233634358,0.700019347438387,-0.00639156439601271,2.36286589008411,2.38314273355375,2.34304832429465,2.38545147985993,10.85
0.77328125709101,0.700018463274021,-0.00674379638184058,2.36022196170451,2.38027217199548,2.33907729885559,2.3792826067226,10.92
0.778913286935834,0.700017412681383,-0.00708952912589923,2.35686385463247,2.37658177169037,2.33428192858925,2.37193342796969,10.99
0.784536405256428,0.700016185338076,-0.00742706086916568,2.3527258128221,2.37201046444815,2.32859795110413,2.36331508615119,11.06
0.79014831531102,0.700014770259208,-0.00775486434450596,2.34773178766646,2.36649109313163,2.32196056535287,2.35333707023064,11.13
0.79574648402307,0.70001315584424,-0.00807182799674039,2.34179038766755,2.35995325407863,2.31430490274057,2.34190741757754,11.2
0.801328055158266,0.700011329930987,-0.00837730701526779,2.33479843582602,2.35232439715778,2.30556602642104,2.32893214204691,11.27
0.806889953582831,0.700009279857225,-0.00867111125832404,2.32665072450779,2.34353026594927,2.29567884236383,2.31431471739538,11.34
0.81242899015577,0.700006992530357,-0.00895349361204585,2.31724841295366,2.33349544303474,2.28457817874199,2.29795650887786,11.41
0.817941776816035,0.700004454505626,-0.00922507527313911,2.30649851268479,2.32214203414906,2.27219941723165,2.27975790262715,11.48
0.823424769579281,0.700001652073375,-0.00948658090895288,2.2943113245739,2.30939081333534,2.25847923407361,2.25961937434549,11.55
0.828874185498989,0.699998571355862,-0.00973876478408075,2.28059760966133,2.29516210076909,2.24335613576252,2.23744250109876,11.62
0.834286047801622,0.699995198414147,-0.00998240078929847,2.2652645443743,2.27936983385694,2.22677098232889,2.21313079296169,11.69
0.839656105265629,0.699991519365597,-0.0102182728256411,2.24821802228007,2.26192160190737,2.20866762759133,2.18659066585313,11.76
0.844979880070431,0.699987520512515,-0.0104471655141806,2.22936571626602,2.24272217043042,2.18899380566598,2.15773287682494,11.83
0.850252590203057,0.699983188482442,-0.0106697916831909,2.20862325489887,2.22167872004711,2.16770182123729,2.12647366313934,11.9
0.855469264186116,0.699978510380643,-0.0108865295661781,2.18592103922086,2.19870716842055,2.14474891854106,2.09273577908491,11.97
0.860624857753146,0.699973473955285,-0.0110973507964336,2.16120592296947,2.17373329037197,2.12009745791221,2.05644937019822,12.04
0.865714182104439,0.699968067775807,-0.0113018121470926,2.13444036312154,2.14669333974931,2.09371528263617,2.01755294190307,12.11
0.870731961528678,0.699962281424932,-0.0114990474993181,2.10560120242258,2.11753658957739,2.06557608698116,1.97599467929792,12.18
0.875672766513679,0.699956105704771,-0.0116877600555532,2.074676243303,2.086222107162,2.03566029478214,1.93173392987117,12.25
0.880531140140328,0.699949532857404,-0.0118662148309,2.04166198056646,2.0527158003608,2.00395600494428,1.88474272407252,12.32
0.885301727410247,0.699942556800294,-0.0120322314720931,2.00655842814468,2.01699243697018,1.9704597505312,1.83500727176094,12.39
0.889979217158848,0.699935173376826,-0.0121831774702415,1.96936955156698,1.97903615962613,1.93517815170265,1.78252994373546,12.46
0.894558414350754,0.699927380622195,-0.0123160253689882,1.93010549502981,1.93884203791744,1.89812963688155,1.72733129423017,12.53
0.899034188885506,0.69991917904481,-0.0124276011050953,1.88878698401199,1.89641865830644,1.8593461683688,1.66945231482711,12.6
0.903401555185927,0.699910571923284,-0.0125145789656237,1.84544771079921,1.85178590832427,1.81887490817452,1.60895660139638,12.67
0.907655628690082,0.69990156561898,-0.0125732232827087,1.80013362229769,1.80497341732091,1.77677950524402,1.54593249600571,12.74
0.911791713511208,0.699892169904002,-0.012599321623947,1.75290234830204,1.75602219376218,1.7331415104211,1.48049513784425,12.81
0.915805267377095,0.699882398304371,-0.0125882461026689,1.70382137106233,1.7049825344154,1.68806172615854,1.4127888008912,12.88
0.919691998102231,0.699872268458017,-0.0125351429682577,1.65297058711411,1.65191862091211,1.6416618054518,1.34298938688985,12.95
0.923447837691107,0.699861802487082,-0.0124347425035217,1.60044792489417,1.59691014692574,1.59408590558852,1.27130694107583,13.02
0.927069048310503,0.69985102738383,-0.0122813610819871,1.54637325117234,1.54005992961969,1.54550220151122,1.1979880569017,13.09
0.930552206211051,0.699839975409351,-0.0120691591044466,1.49089450069083,1.48150178561369,1.49610463440104,1.12331860636845,13.16
0.93389431781469,0.699828684504006,-0.0117922104001097,1.43418986310764,1.42140333194381,1.44611476202469,1.0476267865479,13.23
0.937092814023695,0.699817198708387,-0.0114445103514888,1.37647002325839,1.35997158319515,1.39578370344195,0.971286026752218,13.3
0.940145740458011,0.699805568593349,-0.0110200500058911,1.31798375089494,1.29745803542067,1.34539436017269,0.894717870861337,13.37
0.943051953162012,0.699793851697424,-0.0105130834388908,1.25901857442802,1.23415732170185,1.29525202627625,0.818377289446937,13.44
0.945811129298389,0.699782112969692,-0.00991820748600207,1.19990338918883,1.17041194292314,1.24563987476903,0.742685216461507,13.51
0.948423910465272,0.699770425215912,-0.00923031757953858,1.14100562108684,1.10660114861254,1.19680924291704,0.668013861359418,13.58
0.950891861055412,0.699758869545437,-0.00844431285982753,1.08270127333248,1.04309883745842,1.14898152141361,0.594689591441623,13.65
0.953217368670253,0.69974753581613,-0.00755480483127244,1.02534255111553,0.980247467019978,1.10235001396277,0.52299577559096,13.72
0.955403550048411,0.699736523074195,-0.00655608383356163,0.969243249004165,0.918351007436445,1.05708175881914,0.453175576941796,13.79
0.957454162418214,0.699725939985487,-0.00544215297808274,0.914679029400819,0.857676064461471,1.01331930490538,0.385434683666199,13.86
0.959373520156031,0.699715905254531,-0.00420670272986348,0.861893306390458,0.798454236712507,0.971182436130251,0.319943968592985,13.93
0.961166416607748,0.699706548027099,-0.00284289932671555,0.81111190036431,0.740884426589276,0.930769838463588,0.256842069803043,14
0.962838050909475,0.699698008271827,-0.00134330486998411,0.762540411455984,0.685135096019929,0.892160705192209,0.196237885672493,14.07
0.964393959625238,0.69969043713594,0.000300324726208959,0.716357832645548,0.631346459440513,0.85541627658592,0.138212979064577,14.14
0.965839953003967,0.69968399726975,0.00209704604992853,0.672715731958242,0.579632607573331,0.82058131094571,0.0828238865044253,14.21
0.967182055645187,0.699678863114168,0.00405666549332883,0.631740456200726,0.530083556646843,0.787685484690239,0.0301043292136132,14.28
0.968426451352334,0.699675221145027,0.0061896707153293,0.593534602851936,0.48276721869632,0.756744719766571,-0.0199326761643135,14.35
0.969579431944458,0.699673270067565,0.00850715589171882,0.558177056580216,0.437731289501875,0.727762437245639,-0.0672928084454379,14.42
0.970647349790952,0.699673220953961,0.011020740353491,0.525724063698693,0.395005051563633,0.700730736487384,-0.111998534903724,14.49
0.971636573829825,0.699675297316358,0.0137424801911118,0.49621057932338,0.354601090285122,0.675631499738009,-0.154087306180855,14.56
0.972553448827728,0.699679735107307,0.0166847723824167,0.469651503970591,0.316516922237609,0.652437422452945,-0.193609852263767,14.63
0.973404257639204,0.699686782639142,0.0198602509853785,0.446042808254449,0.280736535016003,0.631112970030525,-0.23062857811198,14.7
0.974195186223671,0.699696700413268,0.0232816749238137,0.425362545107917,0.247231838770243,0.611615261989426,-0.265216057013602,14.77
0.974932291180857,0.699709760849925,0.0269618068853086,0.407571749676016,0.215964030014206,0.593894884939705,-0.297453619299389,14.84
0.975621469569162,0.699726247908471,0.0309132828459021,0.392615227711016,0.186884868773259,0.577896635975965,-0.327430033658922,14.91
0.976268430776309,0.699746456587839,0.035148471735901,0.380422233950063,0.159937870541654,0.563560198371283,-0.355240277967428,14.98
0.97687867021773,0.699770692296315,0.0396793247661621,0.370907042574082,0.135059414880385,0.550820751671266,-0.380984396248158,15.05
0.977457444645244,0.699799270079432,0.0445172139444611,0.363969412441262,0.112179772801562,0.539609518483605,-0.404766438157302,15.12
0.978009748856766,0.699832513694309,0.0496727593273835,0.35949495035782,0.0912240553567239,0.529854250429184,-0.426693477186387,15.19
0.978540293606845,0.699870754518472,0.055155644575543,0.357355376205611,0.0721130860810941,0.521479655873599,-0.446874703622102,15.26
0.979053484527815,0.699914330280795,0.0609744204085055,0.357408694283609,0.0547642001422581,0.514407772189506,-0.465420588188823,15.33
0.979553401882159,0.699963583601952,0.0671362955916407,0.359499275751405,0.039091973205458,0.508558285416917,-0.482442112218062,15.4
0.980043780978319,0.700018860331522,0.0736469151302962,0.363457857585685,0.0250088831614294,0.503848800290715,-0.498050060139215,15.47
0.98052799309456,0.700080507668696,0.0805101253980735,0.36910146398116,0.0124259079685702,0.500195063694506,-0.512354370066575,15.54
0.981009026768667,0.700148872053411,0.0877277259854144,0.37623325664665,0.00125306294039951,0.497511144679414,-0.52546353826493,15.61
0.981489469325099,0.7002242968147,0.0952992081236257,0.384642320971338,-0.00860011913167801,0.495709574257871,-0.537484073307215,15.68
0.981971488525826,0.700307119563072,0.103221479617307,0.394103395563953,-0.0172241615941637,0.494701448246382,-0.548519995793006,15.75
0.982456814246364,0.700397669313842,0.111488576306416,0.404376743760286,-0.0247092678407926,0.494396496490041,-0.558672379571905,15.82
0.982946720094496,0.70049626332858,0.120091360177557,0.415208366240607,-0.0311449920677468,0.494703121856698,-0.5680389305102,15.89
0.983442004905879,0.700603203662136,0.129017204353816,0.426329230003225,-0.0366199534390805,0.495528412440884,-0.576713598951692,15.96
0.983942974068118,0.700718773403202,0.138249728831823,0.4374584143052,-0.0412215902511396,0.49677813046814,-0.58478622215118,16.03
0.984449484161487,0.700843232596895,0.147768905041578,0.448320854914546,-0.0450359507204286,0.498356681440813,-0.592342193102622,16.1
0.984961177941425,0.700976813838614,0.157551783926719,0.458679506711782,-0.0481475170635111,0.500167130635654,-0.59946221585864,16.17
0.985477528555656,0.701119717529285,0.167573594229831,0.468361990104831,-0.0506390595908619,0.502111397633278,-0.606222271125503,16.24
0.985997820046324,0.701272106783158,0.17780895777638,0.477262674566464,-0.0525915175958829,0.50409031497995,-0.612693471465556,16.31
0.98652119119436,0.701434101980554,0.188233222693575,0.485340658813536,-0.0540839038853542,0.506003935830433,-0.618942184323433,16.38
0.987046869770138,0.701605774959374,0.198823343856245,0.492608887777799,-0.0551932298671822,0.507752094349278,-0.625030420165046,16.45
0.987574216110646,0.701787142840828,0.209558565567723,0.4991189813293,-0.055994448184748,0.509234841564995,-0.631016102086458,16.52
0.988102703089352,0.701978161486678,0.220420843831133,0.504946538244577,-0.0565604099631709,0.510353014565837,-0.636953468601719,16.59
0.9886318960218,0.702178718587385,0.231395136036487,0.510182630212128,-0.0569618338112416,0.511008625250146,-0.642893289806989,16.66
0.98916143252714,0.702388626382894,0.242469368193842,0.514916937307411,-0.0572672838028018,0.511105135926517,-0.648882958371017,16.73
0.989691002362305,0.702607614020365,0.253634080286048,0.519223827869963,-0.0575431537425327,0.510547498459502,-0.654966326379438,16.8
0.990220327242755,0.702835319556083,0.264882067796056,0.523160653156849,-0.0578536551031862,0.509242151195194,-0.66118347678331,16.87
0.990749140661747,0.703071281611888,0.276208210327177,0.526767709875038,-0.0582608061040158,0.507097104326187,-0.66757055481912,16.94
0.991277167718871,0.703314930699999,0.287609106480818,0.53006853451828,-0.0588244194832915,0.504022244298271,-0.67415978491075,17.01
0.991804104968131,0.703565580233851,0.299082642226213,0.533067288526466,-0.0596020866014009,0.499929479651378,-0.680979290564671,17.08
0.99232960029617,0.703822417246723,0.310627556413031,0.535747933757361,-0.0606491555951136,0.494732858765472,-0.688052843068436,17.15
0.992853232842346,0.704084492844367,0.322243003510193,0.538074118302648,-0.06201870138825,0.488348726386335,-0.695399601440748,17.22
0.993374492974194,0.704350712422691,0.33392811362173,0.539989074556471,-0.063761485449597,0.480695922205918,-0.703033842728817,17.29
0.993892762334442,0.704619825686721,0.345681549814719,0.541415721478074,-0.0659259032755642,0.471696024684242,-0.710964681924544,17.36
0.994407293979143,0.70489041651262,0.357501062795239,0.542258942285515,-0.0685579176633516,0.46127364320442,-0.719195780957202,17.43
0.994917192630587,0.705160892700472,0.369383170023189,0.54241575717018,-0.0717011664861776,0.449356761547572,-0.727725046417104,17.5
0.995421395073628,0.705429475671885,0.38132340398334,0.541797142185192,-0.0753974337737804,0.435877199077317,-0.736544379391068,17.57
0.99591871424814,0.705694253691655,0.393317002706731,0.540354701612235,-0.0796859579876779,0.420771382931026,-0.7456396680467,17.64
0.996408074114926,0.705953425717987,0.405359915671251,0.538089965548832,-0.0846031003474211,0.403981306774414,-0.754990896237025,17.71
0.996888554227675,0.706205354841475,0.417449807663954,0.53505361913087,-0.0901821811593423,0.385455678536013,-0.764572368662806,17.78
0.997359371088769,0.706448558418154,0.429586679641878,0.531331932040769,-0.0964532922070296,0.36515068765866,-0.774352545205549,17.85
0.997819859842624,0.706681698477632,0.441772979639498,0.527027945159539,-0.103443083935295,0.343030711409797,-0.7842939300414,17.92
0.99826945633656,0.70690357246282,0.454013775388688,0.522253100268438,-0.111174526281842,0.319069025435169,-0.794352826182932,17.99
0.998707679574648,0.707113104352349,0.466316670964209,0.517116795778197,-0.119666642142684,0.293248329352695,-0.804479210953573,18.06
0.999134114586141,0.707309336211537,0.478691403743599,0.511713229119944,-0.128934212597397,0.265561342476466,-0.814616416468134,18.13
0.999548395726936,0.707491420212986,0.491149375468304,0.506117272637859,-0.138987453171296,0.236011724399668,-0.82470074406499,18.2
0.999950190429986,0.707658611163347,0.503703180556438,0.500384297938425,-0.149831660573136,0.204615130153239,-0.83466107837052,18.27
1.0003391834187,0.707810259568634,0.516366131235642,0.494550388806834,-0.161466829521294,0.171400336275332,-0.844418503425882,18.34
1.00071506139608,0.707945805266515,0.529151779019063,0.488632559467819,-0.173887239458996,0.136410437187451,-0.853885923588888,18.41
1.00107749822182,0.708064771650379,0.542073432020163,0.482628976814345,-0.187081011161471,0.0997041107735059,-0.862967692220886,18.48
1.00142614058915,0.70816676050657,0.555143667592939,0.476519185954299,-0.201029633455776,0.0613569515109597,-0.871559251480416,18.55
1.00176059421431,0.708251447482972,0.568373839793491,0.470264339143628,-0.215707460509072,0.0214628689096681,-0.879546786871012,18.62
1.00208041055183,0.708318578204164,0.581773581186682,0.463807428884012,-0.231081180394006,-0.0198644516318875,-0.88680690053032,18.69
1.00238507405105,0.708367965045517,0.595350298568408,0.457073526664123,-0.247109255912017,-0.0624900291408387,-0.893206307600011,18.76
1.00267398997076,0.708399484575961,0.60910866223951,0.44997002951559,-0.263741338947655,-0.106256012897197,-0.898601560381407,18.83
1.00294647277198,0.708413075676585,0.623050088552327,0.442387107793255,-0.28091765994055,-0.150980058928361,-0.902838805358137,18.9
1.00320173511137,0.708408738339775,0.637172279073692,0.434200517335691,-0.298568394397975,-0.196453663197156,-0.905753578554334,18.97
1.00343887746163,0.708386533151247,0.651469006868875,0.425282560359088,-0.316613008729642,-0.242440458443048,-0.907170645093068,19.04
1.00365687838886,0.708346581454958,0.665930086476909,0.415522787712835,-0.334959588070146,-0.288674673189517,-0.906904016261302,19.11
1.00385464903984,0.708289066198607,0.680541972444448,0.4048561605655,-0.353504149162475,-0.334860841750267,-0.904757722426022,19.18
1.00403127891473,0.708214233455068,0.695288923283982,0.393284764995867,-0.37212994181,-0.380677252587197,-0.900528238144247,19.25
1.00418609185413,0.708122394612804,0.710153969143066,0.380879425348635,-0.39070674286421,-0.425787973666185,-0.894011171179222,19.32
1.00431863931181,0.708013929225843,0.725119493222762,0.367755436079523,-0.409090337757797,-0.469863022365456,-0.885013175915181,19.39
1.00442869445745,0.707889288511452,0.740167427588348,0.354049404915325,-0.42712238510477,-0.512594306499957,-0.873363001105962,19.46
1.00451624712661,0.707748999481004,0.755279064042435,0.339898536970885,-0.444629145420376,-0.553704554121891,-0.858918884442208,19.53
1.00458149962638,0.707593669686828,0.770434544268826,0.325429405303692,-0.461420604447718,-0.59294975193041,-0.841571792267609,19.6
1.00462486339743,0.707423992564921,0.78561228403739,0.310755821637461,-0.477289807162632,-0.630118151730899,-0.821246605937994,19.67
1.00464695652455,0.707240753350333,0.800788395748979,0.29597919651832,-0.492012219147064,-0.665028776101963,-0.797902846933982,19.74
1.00464860208004,0.707044835538765,0.815936110146625,0.28118909789726,-0.505345313777875,-0.697530003015854,-0.7715354517335,19.81
1.00463082727652,0.706837227864407,0.831025198107099,0.266463813714809,-0.517028965457674,-0.727498299837566,-0.742175661500632,19.88
1.00459486339771,0.7066190317603,0.846021457055211,0.251870915070849,-0.526789262387226,-0.754837303044069,-0.709892090296278,19.95
1.00454214646798,0.706391469263504,0.860886517230265,0.23746781699236,-0.534355403583983,-0.779477820044626,-0.674792732835844,20.02
1.00447431861387,0.706155891323027,0.875578159664944,0.223302334220301,-0.539483783256037,-0.801381551589477,-0.637029941758699,20.09
1.00439323006278,0.705913786463908,0.890051401411013,0.209413229823974,-0.541988573995413,-0.820548537380152,-0.59680856081757,20.16
1.00430087819767,0.705666789755896,0.904259650910211,0.195830754817095,-0.541758174362063,-0.83702756407131,-0.55439434979614,20.23
1.00419915656069,0.70541662851143,0.918156316328502,0.182577177294843,-0.538769786910022,-0.85092356485605,-0.510112847924779,20.3
1.00408979484225,0.705164877613916,0.931696551026506,0.169667299935659,-0.533093047668574,-0.862388860395021,-0.464337458820982,20.37
1.00397436274678,0.704912905523127,0.944838883856621,0.157108965015742,-0.52488550273889,-0.871604525479186,-0.41746680814234,20.44
1.00385427415061,0.704661883861015,0.957546291356055,0.144903546369028,-0.51437351401069,-0.878761149443085,-0.369896377827677,20.51
1.00373079149231,0.704412797007206,0.969786776927857,0.133046427990553,-0.501823034411788,-0.884047050401506,-0.32199888413678,20.58
1.00360503034131,0.704166451659464,0.981533331380411,0.121527469227848,-0.487504563509174,-0.887643491491784,-0.274116814541253,20.65
1.00347796409691,0.703923486321543,0.992763530118954,0.110331456733305,-0.471674377992181,-0.88972333493738,-0.22656164671649,20.72
1.003350428775,0.703684380687623,1.00345908561381,0.0994385435611305,-0.454570565922954,-0.890450776848623,-0.179615353809536,20.79
1.00322312784535,0.703449464898948,1.01360541952118,0.0888246759858825,-0.436413247418858,-0.889981266914468,-0.13353221502831,20.86
1.00309663708769,0.703218928654303,1.02319125515623,0.0784620087962744,-0.41740522509967,-0.888461479691637,-0.0885406032018211,20.93
1.00297140943963,0.702992830161718,1.0322082308767,0.0683193099783386,-0.397732674794933,-0.886029331566424,-0.0448447396092427,21
1.00284777981447,0.702771104924086,1.04065053480915,0.0583623558465627,-0.377565868778267,-0.882814037799481,-0.00262640736296926,21.07
1.00272596987163,0.702553574356439,1.04851456123887,0.0485543178108003,-0.357059924428561,-0.878936204396881,0.0379533844480342,21.14
1.00260609272693,0.702339954237277,1.05579858888723,0.0388561420807891,-0.336355571824077,-0.874507949882511,0.0767527927933575,21.21
1.00248815759419,0.702129863000707,1.06250248121585,0.0292269237094338,-0.315579934352889,-0.869633052374436,0.113647595061257,21.28
1.00237207435378,0.701922829880164,1.06862740882507,0.0196242764608823,-0.294847316971295,-0.864407117691428,0.148529711159158,21.35
1.00225765804786,0.701718302918212,1.07417559395369,0.0100045095044136,-0.274259997260396,-0.858917764533445,0.181305798098188,21.42
1.00214463330562,0.701515656860315,1.07915007703715,0.000322421992847427,-0.253909014919521,-0.853244823091266,0.211895921189905,21.49
1.00203263870555,0.701314200953555,1.0835545052406,-0.00946775836367733,-0.233874955793591,-0.847460543744763,0.240232305420876,21.56
1.00192123108525,0.701113186674087,1.08739294285274,-0.0194120060118444,-0.2142287269598,-0.841629812806093,0.26625817005968,21.63
1.00180988981245,0.700911815409604,1.09066970340232,-0.029556695815159,-0.195032319797478,-0.835810372552851,0.289926649086372,21.7
1.00169802103423,0.700709246125283,1.09338920334361,-0.0399478426619402,-0.176339558333926,-0.83005304307694,0.311199799615774,21.77
1.0015849619241,0.700504603043614,1.09555583714742,-0.0506312862143052,-0.158196830498966,-0.824401943747099,0.330047700106188,21.84
1.00146998494964,0.700296983370102,1.09717387362995,-0.0616528027469998,-0.140643800232173,-0.818894712346892,0.346447576287672,21.91
1.001352302186,0.700085465098175,1.09824737335286,-0.0730584599209549,-0.123714098670468,-0.813562720205307,0.360382828918211,21.98
1.00123106970271,0.699869114927659,1.09878012693238,-0.0848924814484307,-0.107435992899979,-0.808431281884197,0.371842345352995,22.05
1.00110539205414,0.6996469963319,1.09877561410287,-0.0971963039816985,-0.0918330309862649,-0.803519858225646,0.380819968527162,22.12
1.00097432690545,0.699418177809062,1.09823698339095,-0.110008125842147,-0.07692466220139,-0.798842251793167,0.387314060259929,22.19
1.00083688982829,0.699181741353226,1.09716705226748,-0.123362437865257,-0.0627268315466182,-0.79440679396382,0.391327159117882,22.26
1.00069205930212,0.698936791180752,1.09556832765746,-0.137289534908807,-0.0492525478256275,-0.790216523144093,0.392865732901779,22.33
1.00053878195856,0.698682462746825,1.09344304670041,-0.151815006712742,-0.0365124246569817,-0.786269353790822,0.391940025661816,22.4
1.00037597810771,0.698417932086267,1.09079323766528,-0.166959206959501,-0.0245151939266531,-0.782558236120324,0.388563998995775,22.47
1.00020254758664,0.698142425511513,1.08762080093441,-0.182736699562853,-0.0132681912727849,-0.779071306584171,0.382755367240098,22.54
1.00001737597094,0.69785522969908,1.08392760997863,-0.199155681413128,-0.0027778132669176,-0.775792029379379,0.374535726021359,22.61
0.99981934119149,0.697555702193963,1.07971563225045,-0.21621738102734,0.0069500539908773,-0.772699329444184,0.363930773492771,22.68
0.999607320598641,0.697243282359065,1.07498706992315,-0.233915432795734,0.0159096351094616,-0.769767717568815,0.350970623430404,22.75
0.999380198516694,0.696917502794082,1.06974452039998,-0.252235226781918,0.0240948947034538,-0.766967408423628,0.335690209208516,22.82
0.999136874331322,0.696578001245145,1.06399115650841,-0.271153234323235,0.0314991959719822,-0.76426443247528,0.318129777503369,22.89
0.998876271152433,0.696224533022935,1.05773092627935,-0.290636309992504,0.0381149887914776,-0.761620742925398,0.298335470391077,22.96
0.998597345094365,0.695856983943025,1.05096877218917,-0.310641161377855,0.0439335275774963,-0.758994318965661,0.276359994302194,23.03
0.998299095214399,0.695475383797666,1.04371086971264,-0.331114178502681,0.0489446192050611,-0.756339330317169,0.252263374069882,23.1
0.997980574149291,0.695079920363307,1.03596488499691,-0.351990290647946,0.0531364013224586,-0.753606491691568,0.226113790058517,23.17
0.99764089948793,0.694670953942605,1.02774012438251,-0.373199110034592,0.0564951514482515,-0.750743227807182,0.197988496079538,23.24
0.997279265916133,0.694248968915168,1.01904725788564,-0.394686050547714,0.0590051273050243,-0.747693968430033,0.167974307342343,23.31
0.996894958167137,0.69381433524657,1.00989825147408,-0.416401864976758,0.0606484389136458,-0.74440114710826,0.136166321603827,23.38
0.996487364808402,0.693367261049804,1.00030663476745,-0.438291472918663,0.0614049530489318,-0.740806143489148,0.102667156882916,23.45
0.996055992891888,0.692907809148324,0.99028784963006,-0.460285511291674,0.0612522307391776,-0.736850044369769,0.0675873373056695,23.52
0.995600483491027,0.692435914114152,0.979859615620007,-0.482297912575691,0.0601654985769288,-0.732473908117771,0.0310464420565725,23.59
0.995120628143054,0.691951399778502,0.969042311703651,-0.504225257697262,0.0581176546968994,-0.727618915817155,-0.00682555845015748,23.66
0.994616386210316,0.691453997217354,0.957859373557779,-0.525946509436098,0.055079310364671,-0.722226538421276,-0.0458869743003789,23.73
0.99408790316834,0.69094336321854,0.946337642161666,-0.547321796407269,0.0510188682089374,-0.716238722153736,-0.0859832077101836,23.8
0.99353552982213,0.690419099240484,0.93450753574672,-0.56819374575824,0.0459026382168643,-0.709598094386653,-0.126945328852418,23.87
0.992959842445021,0.689880770875565,0.922403361672214,-0.588395879717731,0.0396949926960387,-0.702248319244427,-0.168588802891786,23.94
0.992361600308055,0.689327927833161,0.910063322436253,-0.607766875088865,0.0323585614860606,-0.694135113265521,-0.210713581526486,24.01
0.991741513541173,0.688760124458797,0.897529087477379,-0.626162243977717,0.0238544687760826,-0.685208367892398,-0.253106645883524,24.08
0.991100202409859,0.688176940806445,0.884845755054346,-0.643448324423918,0.0141426129513871,-0.675426206585686,-0.295547707079299,24.15
0.990438220943395,0.6875780042808,0.872061948542176,-0.659488685922451,0.00318199094846239,-0.664759263446513,-0.337815087157255,24.22
0.989756081372423,0.686963011865432,0.859229918388092,-0.674134642424349,-0.00906893135493158,-0.653193787508363,-0.3796891845014,24.29
0.989054279354535,0.686331752950842,0.846405711392101,-0.687223054002267,-0.0226518011544212,-0.640733764353443,-0.420953976781797,24.36
0.98833331996823,0.685684132773845,0.833649468838372,-0.698579644342582,-0.0376079115582791,-0.627402881305013,-0.461398348310185,24.43
0.987593744456154,0.685020196476152,0.821025216154301,-0.708038257297895,-0.0539776836668225,-0.613247225290356,-0.500818393363477,24.5
0.986836157698231,0.684340153785609,0.80860026884358,-0.715463101241079,-0.0718000963216811,-0.598341570788017,-0.539025276839773,24.57
0.986061256393858,0.683644340799692,0.796444506331085,-0.72076115667185,-0.0911120619880481,-0.582799700692444,-0.575858278856841,24.64
0.985269857929959,0.682932991826482,0.784629320603101,-0.723890849949668,-0.111947747288256,-0.566786279958631,-0.611198266518015,24.71
0.984462866389622,0.682206202382868,0.773226236986441,-0.724870172568887,-0.134337836784251,-0.550527419281515,-0.644978994625955,24.78
0.983641048633357,0.681463956304234,0.762305458428429,-0.723783104175892,-0.158308738711704,-0.534315539689789,-0.677194461294321,24.85
0.982805001531051,0.68070615344332,0.751934394079588,-0.720790626934801,-0.183881922056474,-0.51850014496133,-0.707898573342585,24.92
0.981955183278566,0.679932574440161,0.742176169512946,-0.716131972786128,-0.211073574527202,-0.503470334478208,-0.737191595593832,24.99
0.981091945257509,0.679142655530114,0.733088179538794,-0.71011768541837,-0.2398930561635,-0.489628852756654,-0.765200305625563,25.06
0.980215500902004,0.678335454510875,0.724720935292489,-0.70310870769371,-0.27034167241678,-0.477364775062061,-0.792060806389648,25.13
0.979325704522218,0.677509680853155,0.717117330452176,-0.695490375418501,-0.302411575799503,-0.467037263563023,-0.817909073460286,25.2
0.97842202118904,0.676663726472203,0.710312515221642,-0.687642955348872,-0.336084605504455,-0.458969363003129,-0.842876754560923,25.27
0.977503560648604,0.675795697209169,0.704334122370457,-0.679924529044347,-0.371331065300419,-0.453446677241954,-0.867089230844,25.34
0.976569111768324,0.674903445083401,0.69920252639743,-0.672668685408038,-0.408108440404257,-0.450717420843637,-0.890664537511482,25.41
0.975617177548132,0.673984601387648,0.694931071244437,-0.666183669392179,-0.446360054469199,-0.450992373901756,-0.913712440300757,25.48
0.974646010742879,0.673036610707822,0.69152626578245,-0.660753355272166,-0.486013668318155,-0.454444921196931,-0.93633353630628,25.55
0.973653650152701,0.672056765957387,0.688987946560121,-0.656638444772399,-0.526980022591156,-0.461211040616807,-0.958618311440875,25.62
0.972637957647719,0.671042244523531,0.687309407565778,-0.654074957365666,-0.569151327069,-0.471389170712135,-0.980646023671811,25.69
0.97159665600159,0.669990145628068,0.686477497008123,-0.653273877449624,-0.612399700084633,-0.485039952206919,-1.00248378970131,25.76
0.970527367615139,0.668897529010399,0.686472681370794,-0.654421250704073,-0.656575562140164,-0.50218583971338,-1.02418574503966,25.83
0.969427654216625,0.667761455042853,0.687269077241409,-0.657678213438988,-0.701505988613344,-0.522810581342986,-1.04579221139981,25.9
0.968295057628995,0.666579026390183,0.688834451659598,-0.663180947843722,-0.746993027264895,-0.546858565360731,-1.06732886935563,25.97
0.967127141696802,0.665347431325019,0.691130191970139,-0.671040556995288,-0.792812177702882,-0.574234034506654,-1.08880593473233,26.04
0.965921535466187,0.664063988809395,0.694111246410095,-0.681342854437434,-0.838711230913811,-0.604800170108737,-1.11021740127416,26.11
0.964675977710517,0.662726195449232,0.697726036901752,-0.694148064096951,-0.884407952979208,-0.638378049642241,-1.13154047624178,26.18
0.963388362891742,0.661331774423662,0.70191647280598,-0.709490427269432,-0.929597738345174,-0.674745482956957,-1.15273482806079,26.25
0.962056788643355,0.659878726484281,0.706618512231247,-0.727377714380762,-0.973990362426551,-0.713636242146351,-1.17374196448736,26.32
0.960679604854911,0.658365383110785,0.711763146071527,-0.74779064022333,-1.01732160010635,-0.754741662605592,-1.19448563209139,26.39
0.959255464430281,0.656790461898833,0.717277743689182,-0.77068218237412,-1.05936652593223,-0.797715578192507,-1.21487406502435,26.46
0.957783312263691,0.655153060724879,0.723087699345626,-0.795976803534296,-1.09994942451382,-0.842185714631017,-1.23480586448241,26.53
0.956262185447929,0.653452463699818,0.729118064544764,-0.823569579586603,-1.13894441240838,-0.887772634092049,-1.25418046510251,26.6
0.954691205867295,0.651688140058202,0.735294851529661,-0.853325236255928,-1.17626328466822,-0.93411046483429,-1.27291160412622,26.67
0.953069638175012,0.649859808973246,0.741546074298943,-0.885077288932573,-1.21184577185136,-0.980862252641547,-1.29093928726379,26.74
0.951396949669674,0.647967506798946,0.747802911067241,-0.918627481375469,-1.24565525980729,-1.02772982086571,-1.30823828539592,26.81
0.949672872098376,0.646011656749585,0.754000736831656,-0.953744005198606,-1.27767571882145,-1.07446012092852,-1.32482183045676,26.88
0.947897401887919,0.643993077496255,0.760080282734655,-0.99016022270841,-1.30791511557027,-1.12084929145746,-1.3407368273621,26.95
0.946070611777266,0.641912803627208,0.765988607086363,-1.02758133360097,-1.33640889310557,-1.16673681345185,-1.35605515484229,27.02
0.944192654963711,0.639772099053064,0.77167975326186,-1.06571887693507,-1.36322650391335,-1.21199472372999,-1.37086181566962,27.09
0.942263771204379,0.637572472761807,0.777114397783226,-1.10432824365612,-1.38846829095032,-1.25651818117672,-1.38524469750517,27.16
0.940284104311658,0.635315506319763,0.782259189043801,-1.14323320375983,-1.41226586236509,-1.30022183702457,-1.39929159433853,27.23
0.938253712145666,0.633002810654714,0.787085905214512,-1.18232500763239,-1.43477725404007,-1.34303972652048,-1.41309181741216,27.3
0.936172642061192,0.630635857987096,0.791570940756816,-1.22153543310402,-1.45617954274687,-1.38492595393502,-1.42673858116311,27.37
0.934040944769372,0.628216006441524,0.795695313176677,-1.26080696679106,-1.47666125412433,-1.42585267990547,-1.44032771446688,27.44
0.93185849957519,0.625744590245361,0.799444619252471,-1.30008425955274,-1.49640985840867,-1.46580446009679,-1.45395186789836,27.51
0.929625032101079,0.623222948424964,0.802809195534687,-1.33930634182768,-1.51560622477306,-1.50477331905526,-1.46769561246859,27.58
0.927340197464073,0.620652264911514,0.805784293109667,-1.37840036323103,-1.53442799624121,-1.54275379765239,-1.48162977485594,27.65
0.925003665397926,0.618033601117555,0.808369949402016,-1.41728867322002,-1.55304206048267,-1.57973606889908,-1.49580271927798,27.72
0.922615207332798,0.615367993901851,0.81057062071604,-1.455892159078,-1.57159957569344,-1.61570163219636,-1.51023524280451,27.79
0.920174721926018,0.612656491844476,0.81239495662815,-1.4941273669329,-1.59023449801092,-1.65062031605455,-1.52491736730104,27.86
0.91768207201545,0.609900002755324,0.813855334950787,-1.53190896921364,-1.60905144008216,-1.684447764264,-1.53980582037858,27.93
0.91513711411145,0.607099333488184,0.814967093422628,-1.56914074930227,-1.62810685742407,-1.71712791649807,-1.55482982796827,28
0.912539793395434,0.60425529498848,0.815747711732301,-1.60570971594987,-1.64739765981907,-1.74859756317131,-1.56989975754066,28.07
0.909890240711409,0.601368809024733,0.816215943296263,-1.64148640004981,-1.66685870659313,-1.77879215091955,-1.58491658201929,28.14
0.907188871551912,0.598441016572173,0.81639076909315,-1.67632581196134,-1.68636207183559,-1.8076520153335,-1.59978102441129,28.21
0.904436487032771,0.595473387812685,0.816290426920625,-1.71007185912657,-1.70571649408515,-1.83512809058834,-1.61440143409308,28.28
0.901634313321677,0.59246777018837,0.81593126128338,-1.74257367744136,-1.72467978258321,-1.86118697117027,-1.6287007160773,28.35
0.898783852452752,0.589426247415365,0.815327473039394,-1.77369673222532,-1.74301296119362,-1.8858146923522,-1.64262212615427,28.42
0.895886862073929,0.586351126981001,0.814491260034973,-1.80334311317375,-1.76051848406051,-1.90901668992744,-1.65613025073532,28.49
0.89294520999594,0.583244801970884,0.813433475223507,-1.83145606551203,-1.77706685112822,-1.9308165439928,-1.66921003188776,28.56
0.889960857550942,0.580109741212913,0.812164357169241,-1.85801155587004,-1.79259587829047,-1.95125318898925,-1.68186345780607,28.63
0.886935717615611,0.576948353573023,0.810693951406701,-1.88302603009289,-1.80710886025674,-1.97037665263808,-1.69410480857347,28.7
0.883871641298943,0.573762980383494,0.809032158744382,-1.90655641737366,-1.8206575909252,-1.98824403731532,-1.70595617216848,28.77
0.880770279147865,0.570555761838005,0.807188537166599,-1.92869161785856,-1.833315259207,-2.00491732994669,-1.71744500871908,28.84
0.877633134393586,0.567328694857626,0.805172365105519,-1.94952994549829,-1.84516875461168,-2.02046367344579,-1.72860503254848,28.91
0.87446161761989,0.564083691790285,0.802992902200267,-1.96916113382648,-1.85630401966783,-2.03495384159066,-1.73947488484946,28.98
0.871256912240172,0.56082244931165,0.800659275521105,-1.98766147603272,-1.86678832059026,-2.04846062978942,-1.75009624719202,29.05
0.868020031841431,0.557546508566508,0.798180499054689,-2.00509040853376,-1.87667141043839,-2.06105906460388,-1.76051431625582,29.12
0.864751942312714,0.554257379448552,0.795565499065411,-2.02149507756443,-1.88599421237996,-2.07282601555113,-1.77077752578811,29.19
0.861453621681574,0.550956601922009,0.792822954433536,-2.03692085390143,-1.89479422296084,-2.08383926984541,-1.78093657758534,29.26
0.8581259305843,0.547645617290153,0.789961332742119,-2.05141381978234,-1.90311239767551,-2.09417708345234,-1.79104443113981,29.33
0.854769674444606,0.544325830463931,0.786988994744647,-2.0650241188677,-1.91099465736587,-2.10391725271643,-1.80115528094539,29.4
0.851385666771991,0.540998672619821,0.783914303371517,-2.07780572117198,-1.9184897288776,-2.11313646580731,-1.81132378982065,29.47
0.847974602993158,0.537665473637436,0.780745673437491,-2.0898134903135,-1.92565354471935,-2.1219100580609,-1.82160457618886,29.54
0.844537125897362,0.534327461855717,0.777491498212605,-2.10110371234112,-1.93254533650645,-2.13031051681316,-1.83205061934607,29.61
0.841073892113246,0.530985637022979,0.774160397165895,-2.11173459052512,-1.93923085508212,-2.1384065113831,-1.84271216860868,29.68
0.837585449036665,0.527640833987374,0.770761149375331,-2.12176594174159,-1.94577486633498,-2.14626142915248,-1.85363494747654,29.75
0.834072239777857,0.524293786533735,0.767302693386969,-2.13126050593796,-1.95224673969876,-2.15393306661582,-1.86485961998201,29.82
0.830534482033003,0.520945000778992,0.763794002633223,-2.14028178490996,-1.9587171494233,-2.16147256743139,-1.87642029433762,29.89
0.826972238456625,0.517594819210144,0.760244153662938,-2.14889653838324,-1.96525922488268,-2.16892330398104,-1.88834295160132,29.96
0.823385487970556,0.514243484789506,0.756662459803848,-2.15717183551913,-1.97194817647928,-2.17631963697814,-1.90064392510651,30.03
0.819774007451057,0.510891014558236,0.753058542873585,-2.16516945413369,-1.978855265655,-2.18368497981199,-1.91332747689849,30.1
0.816137444906759,0.507537263840787,0.749442215546823,-2.17294651770237,-1.98604589803385,-2.19102992855368,-1.92638335982958,30.17
0.81247545711844,0.504182054012189,0.745823491605189,-2.18055106149531,-1.99357180106589,-2.19835052026148,-1.93978442868437,30.24
0.808787784716125,0.500825236795835,0.742212406103318,-2.18802008439824,-2.00146420724829,-2.20562693678553,-1.9534846183335,30.31
0.805074137669077,0.497466568061119,0.738618708589076,-2.19538091034129,-2.00973420229162,-2.21282576663857,-1.96742173625957,30.38
0.80133427231042,0.494105772238507,0.735051428997439,-2.20265172921347,-2.01836321407584,-2.21991122474776,-1.98153116897096,30.45
0.79756806935138,0.490742670323879,0.731518823997393,-2.20983509140301,-2.02731057388594,-2.22684995980796,-1.99575163958642,30.52
0.793775422338396,0.487377244444815,0.728028258818399,-2.21691680494146,-2.03651738003114,-2.23361173723676,-2.01002606790561,30.59
0.789956317669451,0.484009511958185,0.724586278316595,-2.22386718627236,-2.04591651074384,-2.24016968307174,-2.02430185455446,30.66
0.786110915617639,0.480639590191638,0.721198739962543,-2.23065158869596,-2.05544459631688,-2.24649989940525,-2.0385302102679,30.73
0.78223944180639,0.477267761272364,0.717870944981718,-2.23723744233216,-2.06504928351696,-2.25258108756861,-2.05266516750405,30.8
0.778342206723547,0.473894346482694,0.714607767423698,-2.24359590132186,-2.07468671316166,-2.25839398942321,-2.0666624668111,30.87
0.774419499191489,0.470519707725168,0.711413780957155,-2.24970368912703,-2.08431931231567,-2.26392096516643,-2.08047901840946,30.94
0.770471671374733,0.467144122010747,0.708293319685618,-2.25554063320256,-2.09391269593998,-2.2691462165372,-2.09407287716106,31.01
0.766499224757926,0.463767846549767,0.705250345772241,-2.26108873364604,-2.10343015500127,-2.27405583035117,-2.10740303386417,31.08
0.762502706524688,0.460391183879112,0.702288441301843,-2.26633333826708,-2.11283718201646,-2.27863815111569,-2.12042972317759,31.15
0.758482733911454,0.457014356459824,0.699410670155198,-2.27126280419914,-2.12209678929172,-2.28288410214109,-2.13311448751283,31.22
0.754439892441229,0.453637571845539,0.696619563834003,-2.27587268087347,-2.13117264416368,-2.28678764614626,-2.14542044303896,31.29
0.750374825606977,0.450261087857297,0.693916977045789,-2.28016482347629,-2.14003049485479,-2.29034613162716,-2.1573128127828,31.36
0.746288325426189,0.446885087200841,0.69130406702726,-2.2841500120643,-2.14864227109628,-2.29356077929049,-2.16875922007834,31.43
0.742181233285998,0.443509742628494,0.688781142461456,-2.28785001106601,-2.15698949431649,-2.29643692753918,-2.1797296801706,31.5
0.738054468641856,0.440135282082685,0.686347699538176,-2.29129201818949,-2.16505964659097,-2.29898403696177,-2.19019654528194,31.57
0.733908931463469,0.436761863258551,0.684002518108637,-2.29450477564592,-2.1728475676,-2.30121583473316,-2.2001344042838,31.64
0.729745532467623,0.433389638688864,0.68174375443444,-2.29752288508461,-2.18035762432112,-2.30315028097273,-2.20951974747278,31.71
0.72556509702936,0.430018820789281,0.679569030576749,-2.30038293733888,-2.18759706234324,-2.30480846727774,-2.21833166779197,31.78
0.721368396811455,0.426649556302143,0.677475456976871,-2.30311590198493,-2.19456968534476,-2.30621047768026,-2.22655582253711,31.85
0.717156055006483,0.423281991242647,0.675459524800195,-2.30574517610834,-2.20127094231448,-2.30737418199087,-2.23418511391193,31.92
0.712928642755247,0.419916335785806,0.673517376302458,-2.30828019166578,-2.20768747129058,-2.30831473762347,-2.24121918508597,31.99
0.708686776161661,0.416552738532689,0.671644945202177,-2.3107198722576,-2.213801607942,-2.30904467218586,-2.24766431999166,32.06
0.704431023326142,0.413191351259831,0.669838030723913,-2.31305291763352,-2.21959114113966,-2.30957391107315,-2.2535332387267,32.13
0.700162002485729,0.409832393590171,0.668092368985388,-2.31526444374839,-2.22503568600687,-2.30990981310457,-2.25884485184192,32.2
0.695880480683105,0.406476027023796,0.666403701888081,-2.31733983209,-2.23011557414402,-2.3100572773439,-2.26362397303171,32.27
0.691587282384784,0.403122419431999,0.66476784367339,-2.31925892882148,-2.23481405995956,-2.31001917489639,-2.26789946506343,32.34
0.687283325612388,0.399771809452554,0.663180745306194,-2.32099882414735,-2.23912074773178,-2.30979970975197,-2.27169827727123,32.41
0.682969531481295,0.396424380223844,0.66163855684495,-2.32253638357934,-2.24302779205467,-2.30940505539583,-2.27504344040412,32.48
0.678646861186333,0.393080323560638,0.660137687952226,-2.32384894399625,-2.24652751060706,-2.30884329961479,-2.27795404873976,32.55
0.674316226325081,0.389739904008612,0.658674803173504,-2.32492181389348,-2.24961509363289,-2.30812452300517,-2.28044532303084,32.62
0.669978526596816,0.386403332214301,0.657246625084077,-2.32574638141621,-2.25228758133435,-2.30726113791042,-2.28252907114857,32.69
0.665634560768025,0.383070828712349,0.655849926543506,-2.32632013704433,-2.25454920881208,-2.30626823332834,-2.28421397417352,32.76
0.661285064944855,0.379742687566045,0.654481585145577,-2.32664924644246,-2.2564132732608,-2.30516367123824,-2.2855055704451,32.83
0.656930624047724,0.376419149296793,0.653138636467869,-2.32674922725804,-2.25790071380292,-2.30396818784675,-2.28640625483131,32.9
0.652571774053209,0.373100464203223,0.65181826272107,-2.32663483703556,-2.2590280988324,-2.30270568962626,-2.28691554708198,32.97
0.648209104424701,0.36978695550482,0.650517526355553,-2.32632699283101,-2.25980490144376,-2.30140240946497,-2.28703158195021,33.04
0.643843170155206,0.366478891744571,0.649233102808354,-2.32586249377183,-2.26024755751713,-2.30008301646738,-2.28675591720186,33.11
0.639474530992967,0.36317654955024,0.647961266578274,-2.32528787125922,-2.26038083341643,-2.29876914102259,-2.28609441844279,33.18
0.635103663754442,0.359880276188079,0.646697940200357,-2.32464587693067,-2.26022828118417,-2.29747904383931,-2.28505695199481,33.25
0.630731001777932,0.356590361342475,0.645438742742876,-2.32396966058421,-2.25980880331258,-2.29622766590313,-2.28365734652499,33.32
0.626356847425358,0.353307099220237,0.644179037981936,-2.32328133350905,-2.25913354603003,-2.29502693162274,-2.28191343249682,33.39
0.621981475208831,0.350030850412513,0.642914045938854,-2.32259091430166,-2.2582048354022,-2.2938857964456,-2.27984709539748,33.46
0.617605234974273,0.3467619129472,0.641639144993342,-2.32189387781283,-2.25702414286697,-2.29281022904383,-2.27748446909835,33.53
0.613228464575415,0.343500583630008,0.640349983641635,-2.32117569130389,-2.25559256524882,-2.29180401698844,-2.27485652258755,33.6
0.608851529617993,0.340247219106898,0.639042529112022,-2.32041844702975,-2.25391144141611,-2.29087026864232,-2.27199826055633,33.67
0.604474736186935,0.337002106080629,0.637713053003314,-2.31960755916797,-2.25198297849819,-2.29001450037719,-2.26894577444175,33.74
0.600098370617233,0.333765521779751,0.636357927062998,-2.31873655665976,-2.24980834686685,-2.28924117860627,-2.26573927298084,33.81
0.595722612222513,0.330537794113191,0.634973546841058,-2.31781029008081,-2.24739264455066,-2.28855178329607,-2.26242357939998,33.88
0.591347573045012,0.327319170943918,0.633556129284152,-2.316847124435,-2.24474993452465,-2.28794401168845,-2.25904755462976,33.95
0.586973210545807,0.324109879581143,0.632101765519905,-2.31587884730176,-2.24190867224167,-2.28741097884809,-2.25566371521129,34.02
0.582599367305651,0.320910185925655,0.630606792493695,-2.31494498867477,-2.23891682413117,-2.2869416219802,-2.25232651958962,34.09
0.578225683663716,0.317720262703722,0.629068166011926,-2.31408504483529,-2.23583981594861,-2.28652529414862,-2.2490869071001,34.16
0.573851700893386,0.314540247891356,0.62748358125497,-2.31333730683973,-2.23274914953067,-2.28615171871257,-2.24598956649567,34.23
0.56947696437259,0.311370302766432,0.625851467912051,-2.31273660638325,-2.22971445275743,-2.28581043359206,-2.24307242394311,34.3
0.565100936209966,0.308210479027494,0.624170796507431,-2.31231440759413,-2.22680162782476,-2.28549074205315,-2.24036669730667,34.37
0.560723034937304,0.305060776085033,0.622441140608603,-2.31209673361615,-2.22407106092581,-2.28518178930117,-2.23789707064388,34.44
0.556342548214465,0.30192119796737,0.620662931436811,-2.3120955440153,-2.22157601787849,-2.28487263825201,-2.23568179716696,34.51
0.551958736162067,0.298791619285232,0.618837333227859,-2.31230918762916,-2.21935423637055,-2.28455170970942,-2.23373196750639,34.58
0.547570934792884,0.295671841366843,0.616966183957211,-2.31272627725241,-2.21743018043837,-2.28420711181329,-2.23205184814106,34.65
0.543178469013935,0.292561711530905,0.615051810829817,-2.31332866693732,-2.21581074220836,-2.28382703345721,-2.23063940031098,34.72
0.53878075633624,0.289461178467252,0.613097038058389,-2.31409073750957,-2.21449319147741,-2.28340077379278,-2.2294876144318,34.79
0.534377410761757,0.286370156693609,0.611105196285832,-2.3149758802547,-2.21346339541174,-2.28291901085689,-2.22858494508043,34.86
0.529968156313469,0.283288581202372,0.609079942988574,-2.31594104144061,-2.21270152199818,-2.28237381787619,-2.22791560903826,34.93
0.525552867816498,0.280216461744779,0.607025274846125,-2.31693675237583,-2.2121780142316,-2.28175874519639,-2.2274597468302,35
0.521131484866409,0.27715374619904,0.604945541381818,-2.31790988775513,-2.21185444507926,-2.28106915869383,-2.22719382947104,35.07
0.516704053064107,0.274100374134035,0.602845205648278,-2.31880794730859,-2.21168537971336,-2.28030270787557,-2.22709137469211,35.14
0.512270638445296,0.271056393533189,0.600728605867436,-2.3195782568256,-2.21161927739052,-2.27946005087898,-2.227123719466,35.21
0.507831369177359,0.268022013643055,0.59859990841206,-2.32017955815226,-2.21160961396312,-2.27854558238154,-2.2272607863156,35.28
0.503386350446832,0.26499746690739,0.59646293437119,-2.32058744268869,-2.21161596450888,-2.27756797383566,-2.22747190801316,35.35
0.498935706607185,0.26198299757223,0.594321177134374,-2.32079350288709,-2.21161016525224,-2.27653970011688,-2.2277277916254,35.42
0.494479496508555,0.258978722879104,0.592177883811931,-2.32080461805646,-2.2115815220197,-2.27547288448014,-2.22800502046828,35.49
0.490017756079323,0.255984684430544,0.590036073320557,-2.32064161257689,-2.21153318997325,-2.27437825785662,-2.22828712431859,35.56
0.485550414082926,0.253000899167554,0.587898363973364,-2.3203374768251,-2.21147855412637,-2.27326507240608,-2.22856450543449,35.63
0.481077335123157,0.250027219401551,0.585766991571509,-2.31993140243651,-2.2114384998047,-2.27214057150884,-2.22883411027265,35.7
0.476598235826324,0.247063383012166,0.58364395437899,-2.31946225123982,-2.21144033478082,-2.27100965103343,-2.2290991013437,35.77
0.472112791798534,0.244109126779144,0.581531411931514,-2.31896145641205,-2.2115177906273,-2.26987553734663,-2.22936700488022,35.84
0.467620744812689,0.241164235820594,0.579432083526683,-2.31844535441801,-2.21170791002511,-2.26874230761581,-2.2296422690231,35.91
0.463121819681308,0.238228402110271,0.577349328718055,-2.31791774473313,-2.21204405653931,-2.26761429782025,-2.2299230776573,35.98
0.458615768418139,0.23530127319408,0.575286909708958,-2.31737213263668,-2.21254536308751,-2.26649563776403,-2.23020057771055,36.05
0.454102287624696,0.232382564080195,0.573248689593574,-2.31679968917564,-2.21321417826654,-2.26539080218769,-2.23045937665576,36.12
0.449581126704288,0.229472105278494,0.571238393340896,-2.31618889090355,-2.21403757167675,-2.26430611429907,-2.2306793105515,36.19
0.445052196358859,0.226569699962802,0.569259558412856,-2.31552909880719,-2.21499124666292,-2.26325080413602,-2.23083683171439,36.26
0.440515486821951,0.223675171374442,0.567315357282414,-2.31481451980052,-2.21604846519931,-2.26223800262415,-2.23090633437559,36.33
0.435971113424292,0.220788409918736,0.56540854579196,-2.31404238986985,-2.21718077393607,-2.26128528986064,-2.23086097458091,36.4
0.431419235418034,0.217909229405323,0.563541219638887,-2.31321160391737,-2.2183516757549,-2.26041517823118,-2.23067323937917,36.47
0.42686010212982,0.215037413548509,0.561714569440389,-2.31232827130603,-2.2195214142547,-2.25965457690929,-2.23031679076267,36.54
0.42229397236226,0.212172825697415,0.559928824854735,-2.31140365137179,-2.22064819975012,-2.25903025151293,-2.22977060169301,36.61
0.417721161108883,0.209315454766413,0.55818307012141,-2.31045895090579,-2.22169712106809,-2.25856707440336,-2.22901941444894,36.68
0.413141959498338,0.206465270333751,0.556475248605115,-2.3095256768505,-2.22264632764131,-2.2582873496172,-2.22805338042803,36.75
0.408556682030431,0.203622268020811,0.55480229286001,-2.30864236914027,-2.22348692615299,-2.2582104492658,-2.22686802531927,36.82
0.40396558701851,0.200786514597311,0.553160443810244,-2.30785018972828,-2.22421900626985,-2.25835282407286,-2.22546428594815,36.89
0.399368924300808,0.197958002256783,0.551545378050552,-2.30719282895195,-2.22485116397581,-2.25872826027475,-2.22384855544587,36.96
0.394766856136517,0.195136693171822,0.54995227044641,-2.30671304192768,-2.22539621787621,-2.25934793762537,-2.22203273670686,37.03
0.390159505351639,0.192322563773551,0.548375855716632,-2.3064472107395,-2.22586743743163,-2.26022041501689,-2.22003436740892,37.1
0.385546876654064,0.189515458200925,0.546810489181919,-2.30642783971536,-2.22628169802688,-2.2613516703273,-2.21787694317879,37.17
0.380928905187764,0.186715132032798,0.545250206879624,-2.30667772164812,-2.22665349216436,-2.26274532120542,-2.21559005712149,37.24
0.376305378251534,0.183921359271388,0.5436887852595,-2.30720758820383,-2.22698881580633,-2.26440264545302,-2.21320948185423,37.31
0.371676047777844,0.181134039067254,0.542119864205833,-2.30801578273767,-2.22728382027843,-2.26632246438467,-2.21077725643488,37.38
0.367040743023653,0.178353238675206,0.540537260659436,-2.30908627103663,-2.22752753081084,-2.26850088911715,-2.20834177682138,37.45
0.362399292926341,0.175579045607669,0.53893509196876,-2.31039223117571,-2.22770558295769,-2.27093143798326,-2.20595788825913,37.52
0.357751575724375,0.172811610095001,0.537307836242041,-2.31189734677967,-2.22780319877054,-2.27360552521753,-2.20368494515882,37.59
0.35309744177483,0.170051187293607,0.535650393442805,-2.31357062081545,-2.22781597825468,-2.27651427393535,-2.20157864416471,37.66
0.348436763646967,0.167297988680277,0.533958147438784,-2.31538860509411,-2.22774532234344,-2.27964847779544,-2.19968863320301,37.73
0.343769359423187,0.164552223735115,0.532226965679706,-2.31734295887164,-2.2276022435134,-2.28299874427678,-2.19805884551403,37.8
0.339095043286767,0.161814141349137,0.530453009642847,-2.31943955387582,-2.22740997266649,-2.28655594695689,-2.19672820658878,37.87
0.334413549328935,0.159083880392779,0.528632737316151,-2.32169388997149,-2.22720250350935,-2.29031122492455,-2.19573101362729,37.94
0.329724582656894,0.15636151054785,0.526763034346689,-2.3241209157141,-2.22701977225768,-2.29425572023,-2.19509673195882,38.01
0.325027743738565,0.153647136360376,0.524841473988592,-2.32673195696915,-2.22690683954872,-2.29837973611976,-2.19484946119217,38.08
0.320322580069814,0.15094093747395,0.522866197819367,-2.32953900712135,-2.22690868860061,-2.30267176102833,-2.19500694293953,38.15
0.315608511105003,0.148243018002336,0.520835925465985,-2.33255310304432,-2.2270667357121,-2.30711843851756,-2.19558063364598,38.22
0.310884880542653,0.145553446146538,0.51874996637447,-2.33579006175445,-2.22742543585498,-2.31170472138024,-2.19657601610764,38.29
0.306150881913953,0.142872293496554,0.516608106634651,-2.33926134581013,-2.22802516229422,-2.31641376578633,-2.19799264109119,38.36
0.301405675092165,0.140199483459419,0.514410879035309,-2.34296828672679,-2.22890320895743,-2.3212265660461,-2.19982389884617,38.43
0.29664850319739,0.137534829922881,0.512159708207961,-2.34689941193323,-2.23008697086021,-2.32612101304172,-2.20205620293558,38.5
0.291878619372414,0.134878139120343,0.509856994356594,-2.35102115690211,-2.23158838435772,-2.33107132983537,-2.20466847590121,38.57
0.28709534105151,0.132229311184999,0.507506135518526,-2.35528514721035,-2.23340439010251,-2.336047123078,-2.20763104802575,38.64
0.282297977676279,0.129588377881393,0.505111297709207,-2.35963433009537,-2.23551566899157,-2.34101313102175,-2.21090543092748,38.71
0.277485949477571,0.126955349480913,0.502677123378496,-2.36400935471953,-2.23788892326425,-2.34592973281462,-2.2144449671201,38.78
0.272658906793492,0.124330251892114,0.500208441539985,-2.3683476445727,-2.24047565291722,-2.35075383930688,-2.21819603940761,38.85
0.267816659389295,0.121713227008188,0.497710042916828,-2.37258894779931,-2.24321848093555,-2.35543978576245,-2.22209914318103,38.92
0.262959233385514,0.119104569232934,0.495186710476994,-2.37667529928112,-2.24605397692586,-2.3599399740376,-2.22608988717222,38.99
0.258086801727149,0.116504571142538,0.492643251101122,-2.38054850917939,-2.24891846020927,-2.36420526596332,-2.23009973437049,39.06
0.253199742267432,0.11391355938404,0.490084337644909,-2.38414968997652,-2.25174630419895,-2.36818468511328,-2.23405572332922,39.13
0.248298569385141,0.111331930243562,0.487514478806461,-2.38742571516369,-2.25447103450026,-2.37182519105403,-2.23787999821699,39.2
0.243383993195562,0.10875999431605,0.484937799028096,-2.39032647807405,-2.25702350656064,-2.37507159154038,-2.24148972206345,39.27
0.238456852261042,0.106198011373537,0.482357818817727,-2.39280572012581,-2.25933300911821,-2.37786678523333,-2.24479763024188,39.34
0.233518173848592,0.103646288382834,0.479777489408114,-2.3948220003796,-2.26133351922518,-2.38015227352407,-2.24771278271213,39.41
0.228569107628101,0.101105213625071,0.477199291064026,-2.39633161427793,-2.26295631001993,-2.38186843548865,-2.25014069260424,39.48
0.223610986846517,0.0985750998681619,0.474625331405714,-2.39728940633946,-2.26413171695888,-2.38295456820131,-2.25198353331159,39.55
0.218645262859719,0.096056217689477,0.472057380135002,-2.39764782365344,-2.26478856826448,-2.38334907578922,-2.25314036417442,39.62
0.21367356704575,0.0935488918995726,0.469496713046441,-2.3973484317163,-2.26484670891462,-2.38298955546709,-2.25350718792542,39.69
0.208697645969644,0.0910535975375269,0.466944146368158,-2.39632291743941,-2.26422104130352,-2.38181297345396,-2.2529770978177,39.76
0.203719423812141,0.0885709919063751,0.464400134346542,-2.39449513358575,-2.26282101541837,-2.37975555203822,-2.25144013728669,39.83
0.198740937921279,0.0861017555933011,0.461864866524509,-2.39178412370749,-2.26055274937047,-2.37675300537919,-2.24878351140658,39.9
0.193764401487985,0.0836466235616553,0.459338301176908,-2.38811327546718,-2.25732225927402,-2.37274074536309,-2.24489183673751,39.97
0.188792139193581,0.0812064792516251,0.4568200713771,-2.38340623222178,-2.25303637202997,-2.36765431403623,-2.23964781497214,40.04
0.183826649819305,0.0787823846239156,0.454309771845059,-2.37758284118553,-2.24760742236874,-2.36142979100025,-2.23293263607082,40.11
0.178870541654813,0.0763754190755397,0.451807054922482,-2.37055634795941,-2.24094725545071,-2.35400373359359,-2.22462567072357,40.18
0.173926658203408,0.0739867082993841,0.449311472171227,-2.36223247568466,-2.23295828766276,-2.34531316044387,-2.21460447296518,40.25
0.168998203528247,0.0716175160091904,0.446822442720447,-2.35251115435505,-2.22353484087929,-2.33529608895735,-2.20274560568884,40.32
0.16408867657481,0.0692692714494312,0.444339094305639,-2.34129128498095,-2.21256624241682,-2.32389224803111,-2.18892553149731,40.39
0.159201931940517,0.0669434056047077,0.441860294615339,-2.32847460424011,-2.19994741135638,-2.31104377779021,-2.1730216371088,40.46
0.154342049365186,0.0646413771663532,0.439384682422971,-2.31396858992588,-2.18557578371782,-2.29669579160527,-2.15491295138971,40.53
0.149513202351788,0.0623647611644978,0.436910507991221,-2.29769584258549,-2.16935801884397,-2.28079597685131,-2.13448202260863,40.6
0.144719716318428,0.0601152731724063,0.434435663912971,-2.27959127237039,-2.15121315197144,-2.26329056872445,-2.11161973802815,40.67
0.139965998529521,0.0578946019858735,0.431957779418216,-2.25959598665939,-2.13106921115521,-2.24412349561715,-2.08622705602113,40.74
0.135256593715839,0.0557044318244662,0.429474314708186,-2.23765880615854,-2.10886702165427,-2.22323780884699,-2.05821441708089,40.81
0.130596111141037,0.0535465269530702,0.426982655406404,-2.21373658263923,-2.0845611645709,-2.20058060571913,-2.02749775768884,40.88
0.125989277015989,0.0514227516219845,0.424480207222895,-2.18779617859606,-2.05811497958582,-2.17610471509842,-1.99399818103417,40.95
0.121440858010862,0.0493348982211586,0.421964490930571,-2.15981436286333,-2.02950212669918,-2.14976981527419,-1.95764338223474,41.02
0.11695570975937,0.0472847046897261,0.419433237752053,-2.12977174882475,-1.99870619688409,-2.12154362109384,-1.91836917957659,41.09
0.112538696099162,0.0452739340753768,0.416884421732312,-2.09764820780657,-1.96571481562147,-2.0914026972647,-1.876120709888,41.16
0.108194732937864,0.0433044526583161,0.414316102146335,-2.06342890508884,-1.93052259516434,-2.05933353423446,-1.83085392567147,41.23
0.103928702485094,0.0413782430535891,0.411726457131139,-2.0271074933372,-1.89313334468758,-2.02533395105507,-1.7825374595933,41.3
0.0997454917376612,0.0394972251835425,0.409113881578863,-1.98868963992732,-1.85356071277507,-1.98941444462529,-1.73115454040632,41.37
0.0956499009576215,0.0376632661570946,0.406477085841207,-1.94819618967677,-1.8118349478345,-1.95159973945978,-1.67670534259857,41.44
0.0916466760315559,0.0358782519455641,0.403815131787265,-1.90565992848914,-1.76799894346924,-1.91193028350143,-1.61920913520778,41.51
0.0877404104538645,0.0341440937463803,0.401127215708104,-1.86112788861858,-1.72210538212521,-1.87046286328424,-1.55870769070748,41.58
0.0839355708279071,0.0324625419257521,0.398412388660788,-1.81466728873434,-1.67421973928368,-1.82726773264178,-1.49527173172665,41.65
0.0802363916356746,0.0308351885797201,0.39566934132128,-1.76636386417795,-1.62441599784101,-1.78242835059338,-1.42900361748895,41.72
0.0766468931805253,0.0292635316098565,0.392896380420796,-1.71632630486143,-1.57278539613204,-1.73604169313957,-1.36003874448105,41.79
0.0731707684673968,0.0277490367339933,0.39009127922307,-1.66468650751126,-1.51943559413036,-1.68821862763587,-1.28854718188499,41.86
0.0698113929420948,0.0262931338559892,0.387251319700596,-1.61159436774332,-1.46449149713068,-1.6390840919727,-1.21473528252929,41.93
0.0665717028747451,0.0248970207016492,0.384373399457425,-1.55721854030909,-1.40810097224975,-1.58877796359414,-1.13884758046068,42
0.063454259852168,0.0235616547786851,0.381454139982873,-1.50174217309145,-1.35043376554183,-1.53745616895904,-1.06116890374035,42.07
0.0604613107112667,0.022287806578045,0.378489996353725,-1.44536897993129,-1.29168879502598,-1.48529196458775,-0.9820268836886,42.14
0.0575946522599021,0.0210761104613082,0.375477368512976,-1.3883294823031,-1.23209736348021,-1.43247751078124,-0.901794659150123,42.21
0.0548556182930718,0.019927049685905,0.372412714259498,-1.33088715796256,-1.17192888932689,-1.37922458806585,-0.820892937536543,42.28
0.0522449347618867,0.0188407485070568,0.36929266408514,-1.27334131181523,-1.11149533564678,-1.32575650922124,-0.739774438967457,42.35
0.0497626971195584,0.0178169524504485,0.366114137993509,-1.21601541616923,-1.05114035295151,-1.27227457701958,-0.658856153501126,42.42
0.0474082157427633,0.0168550697139972,0.362874337391071,-1.15923827718706,-0.991207153153645,-1.21895129160075,-0.578504771853812,42.49
0.0451800470183484,0.0159542101896101,0.359570358093948,-1.10332093718031,-0.93200599943391,-1.16593238763248,-0.499039830474879,42.56
0.0430760830843912,0.0151132221272598,0.356199186781717,-1.0485410512886,-0.873809374317236,-1.11333880207585,-0.420737025871669,42.63
0.0410936367615864,0.01433072647506,0.352757826934887,-0.99513580660275,-0.816854234163775,-1.0612684399523,-0.343831304874062,42.7
0.0392295217547099,0.0136051489390121,0.349243427333001,-0.943302420417553,-0.761344225601779,-1.00979811460331,-0.268519847348978,42.77
0.0374801282260883,0.0129347498147845,0.345653413226809,-0.893200174312303,-0.707451854857723,-0.958985531661766,-0.194964995910437,42.84
0.0358414938620293,0.0123176516513276,0.341985620292286,-0.844952388566975,-0.65532060220877,-0.908871250276766,-0.123297125091652,42.91
0.0343093705693131,0.0117518648124559,0.338238431463809,-0.798648330831239,-0.605066974969403,-0.859480619379972,-0.0536174437740427,42.98
0.0328792869523578,0.011235311007784,0.334410916728094,-0.75434505433407,-0.556782493531454,-0.810825687435544,0.0139992741133774,43.05
0.0315466067325411,0.0107658448686888,0.330502975939629,-0.71206954333163,-0.510535606004387,-0.762907084695436,0.0795020344989353,43.12
0.0303065832797198,0.0103412736483792,0.326515421173637,-0.671823323234823,-0.466373527955574,-0.715715877488876,0.142861046543938,43.19
0.0291544104323122,0.00995937512769999,0.322449871582805,-0.633590233062553,-0.424324004630937,-0.669235394510358,0.204065226448984,43.26
0.0280852697864904,0.00961791381012659,0.318308714801585,-0.59734399363183,-0.384396993844252,-0.623443025434857,0.263119782841831,43.33
0.0270943746373758,0.0093146554905419,0.31409469020698,-0.563062876682047,-0.346586268468185,-0.578311865447236,0.320043820666794,43.4
0.0261770107555841,0.0090473802829,0.309810665614115,-0.530721685656811,-0.310870938136553,-0.533811888944574,0.374867836354263,43.47
0.0253285741812812,0.0088138941918342,0.305459734340657,-0.500277119207181,-0.277216890385775,-0.489911288614405,0.427631484670315,43.54
0.0245446062151853,0.00861203931275176,0.301045378456116,-0.471665637544045,-0.245578152022342,-0.446578108061806,0.478381489060635,43.61
0.0238208257817471,0.00843970274395334,0.296571634578541,-0.444804813673473,-0.215898172008183,-0.403781915113004,0.527169630472435,43.68
0.0231531593342345,0.00829482429296657,0.292043262084895,-0.419595377113365,-0.188111027607223,-0.361495453484359,0.574050812886559,43.75
0.0225377684646813,0.00817540305757154,0.287465913580172,-0.395923318034823,-0.16214255594105,-0.319696273965947,0.619081203598472,43.82
0.021971075373782,0.00807950295998973,0.28284624392428,-0.373661928560615,-0.137911413459221,-0.278368346148201,0.66231644616746,43.89
0.0214497863468437,0.00800525731045474,0.278191830563534,-0.352673467960785,-0.11533006614291,-0.237503588018382,0.703809943904989,43.96
0.0209709133720117,0.00795087247393185,0.27351128602475,-0.332808614526402,-0.0943057135369032,-0.197103186991075,0.743611211792469,44.03
0.0205317940261565,0.00791463071109451,0.268814435245407,-0.313911903263493,-0.0747411499392443,-0.15717909378353,0.781764294803217,44.1
0.0201301097421609,0.00789489226189984,0.264112430373492,-0.295819689137346,-0.0565355662801193,-0.117755562043856,0.818306250752354,44.17
0.0197639025589756,0.00789009673721873,0.259417612106212,-0.278369760879115,-0.0395852963892881,-0.0788706062299934,0.853265696004977,44.24
0.0194315904426909,0.00789876388100199,0.254743117143636,-0.261423246715831,-0.0237845114897785,-0.040576995694755,0.886661476158322,44.31
0.0191319177346288,0.00791949376244534,0.250101786659598,-0.244892212140454,-0.00902586686359848,-0.00294195778098572,0.918501905245437,44.38
0.0188637137500273,0.00795096645456642,0.245505073999956,-0.228745705395007,0.00479889528093524,0.0339557459712456,0.948785652561844,44.45
0.0186258406878224,0.00799194125255128,0.240961951125744,-0.213005941386973,0.0177983826531662,0.0700328339746978,0.977505674199608,44.52
0.0184172038594222,0.00804125548217504,0.236478512075334,-0.197718046909477,0.0300810253132531,0.105212485022627,1.00465568116726,44.59
0.0182367607612691,0.00809782294559153,0.232057828476595,-0.182927348918273,0.0417545795584996,0.139431221246215,1.03023349117398,44.66
0.0180835290328432,0.00816063204881349,0.227700056877717,-0.168672525215793,0.0529256591337484,0.172639981485895,1.05424120077845,44.73
0.0179565933397879,0.00822874365228869,0.223402607223372,-0.15498527863616,0.0636992896620759,0.204803071563015,1.07668433761381,44.8
0.017855111219556,0.00830128868314046,0.219160308950686,-0.141890880110981,0.074178482235418,0.23589689888379,1.09757094539201,44.87
0.0177783179244214,0.00837746554487925,0.214965574802664,-0.129408690144995,0.0844638221652281,0.265908746818064,1.11691072851988,44.94
0.0177255302939337,0.00845653735772224,0.210808562555082,-0.117552657735194,0.0946530689699007,0.294835589759752,1.13471425602562,45.01
0.0176961496859335,0.0085378290600894,0.206677334944984,-0.106331795992366,0.104840763768092,0.322682949361231,1.15099222443108,45.08
0.0176896639921515,0.00862072439937643,0.202558018174861,-0.0957506339303513,0.115118348502836,0.349463792064097,1.16575477917158,45.15
0.0177056487611887,0.00870466283775218,0.19843495944645,-0.0858096440768265,0.125575301540794,0.375197594760069,1.17901102119707,45.22
0.017743767448389,0.0087891363964855,0.194290884051895,-0.0765056457301625,0.136297220969284,0.399909832167684,1.19076895244507,45.29
0.0178037708087802,0.00887368646018479,0.190107052617828,-0.0678321838417545,0.147364917378326,0.423631122963837,1.20103509761679,45.36
0.0178854954459119,0.00895790056032983,0.18586341915971,-0.0597798836427704,0.158854004723087,0.446396287778332,1.20981405602786,45.43
0.0179888615260972,0.00904140915559483,0.18153879065963,-0.0523367812589548,0.170834478041381,0.468243444928013,1.21710811032493,45.5
0.0181138696643042,0.00912388242470282,0.177110988930504,-0.0454886306687238,0.183370275147178,0.489213142568924,1.22291689189524,45.57
0.018260596984756,0.00920502708591524,0.172557015573344,-0.039219187458568,0.196518819635356,0.509347525819311,1.22723710288455,45.64
0.0184291923562401,0.00928458325574692,0.16785322087179,-0.0335104699168203,0.210330542763735,0.528689537313492,1.23006229483897,45.71
0.0186198707992248,0.00936232135810366,0.162975477499307,-0.0283429980833999,0.224848382027197,0.547282149585265,1.23138270409773,45.78
0.0188329070591342,0.00943803909376628,0.157899359939275,-0.0236960114390702,0.240107254504806,0.565167627649492,1.23118514418416,45.85
0.0190686283376357,0.00951155847899026,0.152600330536369,-0.019547665975406,0.256133503347006,0.582386820148487,1.22945295556698,45.92
0.0193274061715139,0.00958272296094926,0.147053933108898,-0.0158752114353304,0.272944316075709,0.59897847745714,1.22616601329567,45.99
0.019609647446711,0.009651394616824,0.141235995056038,-0.012655149555729,0.290547113697,0.614978595194197,1.22130079314363,46.06
0.0199157845334295,0.0097174514425208,0.135122838890739,-0.00986337417800602,0.308938909975244,0.630419781667143,1.21483049702679,46.13
0.0202462645268605,0.00978078473629372,0.128691504118222,-0.00747529412133807,0.328105640589847,0.645330647882811,1.20672523859268,46.2
0.020601537577116,0.00984129658193543,0.121919980360974,-0.00546593973654529,0.34802146229285,0.659735218884853,1.19695229000051,46.27
0.0209820442914124,0.00989889743569752,0.114787452603876,-0.00381005407706675,0.368648022607636,0.673652365331495,1.18547639102946,46.34
0.0213882021914201,0.00995350382068529,0.107274559396724,-0.00248216963813274,0.389933701058477,0.687095254401423,1.1722601217605,46.41
0.0218203912090768,0.0100050361321557,0.0993636648057673,-0.00145667162614282,0.411812823397218,0.700070819312302,1.15726434017348,46.48
0.022278938205048,0.0100534165569124,0.0910391448503783,-0.000707848728572308,0.434204850799718,0.712579246953198,1.14044868608217,46.55
0.0227641004954449,0.0100985671098472,0.0822876890953573,-0.000209932360106091,0.457013737095181,0.724613483370278,1.12177215289685,46.62
0.0232760483744554,0.0101404077906029,0.0730986179921503,6.28746351874321e-05,0.480127647657897,0.736158820620019,1.10119372874788,46.69
0.0238148466231885,0.0101788548633443,0.0634642164743751,0.000136378843864221,0.503417519178926,0.747192692298609,1.07867310852961,46.76
0.0243804349983587,0.0102138192626949,0.0533800842125545,3.63857221983677e-05,0.526735989033526,0.757684297198146,1.05417147842317,46.83
0.0249726076984717,0.0102452051290419,0.0428455028198154,-0.000211303369057658,0.549917016762442,0.767594178989196,1.0276523744286,46.9
0.0255909918099271,0.0102729084766134,0.0318637566553976,-0.000580887517709877,0.572779887359702,0.776873953661722,0.99908274341809,46.97
0.0262350247410301,0.0102968159979884,0.020442216695822,-0.00104655698429529,0.59513900007687,0.785467456600242,0.968434970314606,47.04
0.026903930658257,0.0103168040090111,0.00859244142200688,-0.00158247928077619,0.616800266976256,0.79331521668546,0.935690507828411,47.11
0.0275966959463745,0.0103327375384343,-0.00366945148505679,-0.00216278158740572,0.63755537110724,0.800358130830809,0.900843331262435,47.18
0.0283120437221307,0.0103444695670112,-0.0163223336386229,-0.00276153049251072,0.657174082294407,0.806539578974588,0.863902583885552,47.25
0.0290484074403093,0.0103518404211854,-0.0293395987660134,-0.00335271004123913,0.67540187963696,0.811805600656,0.824894159013205,47.32
0.0298039036409819,0.0103546773269839,-0.0426886806622137,-0.00391019908182012,0.691959205434549,0.816104659776099,0.783862107696059,47.39
0.0305763038978312,0.0103527941302035,-0.0563305572942822,-0.00440774890097828,0.70654077228132,0.819387444231171,0.740870125094479,47.46
0.031363006039508,0.0103459911894751,-0.0702192423008867,-0.00481896214412946,0.718814933986977,0.821606702383986,0.696003113850958,47.53
0.0321610047291256,0.0103340554493031,-0.0843013924143568,-0.00511727402088009,0.728428086408123,0.822717118253472,0.649368822023243,47.6
0.0329668615012587,0.0103167607006857,-0.0985165407085241,-0.00527593680196684,0.735033039319627,0.82267668814997,0.601100441590627,47.67
0.033776737889684,0.0102938680374365,-0.112798084740848,-0.00526800862015498,0.7383369263263,0.82145595232661,0.551364482670501,47.74
0.0345866188137396,0.0102651265168242,-0.127075031887038,-0.00506634759456245,0.73814160685268,0.819056607633235,0.500376077948262,47.81
0.0353924087755757,0.0102302740336307,-0.141274313839807,-0.00464342174964985,0.734362724079505,0.815528894584757,0.448412056062722,47.88
0.0361901550947813,0.0101890384171881,-0.155323037777493,-0.00397074520896012,0.727037271627164,0.81097232366885,0.395806404183526,47.95
0.0369761442609769,0.0101411387613736,-0.169150804009978,-0.00301946616090037,0.716319989745313,0.80551751582568,0.342924742777923,48.02
0.0377471256284783,0.0100862869979297,-0.182691521198571,-0.00176058323400418,0.702462872955814,0.799303572126053,0.290129296851868,48.09
0.0385003450005409,0.0100241897238023,-0.195884785339816,-0.000164981935452974,0.685790423566082,0.792464687813631,0.237758741065155,48.16
0.0392335152638987,0.00995455029346622,-0.208676697986299,0.00179651718657389,0.666661939569878,0.785126386606207,0.18612239689556,48.23
0.039944787697264,0.00987707118740602,-0.221019617853098,0.00415309754740998,0.645430987770877,0.777405399424775,0.135500130462981,48.3
0.040632724041137,0.00979145666804144,-0.23287167360641,0.00693387158562863,0.622428218322209,0.769410197396955,0.0861438105221273,48.37
0.0412962693995586,0.0096974157344207,-0.244196293727121,0.0101677907662247,0.597959885094806,0.761241348941922,0.0382791726149924,48.44
0.0419347260287923,0.00959466538693341,-0.254961755048067,0.0138835394183397,0.572309292059916,0.752991823837625,-0.00789230133886798,48.51
0.0425477280533056,0.00948293421311286,-0.26514075136172,0.0181094113047813,0.545737152338228,0.744747303954171,-0.0521915601475327,48.58
0.0431352171358027,0.00936196630528947,-0.274709983309894,0.0228731678310426,0.518482373560937,0.736586497108139,-0.0944602248378598,48.65
0.0436974191154061,0.00923152552041584,-0.283649770598909,0.0282018768162379,0.490763069046042,0.728581450770459,-0.134558901367458,48.72
0.0442348216163613,0.00909140009178804,-0.291943687430532,0.0341217307691683,0.462777595122761,0.720797862626193,-0.172365570604455,48.79
0.0447481526187964,0.00894140760163394,-0.299578221901095,0.0406578436388705,0.434705606285149,0.713295385238433,-0.207774060897297,48.86
0.0452383599730923,0.00878140032260721,-0.306542459996883,0.0478340250429641,0.406709120608418,0.706127922310606,-0.240692607894965,48.93
0.0457065918302456,0.00861127093510626,-0.312827794702914,0.0556725310178675,0.378933588574556,0.699343914271836,-0.271042505672982,49
0.0461541779522308,0.0084309586260118,-0.318427660642741,0.064193790385122,0.35150895912559,0.69298661112923,-0.298756852670933,49.07
0.0465826118587172,0.00824045557289233,-0.323337294579068,0.0734161058875596,0.324550737394572,0.687094330739239,-0.323779395449109,49.14
0.046993533759578,0.00803981381595676,-0.327553522026916,0.0833553293182807,0.298161029155004,0.68170070084813,-0.346063472821268,49.21
0.0473887142163781,0.00782915251800686,-0.331074570162157,0.0940245099473355,0.27242956758005,0.676834883439801,-0.365571062514067,49.28
0.0477700384704399,0.00760866561036038,-0.333899907147652,0.105433515643974,0.247434718413691,0.67252178010771,-0.382271932137664,49.35
0.0481394913701,0.00737862982015538,-0.336030107945598,0.117588626199658,0.223244460127528,0.668782217338478,-0.396142895921795,49.42
0.0484991428254121,0.00713941307159381,-0.337466746637136,0.130492289033811,0.199917336070476,0.665633110756699,-0.407167178374433,49.49
0.0488511337147384,0.00689148325052368,-0.338212315228005,0.144143227600197,0.177503376014528,0.663087607536433,-0.415333885750363,49.56
0.0491976621644343,0.0066354173182837,-0.338270168880886,0.15853537795541,0.156044984859565,0.661155206333616,-0.420637585972869,49.63
0.0495409701201225,0.00637191075691905,-0.337644497479567,0.17365717798943,0.135577796584971,0.659841854237705,-0.4230779974258,49.7
0.0498833301258682,0.00610178732372097,-0.336340323397503,0.189491018998192,0.116131491826404,0.659150020379848,-0.422659786825558,49.77
0.0502270322258964,0.00582600908852255,-0.334363525310935,0.206012669486867,0.0977305777145306,0.659078745970512,-0.419392476184648,49.84
0.0505743709023261,0.00554568672229155,-0.331720887865064,0.223190671878467,0.0803951288396874,0.65962367067216,-0.413290458689614,49.91
0.050927631961727,0.00526209000029101,-0.32842017696896,0.240985903610775,0.0641414884036212,0.66077703534323,-0.404373123130567,49.98
0.051289079283139,0.0049766584774103,-0.324470240460045,0.259353463452844,0.0489829287889178,0.662527661319772,-0.392665086332529,50.05
0.0516609413405157,0.00469101228720767,-0.319880943286137,0.278256158223728,0.034930270918933,0.66486084301194,-0.378196469330191,50.12
0.052045397413416,0.00440689949121336,-0.314662492238477,0.29768844820586,0.0219924618986896,0.667758027204982,-0.361002898753361,50.19
0.0524445634010832,0.0041259528800456,-0.308825166160496,0.31766003770341,0.0101771105204108,0.671196660738468,-0.34112510523781,50.26
0.0528604771569578,0.0038496372723754,-0.302379451245005,0.338173728653785,-0.000509019710504628,0.675150080234599,-0.318608879729006,50.33
0.0532950832630732,0.00357926021280969,-0.295336263434517,0.359220975396274,-0.0100595603223325,0.679587381217448,-0.293505703719004,50.4
0.0537502171667692,0.00331598249428077,-0.287707194005319,0.380780531260094,-0.0184681306571151,0.684473267640034,-0.265873607037862,50.47
0.0542275886057115,0.00306082845504324,-0.279504777917508,0.402817456009857,-0.0257279739294741,0.689767882998061,-0.23577812419483,50.54
0.0547287642513732,0.00281469600597409,-0.270742784487734,0.425282294408851,-0.0318316368096431,0.69542662437651,-0.203293347052151,50.61
0.055255149505927,0.00257836634907305,-0.261436529904918,0.448110236681508,-0.036770692790061,0.701399940949276,-0.168503071326707,50.68
0.055807969392959,0.00235251335288174,-0.25160321106223,0.471220262765102,-0.0405355096215057,0.707633118633004,-0.131502034088555,50.75
0.05638824848856,0.00213771255498963,-0.241262260119606,0.494514272826127,-0.0431150611413964,0.714066052784874,-0.0923972390554503,50.82
0.0569967898462365,0.00193444976588593,-0.230435719139004,0.517876397690201,-0.0444967838624568,0.720633011031051,-0.0513093660636443,50.89
0.0576341528767287,0.00174312925217172,-0.219148634049527,0.541172683484121,-0.0446664787429927,0.727262388517944,-0.0083742606286325,50.96
0.0583006301522714,0.00156408148056259,-0.207429467099847,0.564249630463487,-0.0436082586179995,0.733876458092952,0.0362555010132145,51.03
0.0589962866326406,0.00139757040722654,-0.195310463322276,0.586934512992253,-0.0413045418329518,0.740391118145235,0.0824089765692929,51.1
0.059721188338623,0.00124380029981759,-0.182827779365771,0.609041361151769,-0.0377360926852903,0.746715704588895,0.129895221405244,51.17
0.0604754393578777,0.0011029220820997,-0.170021564023915,0.63037924404258,-0.0328821093438662,0.752752997231988,0.178501911908616,51.24
0.0612591542174614,0.000975039193337888,-0.156935925560687,0.650766736443671,-0.0267203599786665,0.758399169912625,0.227994362824813,51.31
0.0620724291377605,0.000860212956667074,-0.143618403193084,0.670047367495099,-0.0192273678926736,0.76354445032974,0.278115581848321,51.38
0.0629153121636331,0.000758467452461182,-0.130119385682574,0.688092020627855,-0.0103786465021126,0.768075319262182,0.328588894857548,51.45
0.0637877721692943,0.00066979389433589,-0.11649172930135,0.704796230503656,-0.000148985058220363,0.771878825012185,0.379123151571004,51.52
0.064689666735305,0.000594154506838166,-0.102790255662852,0.720080004124787,0.0114872139579674,0.774848763298272,0.42942052213591,51.59
0.0656207724175735,0.000531485905134176,-0.089071444997939,0.733879435467043,0.0245555448092484,0.776892901122157,0.479187911992177,51.66
0.066581004450647,0.000481701978113558,-0.0753932592708078,0.746136659144751,0.0390811548712643,0.777939851203969,0.528147559993599,51.73
0.067570444781295,0.000444696277305448,-0.0618150929832829,0.756803008940767,0.0550882464241571,0.777944838235029,0.576044671259386,51.8
0.0685893054724796,0.000420343914876601,-0.0483972777921096,0.765854367090195,0.0725995229116811,0.776896455743331,0.622655271219336,51.87
0.0696378909933376,0.000408502974752077,-0.0352003927528878,0.773298126075397,0.0916355787489272,0.774825431531464,0.667796386624348,51.94
0.0707165593873349,0.000409015441612766,-0.0222843778957313,0.779181799732818,0.112214231817397,0.77181267076978,0.711335386067626,52.01
0.0718257458257502,0.00042170765317012,-0.00970776642209728,0.783593501483408,0.134349797866408,0.767995114596758,0.753197216560224,52.08
0.0729661755697336,0.000446390281738605,0.00247322083071985,0.786665911761882,0.158053385961816,0.763566044624358,0.793366555799185,52.15
0.0741388852118919,0.000482857851724313,0.0142054668084353,0.788575219779848,0.183335484804374,0.758767986090541,0.831882342234393,52.22
0.0753451792066588,0.000530887800247374,0.0254398917536068,0.789544752906252,0.21020556744117,0.753881441782194,0.868827922997129,52.29
0.0765866486872616,0.000590239088736368,0.0361320862032727,0.789844521371888,0.238689992676594,0.749208875890583,0.904317834565348,52.36
0.0778653795564825,0.000660650373984183,0.0462423912627731,0.789785208863661,0.268857785670995,0.745060670173588,0.938486866221268,52.43
0.079183968678147,0.000741837747865053,0.0557359359958621,0.789706852830285,0.300796939336574,0.741749202283133,0.971484895524102,52.5
0.0805454751267753,0.000833492055685228,0.0645829510349373,0.789969507360723,0.334600179235582,0.739579410577442,1.00347031310126,52.57
0.0819533699152548,0.000935275804005667,0.072759042145819,0.79093063129079,0.370351613717589,0.738838628387826,1.03460330145815,52.64
0.0834114840842679,0.00104681966973811,0.0802449802501153,0.792925004070704,0.408122586772946,0.739790376553389,1.0650409944053,52.71
0.0849239550215254,0.00116771862339943,0.087026389947489,0.796259224416559,0.447970315052584,0.74267273849778,1.09493514621426,52.78
0.0864951708651321,0.00129752768062392,0.09309346430951,0.801212267540261,0.489936448011079,0.747697814296656,1.1244307165652,52.85
0.0881297128337704,0.00143575729739578,0.0984407064948963,0.808035292788178,0.534045549000704,0.755050974295083,1.15366422217874,52.92
0.0898322953168136,0.00158186842599131,0.103066698561515,0.816951326242688,0.580303495739486,0.764890158270812,1.18276242128426,52.99
0.0916077035501792,0.00173526725031903,0.106973897686029,0.828153093717163,0.628695799227108,0.777345022527411,1.21184094461929,53.06
0.0934607286986166,0.00189529962123358,0.110168459846563,0.841802171583509,0.679186222006166,0.792516437051305,1.24100312221185,53.13
0.0953961001624929,0.00206124521449138,0.11266009087594,0.858028558834059,0.731717665404368,0.810476073720866,1.27033887450926,53.2
0.0974184149269086,0.0022323114363146,0.114461924651706,0.876930156074398,0.786213866206458,0.831266462836967,1.29992385447808,53.27
0.099532127291859,0.00240762710405417,0.115590364535359,0.898572146495862,0.842575997699625,0.854901896353942,1.32981934540174,53.34
0.101741725845351,0.00258623593220022,0.116064760524211,0.922986275100489,0.900690248205368,0.881368842295985,1.36007189519703,53.41
0.104051716397489,0.00276708985698118,0.115907302603834,0.950170214254878,0.960414431001101,0.910628347033394,1.39071420936069,53.48
0.106466537741592,0.00294904223603993,0.11514300252737,0.980087204921862,1.02157202283201,0.942615789067457,1.42176450595148,53.55
0.108990473589696,0.00313084096317313,0.113799699657561,1.01266444921731,1.08394988887745,0.977239510254614,1.45322534766187,53.62
0.111627560513821,0.00331112154187713,0.111908089918217,1.04779355866569,1.14729595332087,1.01437953379325,1.48508245844043,53.69
0.114381491730331,0.00348840016546342,0.109501840312581,1.08533642740767,1.21131682366121,1.05388580080762,1.5173032705008,53.76
0.117255516574157,0.00366106685579059,0.106617978393349,1.12512903926791,1.2756753783876,1.0955745962237,1.54983444004832,53.83
0.120252335522789,0.00382737871720518,0.103297301324974,1.16699102670017,1.33999347421419,1.13922412245672,1.58259865057382,53.9
0.123373990646833,0.00398545336709294,0.0995842949761137,1.21071494520717,1.40387610996529,1.18456910090241,1.61549057873088,53.97
0.126621751384949,0.00413332612802407,0.0955259898214225,1.25605153091793,1.46694054655397,1.23130234953462,1.64837755187995,54.04
0.129996059084556,0.00426919808990627,0.0911705777051452,1.30270536802627,1.52883064366381,1.27908804707928,1.68110712445719,54.11
0.133496657297328,0.00439149400433415,0.0865660417571017,1.3503352589507,1.58922290651828,1.32758218557295,1.71351903743553,54.18
0.137122526700734,0.00449885711636417,0.0817588611515611,1.39856508865724,1.64782406571667,1.37645228415967,1.74545883531563,54.25
0.140871815211341,0.00459014451229877,0.0767931699997019,1.44700786385743,1.70436610970282,1.4253897711855,1.77678692185288,54.32
0.14474195388474,0.00466442303521799,0.0717107497207196,1.49529982885556,1.75861015088997,1.47411472959067,1.80738198053477,54.39
0.148729641079353,0.00472096581184382,0.0665512180244437,1.54312529942892,1.81035723007581,1.52237581214404,1.83714098825512,54.46
0.152831012574704,0.00475924942631954,0.0613521588378566,1.5902230182615,1.8594551429982,1.56994857663296,1.86597817699391,54.53
0.157041870731891,0.00477895176862651,0.0561490011092627,1.6363827459586,1.90580243990401,1.61663383856088,1.89382396373163,54.6
0.161357845805017,0.00477995057759865,0.0509748356140548,1.68143508299145,1.94934496705444,1.66225693917653,1.92062429650366,54.67
0.165774362525498,0.00476232269082167,0.045860231931542,1.72524520175985,1.99007257627759,1.70666774587455,1.94634054628747,54.74
0.170286729718591,0.00472634400607883,0.0408331178513765,1.76770541378737,2.02800908113461,1.74974062940212,1.97094918456126,54.81
0.174890099051877,0.00467249015141632,0.0359188470823555,1.80872848278995,2.06320454329727,1.79137347081544,1.99444067634144,54.88
0.179579610687312,0.00460143785331045,0.0311401366062043,1.84824956406133,2.09572957068729,1.83148557594323,2.01681739904744,54.95
0.184350535465172,0.00451406698479986,0.0265171267845672,1.88622565774645,2.12567346754137,1.8700157081145,2.03809192145893,55.02
0.189198223248635,0.00441146326777787,0.0220672457604423,1.92262495625558,2.15314223205679,1.90692030575637,2.05828545213052,55.09
0.194118175202144,0.00429492159589703,0.0178050679429508,1.95741968048852,2.17825506433769,1.94217099794838,2.07742531346135,55.16
0.19910598610625,0.00416594993668599,0.0137423564676164,1.99058958371932,2.20113995229135,1.97575192775707,2.09554213933113,55.23
0.204157410954835,0.00402627376350422,0.0098880350024244,2.02212443677044,2.22192947429299,2.00765777370857,2.1126678750937,55.3
0.209268301928096,0.00387777744131601,0.00624853308115861,2.05202632097275,2.24075332024903,2.03789208890466,2.12883464229222,55.37
0.21443466997755,0.00372225546386182,0.00282799647353293,2.08030467873163,2.25773819716535,2.06646672021824,2.14407497503356,55.44
0.219652617106677,0.0035613545831012,-0.000371574135661551,2.10697237905796,2.27300653927807,2.09340084651015,2.15842145772219,55.51
0.224918393573731,0.00339657972586798,-0.0033501927988166,2.13204451272978,2.28667605051886,2.1187198894965,2.17190614402727,55.58
0.230228326090821,0.00322930011642273,-0.00610976636624003,2.15553559734228,2.29885956650355,2.14245442357915,2.1845598828816,55.65
0.235578871236738,0.0030607555475085,-0.00865391743703864,2.17746357613303,2.30966008655873,2.16463908367762,2.1964115502952,55.72
0.240966540149062,0.00289206274768761,-0.0109876250916328,2.19785127278197,2.31917399281432,2.18531210508926,2.20748851970162,55.79
0.24638794870518,0.0027242217976692,-0.0131170008626655,2.21672911260383,2.3274903838975,2.20451473183844,2.21781690880763,55.86
0.251839739250769,0.00255812255302685,-0.0150489456819187,2.23413466294955,2.33468975900342,2.2222910637279,2.2274221735679,55.93
0.257318691597812,0.00239455103515153,-0.0167910051650809,2.25011019851249,2.3408465587703,2.23868802292897,2.2363297306933,56
0.262821832863851,0.00223419575648544,-0.0183512324167391,2.26470426086296,2.34602990672674,2.25375512083731,2.2445652266073,56.07
0.268346355718943,0.00207765395004121,-0.0197378675133327,2.27797327244267,2.35030826513608,2.26754415044473,2.25215508706543,56.14
0.27388966274674,0.00192543767692627,-0.0209592144702852,2.28998072593631,2.35374968164797,2.28010873882332,2.25912671127166,56.21
0.279449282952321,0.00177797978907231,-0.0220235883430742,2.30079877428272,2.35642365840582,2.29150407534377,2.26550856355749,56.28
0.285022914590366,0.00163563972761726,-0.0229392686275164,2.31050434259904,2.35840159211577,2.30178655951138,2.27133022509735,56.35
0.290608340333517,0.00149870914040599,-0.0237145221612247,2.31917083910809,2.35975673520346,2.31101355687443,2.27662208698279,56.42
0.296203532461753,0.00136741730487568,-0.0243578222475875,2.32686695904125,2.36056970959715,2.31924262567182,2.28141436593715,56.49
0.301806757601088,0.00124193634517667,-0.0248778825746815,2.33365521057904,2.36092121345848,2.32653027555704,2.28573563207453,56.56
0.307416490532625,0.00112238623475649,-0.0252836326430492,2.33959009670194,2.36088074690876,2.33293120899068,2.28961186385708,56.63
0.313031454731183,0.00100883957781685,-0.0255841343703818,2.34472173076596,2.36049961115426,2.3384981701896,2.29306641027867,56.7
0.31865047209877,0.000901326165039763,-0.0257882489777778,2.34909306925856,2.35980881359148,2.34328252658586,2.29612104984104,56.77
0.324272312498059,0.000799837300787813,-0.0259043078884209,2.35274276484236,2.35882429065425,2.34733456448565,2.29879706561065,56.84
0.329895797205799,0.000704329900615027,-0.0259400413770958,2.35570550766122,2.35755188848394,2.35070368752374,2.30111614496406,56.91
0.335519902258311,0.000614730359393598,-0.02590257409796,2.35801207658153,2.35599305356182,2.35343851599612,2.30310065857545,56.98
0.341143671177778,0.000530938191674908,-0.0257984236774444,2.35969805515727,2.35415136008135,2.35558663111315,2.3047734448547,57.05
0.346766254711504,0.00045282944706572,-0.0256335021007712,2.36080399757225,2.35203466544557,2.35719466102548,2.30615798824442,57.12
0.352386823546259,0.000380259904428018,-0.0254131196436899,2.36137396672054,2.34965765762837,2.35830826217933,2.3072786093931,57.19
0.358004608104721,0.000313068049606499,-0.0251419911240962,2.36145460251868,2.34704047482485,2.35897199422424,2.30816015816009,57.26
0.363618811381271,0.000251077842159752,-0.0248242442711017,2.36109452822053,2.34420511183978,2.35922902321531,2.308827653157,57.33
0.369228712439641,0.000194101277235327,-0.0244634300318239,2.3603451092576,2.3411762819138,2.35912109604347,2.30930624799205,57.4
0.374833770046562,0.000141940749279122,-0.0240625981770363,2.35925932330227,2.33798470055126,2.35868872093024,2.3096213327083,57.47
0.380433535912672,9.43912247310595e-05,-0.023624501588384,2.35789140738131,2.33466510464603,2.35797098072802,2.30979807075298,57.54
0.386027695154468,5.12422312229511e-05,-0.0231514209614877,2.35629931261565,2.33125370611785,2.3570054856317,2.30986132329095,57.61
0.391615979920041,1.22796710807211e-05,-0.0226451814878077,2.35454348561467,2.32779009671426,2.3558284002936,2.30983589638511,57.68
0.39719821026523,-2.27125328598209e-05,-0.0221074884652689,2.35267975117618,2.32431699666026,2.35447448038983,2.30974653842825,57.75
0.402774208216059,-5.39509509739961e-05,-0.0215402641733725,2.35075080384833,2.32088044990742,2.35297692670407,2.30961736928824,57.82
0.408343839098941,-8.16513118805209e-05,-0.0209457953900992,2.34878831128003,2.31752773305701,2.35136661077525,2.30947035911589,57.89
0.41390692607109,-0.000106027310540537,-0.0203269455504889,2.3468133686452,2.31430303973401,2.34967162362682,2.30932406275781,57.96
0.419463355449422,-0.000127289551209048,-0.0196869868287637,2.34484578348676,2.31124449567477,2.34791708288512,2.30919286301905,58.03
0.425013182288436,-0.000145644617100551,-0.0190294966655599,2.34290364270993,2.30838282045552,2.34612545129178,2.309087674851,58.1
0.430556545655212,-0.000161294258749228,-0.0183581280606697,2.34099983041716,2.30574099923217,2.34431692102113,2.30901671250438,58.17
0.436093711192527,-0.000174434693195457,-0.0176765710889989,2.33914222888045,2.30333534443371,2.34250960887005,2.30898587459708,58.24
0.441624986890472,-0.000185256006314433,-0.0169885784637328,2.33733086919585,2.30117292856353,2.34071987914205,2.30899881029963,58.31
0.447150766131039,-0.000193941650812026,-0.0162979914873921,2.33556276596744,2.29925281917002,2.33896253945907,2.30905711104285,58.38
0.452671443919594,-0.000200668032647307,-0.0156087027290788,2.33383300265545,2.29756895607939,2.33725116295006,2.30916107223697,58.45
0.458187460362857,-0.000205604178892538,-0.014924428244714,2.33213886417711,2.29611365461166,2.33559828217596,2.30931000864044,58.52
0.463699217303978,-0.000208911480309565,-0.0142486703044758,2.3304864452545,2.29488275128485,2.33401570834667,2.30950282206887,58.59
0.469207122172544,-0.000210743502202756,-0.0135846799304961,2.32888988920057,2.29387388078605,2.33251472127615,2.30973850387405,58.66
0.474711504959848,-0.000211245857398549,-0.0129352285560224,2.32736910061965,2.29308734863827,2.33110632018,2.31001669926863,58.73
0.480212725897008,-0.000210556135500208,-0.0123025697947062,2.32594777353496,2.29252604261071,2.3298010902543,2.31033782538338,58.8
0.485711283267129,-0.000208803882868543,-0.0116884641776024,2.32465109901186,2.29219057175,2.32860912924713,2.31070299714364,58.87
0.491207730781535,-0.000206110628085135,-0.0110942032533142,2.32350264324027,2.29207871610171,2.32753977954546,2.31111376094971,58.94
0.49670272209419,-0.000202589947960691,-0.0105206329840377,2.32252103032121,2.29218772617633,2.32660141946887,2.3115720172314,59.01
0.502196928358867,-0.000198347569456579,-0.00996823990665084,2.32171928721373,2.29251477185923,2.32580169452585,2.31208000478131,59.08
0.50769108287873,-0.000193481503190238,-0.00943749058161492,2.32110297550693,2.29306335364453,2.3251476801643,2.31264021975741,59.15
0.513185898748408,-0.000188082204494444,-0.00892917023491883,2.32067231805111,2.29384252792662,2.32464610276054,2.31325501519614,59.22
0.518682113535211,-0.000182232758293908,-0.00844440298053711,2.3204246996669,2.29485926381331,2.32430317394621,2.31392600798033,59.29
0.524180406897939,-0.000176009084350825,-0.00798435359335073,2.32036059079689,2.29611479283078,2.32412467320302,2.31465411891696,59.36
0.529681445189786,-0.000169480159711513,-0.00754992838417575,2.32047993638412,2.29760183887061,2.32411646904361,2.31544037289975,59.43
0.535185798945081,-0.000162708255459448,-0.00714172920847854,2.32077923646386,2.29930488797891,2.32428452577711,2.31628625226463,59.5
0.540693987299052,-0.000155749185144266,-0.00676007001898389,2.32125325663741,2.30120470511525,2.32463439563577,2.3171934762598,59.57
0.546206395244525,-0.000148652562512059,-0.00640499242060069,2.32189590595797,2.3032775071475,2.32517102177935,2.31816390527883,59.64
0.551723317780385,-0.000141462066408123,-0.00607628021561814,2.32270117168165,2.3054987017099,2.32589840733715,2.31919950627359,59.71
0.557244876862735,-0.000134215710959698,-0.00577347293747824,2.32366176092475,2.30784134743655,2.3268192773386,2.32030225223905,59.78
0.562771128740676,-0.000126946119372307,-0.00549587838128837,2.3247672279834,2.31027854670254,2.32793498745597,2.32147389217734,59.85
0.568302171115782,-0.000119680799889192,-0.00524258414853873,2.32600476353157,2.3127848809584,2.32924561593736,2.32271609961527,59.92
0.573838059566927,-0.000112442422668797,-0.00501240471381805,2.32736404349779,2.31533212578502,2.33075030219645,2.32403042794127,59.99
0.579378850829825,-0.000105249096530171,-0.00480370053011223,2.32883826178165,2.31789417351666,2.33244675223877,2.32541800897946,60.06
0.584924518854856,-9.81146447005414e-05,-0.00461457736716777,2.3304231257156,2.32045627355069,2.33433092725692,2.32687950289201,60.13
0.590475061234107,-9.10488788731634e-05,-0.00444295779599106,2.33211902305629,2.32301487128025,2.33639755066935,2.32841536288527,60.2
0.596030605442411,-8.40578710468829e-05,-0.00428658840973741,2.33393337528487,2.32557376287983,2.33864067153101,2.3300260335818,60.27
0.601591324336237,-7.71442227717524e-05,-0.00414304637863702,2.33587752403839,2.3281399961034,2.34105364932838,2.33171170192864,60.34
0.607157478498704,-7.03073315675872e-05,-0.00400980894331374,2.33795611781678,2.3307196440138,2.34362887797824,2.33347223581172,60.41
0.612729331349788,-6.35436544146058e-05,-0.00388457649394859,2.34015960619294,2.33331853288287,2.34635788447031,2.3353071833325,60.48
0.618307191086399,-5.68469683374585e-05,-0.00376559525530567,2.34246949621142,2.33594157217456,2.34923123077621,2.33721494349269,60.55
0.623891325367964,-5.02086282160025e-05,-0.00365172558913813,2.34486214315821,2.33859170268938,2.35223815582987,2.33919218812442,60.62
0.629482002810363,-4.36178220583654e-05,-0.00354238301741557,2.34731704712278,2.34127119398625,2.35536640257099,2.34123353513045,60.69
0.635079407203699,-3.70618240641364e-05,-0.00343728849166237,2.34981815934937,2.34398059059081,2.35860216694407,2.34333172723741,60.76
0.64068367851828,-3.05262458881447e-05,-0.00333640904337804,2.35235061285381,2.34671822876254,2.36193023283929,2.345477935355,60.83
0.646294826617458,-2.39952865882226e-05,-0.0032399617895162,2.354897705346,2.3494809589879,2.36533391238907,2.34766199626028,60.9
0.651912771746641,-1.74519818037144e-05,-0.00314841777573291,2.35743762689541,2.35225781685108,2.36879498275629,2.34987245790485,60.97
0.657537257723744,-1.08784527653485e-05,-0.00306250564910728,2.35994355355264,2.35502979077595,2.37229381060612,2.35209675032467,61.04
0.663167955427281,-4.25615578141174e-06,-0.00298315162383825,2.36238748886876,2.35777327335466,2.37580928384398,2.35432122851383,61.11
0.668804566035632,2.4338671199534e-06,-0.00291122867549369,2.36474359856947,2.36046128974348,2.37931861488696,2.35653134181499,61.18
0.674446733473842,9.21073568726042e-06,-0.00284749604121816,2.36699243683733,2.36306822068441,2.38279682571881,2.3587115492345,61.25
0.680094083672451,1.60934763599971e-05,-0.00279253843745399,2.36912136478954,2.36557097059496,2.38621604263744,2.36084498123718,61.32
0.685746136577651,2.31007638738108e-05,-0.0027465144110755,2.37112433781537,2.36794734391737,2.38954510979943,2.36291322972625,61.39
0.691402408520123,3.02506588329618e-05,-0.00270909491435808,2.37300125281217,2.37017899876594,2.39274888744109,2.3648960127788,61.46
0.6970625144047,3.75603405401321e-05,-0.00267946506109609,2.37475456888743,2.37224875221798,2.3957877441161,2.36677103243276,61.53
0.702726079183026,4.50458343968226e-05,-0.00265638907639463,2.37638313803419,2.37413573148329,2.39861730781069,2.36851383574403,61.6
0.708392776217102,5.27217332215057e-05,-0.00263846550782108,2.37787546887294,2.37581866163757,2.40118828689277,2.37009761644564,61.67
0.714062238473641,6.06009118764121e-05,-0.00262425515079416,2.37920877539888,2.37727350717604,2.40344718832792,2.37149359332748,61.74
0.71973409663636,6.8694234648849e-05,-0.00261253581488476,2.38034942840038,2.37847226469444,2.40533698225861,2.37267114061501,61.81
0.725407890075854,7.70102548976201e-05,-0.00260236639167822,2.38125741467351,2.37938544836181,2.40679746090664,2.37359792551721,61.88
0.731083104765779,8.55549065534887e-05,-0.00259302378886212,2.38188870750847,2.37997543849593,2.4077654845262,2.37423973651715,61.95
0.736759084088583,9.43311871486023e-05,-0.00258374924831599,2.38219516884634,2.38019466848129,2.40817486262584,2.3745605753056,62.02
0.742435066625013,0.000103338832151279,-0.00257368518846934,2.3821254783033,2.37998858795644,2.40795574582986,2.37452244199401,62.09
0.748110096878106,0.000112573980493891,-0.00256187556321183,2.38162385144673,2.37929559128684,2.40703416609044,2.3740852596098,62.16
0.753783063035339,0.000122028831306028,-0.00254726625151863,2.38062591410178,2.37804874081015,2.40533185495273,2.37320687580426,62.23
0.759452607731013,0.00013169129200229,-0.00252870551422367,2.3790587853963,2.37617509496854,2.40276672380403,2.37184307978177,62.3
0.765117165925907,0.000141544618024214,-0.00250494455811276,2.3768423231082,2.37359512110576,2.39925305630927,2.36994763605686,62.37
0.770774875881609,0.00015156704469953,-0.00247463825122583,2.37389413834396,2.37022822997152,2.39470160671539,2.36747233672359,62.44
0.776423680882327,0.000161731411859199,-0.00243640955547622,2.37012936294109,2.36599350974432,2.38901973432802,2.36436707399928,62.51
0.782061431218933,0.000172004782044118,-0.00238910476447812,2.36546292199558,2.36081277671319,2.38211164107926,2.36057999839773,62.58
0.787685795957418,0.000182348053339002,-0.00233185848633168,2.3598154580671,2.35461505642342,2.37387884275269,2.35605789147759,62.65
0.793294302166844,0.00019271556809121,-0.00226409545195783,2.35311382711906,2.34733792490425,2.36422049640257,2.35074637402861,62.72
0.798884247621301,0.00020305471900718,-0.00218553270047193,2.34528947217716,2.33893174693406,2.35303371475549,2.34458995172256,62.79
0.804452804663256,0.000213305554369096,-0.00209618216350468,2.3362793143567,2.32935525332475,2.34021393495412,2.33753170974528,62.86
0.809997124775076,0.000223400384379144,-0.00199641717776014,2.32602141460627,2.31856995433054,2.32565534556225,2.32951342074949,62.93
0.815514253410265,0.000233263390918757,-0.00188722996196463,2.31444979137713,2.30653777356689,2.30925137581263,2.32047575070325,63
0.821001172786099,0.000242810243305,-0.00177036244975791,2.30148896827869,2.29322158632921,2.29089518760973,2.31035812022341,63.07
0.826454718675937,0.000251947722936086,-0.00164856451394726,2.28705073149107,2.27858059690686,2.27047992027046,2.29909803309953,63.14
0.831871625390794,0.000260573360042363,-0.00152559840299229,2.27104440612891,2.2625718626334,2.24789881911132,2.28663050950741,63.21
0.837248444996428,0.000268575086097622,-0.00140598928488798,2.25338077355576,2.24515008992128,2.22304595065607,2.272888388519,63.28
0.842581594964984,0.000275830905798445,-0.00129496638627778,2.23397515919214,2.22626633910493,2.19581738149255,2.25780318479154,63.35
0.847867280318216,0.000282208592884267,-0.00119846751767604,2.21274816975224,2.20587192815893,2.16611244369539,2.24130624791497,63.42
0.853101544473395,0.000287565414450038,-0.00112314326695598,2.18962135183665,2.18391819991039,2.13383483669542,2.22332971887324,63.49
0.858280194862135,0.000291747888792035,-0.00107629711626865,2.16451666752554,2.16035539404584,2.09889375997906,2.20380728622877,63.56
0.863398857547479,0.000294591582228399,-0.00106563419226683,2.13735928181897,2.13513361114568,2.06120520731967,2.18267512572339,63.63
0.868452906924591,0.000295920950744736,-0.00109919948400627,2.10807712247197,2.10820053507953,2.02069355302783,2.15987283526075,63.7
0.873437524746294,0.000295549232732886,-0.00118537819822071,2.07660401156177,2.07950741253194,1.9772930523032,2.13534474880824,63.77
0.878347634575275,0.000293278399513572,-0.00133283090832808,2.042882052254,2.04900747550219,1.93094944911484,2.10904099632697,63.84
0.883178029439594,0.000288899170760731,-0.00155023614098334,2.00686562346068,2.01665855957251,1.88162182114251,2.08091875647351,63.91
0.887923502328618,0.00028219110237484,-0.001846221182844,1.9685256506816,1.98242985619217,1.82928409216889,2.0509435134114,63.98
0.892578789171405,0.000272922754780408,-0.00222929022170285,1.92785263029652,1.94630301868912,1.77392646754624,2.0190899382444,64.05
0.897138642088984,0.000260851950048199,-0.00270762245658707,1.88485656636024,1.9082764522509,1.71555685724092,1.98534290453041,64.12
0.90159777904656,0.000245726126660148,-0.0032892480021849,1.83956667859586,1.86836954910196,1.65420285848673,1.94969851179704,64.19
0.905950964180084,0.000227282801145653,-0.00398209312657703,1.79203234213333,1.82662134280046,1.58991398014039,1.91216549874035,64.26
0.910192964923876,0.00020525014621065,-0.00479395803450062,1.74232208194745,1.78309164777558,1.522763980636,1.87276647457967,64.33
0.914318703731741,0.000179347695359849,-0.00573249041270508,1.69052309734213,1.73786290409197,1.452853444674,1.83153953989437,64.4
0.918323414034441,0.000149287184367035,-0.00680515444030328,1.6367436005396,1.69103580163226,1.38031278637326,1.78853985144106,64.47
0.922202610070532,0.000114773540277719,-0.00801919497283365,1.58111364677681,1.64273132076765,1.30530478577398,1.74384119300755,64.54
0.925952188364959,7.5506028922242e-05,-0.00938159661584478,1.52378483288997,1.59309035659256,1.22802728888995,1.69753761370989,64.61
0.929568406951701,3.11795721801714e-05,-0.010899037412079,1.46492682684191,1.54226838137477,1.14871600157196,1.64974506739232,64.68
0.933047996570993,-1.85137535549912e-05,-0.0125778368764339,1.40472809058273,1.49043822469926,1.06764724258594,1.60060298601567,64.75
0.936388149909057,-7.38830260867027e-05,-0.0144238981244377,1.34340136144176,1.43779080240072,0.985141028018093,1.55027622723619,64.82
0.939586643078949,-0.000135236581587225,-0.0164426438538758,1.28118524631272,1.38453988547028,0.901563714232616,1.49895675566184,64.89
0.94264183537479,-0.000202879902452274,-0.0186389459548606,1.2183512577387,1.33092797977931,0.817330949392961,1.44686543260484,64.96
0.945552801458106,-0.000277113277110783,-0.0210170485422927,1.15520948627553,1.27723197454605,0.732892753267907,1.39424253718731,65.03
0.948319341964002,-0.000358229220152935,-0.0235805477438575,1.09210457782505,1.22376639063811,0.64866520272577,1.34130503303648,65.1
0.95094212663632,-0.000446509641357954,-0.0263327456747248,1.02937710488597,1.17086478147053,0.565015417310041,1.28823777427523,65.17
0.953422652405997,-0.000542222752482949,-0.0292774419779956,0.967332241055506,1.11885934648285,0.482264131727926,1.23519615704032,65.24
0.955763143424296,-0.000645619701095938,-0.0324192735409014,0.906235924889875,1.06805480646455,0.400688500688218,1.18230852205861,65.31
0.957966456513108,-0.000756930921245624,-0.0357636657581971,0.846317222813627,1.01871552027089,0.320525187365739,1.12967823882535,65.38
0.960035991948068,-0.000876362191427545,-0.0393167127590368,0.787770656113364,0.971066021954004,0.241973470836156,1.0773857205541,65.45
0.961975609466273,-0.00100409039108053,-0.0430850499097312,0.730758483270291,0.925295567489324,0.165198299922885,1.02549042946458,65.52
0.963789549369448,-0.00114025894780601,-0.0470757183610594,0.675412930204462,0.881557281771102,0.0903332858428583,0.974032869330918,65.59
0.965482358576044,-0.00128497296859314,-0.0512960213880142,0.621838362231942,0.839969012743378,0.017483627344703,0.92303656301155,65.66
0.967058821461099,-0.00143829404961584,-0.0557533722545912,0.570113392682563,0.800614997566051,-0.0532710367706098,0.872510013404671,65.73
0.96852389531099,-0.0016002347606296,-0.0604551333262886,0.520292924186892,0.76354744705502,-0.121873851774004,0.822448646920059,65.8
0.969882650211202,-0.0017707528016557,-0.0654084461487508,0.472410119623585,0.72878804517585,-0.188288050830653,0.772836739131133,65.87
0.971140213178537,-0.001949744831508,-0.0706200522130479,0.42647849117764,0.696329361591458,-0.252494340704058,0.723649322769049,65.94
0.972301716344881,-0.00213703996981846,-0.0760961041365923,0.382494296788012,0.666136176428667,-0.314488370759714,0.674854078646295,66.01
0.973372248997492,-0.00233239297653647,-0.0818419670039825,0.340437719010369,0.638146717538564,-0.374278286019626,0.62641321044903,66.08
0.974356813280483,-0.00253547711546221,-0.0878620096345045,0.30027435087378,0.612273811584792,-0.431882364449072,0.578285304618145,66.15
0.975260283363875,-0.00274587671120044,-0.0941593855731417,0.261956798922164,0.588405951306435,-0.487326738180632,0.530427176747605,66.22
0.976087367889791,-0.00296307941203884,-0.100735803640039,0.225426214185939,0.566408282271468,-0.540643197992793,0.482795706066742,66.29
0.976842575510302,-0.00318646817464076,-0.10759128791966,0.1906137528803,0.546123513364158,-0.591867080061033,0.435349659640578,66.36
0.977530183337671,-0.0034153129901279,-0.114723927126041,0.157441969063747,0.527372756139791,-0.641035233784062,0.388051507919987,66.43
0.978154208135393,-0.0036487623751234,-0.1221296133448,0.125826141871474,0.509956299035879,-0.688184069350725,0.340869233201617,66.5
0.97871838008718,-0.0038858346556296,-0.129801770226395,0.0956755402670321,0.493654513808446,-0.733347683655677,0.29377813241642,66.57
0.979226118990985,-0.00412540907624887,-0.137731070789027,0.0668946285331521,0.478229092354433,-0.776556063188283,0.246762615455417,66.64
0.979680512736068,-0.00436621677221365,-0.145905145083396,0.03938421595118,0.463423097837689,-0.817833362606764,0.19981799996296,66.71
0.980084297932878,-0.0046068316469994,-0.154308341595402,0.0130425543039526,0.448963459756657,-0.85719625786512,0.152952303180002,66.78
0.980439842578231,-0.00484566120393365,-0.162921796933545,-0.0122336130257412,0.434577229025758,-0.894652436502414,0.106188094523212,66.85
0.980749130651555,-0.0050809373862112,-0.171724004952922,-0.0365480464891327,0.420028399856085,-0.930199415022416,0.0595645991379272,66.92
0.981013812070617,-0.00531070748606508,-0.180692203623406,-0.060004046409774,0.405148757863091,-0.963823492524227,0.0131397974775984,66.99
0.981235444967794,-0.00553282519053241,-0.189803945267919,-0.0827035256770853,0.389854696347783,-0.995498777165378,-0.0330078617098548,67.06
0.9814155491114,-0.00574500535681339,-0.199038596953975,-0.104746115164985,0.374142321314958,-1.02518666709773,-0.0787790899869048,67.13
0.98155559744935,-0.005945069635706,-0.208378517810651,-0.126228297996557,0.358070566778922,-1.05283750186546,-0.124057781303753,67.2
0.98165700923584,-0.00613100191754117,-0.217809850531068,-0.147242568863715,0.34173987931643,-1.07839514794902,-0.168721019269373,67.27
0.981721144684933,-0.00630094072031508,-0.227322864209407,-0.167876614729762,0.325270725496578,-1.10180280531733,-0.212651199348033,67.34
0.981749301096999,-0.00645317211542839,-0.236911722001158,-0.188212513395243,0.308780711644423,-1.12300755986954,-0.255744553922176,67.41
0.981742710406211,-0.00658612326201576,-0.246574118608678,-0.208325946590159,0.292376127603592,-1.14196152427193,-0.297912845205028,67.48
0.981702538099639,-0.00669835661522895,-0.256310914853807,-0.228285424469583,0.276151685254613,-1.15862128419936,-0.339082104576602,67.55
0.981629883461025,-0.0067885648684508,-0.266125769427747,-0.24815151863318,0.260191714776929,-1.17294717625428,-0.379191089491528,67.62
0.98152578109482,-0.0068555666842618,-0.276024767787668,-0.267976101062614,0.244570210778079,-1.18490265329688,-0.41818996893596,67.69
0.981391203688555,-0.00689830326400954,-0.286016048063074,-0.287801777228663,0.229351249520361,-1.19445373870147,-0.456038858664756,67.76
0.981227065974122,-0.00691583580101759,-0.296109423742261,-0.307661701950421,0.214589583866711,-1.20156863445438,-0.492706335163985,67.83
0.981034229850856,-0.0069073438578088,-0.306316002831206,-0.327578251939496,0.200331222944432,-1.20621761142734,-0.528167993387398,67.9
0.980813510635533,-0.0068721247031366,-0.316647803113239,-0.347562078218513,0.186613994436437,-1.20837280192841,-0.562405049473132,67.97
0.980565684406389,-0.00680959364008332,-0.327117363088628,-0.367611347011601,0.173468087742952,-1.2080080227015,-0.595402989379902,68.04
0.980291496410048,-0.00671928535201482,-0.337737348138564,-0.387710978150227,0.160916576568551,-1.20509869295562,-0.627150264166886,68.11
0.979991670501715,-0.00660085628866451,-0.348520151438157,-0.407831881069086,0.148975919780774,-1.19962184842322,-0.657637032478835,68.18
0.979666919590192,-0.00645408811006456,-0.359477489138273,-0.427930188971586,0.137656439657571,-1.1915562523839,-0.686853950684786,68.25
0.97931795706005,-0.00627889220139922,-0.370619989346481,-0.447946492278514,0.126962776893399,-1.18088260452817,-0.71479101105285,68.32
0.97894550914371,-0.00607531526706123,-0.381956774463277,-0.467805073036564,0.116894321967789,-1.16758384846839,-0.741436428324419,68.39
0.978550328216186,-0.0058435460072704,-0.39349503647102,-0.487413333111285,0.107445622696507,-1.15164557863231,-0.766775575076709,68.46
0.978133206984704,-0.00558392287541275,-0.405239604830832,-0.506661609609308,0.0986067679862789,-1.13305654718418,-0.790790029847663,68.53
0.977694993544456,-0.00529694290888118,-0.41719250671588,-0.52542185661572,0.090363747998075,-1.11180927152211,-0.813456865624095,68.6
0.977236607270162,-0.00498327162043843,-0.429352519400004,-0.543546721878559,0.0826987910947755,-1.08790074277366,-0.834747798288126,68.67
0.976759055511038,-0.00464375393112028,-0.441714714727061,-0.560869023326548,0.0755906781045941,-1.06133323557271,-0.854628322938779,68.74
0.976263451054,-0.00427942611922559,-0.454270059229193,-0.577205188075881,0.0690150345759788,-1.03211521922518,-0.873056966208287,68.81
0.975751030316631,-0.00389152875313497,-0.467005197121242,-0.592365201016805,0.0629446018304352,-1.00026294183951,-0.889985735708791,68.88
0.975223172227356,-0.00348152056836307,-0.479902098924534,-0.606145123431012,0.0573494877408417,-0.965803957457761,-0.905363419667436,68.95
0.974681417745617,-0.00305109324149847,-0.492937830305175,-0.618329755966773,0.0521973982721684,-0.928779800732856,-0.919137038188937,69.02
0.974127489969334,-0.00260218700532167,-0.506084187741548,-0.628687350948462,0.047453850922684,-0.889249141971341,-0.931254179383031,69.09
0.973563314770829,-0.00213700704054585,-0.519307519489817,-0.636968895405017,0.04308237129481,-0.8472904046446,-0.941664253288095,69.16
0.9729910418954,-0.00165804057012637,-0.532568669405021,-0.642923025874886,0.0390446741086477,-0.803004287744422,-0.950319681876335,69.23
0.972413066449001,-0.00116801105346747,-0.545823298974665,-0.646320740680149,0.0353008300471345,-0.756519048311478,-0.957180965209017,69.3
0.971832050692995,-0.0006696423489943,-0.559022843129128,-0.646982805018052,0.0318094198907911,-0.708000001191351,-0.96222683237483,69.37
0.971250882535999,-0.000165613853902282,-0.572115847438515,-0.644797725386714,0.028527677462853,-0.65766189718146,-0.965467700134053,69.44
0.970672443584634,0.000341420519476504,-0.58504937094574,-0.639732713764979,0.025411432406885,-0.605778265966914,-0.966957549067199,69.51
0.970099567755662,0.000848813151445307,-0.597770456587933,-0.631838789059407,0.0224146638715246,-0.552678378379746,-0.966799643422874,69.58
0.969534999784414,0.00135390340811651,-0.610227798251498,-0.621246523517101,0.0194901912330429,-0.498733850168594,-0.96513662831143,69.65
0.968981162966225,0.00185406183953304,-0.622373161838854,-0.608157386631455,0.0165899791607466,-0.444336208704572,-0.962132749631945,69.72
0.968440117138828,0.00234692502089336,-0.634162435256124,-0.592827251619833,0.0136652493770001,-0.389870871195013,-0.957956893445319,69.79
0.967913579776612,0.00283044002448877,-0.645556245634834,-0.575544534120957,0.0106665914973628,-0.335699461130592,-0.952772345864068,69.86
0.967402946599566,0.00330284564917935,-0.656519954909315,-0.55660168313002,0.00754407480913505,-0.28215260801918,-0.946732377828347,69.93
0.966909311631343,0.00376265400428701,-0.667023289324462,-0.53627347928615,0.00424736287069214,-0.229529087966609,-0.939979234869455,70
0.966433486653102,0.00420863251514405,-0.67703992178894,-0.514813499319605,0.000725832833811818,-0.1780974813977,-0.93264423935922,70.07
0.965976020011335,0.00463978640711281,-0.686547071748575,-0.492454889171203,-0.0030712985934546,-0.128098176891244,-0.924848047045501,70.14
0.965537214748599,0.00505534171517051,-0.695525123586151,-0.469411180375379,-0.00719484061475562,-0.0797453297686079,-0.916700925830782,70.21
0.965117146036153,0.0054547288570689,-0.703957264417886,-0.445877140815132,-0.0116954833098435,-0.0332287662627325,-0.908303052193206,70.28
0.96471567789684,0.00583756679968005,-0.71182914203675,-0.42202965170638,-0.0166236401597783,0.011284174907252,-0.899744821046179,70.35
0.964332479215231,0.00620364784032664,-0.71912854364531,-0.398028603382715,-0.0220292762023036,0.0536468708005716,-0.891107165216446,70.42
0.96396703904013,0.00655292301772359,-0.725845095927379,-0.374017803134219,-0.0279617198968285,0.0937317187488672,-0.882461881093742,70.49
0.963618681191944,0.00688548816053226,-0.731969986925516,-0.350125889000547,-0.0344694567964174,0.13142852267704,-0.873871957365396,70.56
0.963286578194309,0.00720157057548933,-0.737495710121787,-0.32646724403214,-0.0415999031478015,0.166642966125369,-0.865391904097664,70.63
0.962969764555654,0.00750151637153138,-0.742415831059018,-0.303142906111161,-0.0493991575729017,0.199295176181094,-0.857068079760931,70.7
0.962667149432143,0.00778577841134956,-0.74672477679025,-0.280241468966844,-0.057911729026985,0.229318381924766,-0.848939014119582,70.77
0.962377528708729,0.0080549048772413,-0.750417648402803,-0.257839970529264,-0.0671802392777008,0.256657670441778,-0.841035725217451,70.84
0.962099596539794,0.00830952843408955,-0.75349005683073,-0.236004765239164,-0.0772450982107081,0.281268842953844,-0.8333820289885,70.91
0.961831956395218,0.00855035596863341,-0.755937982143248,-0.214792567928085,-0.0881441503398182,0.303117373168938,-0.825994840308677,70.98
0.961573131661552,0.00877815888099159,-0.757757656477366,-0.194251857288703,-0.09991229098364,0.3221774695415,-0.818884464579348,71.05
0.961321575851456,0.00899376390155794,-0.758945470768628,-0.174423112320669,-0.112581050669009,0.338431242764304,-0.812054879195808,71.12
0.961075682477624,0.00919804440392818,-0.759497905424301,-0.155339404347196,-0.126178146433713,0.351867979480907,-0.805504004506319,71.19
0.960833794650062,0.00939191218240612,-0.759411485076755,-0.137027152500497,-0.140726998829928,0.362483522904257,-0.799223964108424,71.26
0.960594214457874,0.00957630966085385,-0.75868275755168,-0.11950685085531,-0.156246213575028,0.370279760754154,-0.793201334560077,71.33
0.96035521219867,0.00975220249818981,-0.757308297183516,-0.10279376619906,-0.172749026960613,0.375264220674829,-0.787417384804243,71.4
0.960115035520213,0.00992057255466208,-0.755284732609879,-0.0868986056529242,-0.190242714313749,0.377449773064235,-0.781848305816962,71.47
0.959871918540196,0.0100824111821411,-0.752608799175229,-0.0718281535580946,-0.208727961010202,0.376854441028847,-0.776465431191332,71.54
0.959624091010856,0.0102387128010517,-0.749277416071853,-0.0575858772149133,-0.228198195766309,0.373501316975409,-0.771235449563389,71.61
0.959369787595677,0.0103904687262072,-0.745287788342182,-0.0441725012126039,-0.248638886187435,0.367418585152681,-0.76612060997103,71.68
0.959107257325587,0.0105386612036846,-0.740637533859318,-0.0315865502135159,-0.27002679682797,0.358639649264083,-0.761078921414211,71.75
0.958834773301865,0.0106842576209984,-0.735324835391347,-0.0198248601611965,-0.29232921032142,0.347203364075143,-0.75606434805388,71.82
0.958550642712428,0.0108282048531756,-0.72934861783914,-0.00888305796514192,-0.315503112471298,0.33315436974155,-0.75102700164875,71.89
0.958253217227257,0.0109714237079009,-0.722708750716154,0.00124399022047214,-0.339494533109996,0.316543527375314,-0.745913332983145,71.96
0.957940903837395,0.011114803433678,-0.715406275909387,0.0105617619598013,-0.364238234925347,0.297428454144214,-0.740666324185994,72.03
0.957612176200284,0.0112591962559519,-0.707443660725664,0.0190756925476337,-0.389656227868355,0.275874155963879,-0.735225683980621,72.1
0.95726558655207,0.0114054119073352,-0.698825076181226,0.026790819864075,-0.415656636083277,0.251953755581081,-0.729528048036997,72.17
0.956899778244972,0.0115542121194935,-0.689556700439476,0.0337114598673489,-0.442132729783088,0.225749313568059,-0.723507186723125,72.24
0.95651349896482,0.0117063050458666,-0.679647047235455,0.0398409125341758,-0.468961935023086,0.197352739433804,-0.717094222668895,72.31
0.956105614680367,0.0118623395862285,-0.669107319049982,0.045181198085639,-0.496004825446035,0.166866789721027,-0.710217860665357,72.38
0.955675124372027,0.0120228995861355,-0.657951784706272,0.0497328233739844,-0.523104100677026,0.134406149578233,-0.702804632522682,72.45
0.955221175583155,0.0121884978865678,-0.646198180960163,0.0534945783553199,-0.550083556687956,0.100098593884903,-0.694779159602727,72.52
0.954743080831928,0.0123595702015525,-0.633868137537176,0.0564633626296968,-0.576747054133312,0.0640862235507303,-0.686064435824103,72.59
0.9542403349162,0.0125364688042602,-0.620987624938068,0.0586340420961586,-0.602877491378951,0.0265267721121429,-0.676582134011,72.66
0.953712633137437,0.0127194560050117,-0.607587424185537,0.0599993358417615,-0.628235789705589,-0.012405022798052,-0.666252938518572,72.73
0.953159890462861,0.0129086974078094,-0.593703617519338,0.0605497334607565,-0.652560089522971,-0.0525159891281979,-0.654996907117804,72.8
0.952582261637282,0.0131042549354402,-0.5793780988636,0.0602734430820705,-0.675565357266833,-0.0935931014194643,-0.64273386516028,72.87
0.951980162247758,0.013306079616882,-0.564659039169535,0.0591563704680375,-0.696945064442618,-0.135402207559416,-0.629383835067453,72.94
0.951354290735033,0.0135140041346994,-0.54960092392277,0.0571821296336704,-0.716392417260676,-0.177686655330432,-0.614867567715236,73.01
0.950705651335778,0.013727735134344,-0.534263843386589,0.0543320855235922,-0.73363771841016,-0.220167225092969,-0.599107750425671,73.08
0.950035577928864,0.0139468453017844,-0.518712795731351,0.0505854293707998,-0.748446230204339,-0.262545982644424,-0.582032037911097,73.15
0.949345695228746,0.0141707652206929,-0.503016873727448,0.0459192874473568,-0.760624950500878,-0.304512983055751,-0.563577782061726,73.22
0.948637690238308,0.0143987750255312,-0.48724858660377,0.0403088639988648,-0.770027385114499,-0.345757932909011,-0.543699606636465,73.29
0.947913275011829,0.0146300593908045,-0.47148306036874,0.0337276192337999,-0.776547939602858,-0.385986187488952,-0.522380019752112,73.36
0.947174213626957,0.0148639529206074,-0.455797431428217,0.026147483311473,-0.780109175488724,-0.424933949652498,-0.499640969721959,73.43
0.946422349781781,0.0150999948568649,-0.440270303603936,0.0175391073390055,-0.780662324468688,-0.462379378546142,-0.475553867614782,73.5
0.94565963494957,0.0153379201683155,-0.424981202097632,0.00787215244516191,-0.7781872800376,-0.498151714265219,-0.450248837856321,73.57
0.944888093502218,0.0155776505563768,-0.410009894371635,-0.00288438195231983,-0.772705788386459,-0.53213804574022,-0.423922368351463,73.64
0.944109597691232,0.015819285388042,-0.395435193808314,-0.0147617895312215,-0.764294119258195,-0.564289316279043,-0.396841703639477,73.71
0.943325833521612,0.0160630925588595,-0.381333624227141,-0.0277912469228326,-0.753096486220111,-0.594622458621486,-0.369338605416092,73.78
0.942538266891974,0.0163094992822576,-0.367778069300998,-0.0420033608524753,-0.739326509659992,-0.623209514696424,-0.341795519167249,73.85
0.94174791938128,0.0165590827950703,-0.354836467482791,-0.0574276713782155,-0.723267006997729,-0.650159011541688,-0.314622673431947,73.92
0.940955334738875,0.0168125609630354,-0.342570740228103,-0.0740921100635588,-0.705261686604396,-0.675596514278521,-0.288228955597864,73.99
0.940160609002052,0.0170707827643308,-0.331035887413397,-0.0920224119626809,-0.685696003404811,-0.699652291942338,-0.263001031002675,74.06
0.939363420701725,0.0173347186238463,-0.320279692224853,-0.111241480356385,-0.664962589854548,-0.722456091463156,-0.239295961927346,74.13
0.93856306115235,0.0176054505659011,-0.310343033423945,-0.131768703263172,-0.643433415782391,-0.744135140234156,-0.217440070681446,74.2
0.937758464838162,0.0178841621484805,-0.301260295018275,-0.153619220855838,-0.621455304164125,-0.764813149188368,-0.197729586882615,74.27
0.936948239922529,0.0181721281378249,-0.293059744740324,-0.176803143050226,-0.599351321086909,-0.784609485800263,-0.180431415009012,74.34
0.93613069892086,0.0184707038783222,-0.285763880021102,-0.201324716693224,-0.577421039640841,-0.803638385265724,-0.16578362981799,74.41
0.935303889589885,0.0187813143091981,-0.279389740379432,-0.227181441971108,-0.555941189867905,-0.822008195315912,-0.153996070568328,74.48
0.934465626097463,0.0191054425764084,-0.273949185367077,-0.254363328436243,-0.535166492791601,-0.839820650316663,-0.145250897930311,74.55
0.93361352054708,0.0194446181855123,-0.26944913741909,-0.282852481308919,-0.515330477419953,-0.857170170528392,-0.139703042066012,74.62
0.932745014940173,0.0198004046390673,-0.265891789155386,-0.31262149399224,-0.496646271008909,-0.874143182653884,-0.137480534933204,74.69
0.931857413667066,0.0201743865003402,-0.263274774868598,-0.343632171937537,-0.479307353681257,-0.890817458079839,-0.138684720907094,74.76
0.930947916623807,0.0205681558238226,-0.261591306113651,-0.37583458891228,-0.46348826927342,-0.907261465522522,-0.143390340838909,74.83
0.930013653057423,0.0209832978922581,-0.260830335006788,-0.409168065095619,-0.449345285032398,-0.923533735117698,-0.151645549206951,74.9
0.9290517162461,0.0214213761995831,-0.260976872528551,-0.44356413241595,-0.437016993505867,-0.939682294867991,-0.163471988548222,74.97
0.928059199123467,0.0218839166194702,-0.262012081139033,-0.478940500721137,-0.426624850666634,-0.955744304257605,-0.178864538224095,75.04
0.927033230957542,0.0223723906999862,-0.263913269312786,-0.51519873113259,-0.41827364498628,-0.971745502095266,-0.197790863734278,75.11
0.925971015194895,0.0228881980263172,-0.266653852230092,-0.552222316771271,-0.412051892825689,-0.987699594209703,-0.220190830295409,75.18
0.9248698685792,0.0234326475955872,-0.270203279489343,-0.589875111100605,-0.408032156146326,-1.00360764353917,-0.245975781919179,75.25
0.923727261650506,0.02400693815055,-0.274526930854413,-0.628000298892328,-0.406271279167129,-1.01945746209649,-0.275027688287827,75.32
0.922540860727216,0.0246121374224034,-0.279585981202062,-0.666421502973658,-0.406810541200536,-1.03522300477308,-0.30719822632989,75.39
0.921308571466935,0.0252491602371488,-0.285337235989242,-0.704944762354182,-0.409675723498751,-1.05086376545015,-0.342307928035034,75.46
0.920028584094831,0.0259187454449704,-0.291733002240092,-0.743355735294302,-0.414877088538498,-1.06632417641367,-0.38014508257689,75.53
0.918699420379043,0.0266214316378907,-0.298721250773156,-0.781428331946863,-0.42240927076028,-1.08153307613906,-0.420464717180166,75.6
0.917319918903286,0.0273575316277155,-0.30624619852295,-0.818946944315821,-0.432251078372894,-1.09640356515938,-0.462987855364739,75.67
0.915889031656072,0.0281271056638924,-0.314249312934673,-0.855727482192349,-0.444365206427954,-1.11083376087816,-0.507402713387521,75.74
0.914405813093172,0.0289299968980614,-0.3226700418482,-0.891615436299993,-0.458697861974918,-1.12470928037455,-0.553369687545149,75.81
0.912869474676335,0.0297660561298011,-0.331446779245483,-0.926482190862278,-0.475178302719546,-1.13790777266055,-0.600529890112585,75.88
0.91127944140539,0.0306351747270213,-0.340517306940758,-0.960203838911982,-0.493718291240185,-1.15030525064668,-0.648516675140959,75.95
0.909635410373478,0.0315372527635013,-0.349818651040063,-0.992639782415763,-0.514211467459995,-1.16178111503148,-0.696963942902928,76.02
0.907937411366898,0.0324721658964546,-0.359287054245982,-1.02362395281228,-0.536532642743215,-1.17222073147473,-0.745509521907103,76.09
0.906185869520777,0.0334397309881181,-0.368858066407649,-1.05297037237896,-0.560537019672493,-1.18151702656028,-0.793796437226577,76.16
0.904381606510471,0.034439670476342,-0.378466946301022,-1.08049801716451,-0.586059342283898,-1.18957307598109,-0.841475890047903,76.23
0.902525653225488,0.0354715755013661,-0.388049440611503,-1.10604646860313,-0.612913172838565,-1.19630943660358,-0.888216598877888,76.3
0.900619255006875,0.036534867799618,-0.397542879062922,-1.12948598116492,-0.640890682545267,-1.20167400291004,-0.9337160693456,76.37
0.898663942371765,0.0376287603803347,-0.406887270542027,-1.15072000301883,-0.669764614821422,-1.20565127837737,-0.977710819783605,76.44
0.896661540140081,0.0387522170073112,-0.416026085007372,-1.1696900000067,-0.699300368815931,-1.20826750668147,-1.01998385905122,76.51
0.894613987868017,0.0399039105160203,-0.424906659945488,-1.18637051805915,-0.729272495111361,-1.20958740754462,-1.06036999826127,76.58
0.892523352630959,0.0410822435243868,-0.433480233526099,-1.20077252557462,-0.759493552256353,-1.20971013846885,-1.09875354205269,76.65
0.890391843526343,0.0422855586246806,-0.441701669981819,-1.21294347634062,-0.789823509759185,-1.2087674017664,-1.13506535275782,76.72
0.888221637261977,0.0435121570049852,-0.44952926018345,-1.22297952757795,-0.82017456795991,-1.20692235923078,-1.16928043522406,76.79
0.886014832339356,0.0447602526003145,-0.456924980243521,-1.23103079214798,-0.850498950457462,-1.20436718980695,-1.20141458401516,76.86
0.883773277675227,0.0460279888754489,-0.46385476510626,-1.23729644529941,-0.880785588070948,-1.20131769609463,-1.23151882359519,76.93
0.881498529656605,0.0473136453444909,-0.47028911616417,-1.24201939859741,-0.911043782288114,-1.19800723906161,-1.25967316537355,77
0.879191683484947,0.0486156527854713,-0.4762034090103,-1.24548364588624,-0.941303638911795,-1.1946771344478,-1.28597783766856,77.07
0.876853396343847,0.0499325442525257,-0.481578283559497,-1.24800023445106,-0.971604751732368,-1.19156597924939,-1.31054420874402,77.14
0.874483975311344,0.0512629689827754,-0.486399799882279,-1.24989023509007,-1.00198895126167,-1.18889885193217,-1.33348647897209,77.21
0.87208340295416,0.0526058962907882,-0.490659233450856,-1.25146952675773,-1.03250448521381,-1.18687923568258,-1.35491585293017,77.28
0.869651173555016,0.0539606283896756,-0.494352700885765,-1.25304249771346,-1.06320225596385,-1.1856867685771,-1.37493845748733,77.35
0.867186321085798,0.0553267492150766,-0.49748112468571,-1.2548970924738,-1.09412443076206,-1.18547617607787,-1.39365382572924,77.42
0.864687511908665,0.0567040727974513,-0.500049774867065,-1.25728461466528,-1.12530034968808,-1.18637515586632,-1.41115292639042,77.49
0.862153138722777,0.0580925911988834,-0.502067514517401,-1.26040999993283,-1.15674674439359,-1.18848787857673,-1.42751941908693,77.56
0.859581415806912,0.0594924220217947,-0.50354638425261,-1.26443261290605,-1.18845886410625,-1.19190225750281,-1.44283330613421,77.63
0.856970475618571,0.0609037554902229,-0.504501715797543,-1.26947050985295,-1.22039193664744,-1.19669482196569,-1.45717335718242,77.7
0.854318466817071,0.062326801099501,-0.504952139045907,-1.27559590184595,-1.25245608550275,-1.20292950688714,-1.4706158263833,77.77
0.851623653781129,0.0637617338274448,-0.504919482014538,-1.28283439063677,-1.28451746357327,-1.21065670751137,-1.48323339724227,77.84
0.848884517690893,0.0652086398993872,-0.504428562983204,-1.29117038819636,-1.31640198646983,-1.21991297795551,-1.49509479688647,77.91
0.846099859239901,0.0666674621007544,-0.503507445655497,-1.30055382798423,-1.34789341302034,-1.2307204188928,-1.50626393364731,77.98
0.843268839515711,0.0681379446342277,-0.502187838801256,-1.31093402053518,-1.37875385482201,-1.24308340279342,-1.51679766608507,78.05
0.840390832057572,0.0696196410425547,-0.500505385233978,-1.32228546579769,-1.40875878313471,-1.25697971405041,-1.52674054955194,78.12
0.837465467235203,0.0711121122437329,-0.498499394283561,-1.33460669547287,-1.43771916547779,-1.27235201110155,-1.53611998816066,78.19
0.834492678416671,0.0726149335832239,-0.4962121434445,-1.3479076448522,-1.46548578590205,-1.2891046294123,-1.54494433123151,78.26
0.831472559383661,0.0741276379569119,-0.493687938261683,-1.3621876504007,-1.49194801518833,-1.30710496530184,-1.55320359559337,78.33
0.828405414108628,0.0756497220584013,-0.490972436996338,-1.37743767414369,-1.51703249925921,-1.3261916673989,-1.56087414730448,78.4
0.825291808334454,0.0771808428054412,-0.488112174869658,-1.39363632949718,-1.54067852225125,-1.3461822725795,-1.56792308740328,78.47
0.82213243238909,0.0787208228523065,-0.485153714480204,-1.41072109798616,-1.56281678849562,-1.36687635434018,-1.57431030996928,78.54
0.818928156325628,0.0802695922382124,-0.482142865256652,-1.42857723173741,-1.58336585400423,-1.38806276554028,-1.57999337873488,78.61
0.815680150324101,0.0818271296974086,-0.479123779620723,-1.44703640438521,-1.60223731753245,-1.40952907755018,-1.58493452504179,78.68
0.812390006802568,0.0833934036339919,-0.4761381781943,-1.46587838180855,-1.61933592725202,-1.43107119119992,-1.58910856186337,78.75
0.809059800673612,0.084968312762622,-0.473224448298829,-1.48484200743783,-1.63457143881057,-1.45250090441504,-1.59250949213346,78.82
0.805691960648095,0.0865516264167275,-0.470417058792374,-1.50365440304725,-1.64787397092417,-1.47365188889966,-1.59515593933689,78.89
0.802289269100564,0.08814298804695,-0.467746543859119,-1.52206956572623,-1.65920517610519,-1.49438154226053,-1.59708962037065,78.96
0.798854736329617,0.0897421089556437,-0.465239673326683,-1.5398905826658,-1.6685633235609,-1.51456656226974,-1.59835904719748,79.03
0.795391603182111,0.0913487711686639,-0.462919808346429,-1.5569801098464,-1.67598953680438,-1.53410145891414,-1.59901583228763,79.1
0.791903154333834,0.0929627664924809,-0.460807060303234,-1.57325188095365,-1.68156025915105,-1.552898548014,-1.59911527509677,79.17
0.788392532659912,0.0945838352838163,-0.458918442618883,-1.58865449458846,-1.68538017373066,-1.57088784246863,-1.59871716242481,79.24
0.784862808644979,0.0962116684586596,-0.457268141718747,-1.60315402556933,-1.68756680958974,-1.58801544706365,-1.5978848749869,79.31
0.781317050638853,0.0978460997875685,-0.45586739836341,-1.61672162369268,-1.68824385295672,-1.60424198396208,-1.59668413181306,79.38
0.777758205284677,0.0994871073767169,-0.45472457047211,-1.62933169095244,-1.68753109071366,-1.61954035223944,-1.59518092543901,79.45
0.774189105595941,0.101134751378035,-0.453845504046093,-1.64096809758952,-1.68554571772135,-1.63389479205202,-1.59344137669308,79.52
0.77061235249596,0.102789111448211,-0.453233894278537,-1.65162840198078,-1.68240255379466,-1.64730080984723,-1.59153242675027,79.59
0.767030387305199,0.104450223954632,-0.452891446070279,-1.66133191865977,-1.67822123271214,-1.65976590169893,-1.58952349096619,79.66
0.763445564521273,0.106118082444183,-0.452818151402252,-1.67012344062155,-1.67313267309727,-1.67131031271186,-1.58748811915125,79.73
0.759860034242597,0.107792828410509,-0.453012365905072,-1.67806696200435,-1.66728565231229,-1.68196745109394,-1.58550496092556,79.8
0.756275751739268,0.109474751247699,-0.453470811662864,-1.68524515207269,-1.66084369648064,-1.69178243167732,-1.58365657241928,79.87
0.752694360015116,0.111164224422016,-0.454188633350854,-1.69175250954857,-1.65398307913676,-1.7008109707728,-1.5820286020693,79.94
0.749117199361217,0.11286164136958,-0.4551595713499,-1.69769146788676,-1.64688379191271,-1.70911748731161,-1.58070789144529,80.01
0.745545189764129,0.114567414624684,-0.456375807392197,-1.70316903421423,-1.63973107523109,-1.71677405964496,-1.57978183803815,80.08
0.741978903711089,0.116282165200804,-0.457828054644502,-1.70829357693971,-1.63270971694933,-1.72385883814516,-1.57933673003867,80.15
0.73841863880112,0.118006721096259,-0.459505384377944,-1.71317239316111,-1.62600762674693,-1.73045486364956,-1.57945663774897,80.22
0.734864299584188,0.1197420519379,-0.461395361246248,-1.71791094101525,-1.61980809919029,-1.73664757377611,-1.58022076223429,80.29
0.731315469728939,0.12148920325021,-0.463484042958339,-1.72261563844135,-1.61429813484443,-1.74252372525809,-1.58170254099086,80.36
0.727771483966646,0.123249230313279,-0.4657559083378,-1.72739622265439,-1.60966664276351,-1.74816899775236,-1.58396669650595,80.43
0.724231309271206,0.125023195088741,-0.468193841337979,-1.73236061570249,-1.60610248965211,-1.75366611786695,-1.58706689270791,80.5
0.720693616412421,0.126812353210513,-0.470779235122943,-1.73761309010644,-1.60379213443607,-1.75909254737696,-1.59104259944677,80.57
0.71715685136591,0.128618149887572,-0.473491772236322,-1.74324721899899,-1.60291550717137,-1.76451785952738,-1.59591560761037,80.64
0.713619116074319,0.130442151707968,-0.476309516753655,-1.74934357924156,-1.60363968058092,-1.77000080048766,-1.60168581228189,80.71
0.710078239730892,0.132285977807963,-0.479208874562468,-1.75595308489336,-1.60610206999539,-1.77558717665837,-1.60832804165464,80.78
0.706531913620297,0.134151230346999,-0.482164422606223,-1.76308538473404,-1.61040767358472,-1.78130843856734,-1.61578993172733,80.85
0.70297782608001,0.136039424227271,-0.485148607992522,-1.77070346530687,-1.61662866025451,-1.78717918110028,-1.62398786238287,80.92
0.699413734150916,0.13795191599725,-0.488131953121469,-1.77874586488942,-1.62480376046634,-1.7931961631422,-1.63280521261266,80.99
0.695837344967701,0.139889831881905,-0.491083704364525,-1.7871368641061,-1.63491929094044,-1.79934754811671,-1.64210684863996,81.06
0.692246388086409,0.141853994888358,-0.493972798376061,-1.795788720645,-1.6469005222541,-1.80562207548809,-1.65175168299838,81.13
0.688638751799019,0.143844850944536,-0.496768893129476,-1.8046045259509,-1.66061040454342,-1.81201714732263,-1.66160286500654,81.2
0.685012620002227,0.145862457558411,-0.499443464855212,-1.81348289407185,-1.67584911175535,-1.81854589380552,-1.67153637017304,81.27
0.681366546181476,0.147906662017987,-0.501971226104077,-1.82233293428606,-1.69235371097414,-1.82524023239718,-1.6814476125818,81.34
0.677699337541996,0.149977088017543,-0.504331866014021,-1.83108382220356,-1.70979815499357,-1.83214452103489,-1.69125525920165,81.41
0.674010130453775,0.152073057753137,-0.50651173262186,-1.83969672200536,-1.72780002352786,-1.83930298012983,-1.70089329397082,81.48
0.670298466699933,0.154193576539177,-0.508504759279711,-1.8481666128136,-1.74596241822079,-1.84673986545231,-1.71029571758409,81.55
0.666564180005325,0.156337507009092,-0.510312127542258,-1.85651173399488,-1.76392676168826,-1.85444376016097,-1.7193853189291,81.62
0.66280741045621,0.158503551825739,-0.511941047869509,-1.86474829946958,-1.78139319575493,-1.86236710089166,-1.72807312668447,81.69
0.659028492743078,0.160690235500594,-0.513403102737182,-1.87287245790046,-1.79813114149557,-1.87043769890014,-1.73626619384041,81.76
0.655227972296174,0.162896075926822,-0.514713231705426,-1.88087452455314,-1.81396161207158,-1.87857558855317,-1.74388022496501,81.83
0.651406495226691,0.165119564570265,-0.515888976899654,-1.8887492793295,-1.82874889022532,-1.88670148581264,-1.7508463150482,81.9
0.647564889646216,0.167359145930513,-0.516949988339043,-1.8964872773888,-1.84238125138097,-1.89474086137285,-1.75711421679734,81.97
0.643704247783687,0.169613386885237,-0.51791759789164,-1.9040716907586,-1.85476188931312,-1.90262642626181,-1.76265417158207,82.04
0.63982581831224,0.171880954864873,-0.518814334072918,-1.91147795001952,-1.86580674573568,-1.91029973143465,-1.76745813167255,82.11
0.635931026437582,0.174160531949464,-0.519663249840814,-1.91867821929969,-1.87545782251448,-1.91771232854315,-1.7715406289715,82.18
0.632021367626132,0.17645079197601,-0.520487380125538,-1.92564899048712,-1.88369298758545,-1.92482833613864,-1.77493890943032,82.25
0.628098428993328,0.178750567743751,-0.521309010626438,-1.93236877637619,-1.89053138746712,-1.93162866721242,-1.7777081403721,82.32
0.624163784220908,0.181058827255748,-0.522148947558218,-1.9388238793995,-1.89603122773206,-1.9381096147847,-1.77991702488828,82.39
0.620219016017436,0.183374649596942,-0.523026105094409,-1.94501258191271,-1.90028519275908,-1.94427960738962,-1.78164388475258,82.46
0.616265611987849,0.185697391043748,-0.523957409717793,-1.95094350278686,-1.90340899276145,-1.95015597665517,-1.78297282814792,82.53
0.612304987926477,0.188026660328094,-0.52495776668343,-1.95663656834722,-1.90552779852145,-1.95576237186273,-1.7839906979493,82.6
0.608338384402596,0.190362230117656,-0.526040087949456,-1.96211954676816,-1.90676716543247,-1.96112777361962,-1.78478613126538,82.67
0.60436695417781,0.192703948246255,-0.527215571562937,-1.96742802148342,-1.90724920435908,-1.9662860894535,-1.78544939304628,82.74
0.600391849851878,0.195051712222186,-0.528493977932877,-1.97260448329386,-1.90709488381274,-1.97127633022672,-1.78607291686205,82.81
0.596414121136945,0.19740563405746,-0.529883712006258,-1.97769584111913,-1.90642045377551,-1.97614228626233,-1.78675096144534,82.88
0.592434739309466,0.199766014309723,-0.531392028567254,-1.98275767071522,-1.90534151602806,-1.98093227336378,-1.78757945929242,82.95
0.588454494725638,0.202133252369765,-0.533025106263861,-1.98784906583976,-1.90397184226685,-1.98569812132031,-1.78865497391654,83.02
0.584474021437996,0.204507820020789,-0.53478818064061,-1.99302920552023,-1.90242322394542,-1.99049175158153,-1.79007066599289,83.09
0.580493694808859,0.206890425291416,-0.53668535482984,-1.99835220519489,-1.90080596839375,-1.99536423307369,-1.79191523548155,83.16
0.576513719689685,0.209281985472296,-0.53871965936998,-2.00386450524453,-1.89922457435934,-2.00036483696246,-1.79427191433267,83.23
0.572534218595928,0.211683536306544,-0.540892852845812,-2.00960714505418,-1.89778128649741,-2.00554027897761,-1.79721788751105,83.3
0.568555129313447,0.214096140838151,-0.543205534903286,-2.0156178393393,-1.89657526573089,-2.01093389335257,-1.80082318639398,83.37
0.564576293043607,0.216520861397969,-0.54565712694138,-2.02193266460337,-1.89570385047769,-2.01658505419617,-1.80515032197795,83.44
0.560597542533266,0.218958921724013,-0.548245783976919,-2.02858138353818,-1.89526088699526,-2.0225287791304,-1.81025395652415,83.51
0.556618599639652,0.221411678063397,-0.550968301223367,-2.03558796639201,-1.89533752421722,-2.02879487851069,-1.81617984903999,83.58
0.55263909992968,0.223880526246541,-0.553820078973142,-2.04296481131623,-1.89601575116746,-2.03540703001101,-1.82296383474261,83.65
0.548658490250137,0.226366808201032,-0.556795272942724,-2.05071470040599,-1.89736794888894,-2.04238215855428,-1.83063096380366,83.72
0.544676116875828,0.228871781371073,-0.559886749143881,-2.05882950224652,-1.89945584783962,-2.04973005717139,-1.83919505208946,83.79
0.540691313700672,0.231396778028597,-0.563085970541036,-2.06729317957084,-1.90233238152223,-2.05745293055356,-1.84865819831473,83.86
0.536703299940528,0.233943173316021,-0.566382942804433,-2.07608109898646,-1.90604363916843,-2.06554511500177,-1.85901045764258,83.93
0.532711268484916,0.236512289007078,-0.569766346521791,-2.08516434542349,-1.91063002618861,-2.07399227598728,-1.87022897294836,84
0.528714474371259,0.239105296452464,-0.57322353865597,-2.09450557628983,-1.91612809154906,-2.08277129039608,-1.8822776439472,84.07
0.524712132856296,0.241723182179072,-0.576740741272603,-2.10406655183206,-1.92256469959944,-2.09184890844881,-1.895105302466,84.14
0.520703444706294,0.244366903135394,-0.580303290981277,-2.11380866863288,-1.92995427962394,-2.10118256266726,-1.90864684154296,84.21
0.516687494661733,0.247037350433438,-0.583895886095294,-2.12369488214364,-1.93829731007309,-2.11072180070522,-1.92282501363167,84.28
0.512663340700159,0.249735248587915,-0.587502832067242,-2.13368571508112,-1.94757622582436,-2.12041028013812,-1.93755290037891,84.35
0.508630103575968,0.252461117256453,-0.591108349300528,-2.1437374199778,-1.95774538199843,-2.13018775545521,-1.95273623116428,84.42
0.5045868661169,0.255215422490459,-0.594697070970071,-2.15380356777209,-1.96872993839687,-2.13999320272197,-1.96827701462501,84.49
0.500532763422484,0.25799853636481,-0.598254350339269,-2.16383206076232,-1.98043309464214,-2.14976787733732,-1.98407715284705,84.56
0.496467073443298,0.260810632005843,-0.601766505193979,-2.17376913208335,-1.99274342141784,-2.15945690978432,-2.00004045397087,84.63
0.49238911741783,0.263651641041219,-0.605221063468662,-2.18355953551776,-2.00554159274896,-2.16901052141795,-2.01607380916019,84.7
0.488298351306237,0.266521400502342,-0.608606947066078,-2.19315366231912,-2.01870855611801,-2.17838435422521,-2.032087537592,84.77
0.484194457690716,0.2694196080699,-0.611914530826143,-2.20251377432986,-2.03212955528358,-2.18753974219329,-2.04799553819946,84.84
0.480077247607093,0.272345776224578,-0.615136021695445,-2.21161694154112,-2.04568969105344,-2.19644398949323,-2.06371563269559,84.91
0.475946689912923,0.275299375870329,-0.618265523276588,-2.22045436792151,-2.05927995293263,-2.20507116509883,-2.07917048426811,84.98
0.471802814125072,0.27827978833672,-0.621299103646622,-2.2290224060227,-2.07279460691288,-2.21340239878587,-2.09428795173819,85.05
0.467645740802631,0.281286256336431,-0.624234485557668,-2.23731281945765,-2.08613531505613,-2.22142491727549,-2.10900221601711,85.12
0.463475585399792,0.284318024457291,-0.627070867319756,-2.24531645808218,-2.09921513087547,-2.22912708995093,-2.12325765067717,85.19
0.459292553177273,0.287374288105777,-0.629808747416718,-2.25301792413323,-2.11195710219894,-2.23649729744353,-2.13700946837984,85.26
0.45509703461176,0.290454141486576,-0.63244949881278,-2.26039577544727,-2.12429834650535,-2.24352522613121,-2.15022254268472,85.33
0.450889510739345,0.29355671520482,-0.634994947007598,-2.26742458227026,-2.13618880349079,-2.25020565250227,-2.16286624732364,85.4
0.446670586011325,0.296681122413485,-0.637447205864164,-2.27407877494476,-2.14758638227031,-2.25653868349465,-2.17491204727477,85.47
0.442440894569682,0.299826404095019,-0.639808644104046,-2.28034241212263,-2.15845841404223,-2.26252937485966,-2.18633282652264,85.54
0.43820113399394,0.302991664066864,-0.642082045908108,-2.28620962597132,-2.16877524718067,-2.26818761680812,-2.19710261970718,85.61
0.433951972420893,0.306176012635504,-0.644270647938819,-2.29168203331177,-2.17851478752292,-2.27352841378372,-2.20719693925215,85.68
0.429694083085311,0.309378509489049,-0.646378306751907,-2.29677391107619,-2.18766337569435,-2.2785707794666,-2.21659369896091,85.75
0.425428052181863,0.31259829641822,-0.648409478880322,-2.30150728728749,-2.1962119860104,-2.28333340440521,-2.22527733926576,85.82
0.421154477615762,0.315834538789612,-0.65036914048071,-2.30590393408442,-2.204157592871,-2.28783319335695,-2.23323935846502,85.89
0.416874068063634,0.319086366359849,-0.652262709891585,-2.3099847425595,-2.21150424239027,-2.292085083672,-2.24047798183396,85.96
0.412587551765609,0.3223530040184,-0.654095972914017,-2.31376764950958,-2.21825652474,-2.29610212778044,-2.24699811226861,86.03
0.408295712614831,0.325633711380252,-0.655875010608865,-2.31726989550152,-2.2244213902427,-2.29989539458367,-2.2528111179013,86.1
0.403999299442298,0.328927721813949,-0.657606129390446,-2.3205123268882,-2.23001113143483,-2.30347375277153,-2.2579345200204,86.17
0.39969906254183,0.332234371489121,-0.659295793185382,-2.32351183053492,-2.23503736785377,-2.30684347212633,-2.26239151734493,86.24
0.395395663332304,0.335553037360837,-0.660950493898161,-2.32628019384319,-2.23951642256228,-2.31000808710776,-2.26621079061858,86.31
0.391089774721751,0.338883074671972,-0.662576432900863,-2.32882551480589,-2.24346684382283,-2.31296852248078,-2.26942658664059,86.38
0.386782181591875,0.342223944553346,-0.664179394412768,-2.33114733256155,-2.24690415279639,-2.31572411603613,-2.27207761971359,86.45
0.382473690821206,0.345575150634231,-0.665764683497275,-2.33324008742928,-2.24984399585201,-2.31827682502826,-2.27420282013652,86.52
0.378165168410088,0.348936175239772,-0.667337128456076,-2.33509785986447,-2.25230226754174,-2.3206311846627,-2.27584104236789,86.59
0.373857449602481,0.352306605750151,-0.668901210936919,-2.33671632333175,-2.25429880957018,-2.32279008207699,-2.27703523952605,86.66
0.36955137604619,0.355686070029351,-0.670460815421957,-2.3380931181603,-2.25586449457351,-2.32475447603952,-2.27783240068184,86.73
0.365247705885401,0.359074171495183,-0.672019106075639,-2.33922416932192,-2.25703562372188,-2.32652750688766,-2.2782791222702,86.8
0.360947150828071,0.362470614400744,-0.673578467286346,-2.34010827083749,-2.25785265996695,-2.32811524738333,-2.27842024352457,86.87
0.356650286084988,0.365875138230496,-0.675140507781581,-2.34075269582726,-2.25835910333709,-2.32952587288006,-2.27829781287076,86.94
0.352357650746526,0.369287451778236,-0.676706255262836,-2.34116801777045,-2.25859815655989,-2.33076686946414,-2.27794733468897,87.01
0.348069848019,0.372707357472825,-0.678276223904997,-2.3413692292118,-2.25861677067183,-2.33184453551702,-2.27739701153203,87.08
0.343787454743854,0.376134684850906,-0.679850672273304,-2.3413794099119,-2.2584578228317,-2.33276418845355,-2.27666788434038,87.15
0.339511057769892,0.379569223740095,-0.681429797562521,-2.34122069940268,-2.25815109570922,-2.33353107639496,-2.2757753142078,87.22
0.33524116308224,0.383010847715144,-0.683013548554684,-2.34090762701427,-2.25771988927944,-2.33415123234579,-2.27473028044205,87.29
0.330978231740334,0.386459446723155,-0.684601755992747,-2.34044864227581,-2.25717861866079,-2.33463144492862,-2.27353954154903,87.36
0.326722588531353,0.3899148594387,-0.686194199260198,-2.33984930271927,-2.2565354347165,-2.33497948878018,-2.27220611964683,87.43
0.322474520914681,0.39337699590897,-0.687790863446695,-2.33912188263281,-2.25578957685349,-2.33520461434869,-2.27072972693805,87.5
0.31823437768886,0.396845769383245,-0.689392259769489,-2.33828571341697,-2.25492987309521,-2.33531728049667,-2.26910897615949,87.57
0.314002476813871,0.400321027886105,-0.69099968231213,-2.3373620661846,-2.25393813505955,-2.33532489011402,-2.26734620074674,87.64
0.309779139968655,0.403802676093651,-0.692615146985245,-2.3363678951598,-2.2527931289868,-2.33523013429565,-2.26544834232877,87.71
0.30556459975743,0.407290606406668,-0.694241076179009,-2.33531244277144,-2.25147817237443,-2.33503073796031,-2.26342682730959,87.78
0.301359097145765,0.410784629780346,-0.695880173662076,-2.33419499081675,-2.24997812883166,-2.33472003514296,-2.26129814727332,87.85
0.297162978561334,0.414284596870655,-0.69753529907993,-2.33300877531995,-2.24828498440116,-2.33428869163632,-2.2590832372179,87.92
0.292976602094022,0.417790328392697,-0.699209087876291,-2.33173836138481,-2.246400445519,-2.33372903615069,-2.25680311025221,87.99
0.288800370375354,0.421301545252731,-0.700903570605124,-2.33036737424142,-2.244336194087,-2.33303552143119,-2.25447697280116,88.06
0.284634636049323,0.424817989016696,-0.702620045609262,-2.32888470906335,-2.24211357810931,-2.33220411043703,-2.25212154915971,88.13
0.280479733893943,0.428339415132513,-0.704359077952067,-2.32728769569544,-2.23976197522767,-2.33123217576062,-2.24975085244567,88.2
0.276335885505811,0.431865712990134,-0.706120688071137,-2.32558323499166,-2.23731722575974,-2.33011859484885,-2.24737652835261,88.27
0.272203230609606,0.435396835235301,-0.707904349020249,-2.32378589056104,-2.23481930838993,-2.32886410464427,-2.24500832653687,88.34
0.268081730909786,0.438932726897233,-0.709708982854296,-2.32191236400451,-2.23230957475422,-2.32747166161285,-2.24265450863636,88.41
0.263971264072388,0.442473444888065,-0.711533146732916,-2.31998162682612,-2.22982557233892,-2.32594661657223,-2.24032212902843,88.48
0.259871717282218,0.446019086764233,-0.713375091190084,-2.31801588097396,-2.2274012669279,-2.32429708531787,-2.23801769615837,88.55
0.25578288982395,0.44956971930369,-0.715232944698398,-2.31603364524461,-2.22505792686977,-2.32253311743342,-2.23574865879504,88.62
0.251704585803169,0.45312549745119,-0.717104707000923,-2.31405014767492,-2.22281209163209,-2.32066199520348,-2.23352755899321,88.69
0.247636706458851,0.456686592517284,-0.718988241837563,-2.31207606710157,-2.22067534341094,-2.31868772912739,-2.23137116571173,88.76
0.243579151518618,0.460253120181085,-0.720881459697756,-2.31011627479762,-2.21865286820424,-2.31661373346364,-2.22929363583698,88.83
0.239531847193734,0.463825258846325,-0.722782309568667,-2.30817175171307,-2.21674576036082,-2.31444379070888,-2.22730494479408,88.9
0.235494646743434,0.467403177234398,-0.724688706795571,-2.30623407352882,-2.2149457005781,-2.31218219413466,-2.22541121973455,88.97
0.231467421204594,0.470986961763647,-0.726598460651599,-2.30428993111442,-2.21324055474812,-2.30983383045916,-2.22361487880714,89.04
0.227450149736233,0.474576734264431,-0.728509265215255,-2.30232774686708,-2.2116177455998,-2.30740432952658,-2.22191483035147,89.11
0.223442819027611,0.478172578914868,-0.730418817157775,-2.30033616091568,-2.21006539757868,-2.30490047136272,-2.22030704951366,89.18
0.219445449363949,0.481774468948596,-0.732324615897837,-2.29830607504802,-2.20857932228792,-2.30233046927846,-2.21878464306264,89.25
0.215457993276061,0.485382383687382,-0.734224081397854,-2.29622774329982,-2.20715354989882,-2.29970374764983,-2.21733752959711,89.32
0.211480424366332,0.488996234787746,-0.73611454506677,-2.29408551382983,-2.20577752749143,-2.29703135739635,-2.21595287874134,89.39
0.207512825756748,0.492615792258389,-0.737993177386273,-2.2918621639676,-2.2044383330889,-2.29432601249961,-2.21461529341474,89.46
0.203555287603867,0.496240800807865,-0.739856979399614,-2.28953993474332,-2.20311907669991,-2.29160244584434,-2.21330698973735,89.53
0.199607931270801,0.499870968937863,-0.741702965207965,-2.28710715814247,-2.2018068912789,-2.28887782982115,-2.21200835626774,89.6
0.195670806078542,0.503506084866046,-0.743528217994856,-2.28456539623808,-2.20049596845651,-2.28617207057111,-2.21069832158113,89.67
0.191743912706757,0.507145941696161,-0.745330010247688,-2.28192966093382,-2.19919148321495,-2.28350848336417,-2.20935522963634,89.74
0.187827099167916,0.510790262399575,-0.747105607175609,-2.27922463610826,-2.19791161288992,-2.28091421316312,-2.20795727095129,89.81
0.183920146948017,0.514438815172112,-0.748852388614137,-2.27647861661267,-2.1966754547335,-2.27842020892639,-2.20648240689125,89.88
0.18002285676356,0.518091338064939,-0.750567908408864,-2.27372132451607,-2.19549418197756,-2.27606157635612,-2.20490874067919,89.95
0.176134943387043,0.521747463454344,-0.752250145451809,-2.27098153634812,-2.19436384976299,-2.27387691050213,-2.20321622522502,90.02
0.172256120660303,0.525406832916441,-0.753897819424999,-2.26829093559238,-2.19326740925848,-2.27190387559218,-2.20139104248638,90.09
0.168386186150518,0.529069084927484,-0.755510707807793,-2.265686249494,-2.19217849843962,-2.27017687434892,-2.19942598565265,90.16
0.164524914903665,0.5327339694776,-0.757089837157678,-2.26320801747937,-2.19107094830217,-2.26872547148463,-2.19731925838005,90.23
0.160672079896413,0.5364012720184,-0.758637231079229,-2.2608967520179,-2.1899223180464,-2.26757357007191,-2.19507378747142,90.3
0.156827345120827,0.540070737310044,-0.760155786510362,-2.25878604577591,-2.18870726798513,-2.26673908559548,-2.19269711259168,90.37
0.152990348903811,0.543742183731953,-0.76164921473103,-2.25690710578434,-2.18740103348032,-2.26623379918294,-2.19020115420484,90.44
0.149160786917998,0.547415426955093,-0.763121919947296,-2.25528762683014,-2.1859852515924,-2.26606288118505,-2.18760198648332,90.51
0.145338304341801,0.551090203538749,-0.764578688273078,-2.25395008437025,-2.18444883671972,-2.26622491039977,-2.18491993232969,90.58
0.141522578292005,0.554766285014903,-0.766024504536278,-2.25291624240533,-2.18279140110747,-2.26671238874346,-2.18217991637873,90.65
0.137713399986365,0.558443464876897,-0.767464242653981,-2.25220377431672,-2.18102128081204,-2.26751192567882,-2.17941169409229,90.72
0.13391056609241,0.562121672555271,-0.768902546981323,-2.25182471419209,-2.17915242288885,-2.26860561712911,-2.17664874914344,90.79
0.130113896863724,0.565800896795319,-0.770343713893443,-2.25178694482787,-2.17720534202424,-2.26997552493534,-2.17392242796311,90.86
0.126323126997228,0.569481108995099,-0.771791446387268,-2.25209637175523,-2.1752031899628,-2.27160414343671,-2.17125975817318,90.93
0.122537986811639,0.573162377060365,-0.773248989689074,-2.25276175204941,-2.1731704956768,-2.27347383922479,-2.16868317120686,91
0.11875828320111,0.576844788665674,-0.774719139577695,-2.2537955082222,-2.17113667151465,-2.27556710677978,-2.16621073068051,91.07
0.114983789818284,0.580528374475137,-0.776204250336693,-2.2552174503773,-2.16913246992674,-2.27786649732544,-2.16385616695702,91.14
0.111214264087397,0.584213221875495,-0.777706432784426,-2.25705276761273,-2.16718796467031,-2.28035504731136,-2.1616296064712,91.21
0.107449336981884,0.587899398108542,-0.779227561179945,-2.2593228270025,-2.16532627514891,-2.28301663551798,-2.15953855065979,91.28
0.103688593169014,0.591586873355577,-0.780769215961239,-2.26204199110737,-2.16356198889134,-2.28583626942873,-2.15758827836305,91.35
0.0999316509795686,0.595275634327407,-0.782332625763311,-2.26521244988775,-2.161902820373,-2.28880023796323,-2.15578230659487,91.42
0.096178051662318,0.598965670767679,-0.783918608656188,-2.26882824576304,-2.16034878894651,-2.29189581354944,-2.15412214725482,91.49
0.0924273390496533,0.60265708894425,-0.785527576074971,-2.27288112356063,-2.15889971374108,-2.29511107572587,-2.15260743946469,91.56
0.0886791390958117,0.606350034535632,-0.787159726447711,-2.27736058332175,-2.15755317677834,-2.29843479324143,-2.15123588580424,91.63
0.084933048748998,0.610044615464545,-0.788815047393145,-2.28225918850121,-2.15630800821362,-2.30185636510814,-2.1500035641271,91.7
0.0811887152834965,0.613741015229041,-0.790493317036217,-2.28757106140845,-2.15516325784655,-2.30536601159044,-2.14890536096819,91.77
0.0774459155510528,0.617439415615274,-0.79219423147893,-2.29328483655367,-2.15411455850779,-2.30895496146002,-2.14793533613396,91.84
0.0737044446089317,0.621139919340962,-0.793917150285997,-2.29938669772302,-2.15316096619597,-2.31261531829497,-2.14708676459384,91.91
0.0699641313264323,0.624842663178661,-0.795661031665173,-2.30585361790072,-2.15229674264334,-2.31633966967705,-2.14635191941767,91.98
0.0662247269035219,0.628547740443103,-0.797424620885588,-2.31265535001465,-2.15151145521325,-2.32012088421995,-2.14572204064616,92.05
0.0624859839013871,0.632255123393448,-0.799206447342989,-2.31975170344485,-2.15078607175477,-2.32395203319395,-2.14518736335243,92.12
0.0587477352383498,0.63596477610291,-0.801004757356728,-2.32709190394601,-2.15009311768876,-2.32782650053772,-2.1447372052278,92.19
0.055009782604499,0.639676576685035,-0.802817509792041,-2.33462131055725,-2.14940438956834,-2.3317379004095,-2.14436024110096,92.26
0.0512719754132477,0.643390239433993,-0.804642561611484,-2.34228647176141,-2.14869352240801,-2.33567992956744,-2.14404458368442,92.33
0.0475342897412935,0.647105427439635,-0.806477725839584,-2.35004658979651,-2.14794452758076,-2.33964628186031,-2.14377792505356,92.4
0.0437967167066869,0.650821738094845,-0.808320956096044,-2.35787557897225,-2.14715023204868,-2.34363087914362,-2.14354824745858,92.47
0.0400592778791994,0.654538815582241,-0.810170340187116,-2.36575408434827,-2.14630989324973,-2.34762835534125,-2.14334478634127,92.54
0.036321913649179,0.658256336280729,-0.812024029870192,-2.37366702385593,-2.14543164307776,-2.35163428573329,-2.14315848378628,92.61
0.0325845621473514,0.661974121179693,-0.81388023390198,-2.38160322461703,-2.14453271041258,-2.35564509815434,-2.14298199633278,92.68
0.0288472381618031,0.665692057719799,-0.815737464996302,-2.38954934125868,-2.14362567096313,-2.35965798386429,-2.14280957508427,92.75
