,"x(Wd,We)","y(Wd,We)","theta(Wd,We)",Wd_true,We_true,Wd,We,tempo
0,-0.0297821122913119,1.40000000000057,0.0097113252022489,0.16327082549433,0.0938733952125809,2.04697934346414,2.06715873036953,0.0
1,-0.0260121891105389,1.40000000000052,0.0100588862137654,0.242457778713282,0.175944122809103,2.0585189949612,2.07983642548349,0.07
2,-0.0222409656748038,1.40000000000046,0.0104060132233331,0.321636969443772,0.258010155215227,2.06998235820818,2.09243692788336,0.14
3,-0.018466339555539,1.40000000000041,0.0107519505613286,0.400792431983395,0.340060688114266,2.08130169417705,2.10489090982833,0.21
4,-0.0146853607178763,1.40000000000036,0.0110955459809592,0.479895942838189,0.422075084234285,2.09241917431585,2.11713809830094,0.28
5,-0.0108943753945805,1.4000000000003,0.0114352374815251,0.558904004199265,0.504019746442222,2.10328644952354,2.12912680075477,0.35
6,-0.0070891702065616,1.40000000000025,0.0117690402235377,0.637755020051977,0.585844992297522,2.1138642267576,2.14081343868883,0.42
7,-0.0032651166683021,1.40000000000019,0.012094533595307,0.716367047704378,0.66748193136558,2.12412185511966,2.15216209102168,0.49
8,0.000582683762148,1.40000000000014,0.0124089120252415,0.794637651541224,0.7488393472043,2.13403692291936,2.16314404892872,0.56
9,0.004459253913123,1.40000000000008,0.0127092901873484,0.872451705831214,0.829800586669011,2.14359461281304,2.17373725647785,0.63
10,0.0083695942234975,1.40000000000003,0.0129930086308394,0.94967968284843,0.910220650587497,2.15278599013465,2.18392525704968,0.7
11,0.0123185349705146,1.39999999999997,0.0132576858678008,1.02616611311561,0.989923680824898,2.16160605073543,2.19369609101951,0.77
12,0.0163105872117033,1.39999999999991,0.0135012075754896,1.10172092648061,1.06869932483599,2.17005279905536,2.20304152644612,0.84
13,0.0203497922576967,1.39999999999985,0.0137217800411431,1.1761185709337,1.14629950887484,2.17812678495658,2.21195662322828,0.91
14,0.0244395695050208,1.39999999999979,0.0139181114480408,1.24910224863616,1.22244217030604,2.18583033717518,2.22043924993401,0.98
15,0.0285826259942945,1.39999999999973,0.0140892129218979,1.32039664421188,1.2968387908562,2.19316674744984,2.2284894264575,1.05
16,0.0327810546011652,1.39999999999966,0.0142343275362146,1.3897337283401,1.36921563360181,2.2001411837617,2.23610969944015,1.12
17,0.0370363031635535,1.3999999999996,0.0143529237962188,1.45687964197906,1.43933015548164,2.20676110940654,2.24330521656446,1.19
18,0.0413493320582796,1.39999999999953,0.0144447536302833,1.52165441385665,1.50698444769736,2.21303544547722,2.2500831185116,1.26
19,0.0457207696152991,1.39999999999946,0.0145100384272181,1.58393092705256,1.57202986945804,2.21897336573648,2.2564516930203,1.33
20,0.0501508747764281,1.39999999999939,0.0145492749795749,1.643624701908,1.63436485165531,2.22458367632567,2.26241998948375,1.4
21,0.0546396245674312,1.39999999999932,0.0145631694738945,1.70068301165353,1.69392873448065,2.22987497051914,2.26799770321569,1.47
22,0.0591866722989738,1.39999999999925,0.0145525724723548,1.75507905071093,1.75069335789642,2.23485630411376,2.27319551959713,1.54
23,0.0637914305716523,1.39999999999917,0.0145182878222795,1.80680264623403,1.80465120047283,2.2395375018625,2.27802528254672,1.61
24,0.0684530250237287,1.3999999999991,0.0144612636104486,1.85585691470914,1.85580470459081,2.24392922164186,2.28249985986942,1.68
25,0.0731703729182959,1.39999999999902,0.0143826569822231,1.90225711643249,1.90416167929286,2.248042458386,2.28663283207017,1.75
26,0.077942132528652,1.39999999999894,0.0142838363074506,1.94602567349318,1.9497359549757,2.25188780497687,2.29043787710684,1.82
27,0.0827667774375287,1.39999999999886,0.0141663841675582,1.9871928149712,1.99254922443837,2.25547510486136,2.29392867630972,1.89
28,0.0876425417267594,1.39999999999877,0.0140321011116679,2.02579287608454,2.03263146548804,2.25881317840134,2.2971186422431,1.96
29,0.0925674901899957,1.39999999999869,0.01388301012139,2.06186825515662,2.0700212781621,2.26191013073122,2.30002097613737,2.03
30,0.0975394595612409,1.3999999999986,0.0137213617156494,2.09547048299642,2.10476791394127,2.26477341504437,2.30264860975054,2.1
31,0.102556188425923,1.39999999999852,0.0135495760998975,2.12665764084677,2.13693067621053,2.26741003211007,2.30501415819346,2.17
32,0.107615445340575,1.39999999999843,0.0133699952372639,2.15549479439717,2.16658007287157,2.26982680221722,2.30713007378175,2.24
33,0.112714964690936,1.39999999999835,0.0131848258621033,2.18205236016341,2.19379620902512,2.27203064575768,2.30900868284002,2.31
34,0.117852507966516,1.39999999999827,0.0129961463100051,2.20640894417261,2.21866562389819,2.27402880866917,2.31066235905778,2.38
35,0.123025796463496,1.39999999999818,0.0128059135616025,2.22865407691828,2.24128228564978,2.27582871487976,2.31210345181497,2.45
36,0.128232569575799,1.3999999999981,0.0126159704209291,2.24888569657195,2.26175077167666,2.2774375089974,2.31334403252448,2.52
37,0.133470514686713,1.39999999999803,0.0124280527536959,2.26721006279685,2.28018388155867,2.27886236877924,2.31439603018947,2.59
38,0.138737386340263,1.39999999999795,0.0122437967152087,2.28373920650475,2.29670001422823,2.28011050729159,2.31527124756612,2.66
39,0.144031124224157,1.39999999999788,0.0120646823832085,2.29857816226392,2.3114206861936,2.28118905504266,2.31598138451442,2.73
40,0.149349779493583,1.39999999999782,0.0118917231780799,2.31181830342875,2.32446424817079,2.28210583810999,2.31653832216094,2.8
41,0.154691567107426,1.39999999999776,0.0117251550900676,2.32353772880795,2.33594481516235,2.28287003568985,2.31695428631483,2.87
42,0.160054790176783,1.39999999999772,0.0115644432694452,2.33380755405344,2.34597253085013,2.28349227213628,2.31724131801642,2.94
43,0.165437890468351,1.39999999999767,0.0114085424520809,2.34270029364261,2.35465382806235,2.28398465128781,2.31741100353393,3.01
44,0.170839371052976,1.39999999999764,0.0112559666095017,2.35029607494895,2.36209523815221,2.28436098675043,2.31747497149883,3.08
45,0.176257845233299,1.39999999999762,0.0111048584184046,2.35668375974689,2.36840166206005,2.28463665600773,2.31744520395769,3.15
46,0.181691957733176,1.39999999999762,0.0109532491613626,2.36195703360825,2.37367646715767,2.28482776023996,2.31733377978415,3.22
47,0.187140432276288,1.39999999999762,0.0107991280167496,2.36620673019857,2.37802207198767,2.28495073260453,2.31715262166252,3.29
48,0.192601991531219,1.39999999999765,0.0106404478495098,2.36951993102631,2.38153339273249,2.28502245788547,2.31691369081418,3.36
49,0.198075403546226,1.39999999999769,0.0104751310978891,2.37198005700292,2.38429380236588,2.28505995010704,2.31662893030717,3.43
50,0.20355940064801,1.39999999999775,0.0103011393526272,2.3736638197915,2.38637531389568,2.28507971450688,2.31630976593814,3.5
51,0.209052788444545,1.39999999999783,0.0101167337443847,2.37464589145025,2.38784273044488,2.28509730137267,2.31596692645671,3.57
52,0.214554554424037,1.39999999999793,0.0099205451043253,2.37499979256584,2.38875712254826,2.28512698759757,2.31561020158701,3.64
53,0.220063785639278,1.39999999999806,0.0097115810007155,2.37480160195126,2.38917647054341,2.2851815853637,2.31524832799442,3.71
54,0.225579713109104,1.39999999999822,0.0094892332221949,2.3741316576749,2.38915753490937,2.28527180574418,2.31488868523268,3.78
55,0.231101628897396,1.39999999999841,0.0092532857454929,2.37306916502949,2.38875615751696,2.28540562136915,2.31453705541433,3.85
56,0.236628929973522,1.39999999999863,0.0090039232107243,2.37169107822803,2.38802630921794,2.2855881994182,2.31419782743596,3.92
57,0.242161034806862,1.39999999999888,0.0087417399124344,2.37007341077808,2.38701845331766,2.28582208704325,2.31387401035128,3.99
58,0.247697426792991,1.39999999999917,0.0084677492993087,2.36828410992676,2.38577677825501,2.28610707735711,2.31356705572485,4.06
59,0.253237570459329,1.3999999999995,0.0081833304413134,2.36638006899141,2.38434069665822,2.28644045459506,2.31327712403796,4.13
60,0.258780954544576,1.39999999999987,0.0078899843889485,2.36440776685711,2.38275016445311,2.28681755493759,2.31300347749708,4.2
61,0.264327007897956,1.40000000000028,0.0075892814847141,2.36240321320952,2.38104459200669,2.28723302420491,2.31274493571782,4.27
62,0.269875205810916,1.40000000000074,0.0072828090143605,2.36039767662091,2.37926017319748,2.28768181981563,2.31250045782803,4.34
63,0.275425176246798,1.40000000000125,0.0069719921013727,2.35841674445107,2.37742779055717,2.28815938554028,2.31226927936482,4.41
64,0.280976615432244,1.40000000000182,0.0066582959334799,2.35648306689574,2.37556933548814,2.28866157090766,2.31205085807819,4.48
65,0.286529330417668,1.40000000000243,0.0063433011174455,2.35461814733829,2.37369758740294,2.28918416840104,2.31184456515232,4.55
66,0.292083154543998,1.4000000000031,0.0060287156243367,2.35283860479661,2.37181838058202,2.28972213212377,2.3116493759413,4.62
67,0.297637989897675,1.40000000000383,0.005716386783478,2.35115446637318,2.3699299767674,2.2902695579146,2.31146381431916,4.69
68,0.303193722685897,1.40000000000462,0.0054083132599201,2.34956605908583,2.36802694790343,2.29081959936425,2.31128602364662,4.76
69,0.308750265610475,1.40000000000547,0.0051065934264255,2.34806274016112,2.36609821554789,2.29136495514405,2.31111409144746,4.83
70,0.314307473170274,1.40000000000639,0.0048131830170896,2.34662492671201,2.3641299818022,2.29189835623776,2.31094637378904,4.9
71,0.319865183970181,1.40000000000737,0.0045298430952784,2.34522320037762,2.36210802605338,2.29241324390734,2.31078156536381,4.97
72,0.32542313596782,1.40000000000842,0.0042581512246387,2.34382979564007,2.36001847877964,2.29290438459129,2.31061876940801,5.04
73,0.330981072257269,1.40000000000954,0.0039995122574775,2.34242519582962,2.35785361536409,2.29336791383348,2.31045775806246,5.11
74,0.336538846843563,1.40000000001073,0.0037551686803164,2.34100275968619,2.35561847818625,2.29380112703417,2.3102990420969,5.18
75,0.342096339861529,1.40000000001198,0.0035262104630194,2.33957214141385,2.35332860891012,2.2942025888387,2.31014387704303,5.25
76,0.347653499837654,1.40000000001331,0.0033135843640745,2.33815458094122,2.35100791042092,2.2945717990437,2.30999420571689,5.32
77,0.353210258925219,1.4000000000147,0.0031180391319123,2.3367686031239,2.3486877176464,2.29490879618905,2.30985247356443,5.39
78,0.358766575189262,1.40000000001616,0.0029398160109757,2.33541768554039,2.34640008932076,2.29521465163472,2.30972157083166,5.46
79,0.364322347869617,1.40000000001769,0.0027783386000407,2.33409088295793,2.34417160787275,2.2954910755996,2.30960369461447,5.53
80,0.369877459698243,1.40000000001928,0.0026322196481586,2.33277100925726,2.34202378403353,2.29574002438294,2.30949933753726,5.6
81,0.375431692200333,1.40000000002094,0.0024995212916251,2.33144015070039,2.33997060088916,2.29596368981718,2.30940722872369,5.67
82,0.380984831576814,1.40000000002265,0.0023778241535645,2.33008435319802,2.33802234324034,2.29616480735885,2.30932497296707,5.74
83,0.386536774620325,1.40000000002441,0.0022642959350954,2.32869589626686,2.33618770837879,2.29634696513968,2.30924975295969,5.81
84,0.392087444116595,1.40000000002623,0.0021559501454106,2.32727207437923,2.33447133954149,2.29651465979751,2.30917884059367,5.88
85,0.397636831328291,1.40000000002808,0.0020497139659503,2.3258115023033,2.33287700820859,2.29667335302398,2.30911017151174,5.95
86,0.403184911489932,1.40000000002997,0.0019424959176182,2.32431378826422,2.3314046941218,2.29682965569441,2.30904247485986,6.02
87,0.408731686388799,1.40000000003188,0.0018314440032704,2.32278022479578,2.330048041787,2.29699094066672,2.30897514887538,6.09
88,0.414277099958472,1.40000000003382,0.0017140133305484,2.32121054284882,2.32879803718169,2.29716457455545,2.30890781884119,6.16
89,0.419821080959497,1.40000000003576,0.0015879703603562,2.31960906801652,2.32764445692319,2.29735784801978,2.30884040317249,6.23
90,0.425363458675008,1.40000000003769,0.0014513973964601,2.31798700347739,2.32657807560226,2.29757739743309,2.30877286190926,6.3
91,0.430904069217126,1.4000000000396,0.0013026974013082,2.31635944206919,2.32559350462072,2.29782862580836,2.30870494521174,6.37
92,0.436442861894418,1.40000000004148,0.0011406627296385,2.31474752412288,2.32468599342227,2.29811569439652,2.30863632297311,6.44
93,0.441979815090436,1.40000000004331,0.0009647348773494,2.31317697491207,2.3238511494531,2.29844100493729,2.30856633333587,6.51
94,0.447514979248383,1.40000000004508,0.0007750741788826,2.31167371962528,2.3230846551835,2.29880480759232,2.3084936677188,6.58
95,0.453048392888392,1.40000000004675,0.0005725029924961,2.31026064009369,2.32238077550765,2.29920512502712,2.30841630997404,6.65
96,0.458580125730095,1.40000000004832,0.0003581953306256,2.30895420193654,2.32173391143645,2.29963786559577,2.30833160268784,6.72
97,0.464110194844683,1.40000000004976,0.0001333669800487,2.30775993497722,2.32113983381058,2.30009757033254,2.30823663125674,6.79
98,0.46963860790838,1.40000000005104,-0.0001008433753719,2.30667654818317,2.32059850279487,2.30057866686475,2.30812886231954,6.86
99,0.475165279482355,1.40000000005214,-0.0003436196675363,2.30569845241111,2.32011428107507,2.3010762141505,2.30800640146691,6.93
100,0.480690137911894,1.40000000005303,-0.0005944595232749,2.30482253469459,2.31969195279422,2.3015860747305,2.30786761624957,7.0
101,0.486213232291851,1.40000000005368,-0.0008528474224725,2.3040509268364,2.31932892919867,2.30210502282934,2.30771126789276,7.07
102,0.491734648944881,1.40000000005405,-0.0011179275489636,2.30338760877718,2.31901558234257,2.30263015327789,2.3075365801119,7.14
103,0.497254555003703,1.40000000005411,-0.0013884304300012,2.30283519853257,2.31873671991013,2.30315816305041,2.30734318155763,7.21
104,0.50277311501975,1.40000000005383,-0.0016627263603398,2.30239072171561,2.31847547188379,2.30368501367963,2.30713092192012,7.28
105,0.508290534666446,1.40000000005316,-0.0019390691774964,2.30204410816417,2.31821495276058,2.30420629227047,2.30690013337479,7.35
106,0.513806977456483,1.40000000005207,-0.0022156493376372,2.30178367153698,2.31793744587511,2.30471795367141,2.30665189274365,7.42
107,0.51932260853986,1.40000000005051,-0.0024905833953402,2.30159663074588,2.3176276528852,2.3052163006337,2.30638790324711,7.49
108,0.524837511502113,1.40000000004844,-0.0027619034747808,2.30147096199952,2.31727346666741,2.30569821840892,2.3061106945094,7.56
109,0.530351732231023,1.40000000004581,-0.0030275468041895,2.3014008050822,2.31686401412638,2.30616140985031,2.30582369612193,7.63
110,0.535865195774286,1.40000000004257,-0.0032853453886446,2.30138602355077,2.31639417957714,2.30660418650534,2.30553124818631,7.7
111,0.541377813779501,1.40000000003867,-0.0035330158998797,2.30143068296489,2.31586525556753,2.30702545097372,2.30523861222453,7.77
112,0.546889591963102,1.40000000003406,-0.0037681498657987,2.30154324198001,2.31528496077585,2.30742493411375,2.30495198229113,7.84
113,0.552400547055363,1.40000000002868,-0.0039882677652914,2.3017361694806,2.31466752363827,2.30780324250765,2.30467843256794,7.91
114,0.557910750814373,1.40000000002249,-0.0041910641568419,2.30202301835929,2.31403021085559,2.308161843233,2.30442567416895,7.98
115,0.563420247033997,1.40000000001542,-0.0043745263412729,2.30241225678182,2.31338998433331,2.30850298591712,2.30420193847948,8.05
116,0.568929095617682,1.40000000000742,-0.0045371807198061,2.30289957146039,2.31276549443667,2.30882930794502,2.30401541507021,8.12
117,0.574437289642095,1.39999999999843,-0.0046781493299948,2.30347242618009,2.31217551630895,2.30914324977464,2.30387286276452,8.19
118,0.579944799482895,1.3999999999884,-0.0047971436523597,2.30411468015824,2.31163992633,2.30944685192929,2.3037789180005,8.26
119,0.58545148992857,1.39999999997726,-0.0048944592397537,2.30481399798149,2.31118048669693,2.30974148894599,2.30373559208617,8.33
120,0.590957227876563,1.39999999996497,-0.004970971180476,2.30556290502195,2.31081673699412,2.31002785779605,2.3037425288411,8.4
121,0.596461990060623,1.39999999995145,-0.0050280668653909,2.30635475916625,2.31056328028257,2.31030628424435,2.30379764143507,8.47
122,0.601965780258198,1.39999999993667,-0.0050673889890878,2.30717743398269,2.3104253505737,2.31057702952601,2.30389755676662,8.54
123,0.607468673571878,1.39999999992056,-0.0050907698449464,2.30800960454574,2.31039602764089,2.31084034325211,2.30403799449511,8.61
124,0.612970733710402,1.39999999990307,-0.0051002298148895,2.30882332047773,2.31045859250519,2.31109645308969,2.30421408085268,8.68
125,0.618472057340943,1.39999999988416,-0.0050979129469614,2.30958918292997,2.31058697328875,2.31134561824364,2.30442053387851,8.75
126,0.623972691435912,1.39999999986379,-0.0050858325071032,2.31027993431336,2.31075228540336,2.31158843728705,2.30465222840818,8.82
127,0.629472677685169,1.39999999984191,-0.0050658075361467,2.31087684465411,2.31092790832269,2.311826156254,2.30490463286769,8.89
128,0.634971969897526,1.39999999981849,-0.0050394632986584,2.31137432223921,2.31109335408081,2.31206059585906,2.30517405454622,8.96
129,0.64047054198304,1.39999999979351,-0.0050081685172712,2.3117781123845,2.31123629330167,2.31229357075928,2.30545743944457,9.03
130,0.645968495961642,1.39999999976693,-0.004972782293925,2.31210438917955,2.31135146915733,2.31252649949684,2.30575229850812,9.1
131,0.651465979442825,1.39999999973876,-0.00493359177857,2.3123777709219,2.31143770658339,2.31276020505552,2.30605663332397,9.17
132,0.656963230165653,1.39999999970897,-0.0048903770344699,2.31262470160004,2.31149651048957,2.31299439783019,2.3063686708222,9.24
133,0.662460493519082,1.39999999967759,-0.0048426666072662,2.31286638975095,2.31152977579687,2.31322766672183,2.30668685168854,9.31
134,0.667958067108139,1.39999999964462,-0.0047898662119723,2.31311816372947,2.31154289759187,2.31345804188783,2.3070100725563,9.38
135,0.67345621828226,1.3999999996101,-0.0047315781476388,2.31338692165913,2.3115520109358,2.313683430494,2.30733761036861,9.45
136,0.678955228689024,1.39999999957406,-0.004667920904753,2.31367582216333,2.31158233878047,2.31390179850357,2.30766834784249,9.52
137,0.684455311768752,1.39999999953657,-0.0045995313859097,2.31398872039893,2.31165942590518,2.31411071747063,2.30799968117828,9.59
138,0.689956657253827,1.39999999949769,-0.0045273132537401,2.3143316814659,2.31180348445051,2.31430729271486,2.3083276345085,9.66
139,0.695459348590253,1.39999999945753,-0.0044523124945347,2.31471017362903,2.31202494455573,2.31448847297032,2.30864754599925,9.73
140,0.700963407348804,1.39999999941618,-0.004375466089839,2.31512556169408,2.31232165398754,2.31465142402423,2.30895481760346,9.8
141,0.706468710548249,1.39999999937379,-0.0042975413503455,2.31557090035216,2.31268293489882,2.31479383942266,2.3092454745645,9.87
142,0.711975098482925,1.3999999993305,-0.004219138839722,2.31603422135586,2.31308925499593,2.31491393427484,2.3095160902125,9.94
143,0.717482482503128,1.39999999928649,-0.004140695340595,2.31649896125255,2.31351786704209,2.3150102492814,2.30976396546441,10.01
144,0.722990762198145,1.39999999924197,-0.0040624868397824,2.31694864420235,2.31394336518326,2.31508177320371,2.30998718204615,10.08
145,0.728499869578447,1.39999999919716,-0.003984631516109,2.31736902400056,2.31434211507093,2.31512774864407,2.31018452953956,10.15
146,0.734009686186494,1.39999999915232,-0.003907092720269,2.317747050734,2.31469541372191,2.31514766932465,2.3103553063274,10.22
147,0.73952008721336,1.39999999910775,-0.0038296819422118,2.31807403076868,2.31498788647742,2.31514146889412,2.31049950263231,10.29
148,0.74503085855133,1.39999999906376,-0.0037520617674287,2.31834656517575,2.31520988733982,2.31510932961329,2.31061785752687,10.36
149,0.750541804380346,1.39999999902071,-0.003673748829307,2.31856513988415,2.31536123548001,2.31505168259027,2.31071178991489,10.43
150,0.756052854740225,1.39999999897899,-0.0035941167703915,2.31873754529089,2.3154474591853,2.31496946307668,2.31078320345623,10.5
151,0.761563982539872,1.39999999893903,-0.003512399230956,2.31887626362223,2.31547699524143,2.31486411265866,2.31083467353038,10.57
152,0.767075247599274,1.3999999989013,-0.0034277564072561,2.31899242802454,2.31546055040771,2.3147373918257,2.31086944449846,10.64
153,0.772586713650951,1.39999999886631,-0.0033395322452832,2.31908851257724,2.31540620929742,2.31459151101143,2.31089117364695,10.71
154,0.77809849237319,1.3999999988346,-0.0032473847078014,2.31915413562775,2.31532045124952,2.31442888133507,2.31090361224673,10.78
155,0.783610660378283,1.39999999880678,-0.0031515432129148,2.31917317026956,2.31521151883995,2.31425173903462,2.31090946136774,10.85
156,0.789123303226096,1.39999999878346,-0.0030528756629736,2.31912914101783,2.31508840480132,2.31406183405809,2.31090960916564,10.92
157,0.794636432385721,1.39999999876535,-0.002952828573169,2.31900890726263,2.31496053852472,2.31386043680345,2.31090306713463,10.99
158,0.800150029216528,1.39999999875317,-0.0028531132300822,2.3188038083638,2.31483277272891,2.31364866294067,2.31088741473782,11.06
159,0.805663961893847,1.39999999874769,-0.0027554554196465,2.31850680995481,2.31470354626555,2.31342786219121,2.31085975244965,11.13
160,0.811178029354576,1.39999999874974,-0.0026617262534846,2.31810615995218,2.31456609585026,2.31319988046444,2.31081733755604,11.2
161,0.816691878193393,1.3999999987602,-0.0025737553233163,2.31758775013422,2.31440534862318,2.31296694122386,2.31075758522606,11.27
162,0.82220511011036,1.39999999877997,-0.0024932707429404,2.31693595724066,2.31420192914973,2.31273184471717,2.31067851477442,11.34
163,0.827717389367132,1.39999999881002,-0.002421902489929,2.31613690227341,2.31393470641067,2.31249797683604,2.31057887898838,11.41
164,0.833228359710742,1.39999999885138,-0.0023611219441108,2.31518514486982,2.31358429520742,2.31226893694331,2.31045810363057,11.48
165,0.838737688370844,1.39999999890509,-0.0023119905240768,2.31408701675298,2.31313846554338,2.31204791157785,2.31031603716577,11.55
166,0.844244983069661,1.39999999897226,-0.0022750984783317,2.31286027685298,2.31259228309322,2.31183723853373,2.3101528283278,11.62
167,0.849749899650438,1.39999999905403,-0.0022505667539993,2.31153440711902,2.31194622066975,2.3116379706392,2.30996861394022,11.69
168,0.855252249783092,1.39999999915159,-0.0022380484020503,2.31014341797352,2.3112047181106,2.31144931211238,2.30976320754296,11.76
169,0.860751918203967,1.39999999926614,-0.0022367295144368,2.30871992788566,2.31037385668701,2.31126862616056,2.30953610641414,11.83
170,0.866248907089955,1.39999999939895,-0.0022453297063515,2.30729426339856,2.30945770325055,2.31109188681663,2.30928668995705,11.9
171,0.87174325349705,1.39999999955129,-0.0022621656931432,2.30588809781713,2.30845853242796,2.31091368585076,2.30901410132217,11.97
172,0.87723507393783,1.39999999972446,-0.0022854050473198,2.30451495003359,2.30737908467046,2.31072781120718,2.3087175109922,12.04
173,0.882724482022108,1.39999999991978,-0.0023131926055861,2.30318570062483,2.30622679653808,2.31052795253873,2.30839650828708,12.11
174,0.888211633230907,1.40000000013858,-0.0023438401505059,2.30190889818949,2.30501581086541,2.310308089442,2.30805130322558,12.18
175,0.893696642745067,1.40000000038219,-0.0023756348066549,2.30069417643434,2.303759080772,2.31006262614941,2.3076823576466,12.25
176,0.899179630397156,1.40000000065194,-0.00240677436497,2.29955065129195,2.30246536684315,2.30978665401806,2.30729058891796,12.32
177,0.904660638667942,1.40000000094913,-0.0024353660824671,2.29848207623129,2.30113972959931,2.3094760244343,2.30687763806554,12.39
178,0.910139677797445,1.40000000127506,-0.0024594255075004,2.29748625062968,2.29977938654655,2.3091273593577,2.30644575765659,12.46
179,0.915616643934591,1.40000000163097,-0.0024768754027054,2.29655385365953,2.29837662104912,2.30873806318094,2.30599795456047,12.53
180,0.92109136439968,1.40000000201807,-0.0024855448412612,2.29567318266991,2.29691940588928,2.30830633603432,2.30553781583342,12.6
181,0.926563515989254,1.40000000243748,-0.0024831685556458,2.29483272953631,2.29539139328616,2.30783112511515,2.30506952576208,12.67
182,0.932032733923062,1.40000000289029,-0.0024673866216221,2.29402172244526,2.29377946572085,2.30731195059252,2.30459813744734,12.74
183,0.937498720889191,1.40000000337744,-0.0024358080823101,2.29323092021556,2.29207627147621,2.30674911427671,2.30412959061935,12.81
184,0.942961165645024,1.40000000389981,-0.0023862656389133,2.29245334196905,2.29028130241219,2.30614371940357,2.30367041197231,12.88
185,0.948419788778448,1.40000000445812,-0.0023168803864983,2.29168632990594,2.28840362665751,2.30549743800379,2.30322735186871,12.95
186,0.953874261566832,1.40000000505295,-0.0022260637140464,2.29093246821525,2.28645967029362,2.30481247044601,2.30280708420372,13.02
187,0.959324315537512,1.40000000568471,-0.0021125199588939,2.29020094617904,2.28447341584773,2.30409157005334,2.30241609621124,13.09
188,0.964769852186071,1.40000000635362,-0.0019752498760852,2.28950701517784,2.28247406252308,2.30333806919077,2.30206051388403,13.16
189,0.97021086230639,1.40000000705968,-0.0018135549720004,2.28886934869513,2.28049222708224,2.3025559067183,2.30174637090984,13.23
190,0.975647472529327,1.40000000780264,-0.0016271062588223,2.28830066790446,2.27855817781318,2.30174965668267,2.3014798762588,13.3
191,0.981079864996011,1.400000008582,-0.0014162044930764,2.28779703126119,2.27670108412617,2.30092436754186,2.30126691796818,13.37
192,0.986508324235499,1.40000000939695,-0.001181850798004,2.28734001583026,2.27494527896621,2.30008476711935,2.30111154881695,13.44
193,0.991933157165497,1.40000001024635,-0.0009257546949065,2.28690994844912,2.27331299721213,2.29923484939711,2.30101497811982,13.51
194,0.997354740279867,1.40000001112871,-0.0006502795052453,2.28649246567758,2.27182418837697,2.29837797000694,2.30097576819638,13.58
195,1.00277343993687,1.40000001204214,-0.000358198021665,2.28607872083484,2.27049695980045,2.29751745026705,2.3009905367644,13.65
196,1.00818965980833,1.40000001298433,-5.26394705284306e-05,2.28566228755907,2.26934655345927,2.29665699092874,2.30105465715931,13.72
197,1.0136037614015,1.40000001395251,0.0002628993764125,2.28523612672761,2.26838088663769,2.29580083198527,2.30116282946742,13.79
198,1.01901611171262,1.40000001494342,0.0005845425790493,2.28478828311314,2.26760123090567,2.2949540395121,2.30130990385664,13.86
199,1.02442700392422,1.40000001595327,0.0009080865465195,2.28430247336775,2.26700110558005,2.29412260178237,2.30149106704216,13.93
200,1.02983670520666,1.40000001697769,0.0012292418798016,2.28376032634235,2.26656662507192,2.29331352501958,2.3017019637489,14.0
201,1.03524537753834,1.40000001801171,0.0015437481053777,2.28314559394031,2.26628198443881,2.2925351191142,2.30193919798299,14.07
202,1.04065318912754,1.4000000190497,0.0018476155367831,2.2824536996603,2.26613157215473,2.29179683785013,2.30220038853436,14.14
203,1.04606042587343,1.40000002008536,0.002137176832284,2.28169347705344,2.26610576124254,2.29110816517723,2.302483842358,14.21
204,1.0514674123036,1.40000002111166,0.0024091389559656,2.28088509992502,2.26620313821554,2.29047788106559,2.30278822703786,14.28
205,1.05687455957025,1.40000002212079,0.0026608262372213,2.2800597935866,2.26642789981095,2.28991383362175,2.30311243295556,14.35
206,1.06228228641837,1.40000002310416,0.0028902335414862,2.27925624491037,2.26678819777058,2.28942232787451,2.30345524410437,14.42
207,1.06769106718474,1.40000002405232,0.0030960166908928,2.27851282075887,2.26729397059352,2.28900757556468,2.30381500814851,14.49
208,1.07310135273751,1.40000002495495,0.003277483729841,2.27786454947663,2.2679519117787,2.28867184088718,2.30418955985023,14.56
209,1.07851361841274,1.4000000258008,0.0034345235682521,2.27733984603737,2.26876386254383,2.28841551980189,2.30457620737252,14.63
210,1.08392828485644,1.40000002657767,0.0035673449922865,2.27695729712544,2.26972704081295,2.28823721634483,2.30497178154019,14.7
211,1.0893457658285,1.40000002727241,0.0036763436410195,2.27672974619997,2.27084093380821,2.28813413351685,2.30537293871698,14.77
212,1.09476638887815,1.4000000278708,0.0037618428678832,2.2766624659556,2.27210821412318,2.28810290583746,2.30577652686218,14.84
213,1.10019044294973,1.40000002835764,0.0038240260660335,2.27675666047973,2.27352815484672,2.28814068310964,2.30617988785465,14.91
214,1.10561809883196,1.40000002871662,0.0038629334087146,2.27700730817941,2.27509346886272,2.28824513162804,2.30658090564708,14.98
215,1.11104945651411,1.40000002893039,0.0038785229976533,2.27740353933441,2.2767894925587,2.28841436923559,2.30697799090688,15.05
216,1.11648446536854,1.40000002898048,0.0038709234545925,2.27793205661388,2.27859387218897,2.28864677079921,2.30737000222449,15.12
217,1.1219230347484,1.40000002884732,0.003840496844861,2.27857356302291,2.28048031049041,2.28894032658515,2.30775604043176,15.19
218,1.12736514444667,1.40000002851026,0.0037878389646985,2.27930718817906,2.28241729123073,2.2892928239702,2.30813556070469,15.26
219,1.13281076446337,1.40000002794752,0.0037137804970641,2.28010938418154,2.28437162806994,2.28970151867542,2.30850816729898,15.33
220,1.13825990167497,1.40000002713625,0.0036193890132092,2.28095859817194,2.28631093169143,2.29016324838656,2.30887353557011,15.4
221,1.14371251933276,1.40000002605255,0.0035059717883489,2.28183892597257,2.28820683848869,2.29067441719832,2.30923133425642,15.47
222,1.14916858346448,1.40000002467146,0.0033750793907189,2.28273734852673,2.29003569905869,2.29123078748461,2.30958102100106,15.54
223,1.15462798210628,1.40000002296705,0.0032285099941866,2.28364579454224,2.29177520313401,2.29182752396277,2.30992195575638,15.61
224,1.1600905714408,1.40000002091245,0.0030683143552829,2.28456193204355,2.29340831169131,2.29245872789076,2.31025319690548,15.68
225,1.1655560947714,1.4000000184799,0.0028967378675794,2.28548513209802,2.29492643020958,2.29311741436236,2.3105734882748,15.75
226,1.17102429193101,1.40000001564087,0.0027160360971055,2.28642005446044,2.29633055333701,2.29379612348079,2.3108815641107,15.82
227,1.17649500857926,1.4000000123661,0.0025286083440282,2.28737699347037,2.29762701480524,2.29448746696956,2.31117639095495,15.89
228,1.18196811484135,1.40000000862577,0.0023368139586023,2.28836409309656,2.2988251472098,2.29518410235296,2.31145702887311,15.96
229,1.18744355088792,1.40000000438956,0.0021428524322263,2.28937898948928,2.2999313888375,2.29587921480306,2.31172287429843,16.03
230,1.19292124538629,1.39999999962684,0.0019485166188951,2.29040674078328,2.30095025425971,2.29656687174447,2.31197383989577,16.1
231,1.19840116090003,1.39999999430682,0.0017551365973829,2.29142480647685,2.30188791269913,2.2972419964006,2.31220977276386,16.17
232,1.20388321216521,1.39999998839872,0.0015635870691483,2.29240961433214,2.30274960841977,2.29790008754441,2.31242980968652,16.24
233,1.20936731131935,1.39999998187198,0.0013742947227058,2.29334242894755,2.30354026014361,2.29853719379727,2.31263230462791,16.31
234,1.21485328601195,1.3999999746965,0.0011873090495998,2.29421033064084,2.30426156984587,2.29915020616606,2.31281520146829,16.38
235,1.22034092447455,1.39999996684285,0.0010025001137869,2.29500402035103,2.30491446983378,2.29973715137469,2.31297666148494,16.45
236,1.22582989348252,1.39999995828258,0.0008194386416562,2.29571257810219,2.30550049265815,2.30029723203255,2.31311537398603,16.52
237,1.23131984680975,1.39999994898853,0.0006375936235855,2.2963239409726,2.30601679177647,2.30083080427047,2.3132304231285,16.59
238,1.23681053363279,1.3999999389351,0.0004564028125087,2.29682430450077,2.30645611923697,2.30133929287463,2.31332147319293,16.66
239,1.24230171634118,1.39999992809865,0.000275279657803,2.29720095780672,2.30681036308502,2.30182498038692,2.31338882771953,16.73
240,1.24779321535692,1.39999991645789,9.36837329158814e-05,2.29744969626998,2.30707192807876,2.30229098771137,2.31343336251773,16.8
241,1.25328482689755,1.39999990399426,-8.86182843232441e-05,2.29757709386832,2.30723766038486,2.30274049336204,2.31345626901949,16.87
242,1.25877636776439,1.39999989069238,-0.0002714821708798,2.29760030310069,2.30730934577821,2.3031762075346,2.31345892553754,16.94
243,1.26426759308933,1.39999987654056,-0.0004543792116983,2.29754711354156,2.30729167072172,2.30359991032832,2.31344257879095,17.01
244,1.26975830464024,1.39999986153125,-0.0006363892339139,2.29745004355764,2.30719171145638,2.30401179994405,2.31340802620341,17.08
245,1.27524845913813,1.39999984566164,-0.0008161936422886,2.29734062546177,2.30701804537068,2.3044101589426,2.31335555300265,17.15
246,1.28073808603735,1.39999982893418,-0.0009920684909819,2.29724934549358,2.30677770586682,2.30479152911356,2.31328493353544,17.22
247,1.28622733236359,1.39999981135722,-0.0011619411604744,2.29720323409214,2.30647771337904,2.30515075983396,2.31319543326884,17.29
248,1.29171638053419,1.39999979294564,-0.0013236377420206,2.29722148642533,2.30612781578499,2.30548124764059,2.31308593852333,17.36
249,1.29720549322978,1.39999977372149,-0.001475003614458,2.29731800476597,2.30574367570271,2.30577606591458,2.31295553155744,17.43
250,1.30269493123595,1.39999975371475,-0.0016141513695313,2.2975013341894,2.30534637557806,2.30602871455238,2.31280374882066,17.5
251,1.30818499831944,1.39999973296401,-0.0017395185736766,2.29777700902594,2.30495595330187,2.30623323580822,2.31263014129672,17.57
252,1.3136759590547,1.39999971151724,-0.0018498624748712,2.29814544972778,2.30458468426126,2.30638426822178,2.31243421677248,17.64
253,1.31916808366372,1.39999968943261,-0.0019441917141246,2.29860138069335,2.30423836651149,2.30647722941321,2.31221563701305,17.71
254,1.32466156578472,1.39999966677929,-0.0020215080523744,2.2991364840369,2.30391322248117,2.30650818331927,2.31197416171228,17.78
255,1.33015656723405,1.39999964363827,-0.0020807392633144,2.29973779430235,2.30359978682443,2.30647402723095,2.31171010145424,17.85
256,1.33565313567945,1.39999962010326,-0.002120736193595,2.30038863093007,2.30328304590974,2.30637255415206,2.3114244539512,17.92
257,1.34115124929327,1.39999959628155,-0.0021402705127545,2.30107003637211,2.30294352967541,2.30620239059644,2.31111891410089,17.99
258,1.34665073430926,1.39999957229491,-0.0021380967152113,2.30176049733446,2.3025631040098,2.30596280990837,2.31079588486209,18.06
259,1.35215137307708,1.39999954828049,-0.0021132054577773,2.30243928542605,2.30212746102809,2.30565392930789,2.31045848888386,18.13
260,1.35765301206477,1.39999952439174,-0.0020648871674316,2.30308840005026,2.30162829329125,2.30527678253924,2.31011051727811,18.2
261,1.36315547926133,1.39999950079935,-0.0019927329944614,2.30369438468694,2.30106540657271,2.30483326811757,2.30975612486158,18.27
262,1.36865862857827,1.3999994776921,-0.0018966366565226,2.30424944557271,2.30044368999457,2.30432590961627,2.30939952579832,18.34
263,1.37416225718252,1.39999945527782,-0.0017767971891915,2.30474952310019,2.29977307393028,2.30375780903527,2.30904494356079,18.41
264,1.37966614984054,1.39999943378421,-0.0016336590885184,2.30519579513419,2.29906652104324,2.30313266611732,2.30869662449335,18.48
265,1.38516999620742,1.39999941345976,-0.0014677263198653,2.30559434035321,2.29833611361427,2.30245486349397,2.30835897833589,18.55
266,1.39067349866195,1.3999993945745,-0.0012797583254118,2.30594818138802,2.29759479539238,2.30172974455666,2.30803703610025,18.62
267,1.39617648014337,1.39999937742083,-0.001070903380251,2.30624907572459,2.29685639934916,2.30096357573612,2.30773614531379,18.69
268,1.401678801445,1.3999993623142,-0.000842959822839,2.30647991597489,2.29613396084343,2.30016306594948,2.30746102947713,18.76
269,1.40718040556439,1.39999934959377,-0.0005983840032657,2.30662494499961,2.29544266753133,2.29933520520164,2.30721510079783,18.83
270,1.41268123504119,1.399999339623,-0.0003400448807614,2.30667584498843,2.29479779069171,2.29848710449364,2.30700047065362,18.9
271,1.41818127635934,1.3999993327901,-7.11698080102061e-05,2.30663039809678,2.29421286943805,2.29762628140229,2.30681859413679,18.97
272,1.42368047734145,1.39999932950845,0.0002047091622767,2.30648854637189,2.29369979872791,2.29676107346552,2.3066709769285,19.04
273,1.42917879161051,1.39999933021684,0.0004839991267421,2.30625061496669,2.29326523102389,2.29590098852901,2.30655962685028,19.11
274,1.43467609604661,1.39999933537955,0.0007630993586691,2.30591395106237,2.29291078636056,2.29505673765979,2.3064873770698,19.18
275,1.44017223531489,1.39999934548639,0.0010383906868014,2.3054738857309,2.29263306889604,2.29424001378294,2.30645795384503,19.25
276,1.44566693939518,1.39999936105247,0.0013062248815122,2.30492755790633,2.29242380747892,2.2934633332271,2.30647591573556,19.32
277,1.45115993171236,1.3999993826178,0.0015629777048368,2.30427431228555,2.29227532887748,2.29273955862306,2.30654640062096,19.39
278,1.45665103732141,1.39999941074669,0.0018053563186268,2.30352391404244,2.29218234432216,2.29208167434818,2.30667499794655,19.46
279,1.46214010060153,1.39999944602695,0.002030707112924,2.30269968606921,2.29214189167927,2.2915020518055,2.30686736489049,19.53
280,1.46762703005908,1.39999948906882,0.0022370700040147,2.30183459927857,2.29215765827288,2.29101126756605,2.30712864976024,19.6
281,1.47311171617085,1.39999954050357,0.002423169858512,2.30096895362141,2.29223972832894,2.29061761724355,2.3074633575915,19.67
282,1.4785940763459,1.39999960098191,0.0025884086367349,2.30014920394836,2.29240318490302,2.29032700710901,2.30787527664317,19.74
283,1.48407397293562,1.399999671172,0.0027328583040357,2.29942075159433,2.29266327924923,2.29014271498164,2.3083672115432,19.81
284,1.48955132188835,1.39999975175713,0.0028572545329094,2.29882295736875,2.29303135930873,2.29006540128344,2.30894096757201,19.88
285,1.49502620149759,1.39999984343309,0.0029629276746641,2.2983900583269,2.29351466916956,2.29009330661418,2.30959752245846,19.95
286,1.50049877069066,1.39999994690503,0.0030515439360195,2.29814680755733,2.2941188122149,2.29022225470908,2.31033694098857,20.02
287,1.50596931444799,1.400000062884,0.0031249743041641,2.29811084070801,2.2948495747051,2.29044647714257,2.31115879461279,20.09
288,1.51143816227275,1.40000019208301,0.0031850370835342,2.29829173236716,2.29571423660519,2.29075943419129,2.31206238734264,20.16
289,1.51690573377421,1.40000033521255,0.0032334315672323,2.29868959996568,2.29671741498477,2.29115456855254,2.31304723258158,20.23
290,1.52237245727834,1.40000049297575,0.0032717357371733,2.29929763762327,2.29785671177625,2.29162586512541,2.31411314572822,20.3
291,1.52783881552389,1.40000066606284,0.0033014044096944,2.30010064010247,2.29912407296521,2.29216783599002,2.31526027016244,20.37
292,1.53330526435346,1.40000085514518,0.0033237677665003,2.30107974362118,2.30050288688834,2.29277582007328,2.31648922717691,20.44
293,1.5387722784557,1.40000106086862,0.0033400302155076,2.30221226833209,2.3019694604829,2.2934455178938,2.3178008816994,20.51
294,1.54424027006691,1.40000128384635,0.0033513330494211,2.30347390430023,2.30349557114831,2.29417252378861,2.31919616841333,20.58
295,1.54970963468847,1.40000152465099,0.0033589443742597,2.30484089164365,2.30505279381043,2.2949519828256,2.32067578768913,20.65
296,1.55518066973017,1.40000178380613,0.0033640681149823,2.30628914686139,2.30661707979227,2.2957785631274,2.32224015240392,20.72
297,1.5606536201388,1.40000206177714,0.0033677801992465,2.30779497311116,2.30816901521176,2.29664674379176,2.32388958562299,20.79
298,1.56612859692643,1.40000235896127,0.0033710283553029,2.30933691072083,2.30969465074768,2.29755116453583,2.32562432449657,20.86
299,1.57160568618208,1.40000267567711,0.0033746319645032,2.31089752197309,2.31118830091563,2.29848697375401,2.32744452091514,20.93
300,1.57708505800629,1.40000301215318,0.0033792819323053,2.31246631782158,2.31265108855306,2.29945011167286,2.3293504294697,21.0
301,1.58256688480914,1.40000336851592,0.0033855405465471,2.31404001607353,2.31408999862819,2.30043727471216,2.33134233808045,21.07
302,1.58805138655828,1.40000374477685,0.0033938412966592,2.31562063958496,2.31551864818796,2.30144568824412,2.3334203048031,21.14
303,1.59353874889606,1.40000414081898,0.0034044886323892,2.31721253442066,2.31695430958118,2.30247325954461,2.33558427247024,21.21
304,1.59902916819196,1.40000455638248,0.0034175941269981,2.31881481440201,2.31841315553107,2.30351860289329,2.33783405301656,21.28
305,1.6045227694489,1.4000049910496,0.0034327584781774,2.32041285248082,2.31991090302155,2.30458100042045,2.3401690544533,21.35
306,1.61001965113055,1.40000544422878,0.003448753418528,2.32198241198976,2.32145837482142,2.30566036227243,2.34258736938964,21.42
307,1.61551980283051,1.40000591513816,0.0034635211454312,2.32349803385627,2.32306430066809,2.30675718612301,2.34508524142564,21.49
308,1.62102321337267,1.40000640278827,0.0034744277986093,2.3249400275022,2.32473595693999,2.30787251603461,2.34765703653003,21.56
309,1.626529978787,1.40000690596412,0.0034783264325592,2.32629511191048,2.32647713633269,2.30900796416893,2.35029578306443,21.63
310,1.63204021960487,1.40000742320658,0.0034716201393948,2.32755318482765,2.32829233986679,2.31016592234439,2.35299370899887,21.7
311,1.63755412506342,1.40000795279324,0.0034505159971881,2.32870504803608,2.33018518605667,2.31134951874772,2.35574226843266,21.77
312,1.64307187014001,1.40000849271871,0.0034110888681626,2.32974178779916,2.3321573889303,2.31256225619042,2.35853197530917,21.84
313,1.6485936594841,1.40000904067446,0.0033492822279291,2.33065504861173,2.33420982921319,2.31380771290426,2.36135210816986,21.91
314,1.65411964416559,1.40000959402821,0.0032609096938615,2.3314406142974,2.33634070064145,2.31508949629981,2.36419073094065,21.98
315,1.6596499653064,1.40001014980312,0.0031417209257294,2.33209811915591,2.3385469561969,2.31641049677404,2.36703433145518,22.05
316,1.66518467051524,1.40001070465669,0.0029876590947413,2.33263362228587,2.34082498913882,2.31777252124922,2.36986739576506,22.12
317,1.67072382071316,1.4000112548596,0.0027949924887696,2.33306155156214,2.34316902449953,2.3191755441129,2.37267210931002,22.19
318,1.67626759679203,1.40001179627459,0.0025605744815945,2.33340379387633,2.34557287433975,2.32061657549506,2.37542761387469,22.26
319,1.68181621554721,1.40001232433555,0.0022819144141477,2.33368504183701,2.34803397715781,2.32208871855698,2.37810932916366,22.33
320,1.68736997247087,1.40001283402684,0.0019571865442639,2.3339321453845,2.3505514642555,2.32358117813435,2.38068897497928,22.4
321,1.69292915732301,1.40001331986328,0.0015852406783217,2.33417136960532,2.35312111150377,2.32507914118228,2.38313446919821,22.47
322,1.69849409654396,1.4000137758707,0.0011656145542913,2.33442012774058,2.35573098768462,2.32656327536046,2.38540957558787,22.54
323,1.70406506842253,1.40001419556749,0.0006984845014187,2.33468570158788,2.35836224589401,2.32800979910397,2.38747374731765,22.61
324,1.70964234508238,1.40001457194727,0.0001844273574522,2.33496192901168,2.36099296234443,2.3293907428049,2.38928223106518,22.68
325,1.71522610720136,1.40001489746292,-0.0003756252506942,2.33523522812035,2.36359778214993,2.33067497367624,2.3907867508549,22.75
326,1.72081648552822,1.40001516401227,-0.0009804308400898,2.33548820738067,2.36614769219059,2.33182865146846,2.39193562999697,22.82
327,1.72641347511547,1.40001536292579,-0.0016286052910064,2.33569927420149,2.36860890572797,2.3328152432595,2.39267373407657,22.89
328,1.73201697633791,1.40001548495645,-0.0023184092503423,2.33584376876284,2.37093685821752,2.33359528916334,2.39294236400054,22.96
329,1.73762670862287,1.40001552027222,-0.0030476599215038,2.33589097075824,2.37307751119954,2.33412560275829,2.39267897416618,23.03
330,1.74324225097034,1.40001545845147,-0.0038137047890733,2.33580168037927,2.37496510429192,2.33435898755883,2.39181703558368,23.1
331,1.74886295519962,1.40001528848168,-0.0046133938431039,2.33552847083971,2.37652359846959,2.33424389951198,2.39028579226279,23.17
332,1.75448798601287,1.40001499876189,-0.00544305040431,2.33501391356125,2.37766946294262,2.33372424787456,2.3880102945116,23.24
333,1.76011623382626,1.40001457710923,-0.0062985041888975,2.3341921769135,2.37830945666119,2.3327397810667,2.38491164832559,23.31
334,1.76574635447485,1.40001401077007,-0.0071753137899947,2.33298631494624,2.37834458690434,2.33122617037765,2.38090697557346,23.38
335,1.77137668175943,1.40001328643612,-0.0080687976220878,2.33131280901026,2.37767224514751,2.32911574659709,2.37590978669048,23.45
336,1.77700533047949,1.40001239026614,-0.0089740640530889,2.32908637813353,2.37619135137552,2.32633781220455,2.36983045144299,23.52
337,1.78263029945983,1.40001130791363,-0.0098862314578198,2.3262216313049,2.37380924034815,2.32281916687861,2.36257651698321,23.59
338,1.7882493840862,1.40001002456105,-0.0108004572668241,2.32263594768325,2.3704419727015,2.31848510309128,2.35405325771918,23.66
339,1.79386021601956,1.4000085249612,-0.0117119032334179,2.31825136481937,2.36601480737703,2.31326011234868,2.34416433348315,23.73
340,1.79946017609862,1.40000679348618,-0.0126157006222587,2.31299795524997,2.36046144116745,2.3070686225134,2.33281243256703,23.8
341,1.80504649811404,1.40000481418469,-0.0135069790225708,2.30680935719142,2.353719159899,2.29983532445167,2.31989971273681,23.87
342,1.81061637299786,1.40000257084809,-0.0143810860084328,2.29961490832256,2.34572555695628,2.29148547199478,2.30532823448765,23.94
343,1.81616686297747,1.40000004708593,-0.0152336802377552,2.29133340319915,2.33641834600489,2.28194534863846,2.2890001997099,24.01
344,1.82169494339421,1.39999722641158,-0.0160609522407437,2.28187489240244,2.32573096566172,2.27114233215929,2.27081742783092,24.08
345,1.82719741822426,1.39999409233849,-0.0168595919507808,2.27114614372795,2.31359185481113,2.25900494106794,2.25068147056996,24.15
346,1.83267096349178,1.39999062848783,-0.0176265031231226,2.25905640232607,2.29992511444148,2.24546318325974,2.2284943055292,24.22
347,1.83811204462158,1.39998681870797,-0.0183587093990005,2.24551907053341,2.28465033557706,2.23044908254727,2.20415948533112,24.29
348,1.84351696193278,1.39998264720667,-0.0190533250966892,2.2304495649171,2.26768674119903,2.21389744925753,2.17758355547529,24.36
349,1.84888177033368,1.39997809869633,-0.0197075273246414,2.21376284736445,2.24895199037878,2.19574651636872,2.14867704587761,24.43
350,1.85420232743352,1.39997315855308,-0.0203185295268436,2.19537234845715,2.22836193604318,2.17593857070367,2.1173552302027,24.5
351,1.85947421614698,1.39996781299022,-0.0208835565681413,2.17519212841505,2.20583254636303,2.15442064504862,2.08353916454284,24.57
352,1.864692796024,1.39996204924658,-0.0213998214658929,2.1531394840799,2.18127910203376,2.13114527339248,2.04715694514704,24.64
353,1.86985312939875,1.39995585579033,-0.0218645038738639,2.12913679834595,2.15462156524827,2.10607131130036,2.00814518820111,24.71
354,1.87495010012769,1.39994922253873,-0.022274730424712,2.10311549351131,2.12578545244607,2.07916482322528,1.96645022624155,24.78
355,1.87997853454863,1.39994214109418,-0.0226274935201569,2.0750196142603,2.09470126277162,2.05040010183863,1.92202965879635,24.85
356,1.88493313429943,1.39993460499716,-0.022919381641822,2.04480980509007,2.06131084952915,2.01976094770382,1.87485451336234,24.92
357,1.88980853878647,1.39992660999607,-0.023146502410192,2.01246488947392,2.02557133650139,1.98724182915323,1.82491131961759,24.99
358,1.89459926343049,1.39991815433452,-0.0233044714851532,1.97798365651038,1.98745620021205,1.95284898649696,1.77220397092251,25.06
359,1.89929983148686,1.39990923905601,-0.0233884039380206,1.94138310826122,1.94695720383355,1.91660141724884,1.71675562768593,25.13
360,1.90390490909319,1.39989986832619,-0.0233929082621868,1.90269456524302,1.90408496059013,1.87853218675524,1.65861066243495,25.2
361,1.90840925319637,1.39989004977261,-0.0233121467271304,1.86196391778248,1.85886704715241,1.83869006349432,1.5978365821756,25.27
362,1.91280779015525,1.39987979484178,-0.0231400893179016,1.81924839981797,1.81135103477825,1.79714096962676,1.5345262439332,25.34
363,1.91709557114443,1.39986911917334,-0.0228705803698575,1.774618267863,1.76160227416755,1.75396918141222,1.46879940810802,25.41
364,1.92126785862662,1.39985804299071,-0.022497345165061,1.72815741219988,1.70970278408315,1.70927859456346,1.40080464239391,25.48
365,1.92532009000763,1.3998465915079,-0.0220140002434216,1.67996677225056,1.65575282921795,1.66319430539272,1.33072144464618,25.55
366,1.92924797272895,1.39983479535142,-0.0214140676676519,1.63016648772144,1.59986991213481,1.61586431322508,1.25876251550483,25.62
367,1.933047456897,1.39982269099657,-0.020690993485221,1.57889487610577,1.5421879702796,1.5674612757818,1.18517642799214,25.69
368,1.93671483968696,1.3998103212167,-0.0198381706340804,1.52631115549001,1.48286242674234,1.51818431188224,1.11025055892408,25.76
369,1.94024674760074,1.39979773554433,-0.0188489665418022,1.47259695293099,1.42207022796333,1.46826084487265,1.0343137009769,25.83
370,1.94364025079451,1.39978499074218,-0.0177167556697316,1.41796014936323,1.36001756616416,1.41794841566295,0.957738789069856,25.9
371,1.94689285552933,1.39977215128253,-0.016434957254732,1.36264060946064,1.29694524378511,1.36753632965555,0.880945474441727,25.97
372,1.95000269244947,1.3997592898325,-0.0149971420193237,1.30691257997469,1.23313529259221,1.31733582144439,0.804385509229141,26.04
373,1.95296871022647,1.39974648774291,-0.0133973351373551,1.25108806665199,1.16891597990147,1.26763522446902,0.728476752683103,26.11
374,1.95579062056498,1.39973383553795,-0.011630071068689,1.19551628833185,1.10465528225067,1.21869019497287,0.65358887278156,26.18
375,1.95846884868491,1.39972143340247,-0.0096900734532284,1.14056020429932,1.04072598164257,1.17072566804282,0.580046173329969,26.25
376,1.96100467984665,1.39970939166356,-0.007571750830163,1.08657430228936,0.977469111853283,1.12393797560411,0.508130191887508,26.32
377,1.96340022079117,1.39969783126253,-0.0052691435719095,1.03388534845038,0.915186547312341,1.07849673667301,0.438082437254207,26.39
378,1.96565830308331,1.39968688421299,-0.0027759411350777,0.98278377162026,0.854143094382212,1.03454663941047,0.370107128735084,26.46
379,1.96778239179703,1.3996766940407,-8.53157813943926e-05,0.93352605062746,0.794569435000892,0.992209172019337,0.304373864440626,26.53
380,1.96977649943543,1.39966741619975,0.0028100458787195,0.886332467977194,0.736663879983507,0.951584296959399,0.241020210824081,26.6
381,1.97164510495383,1.39965921846001,0.0059178402969785,0.841387715348651,0.680594447625639,0.912752063840591,0.18015420697534,26.67
382,1.97339307773372,1.39965228125963,0.0092460365929011,0.798842691021575,0.626501069481186,0.875774157173617,0.121856778412778,26.74
383,1.97502560633713,1.3996467980163,0.0128027580616792,0.758816211812305,0.574497726341754,0.840695375917726,0.0661840562405265,26.81
384,1.97654813185653,1.39964297539044,0.0165961552813369,0.721396633757211,0.524674509071513,0.807545042465126,0.0131695985713232,26.88
385,1.97796628566281,1.39964103349284,0.0206342705103454,0.686643377004975,0.47709959994009,0.776338339346159,-0.0371734879369905,26.95
386,1.97928583134432,1.39964120602893,0.0249248930659462,0.654588351541066,0.431821171007679,0.747077572528915,-0.0848505277250741,27.02
387,1.98051261062286,1.39964374037133,0.0294754053776405,0.625237281470042,0.388869196951745,0.719753360726733,-0.129883357667217,27.09
388,1.98165249302725,1.39964889755172,0.0342926194198786,0.598570926631918,0.348257180487758,0.694345750618024,-0.172308509907619,27.16
389,1.9827113291021,1.39965695216254,0.0393826032437353,0.574546201326392,0.309983789231093,0.670825258329201,-0.212175495377211,27.23
390,1.98369490692846,1.39966819215874,0.0447504973489568,0.553097190870783,0.274034403474226,0.649153837934106,-0.249545186609564,27.3
391,1.98460891173366,1.39968291854897,0.0504003206663929,0.534136067627636,0.24038257492134,0.629285778087771,-0.284488297978995,27.37
392,1.98545888836992,1.3997014449653,0.0563347659560606,0.517553909008388,0.208991396927284,0.611168528238797,-0.317083961050943,27.44
393,1.98625020644542,1.39972409709999,0.0625549844689915,0.503221420794721,0.179814787240624,0.594743456156956,-0.34741839235859,27.51
394,1.98698802789664,1.39975121199737,0.0690603597716168,0.49098956992414,0.152798684648973,0.579946538774072,-0.375583650598226,27.58
395,1.98767727679753,1.39978313718838,0.0758482706902407,0.48069013166374,0.127882161275329,0.566708988568429,-0.401676479965721,27.65
396,1.98832261120906,1.39982022965497,0.0829138434005982,0.472136537959244,0.104998452578805,0.554957817928669,-0.425797236132695,27.72
397,1.98892839688161,1.3998628546112,0.0902496927640103,0.465127383550559,0.084075907375193,0.544616344115206,-0.44804889118237,27.79
398,1.98949868263278,1.39991138408719,0.0978457801344878,0.459456979719473,0.0650388604154943,0.535604637597379,-0.468536113686654,27.86
399,1.99003717723457,1.39996619530234,0.105689832548821,0.454935631056143,0.0478084302481243,0.527839916686294,-0.487364420005982,27.93
400,1.99054722765552,1.4000276688134,0.113768196642561,0.451413418139809,0.032303245242832,0.521236955025247,-0.504639456346932,28.0
401,1.99103179851691,1.40009618642313,0.122066937198577,0.448793265063939,0.0184401007784898,0.515708695645859,-0.520466598115878,28.07
402,1.99149351615377,1.40017212883507,0.130572736212015,0.447027199658658,0.0061345506914604,0.511166884278327,-0.5349506719901,28.14
403,1.99193490420482,1.40025587303982,0.139273529478418,0.446095746615327,-0.0046985638483166,0.507522661711231,-0.548195733173057,28.21
404,1.99235842951835,1.40034778941839,0.148158373060477,0.445977251954036,-0.0141446448181211,0.504687055042006,-0.560304830321912,28.28
405,1.99276648531473,1.40044823854829,0.157217111760643,0.446636358289476,-0.0222889239379287,0.502571180646017,-0.571379563627437,28.35
406,1.99316137503026,1.4005575676982,0.166440104092902,0.448022929756724,-0.029216102128472,0.501086352809227,-0.581519622677546,28.42
407,1.993545296751,1.4006761069975,0.17581813117947,0.450074504432582,-0.0350100385856261,0.500144164929876,-0.590822363753681,28.49
408,1.9939203281492,1.40080416526757,0.1853421088294,0.452713383555223,-0.039753486245363,0.499656546668397,-0.599382422763541,28.56
409,1.99428841183837,1.40094202550211,0.195002730189236,0.455844902348444,-0.0435278704447586,0.499535800414694,-0.607291360102153,28.63
410,1.99465134106806,1.40108993998496,0.204790102832773,0.459357139496815,-0.0464131076266667,0.499694620428848,-0.614637333836923,28.7
411,1.99501074568447,1.40124812503444,0.214693380646868,0.463120989066473,-0.0484874609862062,0.50004609799746,-0.621504797729272,28.77
412,1.99536807828837,1.4014167553648,0.224700390892698,0.466992377655107,-0.0498274300139822,0.500503715932861,-0.62797422073501,28.84
413,1.99572460052863,1.40159595805653,0.234797383895182,0.470820442788527,-0.0505076709542713,0.500981335727461,-0.634121824766483,28.91
414,1.99608136947582,1.40178580612884,0.24496928693723,0.474460471150818,-0.0506009452631642,0.501393244179074,-0.640019401170085,28.98
415,1.99643922402808,1.40198631170958,0.255200081770083,0.477792237500609,-0.0501780932215804,0.501654453325334,-0.645734393570798,29.05
416,1.99679877130889,1.40219741879985,0.265473115756234,0.480718278746247,-0.0493080299305863,0.501681066396344,-0.651330053791734,29.12
417,1.99716037302499,1.40241899563287,0.275771220216388,0.483151889624576,-0.0480577609889611,0.501390649503722,-0.656865604758757,29.19
418,1.99752413176136,1.40265082662928,0.286076954206972,0.485014407477725,-0.0464924152266918,0.500702548742541,-0.66239634446008,29.26
419,1.99788987719949,1.40289260395399,0.296372783825371,0.486243250375522,-0.0446752919403972,0.499538028808755,-0.667973561666059,29.33
420,1.99825721577377,1.40314391868277,0.306641642336104,0.486799913382233,-0.0426679201483617,0.497820617316239,-0.67364464241337,29.4
421,1.99862577080905,1.40340425159046,0.316867300115959,0.486663633635283,-0.0405301274522911,0.495476530774781,-0.679453238261173,29.47
422,1.99899523204191,1.40367296357639,0.327034545066115,0.485831750373108,-0.0383201161604516,0.49243505810372,-0.685439367475293,29.54
423,1.99936534157657,1.40394928574685,0.33712974577539,0.484326316071849,-0.0360945443916433,0.48862877745399,-0.691639320438979,29.61
424,1.99973587980597,1.40423230917908,0.34714122634403,0.482189554675864,-0.0339086099412981,0.483993990142799,-0.698085748876961,29.68
425,2.00010665130785,1.40452097439606,0.357059262829683,0.479467403888585,-0.0318161347498881,0.478471183712442,-0.704807746953553,29.75
426,2.00047747072438,1.40481406058696,0.366875765279015,0.476198099463123,-0.0298696478694438,0.472005272463678,-0.71183066892582,29.82
427,2.00084814863285,1.40511017461349,0.376583963310241,0.472405228148093,-0.0281204648764469,0.464545808285971,-0.719175872799708,29.89
428,2.00121847741447,1.40540773984895,0.386178349630895,0.468101726764234,-0.0266187617286794,0.456047227400973,-0.726860452543035,29.96
429,2.00158821712881,1.40570498490298,0.395654754712236,0.463301904635745,-0.025413641109793,0.446469134940417,-0.734896958043007,30.03
430,2.00195708140165,1.40599999581077,0.405010616348189,0.458036470843941,-0.0245531893490051,0.435776629093004,-0.743293165677184,30.1
431,2.0023247233356,1.40629095879103,0.414245063144918,0.452350684366145,-0.024084522044158,0.423940666357894,-0.752052026057985,30.17
432,2.0026907214545,1.40657621253275,0.423358875556681,0.44628899242271,-0.0240538165552075,0.410938469232448,-0.761171407543663,30.24
433,2.00305456569483,1.40685423711688,0.432354260982876,0.439885337997471,-0.0245063295723459,0.396753977438588,-0.77064376244195,30.31
434,2.00341564346038,1.40712364315464,0.44123476049058,0.433160532306606,-0.0254863979987504,0.381378343553033,-0.780455779508224,30.38
435,2.00377322575961,1.40738316120048,0.450004969486439,0.426120085013133,-0.0270374214232135,0.364810473650192,-0.79058802302811,30.45
436,2.00412645344922,1.40763163149286,0.458670199241775,0.418753190111353,-0.0292018244929338,0.347057613291625,-0.801014558994042,30.52
437,2.00447432361173,1.40786799407101,0.467236142616444,0.411032803759217,-0.0320209975328563,0.328135978899959,-0.811702569118941,30.59
438,2.00481567609999,1.40809127931223,0.475708543781135,0.402915925210642,-0.0355352137949455,0.308071434237105,-0.822611953677804,30.66
439,2.00514918028678,1.40830059893002,0.484092871723271,0.39434389132114,-0.0397835217605535,0.286900211364441,-0.833694924430466,30.73
440,2.00547332206399,1.40849513747003,0.492393997319646,0.385243194411875,-0.0448036109617132,0.264669675094872,-0.844895589156375,30.8
441,2.00578639114196,1.40867414433787,0.500615937287948,0.375531589611474,-0.0506316498339908,0.241439129550718,-0.85614952962529,30.87
442,2.00608653222554,1.40883692638978,0.508761982425759,0.365138704623504,-0.0573022847211256,0.21728060149897,-0.867383438655188,30.94
443,2.00637198716845,1.40898284111491,0.516835400538678,0.354031500108352,-0.0648489892086401,0.192279344124544,-0.878515009270325,31.01
444,2.00664114706433,1.40911129043556,0.524840332816587,0.342228258940408,-0.0733032380191787,0.166533613863797,-0.889453078753939,31.08
445,2.00689254137792,1.40922171515003,0.532782820009298,0.329797548473944,-0.0826940286437996,0.140152065569098,-0.900098792953743,31.15
446,2.00712482769641,1.4093135900408,0.540671386570582,0.316844378275553,-0.0930475589569077,0.113248000054082,-0.910348302455266,31.22
447,2.00733678215706,1.40938641966951,0.548517373092196,0.303487679501633,-0.104386869156419,0.0859317938040999,-0.920096676780753,31.29
448,2.0075272906023,1.40943973487858,0.556334762626848,0.289839519098942,-0.116731637588424,0.0583059528782119,-0.929240436287309,31.36
449,2.00769534050897,1.40947309001865,0.564139881580118,0.276000590168444,-0.130098320135134,0.0304647559016448,-0.937677943525028,31.43
450,2.00784001373426,1.40948606091944,0.571951101677346,0.262060731472268,-0.144499107970879,0.002494988725844,-0.945309118922291,31.5
451,2.00796048011698,1.40947824362128,0.579788542385192,0.248101613909664,-0.159941227509949,-0.0255231221008525,-0.95203511985868,31.57
452,2.00805599196918,1.40944925388335,0.587673773089554,0.234201654039525,-0.176426582086233,-0.0535154790690849,-0.957758304534272,31.64
453,2.00812587948977,1.409398727484,0.595629577783516,0.220432162801984,-0.193952433795236,-0.0814147613777992,-0.96238305606934,31.71
454,2.00816954712876,1.40932632132795,0.60367990848179,0.206856096289872,-0.212512299680606,-0.109160438356843,-0.965816136661385,31.78
455,2.0081864709275,1.40923171537405,0.611849645382538,0.193529914008311,-0.232092997179042,-0.13669865935658,-0.967966893034128,31.85
456,2.00817619685779,1.4091146153968,0.620164289902302,0.180504286470636,-0.252673238163255,-0.163981768338029,-0.96874750728588,31.92
457,2.00813834017982,1.40897475659376,0.628649653156256,0.167824348678106,-0.274222882834988,-0.190967889848538,-0.968073233072174,31.99
458,2.00807258583614,1.40881190805005,0.637331538913931,0.155531339587645,-0.296702155580611,-0.217620461164852,-0.965862556949586,32.06
459,2.00797868989642,1.40862587806997,0.646235420048675,0.143660798429774,-0.320060823942906,-0.243908029795023,-0.962037732739046,32.13
460,2.00785648206497,1.40841652038458,0.655386107499553,0.132242334279398,-0.344237342230003,-0.269803428474652,-0.956524993307971,32.2
461,2.00770586926033,1.40818374124243,0.664807410776949,0.121300078267232,-0.369157961681566,-0.295282773490967,-0.949254696807092,32.27
462,2.00752684027329,1.40792750738899,0.674521789068447,0.110853118596901,-0.394735809543225,-0.320324477932148,-0.940161537209491,32.34
463,2.00731947150702,1.40764785493836,0.684549992039853,0.100915917445212,-0.420869939865909,-0.344908280778277,-0.929184821804511,32.41
464,2.00708393379957,1.40734489913841,0.694910689477657,0.0914987090155466,-0.447444359346841,-0.36901429266285,-0.916268818133601,32.48
465,2.00682050032581,1.40701884502784,0.705620088984476,0.0826078781906496,-0.474327032065532,-0.392622059083074,-0.901363172679183,32.55
466,2.00652955557235,1.40666999898096,0.716691541018401,0.0742463193922979,-0.501368867541825,-0.415709641822899,-0.884423403427708,32.62
467,2.0062116053748,1.40629878113196,0.7281351306611,0.0664137754023989,-0.528402697154356,-0.43825271937415,-0.865411468223016,32.69
468,2.0058672880028,1.40590573866717,0.739957255608413,0.059107156032897,-0.555242244608003,-0.460223707197594,-0.844296410601317,32.76
469,2.00549738627339,1.40549155996911,0.752160190001798,0.0523208366523726,-0.581681096827787,-0.481590898756417,-0.821055084553801,32.83
470,2.00510284066839,1.4050570895914,0.764741633859571,0.04604693668515,-0.607491872940572,-0.502317628378831,-0.795672959391941,32.9
471,2.00468476342574,1.40460334403822,0.777694248024133,0.0402755782955304,-0.632425789771947,-0.522361457163588,-0.768145005592643,32.97
472,2.00424445356904,1.40413152831599,0.791005174715764,0.0349951255558125,-0.656211108082527,-0.541673383330866,-0.738476662171079,33.04
473,2.00378341283268,1.40364305321844,0.804655543975802,0.0301924044730908,-0.678551993479084,-0.5601970786409,-0.706684885767128,33.11
474,2.00330336243301,1.40313955329913,0.818619966492263,0.0258529043168696,-0.699127611808782,-0.57786815275281,-0.672799281231131,33.18
475,2.00280626062816,1.40262290547734,0.832866013530413,0.0219609607482629,-0.7175914703166,-0.594613447675009,-0.636863313055823,33.25
476,2.00229432100086,1.40209524821511,0.847353684939054,0.0184999213026626,-0.733571397908755,-0.610350428284131,-0.598935660036706,33.32
477,2.00177003138951,1.40155900119368,0.862034993508974,0.015452293821803,-0.746674687542294,-0.624986862260068,-0.559091838533273,33.39
478,2.00123617338291,1.40101688540773,0.876854238877237,0.0127998784689319,-0.756521408595528,-0.638422189992064,-0.517426600231957,33.46
479,2.00069577876541,1.40047188006653,0.891749353915555,0.0105238839928905,-0.762801711752273,-0.650558337221557,-0.474062119481042,33.53
480,2.00015189576941,1.39992698916162,0.906654198679953,0.0086050289339502,-0.765316425144873,-0.661323975852012,-0.429166349312172,33.6
481,1.99960754613261,1.3993851986999,0.921501042050389,0.0070236284869635,-0.763991616084983,-0.670697754287491,-0.382970552671588,33.67
482,1.99906574580673,1.39884943393262,0.936222979491151,0.0057596677561251,-0.758879003842465,-0.678715445981334,-0.335766057534506,33.74
483,1.99852946216563,1.39832232591088,0.950756098942417,0.0047928621510017,-0.750148260547815,-0.685452441963921,-0.287879718960996,33.81
484,1.99800138056102,1.39780616836907,0.965041460897562,0.0041027056863408,-0.738072468665398,-0.69100013350435,-0.239638557702398,33.88
485,1.99748386122522,1.39730293779893,0.979026450459765,0.0036685079583598,-0.72299701033059,-0.695452188849653,-0.191346048681203,33.95
486,1.99697895938196,1.39681431310833,0.992665376578523,0.0034694205787738,-0.705300326303651,-0.698900276015837,-0.143275573143236,34.02
487,1.99648844495655,1.3963416947893,1.00591938398601,0.0034844538550214,-0.685358409589836,-0.701432939755191,-0.0956705424023681,34.09
488,1.99601382180703,1.39588622353115,1.01875599716778,0.0036924845109924,-0.663524135269295,-0.703135342546286,-0.0487460377580884,34.16
489,1.99555634640865,1.39544879822523,1.03114861544407,0.0040722552482766,-0.640124270671688,-0.704089167530529,-0.0026906234099364,34.23
490,1.99511704593431,1.39503009331778,1.04307602392123,0.0046023669529125,-0.615460305429002,-0.70437255311274,0.042331866395221,34.3
491,1.99469673568291,1.39463057547633,1.05452192132994,0.0052612643578217,-0.589809341355441,-0.704060056113586,0.0861805731807987,34.37
492,1.99429603581646,1.39425051954414,1.06547446556206,0.0060272159765787,-0.563425030658341,-0.70322264049582,0.128735899278114,34.44
493,1.99391538737455,1.39389002376443,1.07592583752989,0.0068782891301381,-0.536538551913827,-0.701927688823145,0.169897837463098,34.51
494,1.99355506754274,1.39354902426418,1.08587182380227,0.0077923208948742,-0.509359614133773,-0.700239033747059,0.209584349760803,34.58
495,1.99321520415769,1.39322730879341,1.09531141831793,0.0087468858080183,-0.482077480107347,-0.698217006953461,0.247729799239256,34.65
496,1.99289578943855,1.39292452972236,1.10424644333927,0.009719261175332,-0.454862001018349,-0.695918503135913,0.284283437929348,34.72
497,1.99259669293959,1.3926402163047,1.11268118968735,0.0106863908359122,-0.427864655118793,-0.693397056695969,0.319207953381613,34.79
498,1.99231767372423,1.39237378621971,1.12062207619094,0.0116248482503322,-0.401219583978881,-0.690702929001668,0.352478075803571,34.86
499,1.99205839176557,1.39212455641151,1.12807732818818,0.0125107997910588,-0.37504462053381,-0.687883204163395,0.384079247208046,34.93
500,1.99181841858218,1.39189175324734,1.13505667483831,0.0133199691281872,-0.349442303808551,-0.684981891411023,0.414006353544418,35.0
501,1.99159724712238,1.39167452202089,1.14157106493194,0.0140276036190401,-0.324500875823521,-0.682040032277205,0.442262520375234,35.07
502,1.99139430091315,1.39147193583011,1.14763240083084,0.0146084436270458,-0.30029544732238,-0.679095810908946,0.468857972301094,35.14
503,1.9912089424928,1.39128300386205,1.15325329012173,0.0150366957134563,-0.276889519507091,-0.676184665942578,0.49380895602186,35.21
504,1.9910404811496,1.39110667911991,1.15844681453189,0.0152860106647218,-0.254335334463718,-0.673339402486214,0.517136726651194,35.28
505,1.99088817999034,1.39094186563011,1.16322631562781,0.0153294673387034,-0.23267457630094,-0.670590302858342,0.53886659667175,35.35
506,1.99075126236526,1.39078742516918,1.16760519679939,0.0151395633339746,-0.211939230450325,-0.667965234831615,0.55902704672744,35.42
507,1.99062891767738,1.39064218355223,1.17159674102275,0.0146882135083498,-0.192152408978697,-0.665489756227102,0.577648897292722,35.49
508,1.99052030660569,1.39050493652627,1.17521394389182,0.013946566839185,-0.173329140688464,-0.663187214796191,0.594764540139718,35.56
509,1.99042456577321,1.39037445531322,1.17846936141359,0.0128844521413907,-0.155477125119895,-0.661078842415536,0.610407228433207,35.63
510,1.99034081189174,1.39024949184832,1.18137497207275,0.011470978190725,-0.138597449877842,-0.659183842704614,0.624610424223103,35.7
511,1.99026814541627,1.39012878376085,1.18394205268805,0.0096747649539579,-0.122685270984995,-0.657519471256128,0.637407202071717,35.77
512,1.99020565374265,1.39001105914467,1.18618106760458,0.0074639976572192,-0.107730456215841,-0.65610110774699,0.648829707544149,35.84
513,1.99015241398277,1.38989504116657,1.18810157079302,0.0048064954437899,-0.0937181915918797,-0.65494231927166,0.65890866930461,35.91
514,1.99010749535207,1.38977945256106,1.18971212045762,0.0016697958333013,-0.0806295514202347,-0.654054914311361,0.667672963596892,35.98
515,1.99006996120446,1.38966302005998,1.19102020578933,-0.0019787437916981,-0.0684420324368949,-0.653448986821813,0.675149229940528,36.05
516,1.99003887075018,1.38954447880586,1.19203218553837,-0.0061718264353102,-0.057130052772302,-0.653132949989099,0.681361536944584,36.12
517,1.99001328049225,1.3894225767973,1.19275323812127,-0.0109420762306639,-0.0466654165936845,-0.653113559268788,0.686331097225941,36.19
518,1.98999224541734,1.38929607941467,1.19318732302031,-0.016321878429634,-0.0370177453962678,-0.653395924387555,0.690076030516648,36.26
519,1.98997481997705,1.38916377407376,1.19333715327826,-0.0223431973976243,-0.028154877015169,-0.653983510049717,0.692611174153376,36.33
520,1.98996005889559,1.38902447505446,1.19320417893766,-0.0290373713803139,-0.0200432335131527,-0.654878125153986,0.693947940259575,36.4
521,1.98994701783989,1.38887702855057,1.19278858132143,-0.0364348828253946,-0.0126481591676441,-0.656079900388414,0.694094219055893,36.47
522,1.98993475398814,1.38872031798599,1.19208927809953,-0.0445651030666149,-0.0059342298346581,-0.657587254134817,0.693054327864371,36.54
523,1.98992232653282,1.38855326964115,1.19110393913471,-0.0534560102097673,0.0001344649917353,-0.659396846677808,0.690829005506193,36.61
524,1.98990879715404,1.38837485863224,1.18982901314852,-0.0631338791033036,0.005594066075998,-0.661503522779103,0.687415451928371,36.68
525,1.98989323049912,1.38818411528413,1.18825976529626,-0.0736229423290057,0.0104807129268574,-0.663900242744659,0.682807413031127,36.75
526,1.98987469470418,1.38798013193598,1.18639032578589,-0.0849450212138647,0.0148303354962862,-0.66657800218165,0.676995310801863,36.82
527,1.9898522619933,1.38776207021642,1.18421374972105,-0.0971191259415211,0.0186784677157162,-0.669525740714002,0.669966418993393,36.89
528,1.98982500939083,1.38752916882291,1.18172208839166,-0.110161023934534,0.0220600815014303,-0.672730240000226,0.661705084710635,36.96
529,1.98979201958219,1.38728075183719,1.1789064722761,-0.124082775785552,0.0250094398757981,-0.67617601147582,0.652192996388851,37.03
530,1.98975238195835,1.38701623760563,1.17575720605755,-0.138892428695067,0.0275599678726007,-0.679845174324605,0.641409498758508,37.1
531,1.98970519387885,1.38673514821047,1.17226387599179,-0.154594057513517,0.0297441399213911,-0.683717324270124,0.629331955492841,37.17
532,1.98964956218819,1.38643711955368,1.16841546999544,-0.171186628636431,0.0315933824377632,-0.687769393869381,0.61593616032264,37.24
533,1.98958460501991,1.386121912072,1.16420051085056,-0.188663211048885,0.0331379903824999,-0.691975505087425,0.601196797478627,37.31
534,1.98950945392234,1.38578942209658,1.15960720294458,-0.207010344008206,0.0344070565924876,-0.696306815032835,0.585087952380864,37.38
535,1.98942325633972,1.38543969386663,1.15462359298204,-0.226207371077532,0.0354284127291661,-0.700731355841368,0.567583673536935,37.45
536,1.98932517848173,1.38507293220061,1.14923774511652,-0.246225741027376,0.036228580736245,-0.705213869807976,0.548658586632676,37.52
537,1.98921440861385,1.38468951582355,1.14343793095742,-0.267028276396951,0.0368327337462069,-0.709715640986591,0.528288561800918,37.59
538,1.98909016080036,1.38429001134226,1.13721283490506,-0.288568410808,0.0372646654251309,-0.714194324602451,0.506451435030797,37.66
539,1.98895167913093,1.38387518785421,1.13055177525997,-0.310789587008383,0.0375467667966098,-0.718603775753573,0.483127784632931,37.73
540,1.9887982424606,1.38344596864968,1.123444814499,-0.333633328905466,0.0377000096381355,-0.722893879016242,0.458301763599806,37.8
541,1.98862916969211,1.38300319294117,1.11588244153213,-0.357065962100856,0.0377441261522411,-0.727010444232785,0.431961925078221,37.87
542,1.9884438256278,1.38254756869761,1.10785539798747,-0.381062626096552,0.0376981746675801,-0.73089529742923,0.404101850996629,37.94
543,1.98824162741725,1.38207968951451,1.09935464888791,-0.405590247705389,0.0375799661698784,-0.734486187816485,0.374720838353883,38.01
544,1.98802205162462,1.38160005197456,1.09037162510951,-0.430603196721654,0.0374058753845008,-0.737716640129672,0.343824897483496,38.08
545,1.98778464193798,1.38110907347585,1.08089854740894,-0.456043367732282,0.0371908451775016,-0.740515818197516,0.311427871758525,38.15
546,1.9875290175405,1.38060711050875,1.07092876882591,-0.481836940547984,0.0369483930955044,-0.742808402276204,0.277552614982207,38.22
547,1.9872548821608,1.38009447736539,1.06045713575489,-0.507892712415233,0.0366906194748877,-0.744514482848046,0.242232225929587,38.29
548,1.98696203381695,1.37957146526799,1.04948036793721,-0.534101115573921,0.0364282166050186,-0.745549473755928,0.205511339160798,38.36
549,1.9866503752654,1.3790383619041,1.03799745756745,-0.560333415494377,0.0361704784844015,-0.745824047720199,0.167447470836949,38.43
550,1.98631992516233,1.37849547135727,1.0260100876367,-0.586441284530417,0.0359253107621002,-0.745244097461309,0.128112417828494,38.5
551,1.98597082994121,1.37794313442232,1.01352306954826,-0.612255231452709,0.0356992405102086,-0.743710725833277,0.0875937079155905,38.57
552,1.98560337640566,1.37738174929334,1.00054479993915,-0.637583416969943,0.0354974255260058,-0.741120268554376,0.045996098334623,38.64
553,1.98521800503209,1.37681179261133,0.98708773652085,-0.6622106711491,0.035323662914985,-0.737364353304101,0.0034431193259034,38.71
554,1.98481532397091,1.37623384085614,0.973168892616467,-0.685898418756201,0.035180396758126,-0.732329999136752,-0.0399213413198701,38.78
555,1.98439612372962,1.37564859206459,0.958810286397804,-0.708390157570024,0.0350687247186567,-0.725899760341165,-0.0839314174342495,38.85
556,1.98396139251443,1.37505688785231,0.94403909009699,-0.729426373356138,0.0349884034951146,-0.717951982570102,-0.128397739893833,38.92
557,1.98351233220013,1.37445973571294,0.928887414834095,-0.748761088404172,0.0349378530788366,-0.708361429787585,-0.173106522772453,38.99
558,1.98305037489057,1.37385833156223,0.913391857063577,-0.766167540265549,0.034914159825127,-0.697000413703827,-0.217819521519621,39.06
559,1.98257720002377,1.37325408248856,0.897593186529747,-0.781441130400542,0.034913078398297,-0.683740748055731,-0.262275506498394,39.13
560,1.98209475196692,1.37264862966418,0.881535920264422,-0.794398444505928,0.0349290327016058,-0.668456913698501,-0.30619415021219,39.2
561,1.98160519451873,1.37204387136342,0.865268098668325,-0.804867524919907,0.0349551159538945,-0.651030566410147,-0.349282782781372,39.27
562,1.98111067520831,1.37144192250654,0.848841071425446,-0.812687187341128,0.0349830901254203,-0.631355693460366,-0.391243739643621,39.34
563,1.98061328042048,1.3708448836203,0.832309037346822,-0.817718691382795,0.0350033849961212,-0.609344931569622,-0.431783519437053,39.41
564,1.98011505422932,1.37025480024697,0.8157285267452,-0.819845888067528,0.0350050971502784,-0.584939019332308,-0.470626050019172,39.48
565,1.97961801734133,1.36967368568521,0.799157951315339,-0.818979030475445,0.034975989272313,-0.558117100706945,-0.507525309834098,39.55
566,1.97912418607067,1.36910354346599,0.782657346405407,-0.815054566207473,0.0349024901592628,-0.528907691211225,-0.542276997476447,39.62
567,1.97863559126889,1.36854638948676,0.766287858825356,-0.808039363048349,0.0347696959163206,-0.497398147916786,-0.574727670791432,39.69
568,1.97815429713252,1.36800421020894,0.750110914388989,-0.797942546149675,0.0345613728526299,-0.463742324504788,-0.60478187138695,39.76
569,1.97768235629233,1.36747872980494,0.734187189901667,-0.784824911996203,0.0342599626453398,-0.42816399430066,-0.632407049805077,39.83
570,1.9772215740689,1.36697136729175,0.718575133185115,-0.768818114302055,0.0338465903905533,-0.390947460402334,-0.657632039218702,39.9
571,1.97677346292877,1.36648325654858,0.70332960050294,-0.750130244583326,0.0333010762102966,-0.352420616470749,-0.680533679829485,39.97
572,1.97633926003579,1.3660152656458,0.688500672686477,-0.729034118280785,0.0326019511347777,-0.312929812269853,-0.701217373138595,40.04
573,1.97591994432127,1.36556801544188,0.674133028989052,-0.705835654316443,0.0317264780288971,-0.272815023100816,-0.719800900507213,40.11
574,1.97551625302572,1.36514189741508,0.660265749726843,-0.680854097147257,0.0306506783811151,-0.232397251569881,-0.736406265981846,40.18
575,1.97512869767475,1.36473709070618,0.646932482486452,-0.654398380708421,0.029349365821004,-0.191973448442631,-0.751155620798904,40.25
576,1.97475757946093,1.36435357835717,0.634161843371509,-0.626759821118539,0.027796187279151,-0.151815827975868,-0.764169740500592,40.32
577,1.97440300401209,1.36399116273899,0.6219776708925,-0.598211154011922,0.0259636727490219,-0.112172517525313,-0.775567080942497,40.39
578,1.97406489553429,1.36364948016887,0.610399449000058,-0.569002504660929,0.0238232946548078,-0.0732684512359104,-0.785462963965886,40.46
579,1.97374301032568,1.36332801472471,0.599442771313589,-0.539361204038257,0.0213455378717548,-0.0353067524266603,-0.793969078781384,40.53
580,1.97343694966363,1.36302611127022,0.589119782281074,-0.509492900547075,0.0184999814858896,0.0015297850224199,-0.801193104116522,40.6
581,1.97314617207474,1.36274298771055,0.579439594673122,-0.479582688377664,0.0152553934172684,0.0370772510688154,-0.807238383354244,40.67
582,1.97287000500255,1.36247774650309,0.57040868294564,-0.449796244645957,0.0115798390656932,0.071189216667379,-0.812203648560884,40.74
583,1.97260765589368,1.36222938545331,0.562031252121455,-0.420280968252604,0.0074408051684127,0.103735379946894,-0.816182789466661,40.81
584,1.97235822272792,1.36199680782983,0.554309581941654,-0.391167114141196,0.0028053400860716,0.134600266992821,-0.819264663637589,40.88
585,1.97212070402233,1.36177883183662,0.547244346124308,-0.362568917330853,-0.0023597882447423,0.163681992210445,-0.821532944261566,40.95
586,1.97189400834383,1.36157419948437,0.540834906641633,-0.334585701751969,-0.0080879154377607,0.190891082676697,-0.823066002163245,41.02
587,1.97167696336818,1.36138158490572,0.535079582988014,-0.307302969524397,-0.0144122835964686,0.216149370371767,-0.823936818859532,41.09
588,1.9714683245271,1.36119960216252,0.529975896461554,-0.280793466885736,-0.0213658227976698,0.2393889557069,-0.824212927669494,41.16
589,1.97126678328796,1.36102681259533,0.525520789521577,-0.255118223504553,-0.0289809098535285,0.260551245334426,-0.823956380097554,41.23
590,1.97107097511358,1.36086173176815,0.521710820315244,-0.230327562399288,-0.0372891030990986,0.279586066833115,-0.823223734916675,41.3
591,1.97087948715185,1.36070283606305,0.518542332488462,-0.206462078130687,-0.0463208519721445,0.296450862508901,-0.822066067586262,41.37
592,1.97069086570716,1.36054856898125,0.516011600411277,-0.183553581343584,-0.0561051801853796,0.311109964226862,-0.820528997849741,41.44
593,1.97050362354745,1.36039734720871,0.514114949956149,-0.161626008104979,-0.0666693413320984,0.32353395090165,-0.818652733564746,41.51
594,1.97031624710226,1.36024756650548,0.512848854970274,-0.14069629282027,-0.0780384458214461,0.333699090009675,-0.816472129027177,41.58
595,1.97012720360831,1.36009760747911,0.512210009581464,-0.120775203809843,-0.0902350581070632,0.341586864248018,-0.814016756256318,41.65
596,1.96993494826039,1.35994584130323,0.512195376471397,-0.101868140895406,-0.103278953810013,0.347183584247232,-0.811310987912273,41.72
597,1.96973793142583,1.35979063544305,0.512802211242053,-0.0839758945804928,-0.117187226433429,0.350480024527997,-0.808374090718133,41.79
598,1.96953460598137,1.35963035944966,0.514028062990804,-0.0670953666146371,-0.13197321846994,0.351470956188362,-0.805220328457441,41.86
599,1.96932343483158,1.35946339088547,0.515870751198851,-0.0512202519064473,-0.147645800701656,0.350154957787526,-0.801859073811985,41.93
600,1.96910289866753,1.3592881214428,0.518328319026499,-0.0363416818993356,-0.164208808633137,0.3465343775892,-0.798294928495673,42.0
601,1.96887150402442,1.3591029633175,0.521398963098682,-0.0224488296460427,-0.181660445167638,0.340615383701058,-0.79452785132644,42.07
602,1.96862779169596,1.35890635589869,0.525080939855768,-0.009529476916362,-0.199992649383742,0.332408102019783,-0.790553294060057,42.14
603,1.96837034556234,1.35869677283527,0.529372448539027,0.0024294562533436,-0.219190431485471,0.321926841746124,-0.786362344986504,42.21
604,1.96809780188735,1.35847272953857,0.534271490877788,0.0134414191059986,-0.239231174236734,0.309190408082706,-0.781941880461367,42.28
605,1.96780885913863,1.35823279117921,0.539775707548,0.0235197743103845,-0.260083901456152,0.29422250156708,-0.777274724710949,42.35
606,1.96750228838288,1.35797558123472,0.545882191479255,0.0326773781979184,-0.281708514438897,0.277052203320727,-0.77233981841016,42.42
607,1.96717694430557,1.35769979064265,0.552587278101433,0.0409261965838116,-0.304054997490765,0.257714545308072,-0.767112396686777,42.49
608,1.96683177690197,1.35740418761142,0.559886312643118,0.0482769556845349,-0.327062594107851,0.236251164492813,-0.761564177353512,42.56
609,1.96646584388307,1.35708762813882,0.567773394622825,0.0547388276780826,-0.35065895571316,0.212711039553394,-0.755663560310515,42.63
610,1.96607832383626,1.35674906728505,0.576241099712226,0.0603191505001122,-0.37475926527109,0.187151308564986,-0.749375839194873,42.7
611,1.96566853017667,1.35638757124378,0.585280179197788,0.065023181528153,-0.399265338542608,0.15963816577689,-0.742663426480159,42.77
612,1.96523592592032,1.35600233025104,0.594879237325877,0.0688538848760377,-0.424064706219325,0.130247835302018,-0.735486093347211,42.84
613,1.96478013930528,1.35559267236733,0.605024386885828,0.0718117520991043,-0.449029680684217,0.0990676191888739,-0.727801225757155,42.91
614,1.96430098028101,1.35515807816391,0.615698883467321,0.0738946561987913,-0.474016602246766,0.0661970169653929,-0.719564098258228,42.98
615,1.96379845788011,1.35469819633856,0.626882738923861,0.0750977389084838,-0.498865460279218,0.0317489133195555,-0.71072816714872,43.05
616,1.96327279847958,1.35421286028072,0.638552314682798,0.0754133313426082,-0.523398370286941,-0.0041491698824527,-0.701245384698704,43.12
617,1.96272446495101,1.35370210559911,0.650679895666321,0.0748309081945339,-0.547418437465168,-0.0413537615508089,-0.691066536202316,43.19
618,1.96215417669118,1.35316618861828,0.663233245726994,0.0733370757758625,-0.570708822973189,-0.0797040741674613,-0.680141601689847,43.26
619,1.961562930515,1.35260560584232,0.676175145656943,0.0709155942982259,-0.593031829880222,-0.119020586899056,-0.668420144172574,43.33
620,1.96095202238359,1.35202111437615,0.689462915002127,0.0675474349081823,-0.614128017052798,-0.159103585164283,-0.655851726324616,43.4
621,1.96032306992902,1.35141375328514,0.703047919103282,0.0632108720932626,-0.63371554060358,-0.199731663506427,-0.642386357521004,43.47
622,1.95967797220795,1.3507848658641,0.716875253548711,0.0578816121844135,-0.651497164460254,-0.240660199392067,-0.627974973151602,43.54
623,1.95901867958556,1.35013605925749,0.730884179561234,0.0515329587814558,-0.667191846677291,-0.281620568605949,-0.612570329224041,43.61
624,1.95834715479002,1.34946897434268,0.745008804260741,0.0441360160266929,-0.680559852061945,-0.322323414532629,-0.596129902082891,43.68
625,1.95766539802642,1.34878524692776,0.759179071631456,0.0356599307427217,-0.691418035185074,-0.362468458764091,-0.578622001878931,43.75
626,1.9569754725566,1.34808653316453,0.773321939661773,0.0260721745340411,-0.699640030778529,-0.401762642517112,-0.560037070444532,43.82
627,1.95627946715006,1.34737453559556,0.787362174652469,0.0153388670267577,-0.705145995349918,-0.439940702966918,-0.540402195636886,43.89
628,1.95557926829039,1.34665102977215,0.801223210101565,0.0034251414838124,-0.707896133044303,-0.476781017942698,-0.519794269088018,43.96
629,1.95487652317039,1.34591789137807,0.814827818953578,-0.0097044459152866,-0.707886547910207,-0.512116220845479,-0.498350261800999,44.03
630,1.9541726663669,1.34517706027271,0.828098792682407,-0.0240854618040337,-0.705152378557959,-0.54584011861175,-0.476274614596859,44.1
631,1.9534689466141,1.34443031434545,0.840959884220929,-0.039753095019868,-0.699772943301858,-0.577912125909362,-0.45384195962651,44.17
632,1.95276645362035,1.3436792342197,0.853336890636789,-0.0567416083039553,-0.691888295155207,-0.608356742362522,-0.431388559213067,44.24
633,1.9520660813623,1.34292523170222,0.865159005490157,-0.0750837409729093,-0.681706158919474,-0.637252865836848,-0.409298739945589,44.31
634,1.95136830077791,1.34216951488009,0.87636025313765,-0.0948102518151509,-0.669508455172597,-0.664716752030469,-0.387984149665702,44.38
635,1.9506731229369,1.34141286277487,0.886880880634499,-0.115949791523134,-0.655643556160405,-0.690883508398206,-0.367856648572179,44.45
636,1.94998012563389,1.34065559062031,0.89666839214798,-0.138527579045481,-0.640505596785097,-0.715894295688193,-0.349307205038881,44.52
637,1.94928847988509,1.33989757869724,0.905677910560305,-0.162564405219963,-0.624505273841848,-0.739890311838115,-0.332696306694069,44.59
638,1.94859697634444,1.33913830119478,0.913871931777764,-0.188075772176745,-0.608038152927231,-0.763010122889503,-0.318351298589172,44.66
639,1.94790405167066,1.33837685510236,0.921219981606201,-0.21507097716981,-0.591476510161087,-0.785388493518643,-0.306566315475709,44.73
640,1.94720781489122,1.33761198915237,0.92769830366134,-0.243552140251369,-0.575169449254041,-0.807155505058862,-0.297602763122516,44.8
641,1.94650607382241,1.3368421328477,0.933289579477313,-0.273513175441147,-0.559443530472644,-0.828435701809729,-0.291689765794218,44.87
642,1.94579636161766,1.33606542562153,0.937982681720615,-0.304938705316264,-0.544603390045363,-0.849347260680964,-0.289024506406856,44.94
643,1.94507596352732,1.33527974618929,0.941772461171053,-0.337802919260568,-0.530932337559735,-0.870001179429839,-0.289772450626158,45.01
644,1.94434194396383,1.3344827421633,0.944659567895117,-0.372068375966748,-0.518692919737142,-0.890500478993415,-0.29406744739261,45.08
645,1.94359117397556,1.33367186001081,0.946650306809146,-0.407684941737921,-0.508127439784134,-0.910939415690363,-0.302011699566433,45.15
646,1.94282035924096,1.33284437544492,0.947756527608419,-0.444589755281907,-0.499458422311136,-0.93140269937118,-0.313675599590966,45.22
647,1.94202606870215,1.33199742434556,0.947995485304107,-0.482708474982827,-0.49288901458124,-0.951964713929543,-0.32909748980009,45.29
648,1.94120476396338,1.33112803431396,0.94738954388032,-0.521954825667649,-0.488603315605692,-0.97268880046987,-0.348283471724407,45.36
649,1.94035282958471,1.33023315696984,0.94596610352656,-0.562225398814838,-0.486766625341938,-0.993626727337834,-0.371206881825692,45.43
650,1.93946660440592,1.32930970110417,0.943757623556775,-0.603399237303967,-0.487525606976431,-1.0148179634921,-0.397807623985779,45.5
651,1.93854241403782,1.32835456680357,0.940801676452105,-0.645340684205563,-0.491008355991419,-1.03628888028597,-0.427991613843937,45.57
652,1.93757660466071,1.32736468066392,0.937141031789823,-0.687894130387895,-0.497324370425508,-1.0580519436783,-0.461630083203529,45.64
653,1.93656557826943,1.32633703221117,0.932823705107641,-0.730885529477647,-0.506564417446736,-1.08010495939235,-0.498558494022798,45.71
654,1.93550582950436,1.32526871164602,0.927902715998739,-0.774133862021241,-0.518800292065977,-1.10243056110782,-0.538575511535054,45.78
655,1.93439398420494,1.32415694902734,0.922435490090969,-0.817466711703059,-0.534084464532187,-1.12499594177285,-0.581443059070275,45.85
656,1.9332268398194,1.32299915500456,0.916483029930127,-0.860735260050504,-0.552449613676495,-1.14775365444041,-0.626888097437532,45.92
657,1.93200140779868,1.32179296320466,0.910109233695299,-0.90380717332362,-0.573908044207609,-1.17064405554093,-0.674607979966202,45.99
658,1.93071495809662,1.32053621085352,0.903380105351541,-0.946562604158012,-0.598450986717575,-1.19359894775421,-0.724277615060325,46.06
659,1.92936506588988,1.31922673068485,0.896363171402352,-0.988894456363196,-0.626047779932949,-1.21654636121215,-0.775558574790678,46.13
660,1.92794966062134,1.3178623353317,0.889127038211618,-1.03069329021996,-0.656644935550454,-1.23941679319354,-0.82810984426491,46.2
661,1.92646701394068,1.31644086724608,0.881741214361337,-1.07183916745412,-0.690165086832617,-1.26214798716218,-0.881595270159793,46.27
662,1.9249155395839,1.31496025071131,0.874275877839055,-1.11220304436884,-0.726505823007319,-1.28468876191523,-0.935688928217386,46.34
663,1.92329378637019,1.31341854602888,0.866801140777755,-1.15166381547499,-0.765538412428275,-1.30700348115271,-0.990080582111437,46.41
664,1.92160049733961,1.31181400595879,0.859386126670935,-1.19011814576311,-0.807106608962289,-1.32907951557583,-1.04448435847816,46.48
665,1.91983467156784,1.31014513448666,0.852097793878154,-1.22749211579922,-0.851026626332407,-1.35093503104704,-1.0986473469168,46.55
666,1.91799562870568,1.30841068446553,0.844999629831182,-1.26374807758305,-0.89708765118618,-1.37262405435458,-1.15235750061515,46.62
667,1.91608301276243,1.30660946715231,0.838150086360176,-1.29889548949767,-0.945047312260791,-1.39423271807955,-1.20544919570691,46.69
668,1.91409660812207,1.30474035479855,0.831601007804261,-1.33299448893896,-0.994629037226313,-1.41586795290044,-1.25779515111097,46.76
669,1.91203634891801,1.30280234930405,0.825396240244475,-1.36614845464881,-1.04552022664663,-1.43763773486522,-1.30928992373398,46.83
670,1.90990239473758,1.30079465345712,0.81957029285495,-1.39848898650785,-1.09737582894298,-1.45962567849599,-1.35983120880736,46.9
671,1.90769520913981,1.29871674479921,0.814148256561717,-1.43014637542424,-1.14984498639916,-1.48186861029103,-1.40930549190293,46.97
672,1.90541557746132,1.29656838862521,0.809147169249978,-1.46121622960214,-1.20260221778219,-1.5043500138392,-1.45758307458059,47.04
673,1.90306443685556,1.29434946310229,0.804577365629068,-1.49175655243612,-1.25535571075187,-1.52701061555537,-1.50452209691432,47.11
674,1.90064289964764,1.29205997762838,0.800443557023045,-1.52179030562876,-1.30784385215165,-1.54976340789526,-1.54997578162928,47.18
675,1.89815234293181,1.28970015739784,0.796746085315873,-1.55128881011902,-1.35981581510207,-1.57250688739855,-1.59379991983945,47.25
676,1.89559450085023,1.28727053065486,0.793482160308111,-1.58016767979299,-1.4110231448422,-1.595136764866,-1.6358602863398,47.32
677,1.89297149598131,1.28477201862549,0.790646699353109,-1.60829890965083,-1.46122000274675,-1.6175550716501,-1.67603865601307,47.39
678,1.89028568273434,1.282205964589,0.788232515299582,-1.63554039194009,-1.51015835798592,-1.63967577671641,-1.71423653716893,47.46
679,1.88753968378166,1.2795739750164,0.786230170525784,-1.66177524272359,-1.55760856159851,-1.66142463150714,-1.75037421259403,47.53
680,1.88473642888281,1.27687789031834,0.784628005488176,-1.68692346812252,-1.60337431526284,-1.68273578662743,-1.78438712466493,47.6
681,1.88187900544489,1.27411963106739,0.783412278625572,-1.71093435905911,-1.64730191638583,-1.70354861320533,-1.81622271999269,47.67
682,1.87897063830114,1.27130123721812,0.782567545099321,-1.73378261130027,-1.68928219896965,-1.72380758978885,-1.84583985219048,47.74
683,1.87601454451589,1.26842490969593,0.782077020816694,-1.75546035998094,-1.72923196424965,-1.74346341505428,-1.87320896625259,47.81
684,1.87301398068674,1.26549286372114,0.781922678249733,-1.77597097332621,-1.76708533075194,-1.7624724265827,-1.89831103351877,47.88
685,1.86997229206539,1.26250737489642,0.782085265244209,-1.79532409776317,-1.80278992551519,-1.78079585203201,-1.92113650872769,47.95
686,1.86689277281711,1.25947082741735,0.782544374542589,-1.81352617414028,-1.8362982006785,-1.79839940252131,-1.94168469100253,48.02
687,1.86377871840346,1.25638557376352,0.783278691791347,-1.83058103400631,-1.86756950304149,-1.81525308267067,-1.95996329858089,48.09
688,1.8606334794067,1.25325398689123,0.784266105216242,-1.84648545829205,-1.89656428747013,-1.83133147267859,-1.97598838435537,48.16
689,1.85746032611456,1.2500785778009,0.785483931851179,-1.861235133277,-1.92324794332691,-1.84661384839319,-1.98978433785723,48.23
690,1.85426250484946,1.24686205135081,0.786908943569395,-1.87482931651862,-1.94759153170416,-1.86108394978969,-2.00138359196031,48.3
691,1.85104329536179,1.24360717318428,0.788517384336788,-1.88727618195258,-1.96957883551603,-1.87472946216387,-2.01082596985881,48.37
692,1.84780587860749,1.2403167652604,0.79028517012811,-1.89859560471459,-1.98920981461797,-1.88754152825714,-2.01815849682797,48.44
693,1.84455333237852,1.23699357580909,0.792187954817515,-1.90882078276122,-2.00649983136498,-1.89951441882276,-2.02343529413992,48.51
694,1.84128850059073,1.23364034119621,0.79420131703499,-1.91799348600409,-2.02148258642975,-1.91064504438012,-2.02671723575073,48.58
695,1.83801405370546,1.23025984903811,0.796300878359803,-1.92616042690719,-2.03421117464672,-1.92093345171203,-2.02807244551269,48.65
696,1.83473254962043,1.22685481190536,0.798462798410538,-1.93336433560828,-2.04475268625808,-1.9303839876268,-2.02757756907068,48.72
697,1.83144630437217,1.22342793262129,0.800664139609546,-1.93964047247031,-2.05318448194246,-1.93900700293921,-2.02531924617116,48.79
698,1.82815745366465,1.21998197049607,0.802883102528054,-1.94502289571591,-2.05959182150079,-1.94682033427127,-2.02139552637961,48.86
699,1.82486801457957,1.21651961783726,0.805099005647594,-1.94955095498348,-2.0640636673401,-1.95384999160263,-2.01591665322858,48.93
700,1.82157975683128,1.21304350422516,0.807292137405708,-1.95327702576197,-2.06669815638412,-1.96012979681201,-2.00900508601772,49.0
701,1.81829426460118,1.2095560743761,0.809443417796549,-1.95627071926648,-2.06760230198592,-1.96570086148028,-2.00079551728638,49.07
702,1.81501299832828,1.20605965708696,0.811534314909383,-1.95861861295454,-2.06689557691903,-1.97061045803977,-1.99143456369881,49.14
703,1.81173716583966,1.20255653461171,0.813547080651213,-1.96041657717935,-2.06471426093829,-1.97491117196924,-1.98108076039616,49.21
704,1.80846778387692,1.19904882182515,0.815465052284208,-1.96175323380377,-2.06120257425571,-1.97866109546092,-1.9699052978569,49.28
705,1.80520573941685,1.19553847268032,0.817272956933916,-1.96271033174458,-2.05651066364569,-1.98192404425756,-1.95808955707104,49.35
706,1.80195166019152,1.19202715980491,0.818957156182829,-1.96336015477104,-2.05079149588103,-1.98476636544443,-1.9458103533714,49.42
707,1.79870597548588,1.18851634475537,0.820505640774291,-1.96376345197708,-2.04419074557547,-1.98725389082151,-1.93323390673267,49.49
708,1.79546897663309,1.18500741182765,0.821907966502061,-1.9639705559633,-2.03684605944422,-1.9894503037168,-1.92051440313409,49.56
709,1.79224068663528,1.18150173833102,0.823155195262194,-1.96402333622122,-2.02888635421393,-1.99141570989064,-1.90779294843804,49.63
710,1.78902092001048,1.17800057423451,0.824239841665618,-1.9639613522707,-2.02043368368089,-1.99320572770538,-1.89519678187778,49.7
711,1.78580940582751,1.17450504872707,0.825155825552408,-1.96382305824894,-2.01160233443713,-1.99487115879426,-1.88283963304098,49.77
712,1.7826058468981,1.17101604956959,0.82589843069332,-1.96364853632485,-2.00250422876664,-1.99645823711173,-1.87082258231233,49.84
713,1.77940978809904,1.16753429278909,0.8264642699106,-1.963484773752,-1.99325021328479,-1.99800837461281,-1.85923440413916,49.91
714,1.77622067494777,1.16406039212528,0.826851193279457,-1.96338516107328,-1.98395218349162,-1.99955867217137,-1.84815278667292,49.98
715,1.77303791189272,1.16059473764625,0.827058012502896,-1.9634105778377,-1.97471873537161,-2.0011421143411,-1.83764489995109,50.05
716,1.76986072978367,1.15713756462161,0.827084359136132,-1.96362456860267,-1.96565393109913,-2.0027887169143,-1.82776921521067,50.12
717,1.76668824365676,1.1536890220825,0.826930422632768,-1.96409505656174,-1.9568572691633,-2.00452603805111,-1.81857660368775,50.19
718,1.76351951030751,1.15024905050323,0.826596885820957,-1.96488734792063,-1.94842409272434,-2.00638000460993,-1.81011185600107,50.26
719,1.76035339512974,1.14681744971095,0.826084930765762,-1.96606112818129,-1.94044103333254,-2.00837465521586,-1.80241390517107,50.33
720,1.75718862936819,1.1433939464695,0.82539618795459,-1.96766738267876,-1.93298340992385,-2.01053213296988,-1.79551621249205,50.4
721,1.75402393079074,1.13997807118925,0.82453256524245,-1.96974809744917,-1.92611267425147,-2.01287260928982,-1.78944712421558,50.47
722,1.75085806079079,1.13656922488504,0.823496401125633,-1.97233270422844,-1.91987688526927,-2.01541477322502,-1.784230832953,50.54
723,1.74768969093121,1.13316680936278,0.822290307084916,-1.97544136744838,-1.91430461882618,-2.0181758691765,-1.77988741826573,50.61
724,1.74451746008913,1.12977029361968,0.820917143539828,-1.97908259893977,-1.90941409773002,-2.02117306082868,-1.7764348873736,50.68
725,1.74134003169609,1.12637908944337,0.819380065796059,-1.98326057107034,-1.90521956529334,-2.02442307173784,-1.77388921353561,50.75
726,1.73815596056979,1.12299261734211,0.817682576358216,-1.98797408868761,-1.90173356773729,-2.02794194396255,-1.77226427697284,50.82
727,1.73496375049997,1.11961037227249,0.8158285834873,-1.99321611230674,-1.89896362045164,-2.03174427891504,-1.77157113605795,50.89
728,1.73176197560651,1.11623179863082,0.813822402350588,-1.99897300685119,-1.89691405580232,-2.03584297612336,-1.77181808917309,50.96
729,1.72854933848855,1.11285635563923,0.811668571577868,-2.00522364325628,-1.89557907811414,-2.04024858009,-1.77301006588838,51.03
730,1.72532453818192,1.10948358259177,0.809371866171888,-2.01193765475729,-1.8949458271891,-2.0449696321672,-1.77514925270406,51.1
731,1.72208632908603,1.10611297342517,0.806937379562909,-2.01907621515996,-1.89499525500632,-2.05001243908172,-1.77823479353508,51.17
732,1.71883358035398,1.10274404174368,0.804370611106346,-2.02659146561608,-1.89570551645846,-2.05538063889614,-1.78226239059708,51.24
733,1.71556514523742,1.09937638576125,0.801677558828829,-2.03443164194307,-1.89705463538442,-2.06107418305806,-1.7872233610996,51.31
734,1.71227992154118,1.09600956262377,0.798864817212499,-2.04254650520492,-1.89902390764015,-2.06708868718272,-1.79310397565684,51.38
735,1.70897691267548,1.09264315323848,0.795939616269822,-2.05089066378898,-1.90159727813431,-2.07341527761203,-1.79988507875125,51.45
736,1.70565509879166,1.08927682707148,0.79290967462029,-2.05942840942791,-1.90476520402728,-2.08004093391825,-1.80754243640511,51.52
737,1.7023134991515,1.08591021637333,0.789783247405546,-2.06812800034717,-1.90852036449554,-2.08694875602135,-1.81604730363982,51.59
738,1.69895123521297,1.08254298095735,0.786569178192863,-2.07696374978743,-1.91286236745239,-2.09411821993347,-1.82536695856882,51.66
739,1.69556740391378,1.07917487298848,0.783276763996511,-2.0859124551722,-1.91779023828899,-2.10152504166148,-1.83546456903105,51.73
740,1.69216114229822,1.07580561123992,0.779915750673427,-2.09495401429274,-1.92330625606858,-2.10914179338431,-1.84629972690174,51.8
741,1.6887316929657,1.07243494593868,0.776496204264786,-2.1040722912425,-1.9294131614462,-2.11693787541897,-1.85782838111055,51.87
742,1.6852782798179,1.06906272365501,0.773028575505507,-2.11324899175058,-1.93611572494817,-2.12488005187286,-1.87000344127774,51.94
743,1.68180017524531,1.06568876168903,0.769523830080578,-2.12246604708654,-1.94342038716387,-2.1329319631819,-1.88277402105086,52.01
744,1.67829676822674,1.06231284955408,0.765993517192074,-2.13170507388537,-1.95133493974409,-2.1410538871749,-1.89608516497852,52.08
745,1.67476744281354,1.05893462348936,0.762449521944429,-2.14095312076982,-1.95986081529612,-2.14920262301407,-1.90987748919541,52.15
746,1.67121164813377,1.05555363160349,0.758903628146419,-2.1501989498416,-1.96898605277934,-2.15733308748948,-1.92408908820079,52.22
747,1.66762896938366,1.05216946262535,0.755367462746363,-2.1594236646698,-1.97868198728011,-2.16540041845175,-1.93865793146273,52.29
748,1.66401900927145,1.04878181124153,0.75185237682214,-2.16859394267172,-1.98890506205067,-2.17336118968038,-1.95352341830342,52.36
749,1.6603814610413,1.04539035299862,0.748369516757767,-2.1776603498715,-1.99959734852214,-2.18117367537135,-1.96862652175295,52.43
750,1.65671618253627,1.04199480989391,0.74492989461791,-2.18656518561355,-2.01069543076345,-2.18879786460087,-1.98390947645816,52.5
751,1.6530230807562,1.03859501611089,0.74154426673953,-2.1952497596204,-2.02212987135225,-2.1961953543926,-1.99931526697196,52.57
752,1.64930218802756,1.03519079335416,0.738223137714342,-2.20366300910343,-2.03383031496678,-2.20332975809896,-2.01478825251699,52.64
753,1.645553739233,1.03178201690194,0.734976571759544,-2.21176301014548,-2.04572498953501,-2.21016756703901,-2.03027510465169,52.71
754,1.64177805954308,1.02836868182706,0.731813938114694,-2.21952040492145,-2.05774661262548,-2.21667921270015,-2.04572567884226,52.78
755,1.63797558023477,1.02495077883519,0.728743717119841,-2.22691822022179,-2.0698367659628,-2.22283963207016,-2.0610935678934,52.85
756,1.63414672850995,1.02152836083235,0.725773557174621,-2.23394661747292,-2.0819453741228,-2.22862846425998,-2.07633627562671,52.92
757,1.6302920088909,1.01810160966616,0.722910391699214,-2.24059771993483,-2.09403068871106,-2.23403006992672,-2.09141488553744,52.99
758,1.62641208562037,1.01467071248275,0.720160488767879,-2.24686998174295,-2.10605711215552,-2.23903318371707,-2.10629316253245,53.06
759,1.62250767549095,1.01123586528583,0.717529306113477,-2.25276914128891,-2.11799530901457,-2.24363096255179,-2.12093742312752,53.13
760,1.61857956867164,1.00779714961668,0.715021532376156,-2.2583110310301,-2.12982549541556,-2.24782111258752,-2.13531641326322,53.2
761,1.61462852343016,1.00435459994094,0.712641187350852,-2.26352109849151,-2.1415361584618,-2.25160584104194,-2.1494011315055,53.27
762,1.61065528879567,1.00090827118318,0.710391717535805,-2.26843140008173,-2.15312366896266,-2.25499195056254,-2.16316459882324,53.34
763,1.60666050105857,0.99745811585183,0.70827602330974,-2.27307627362414,-2.1645886592243,-2.25799075846171,-2.17658138549381,53.41
764,1.60264477167243,0.99400405186442,0.706296290569165,-2.27749208748322,-2.17593418402537,-2.260618031115,-2.18962715024216,53.48
765,1.5986087759773,0.990546030518808,0.704454007827425,-2.28171185479377,-2.18716217124667,-2.26289412364716,-2.20227831962226,53.55
766,1.59455315216531,0.987083914057641,0.702750041655061,-2.28576207958926,-2.19826867020906,-2.26484394319303,-2.21451146394127,53.62
767,1.59047852805582,0.983617543939752,0.701184706885751,-2.2896648189616,-2.20924348730605,-2.26649686199499,-2.22630300581377,53.69
768,1.58638542158172,0.980146809267748,0.699757768035835,-2.2934342255995,-2.22006741260234,-2.26788670642505,-2.23762888112983,53.76
769,1.58227433255606,0.976671524821856,0.698468244888382,-2.2970789397016,-2.2307144694711,-2.26905194784956,-2.24846434389319,53.83
770,1.5781458351432,0.973191499816141,0.697314403363124,-2.30059940452455,-2.24115366187684,-2.27003450608294,-2.25878467807006,53.9
771,1.57400048045923,0.969706606828148,0.696293804672633,-2.30398753692057,-2.25134469417144,-2.27087475026833,-2.26856904053535,53.97
772,1.56983889039164,0.966216660353256,0.695403349311988,-2.30723065840511,-2.26124125757499,-2.27160968265632,-2.27780083010788,54.04
773,1.56566185206083,0.962721486100483,0.694639315974617,-2.31030787259341,-2.2707883554117,-2.2722725252361,-2.28646699717029,54.11
774,1.56147022234395,0.959220990480813,0.69399739551218,-2.31319591247497,-2.27993145406798,-2.27289262799686,-2.29455762839969,54.18
775,1.55726496002394,0.955715039738689,0.693472720080093,-2.31587829698903,-2.28862520263644,-2.27349544347971,-2.30206561655333,54.25
776,1.55304703145704,0.952203529842123,0.693059887632756,-2.3183478888406,-2.29683479975036,-2.27410250298318,-2.30898635217081,54.32
777,1.54881744379683,0.948686456580516,0.692752981953825,-2.32061009528011,-2.30453794914297,-2.27473132993396,-2.31531743746563,54.39
778,1.54457715166373,0.945163795318154,0.692545588427298,-2.32268194820944,-2.31172302246769,-2.27539516256586,-2.32105835906491,54.46
779,1.54032709129616,0.941635571515416,0.692430805774773,-2.32457747211778,-2.31837669727805,-2.27610280283333,-2.32620992913542,54.53
780,1.53606808807275,0.938101931462632,0.692401317521799,-2.32629947466157,-2.32448577939213,-2.27685852753768,-2.33077393954845,54.6
781,1.53180095496315,0.934563022669602,0.692449650492923,-2.32783642551726,-2.33003466273087,-2.27766295059017,-2.33475379127713,54.67
782,1.52752659131965,0.931019065017095,0.692568303020022,-2.32917464990118,-2.33501290937101,-2.27851401050295,-2.33815501913901,54.74
783,1.52324589142258,0.927470422108677,0.692749997222007,-2.33031071971114,-2.33942615387801,-2.27940744789283,-2.34098533063986,54.81
784,1.51895978033837,0.923917482258496,0.692987738047584,-2.33125661106548,-2.34329889891419,-2.28033715418458,-2.34325479389278,54.88
785,1.51466912298181,0.920360666694494,0.693274806395122,-2.33203241981903,-2.34666539077827,-2.28129545519246,-2.34497604728054,54.95
786,1.51037476042196,0.916800310888153,0.693604813613281,-2.33265609890502,-2.34955988029697,-2.28227313925534,-2.34616427640198,55.02
787,1.50607741932448,0.913236736588029,0.693971944675173,-2.33313390087629,-2.35201141282518,-2.28326043706957,-2.34683606856194,55.09
788,1.50177781209141,0.909670323988313,0.694371009156874,-2.33346079872616,-2.35403869978634,-2.28425111319414,-2.34700504812182,55.16
789,1.49747673711458,0.906101393464114,0.694797363760103,-2.33362186511815,-2.35565104141922,-2.28524363531512,-2.34668070747709,55.23
790,1.49317498855926,0.902530277970855,0.695246643058853,-2.33359912002239,-2.35684812241968,-2.28624100946255,-2.34586821000129,55.3
791,1.48887339324083,0.898957395539545,0.695714616241227,-2.3333780035803,-2.35761874364266,-2.28724972586899,-2.3445696092262,55.37
792,1.48457272048988,0.895383131299229,0.696196915939714,-2.33294864743423,-2.35794623914384,-2.28827489350979,-2.34278794497906,55.44
793,1.48027371904886,0.891807910122545,0.696688956905425,-2.33230416821723,-2.35781136876814,-2.28931861366441,-2.34052799155815,55.51
794,1.47597702689665,0.888232269323687,0.697185981174764,-2.33144157321917,-2.35720018208694,-2.29037943268464,-2.33779600801105,55.58
795,1.47168327156573,0.884656740836567,0.697683293421494,-2.33035676700468,-2.35610535751574,-2.29145255630056,-2.33459982422423,55.65
796,1.4673931703714,0.881081860446048,0.698176305562934,-2.32905138079506,-2.35452863935728,-2.29253044440721,-2.33094926258482,55.72
797,1.4631074399729,0.877508049977827,0.698660517835978,-2.32753795880109,-2.35248386488586,-2.29360315132563,-2.32685657732094,55.79
798,1.45882683283236,0.873935690019899,0.699131500036436,-2.32583886455977,-2.34999645268326,-2.29465834830506,-2.32233665706934,55.86
799,1.4545520464699,0.870365192603515,0.699584873093305,-2.32398322606301,-2.3471020829985,-2.29568134623773,-2.31740724427613,55.93
800,1.45028375956086,0.866796883273091,0.700016354665456,-2.32200153773442,-2.34384196491181,-2.29665537312999,-2.31208936141736,56.0
801,1.44602254077426,0.86323107364125,0.700421995964346,-2.31991696540052,-2.34025875415837,-2.29756280559164,-2.30640641891601,56.07
802,1.44176888440132,0.859668133860557,0.700798165334868,-2.31774605685305,-2.33638937247438,-2.29838894293775,-2.30037978081196,56.14
803,1.43752311867801,0.856108374444059,0.701141278744896,-2.31550015507822,-2.33225523503383,-2.29912279843951,-2.29402777435759,56.21
804,1.43328550437604,0.852552118532389,0.701447721953306,-2.31318166980919,-2.32786455740856,-2.29975649624232,-2.28736763458331,56.28
805,1.42905633309352,0.848999774039582,0.701713837456493,-2.31078625921577,-2.32321645122074,-2.30028124178112,-2.28042000201081,56.35
806,1.42483583467924,0.845451715109275,0.701935912832719,-2.30830564958826,-2.31830687166738,-2.30068710712978,-2.27320917634733,56.42
807,1.42062421137255,0.841908353977605,0.702110170623731,-2.30573160131149,-2.31312828654227,-2.30096618699141,-2.26576033222436,56.49
808,1.41642154457594,0.838370212672542,0.702232823413738,-2.30305778197437,-2.30767494487492,-2.3011093438362,-2.25810284273926,56.56
809,1.4122278918456,0.834837803977927,0.702300321286375,-2.30027236932484,-2.30194364599534,-2.30110619732337,-2.25027049963382,56.63
810,1.40804338354088,0.831311702754198,0.702309410691351,-2.29735681935824,-2.2959284847947,-2.30094937465201,-2.24229742213737,56.7
811,1.40386812857411,0.827792617040233,0.702257068374162,-2.29429492870143,-2.28962107018901,-2.30063539998708,-2.23421708487891,56.77
812,1.39970224684915,0.82428126835842,0.702140246974826,-2.29107809083053,-2.28301672515764,-2.30016489101371,-2.22606287561142,56.84
813,1.39554577431019,0.820778398789298,0.701955813523538,-2.28770700078064,-2.27611815715559,-2.29954161812146,-2.21786973683933,56.91
814,1.39139869467082,0.817284650714177,0.70170061743128,-2.28419247644233,-2.26893901275823,-2.29876845712678,-2.20967860506623,56.98
815,1.38726084374786,0.813800636790781,0.701371751612878,-2.28055520585789,-2.26150750696812,-2.29784741300835,-2.20153665926596,57.05
816,1.38313200399372,0.810327009581468,0.700966625749781,-2.27682346732856,-2.2538635842336,-2.2967836510271,-2.19349324997826,57.12
817,1.37901199867732,0.806864340254647,0.700482978839974,-2.27303040952206,-2.24605386586246,-2.29558629401754,-2.18559887540508,57.19
818,1.37490059516586,0.803413123927905,0.699918894652119,-2.26921120811234,-2.23813073419233,-2.29426833583403,-2.17790536059598,57.26
819,1.37079753490719,0.79997365755697,0.699272820170054,-2.26540517918788,-2.23015066082093,-2.29284649634522,-2.17046590390831,57.33
820,1.36670243604756,0.796546107944988,0.698543587100538,-2.26165763955597,-2.22217857339189,-2.29134139859376,-2.16333530635913,57.4
821,1.36261482276919,0.793130579304831,0.697730436503279,-2.25802341798833,-2.21429216097851,-2.28977736877913,-2.15657012776611,57.47
822,1.358534027288,0.789726989812092,0.696833046587646,-2.25456490158463,-2.20657487278573,-2.28818096901961,-2.15022692555061,57.54
823,1.35445928212278,0.786335138256668,0.695851563704776,-2.25134645721378,-2.19910948521708,-2.28657629290159,-2.14435635091066,57.61
824,1.35038981210524,0.782954770240103,0.694786573028661,-2.24842211328337,-2.19196982046329,-2.28498420042636,-2.13900199283829,57.68
825,1.34632473560391,0.77958545337036,0.693638881883759,-2.24584050946236,-2.18521925202912,-2.28342218847805,-2.13420041102122,57.75
826,1.3422631561032,0.77622664257563,0.692409496809318,-2.24363624226657,-2.17890996013504,-2.28190495953701,-2.12998210189341,57.82
827,1.33820425361526,0.772877808516204,0.6910997308113,-2.24182564396749,-2.17307734495378,-2.28044422704246,-2.12637149087937,57.89
828,1.3341471854023,0.769538502077325,0.689711440762812,-2.24040673945855,-2.16774280758035,-2.27904877314125,-2.12338702948501,57.96
829,1.33009111363429,0.76620822792576,0.688246886753402,-2.23936985934564,-2.16291625885015,-2.2777241867097,-2.12104082463666,58.03
830,1.32603510593953,0.762886508259102,0.686708721465463,-2.23869979019569,-2.15860153109976,-2.27647329761149,-2.11933932401196,58.1
831,1.32197822647348,0.759572946210733,0.685100045973158,-2.23837632229813,-2.15479948393954,-2.27529635419818,-2.11828353245241,58.17
832,1.31791962698513,0.756267098372704,0.683424468343914,-2.23837726070063,-2.15150962961316,-2.2741910709804,-2.11786888624756,58.24
833,1.31385844736051,0.752968537563558,0.681686101405397,-2.23868129601119,-2.14873142123429,-2.273152673497,-2.11808548395688,58.31
834,1.30979384326884,0.749676915302063,0.679889372503436,-2.23927308597924,-2.14646412409604,-2.2721741310245,-2.11891841986792,58.38
835,1.3057248868699,0.746391833447169,0.678038962687958,-2.24014152900589,-2.14470870007467,-2.27124702193696,-2.12034879213247,58.45
836,1.30165065820797,0.743112906129399,0.676139621084525,-2.24127866184593,-2.14346598847723,-2.27036207920099,-2.12235405225371,58.52
837,1.29757033677163,0.739839821432899,0.67419617186681,-2.24268159563511,-2.14273715404839,-2.26950967039737,-2.1249086494199,58.59
838,1.29348310269823,0.736572212286914,0.672213586611988,-2.24434700997853,-2.1425230991391,-2.26868040317505,-2.12798477998487,58.66
839,1.28938816524771,0.733309717690489,0.670197058336154,-2.24626563691173,-2.14281852073672,-2.26786534835265,-2.13155235380454,58.73
840,1.28528466450251,0.730052043728465,0.668152013501354,-2.24842276915549,-2.14361541217511,-2.26705626213499,-2.1355792583044,58.8
841,1.28117176391721,0.72679883383656,0.666083934759173,-2.2507953922734,-2.14489746229704,-2.26624549019106,-2.14003115920081,58.87
842,1.2770487431942,0.723549729438695,0.663998375336322,-2.25336131279251,-2.14664872722438,-2.26542625261191,-2.14487160132331,58.94
843,1.27291490096147,0.720304430414193,0.661900974297626,-2.25609563792104,-2.14884805548795,-2.26459305596426,-2.15006222029042,59.01
844,1.26876958487293,0.717062564852591,0.659797345437636,-2.25897232939785,-2.1514725784562,-2.26374210565848,-2.15556293938982,59.08
845,1.26461209508373,0.713823749219438,0.657693284216294,-2.26196848222745,-2.15450613814317,-2.26287159180093,-2.16133202608668,59.15
846,1.26044177871885,0.710587648391307,0.655594657338196,-2.26505964185828,-2.15793378821349,-2.26198153108047,-2.16732575561324,59.22
847,1.25625812480529,0.707353845018713,0.653507419384923,-2.26822064292905,-2.16174180550209,-2.26107373642613,-2.17349831841727,59.29
848,1.25206066913657,0.704121899341649,0.651437692758216,-2.27142085476926,-2.16590777761793,-2.26015197795382,-2.17980159202532,59.36
849,1.24784909020092,0.700891472436211,0.649391783669531,-2.27461739168002,-2.1703960751808,-2.25922252568761,-2.18618554129035,59.43
850,1.24362330563448,0.697662385871277,0.64737600690549,-2.27776058087247,-2.17515731216675,-2.25829443872319,-2.19259816904038,59.5
851,1.2393833786557,0.694434490750727,0.645396636722599,-2.28079593707083,-2.18013293905658,-2.25738017225949,-2.19898628940564,59.57
852,1.23512955207725,0.691207727259943,0.643459729556815,-2.28367731843841,-2.1852650341592,-2.2564961210381,-2.20529598246771,59.64
853,1.23086215581873,0.687982184166342,0.641571072384034,-2.28637405230103,-2.19050297435282,-2.25566328926805,-2.21147330392147,59.71
854,1.2265816419856,0.684757967720282,0.639735875389912,-2.28887254052918,-2.19579714203887,-2.25490675251791,-2.21746595050386,59.78
855,1.22228849342744,0.681535261064895,0.63795827224892,-2.29117234573778,-2.20109084953719,-2.25425162411147,-2.22322772527188,59.85
856,1.21798325983299,0.678314383594881,0.636241263002451,-2.2932790455132,-2.20632674360538,-2.25372067009693,-2.22871843654667,59.92
857,1.21366646726923,0.675095659701334,0.634586845304715,-2.29519969843348,-2.21145562368365,-2.25333331777376,-2.233903170433,59.99
858,1.20933865521828,0.671879414483866,0.63299633392125,-2.29694397058658,-2.21644888284682,-2.25310592987853,-2.23875214530247,60.06
859,1.2050002870176,0.668665842343606,0.631470487290788,-2.29853244675531,-2.2213019330742,-2.25305277202124,-2.24324114957185,60.13
860,1.20065178775778,0.665455066038135,0.630009568136597,-2.29999846936589,-2.22602944164683,-2.2531867199644,-2.24735199224227,60.2
861,1.1962934555458,0.662247195634984,0.628613401616518,-2.30137982033023,-2.23065460202499,-2.2535194521227,-2.25107245897083,60.27
862,1.19192556371071,0.659042196803118,0.627281494519849,-2.30271205900825,-2.23520126778967,-2.25406163493947,-2.25439609196095,60.34
863,1.18754846338432,0.65583994955014,0.626013279035486,-2.30401703600386,-2.23968659862833,-2.25482284661966,-2.25732192117515,60.41
864,1.18316249589006,0.652640370369118,0.624807972960441,-2.30530341391971,-2.24410888194753,-2.25581181047982,-2.25985465526652,60.48
865,1.17876803251996,0.649443470761802,0.62366450100087,-2.30656890423478,-2.24845028379464,-2.25703566717844,-2.26200412541254,60.55
866,1.17436538761229,0.646249225103988,0.622581286640383,-2.30780669718242,-2.25268296876635,-2.25849930179484,-2.2637846805792,60.62
867,1.16995485899043,0.643057628964566,0.621556232210526,-2.30901017745333,-2.25678017750763,-2.26020447141487,-2.26521453384447,60.69
868,1.16553664167656,0.639868757323273,0.62058676018661,-2.31017338521202,-2.2607163196434,-2.26214949526495,-2.26631550386815,60.76
869,1.1611109324621,0.636682632131425,0.619669852270044,-2.31129300286131,-2.2644680881623,-2.26432880862572,-2.26711264266737,60.83
870,1.15667803477107,0.633499280324695,0.618802086355162,-2.31236939054707,-2.26801723140583,-2.26673225355519,-2.26763381238719,60.9
871,1.1522382732528,0.630318791731198,0.617979671495347,-2.31340025515272,-2.27134501112615,-2.26934455126756,-2.26790927363263,60.97
872,1.14779203568549,0.62714118631792,0.61719854451714,-2.31438410280998,-2.2744375934544,-2.27214482952119,-2.267971284303,61.04
873,1.14333968810389,0.623966471884026,0.616454655463276,-2.31532140647284,-2.27728903457059,-2.27510614208256,-2.26785377129631,61.11
874,1.13888161721105,0.620794701644363,0.615744060906541,-2.31621520360419,-2.27989976547224,-2.278194917546,-2.26759220089339,61.18
875,1.13441814598564,0.617625841146948,0.615062952325259,-2.31707557024966,-2.28228023089261,-2.28137218057697,-2.26722269375193,61.25
876,1.12994957654495,0.614459825634351,0.61440768320903,-2.31791622042856,-2.28445288584761,-2.28460080259108,-2.26677923983099,61.32
877,1.12547610617668,0.611296617294386,0.613774795039699,-2.31874926473867,-2.28644327569693,-2.28784677830831,-2.26629231484999,61.39
878,1.12099787060288,0.608136071846643,0.613161105804877,-2.31958530527831,-2.28827734892024,-2.29107897588562,-2.2657887064401,61.46
879,1.11651486039386,0.604977995578273,0.612563924693776,-2.32043130771958,-2.28998373128153,-2.29426888636987,-2.26529140549431,61.53
880,1.11202702812032,0.601822265797116,0.611980884947126,-2.32129114106837,-2.29158908241545,-2.29738999254817,-2.26481911706635,61.6
881,1.10753439568761,0.598668887671755,0.611409903112926,-2.32216637113846,-2.29311555340357,-2.30041758402673,-2.2643861521675,61.67
882,1.10303697129779,0.595517860425785,0.610849201279971,-2.32305063814269,-2.29457469119273,-2.30332889251306,-2.26400250919363,61.74
883,1.09853479363176,0.592369233998034,0.610297328849893,-2.32392600282184,-2.2959619177536,-2.30610316713128,-2.26367427147364,61.81
884,1.09402784917679,0.589223165612882,0.609753183915349,-2.32476196008042,-2.29726358857446,-2.30872194471188,-2.26340406648143,61.88
885,1.08951618029106,0.58607978570284,0.609216034299493,-2.32551845470815,-2.29845738450873,-2.31116862658563,-2.26319076073619,61.95
886,1.08499999344954,0.582939254289364,0.608685538298588,-2.32615296384925,-2.29951855064201,-2.3134285059216,-2.26302953362587,62.02
887,1.08047957711333,0.579801817261019,0.608161701637035,-2.32662059547869,-2.30041629391534,-2.31548873809328,-2.26291175853014,62.09
888,1.07595534680768,0.57666767198699,0.607644643611046,-2.3268839733944,-2.30111933250821,-2.31733838167071,-2.26282539013081,62.16
889,1.07142776332338,0.573537023368515,0.607134553533371,-2.32691880926232,-2.30160488145293,-2.31896882812041,-2.26275579471761,62.23
890,1.0668973781002,0.570410139764826,0.606631646919233,-2.32671084384421,-2.30185621228202,-2.32037392192362,-2.26268600764684,62.3
891,1.0623647517006,0.56728721822987,0.60613593085098,-2.32625775131609,-2.30186492129636,-2.32155021606985,-2.26259705369406,62.37
892,1.05783049942713,0.564168440161545,0.605647159625856,-2.32556863906071,-2.30162895096597,-2.32249723612173,-2.26246833094538,62.44
893,1.05329520998784,0.561054026800038,0.605164853649848,-2.32465345728489,-2.30114033053713,-2.32321654612883,-2.26227907524443,62.51
894,1.04875949126097,0.557944104012446,0.604688318068351,-2.32351876947853,-2.30038810692793,-2.32370891771099,-2.2620119857855,62.58
895,1.04422388906185,0.554838757467209,0.604216661151795,-2.32217521891807,-2.29936674786415,-2.32397741504706,-2.26165031058438,62.65
896,1.03968893296374,0.551738087637661,0.60374881246261,-2.32063896925055,-2.29807693280472,-2.32402839238693,-2.26117677694902,62.72
897,1.03515505507721,0.548642074075526,0.603283477318877,-2.31893867911367,-2.29652902186249,-2.32387040396363,-2.2605744311138,62.79
898,1.03062263584256,0.545550630062501,0.602818900558711,-2.31711321031675,-2.29474024656143,-2.32350981921842,-2.25983084861638,62.86
899,1.02609192274448,0.542463720603324,0.602352884285848,-2.31519454239382,-2.29272644779384,-2.32294955841103,-2.25893904659188,62.93
900,1.02156313952748,0.539381416725842,0.601883123181735,-2.31320129956374,-2.2905062090771,-2.32219031319533,-2.25789649585976,63.0
901,1.01703659534645,0.536303759052039,0.601407539873163,-2.31113425040112,-2.2880896268875,-2.32123456963366,-2.2567002640015,63.07
902,1.01251260328759,0.533230811749282,0.6009243663671,-2.30898699138874,-2.28548265095254,-2.32008714526498,-2.25534534011198,63.14
903,1.00799152584103,0.530162716304349,0.60043209866841,-2.3067557440691,-2.28269270242295,-2.31875509846157,-2.253824553384,63.21
904,1.00347369323879,0.527099554561892,0.599929261129611,-2.30444261282875,-2.27972813799509,-2.31724783563243,-2.25212868831002,63.28
905,0.998959448718937,0.524041402133929,0.599414361702599,-2.30205795658696,-2.276600452297,-2.31557747952184,-2.25024692381065,63.35
906,0.994449066628975,0.520988381621336,0.598885847593303,-2.29961749151548,-2.27332394616863,-2.31375924416844,-2.24816746960141,63.42
907,0.989942797429909,0.517940525088585,0.598341870820864,-2.29713653811697,-2.26990593688168,-2.31181162550476,-2.24587789205774,63.49
908,0.985440785516267,0.514897826899027,0.597780244853116,-2.29462515969203,-2.26634542203849,-2.30975570831248,-2.2433667179888,63.56
909,0.980943113917072,0.511860359872124,0.597198465352031,-2.29209460867906,-2.26263886299068,-2.30761117512922,-2.2406276506724,63.63
910,0.976449721797915,0.508828327725078,0.596593731593818,-2.28955627896086,-2.25878140037163,-2.30539505058792,-2.2376604278208,63.7
911,0.971960512354084,0.505801926758707,0.595962968658974,-2.28702637556769,-2.25477302964766,-2.30312146544668,-2.23447086245278,63.77
912,0.967475460540828,0.502781397891791,0.595302850498894,-2.28452620186848,-2.25061830350065,-2.30080161392089,-2.23107095594089,63.84
913,0.962994530088202,0.49976707848053,0.594609823996068,-2.28207622159366,-2.24632629400703,-2.29844364970545,-2.22747901949309,63.91
914,0.958517717394569,0.496759263358037,0.593880134144496,-2.27970072732295,-2.24191487962504,-2.29605302840918,-2.22371980361065,63.98
915,0.954044968225784,0.493758256193008,0.593109850485541,-2.27742704444322,-2.23740951124707,-2.29363291497739,-2.21982469834215,64.05
916,0.949576221294813,0.490764420600451,0.592294894942188,-2.27527857095211,-2.23283486868041,-2.29118433829951,-2.21583213042607,64.12
917,0.945111324649481,0.487778040437022,0.591431134719831,-2.27327905618423,-2.22821814460244,-2.2887062834358,-2.21178777501199,64.19
918,0.940650078945319,0.484799370379101,0.590514667465464,-2.27144499680027,-2.22358921873269,-2.28619686475657,-2.20774362771691,64.26
919,0.936192153534923,0.481828686216926,0.589541981248361,-2.26977993270076,-2.21897594266555,-2.28365761261779,-2.20375371213348,64.33
920,0.931737192974569,0.478866144299189,0.588510243584048,-2.26827712116085,-2.21440304573652,-2.28109407713627,-2.19987251861388,64.4
921,0.92728492340444,0.475911831229599,0.587417402040954,-2.266919028664,-2.20988519660816,-2.27851554381704,-2.19615458431711,64.47
922,0.922835068259794,0.4729658767721,0.586262223574138,-2.26568405773151,-2.20543537134395,-2.27593506767497,-2.19265470429769,64.54
923,0.918387390916615,0.470028502923676,0.585044336182507,-2.26454539196634,-2.20106756624685,-2.27336950790417,-2.18942775525965,64.61
924,0.913941610207975,0.467099882112471,0.58376427293632,-2.26347968180806,-2.19680389087677,-2.27083810167122,-2.18652660544412,64.68
925,0.909497442894704,0.46418018562475,0.582423454870327,-2.26247166141027,-2.19267397214974,-2.26835741676933,-2.18399556783166,64.75
926,0.905054519026755,0.461269631698289,0.581023985685301,-2.2615129825012,-2.18871117849502,-2.2659403046545,-2.18186924005654,64.82
927,0.900612424280679,0.458368342719794,0.579568639316226,-2.26060301507563,-2.18495500018708,-2.26359643953511,-2.18017317231418,64.89
928,0.896170615212936,0.455476392630043,0.578060913249989,-2.2597471054168,-2.18144605512125,-2.26133247394792,-2.1789242658283,64.96
929,0.891728525038009,0.45259385397625,0.576505083968054,-2.25895102111259,-2.17822591411521,-2.2591528267467,-2.1781315360862,65.03
930,0.887285669395751,0.44972065405296,0.574906200861875,-2.2582194591942,-2.17533666270814,-2.25705989639354,-2.17779603334171,65.1
931,0.882841561573389,0.446856621240743,0.573269891421147,-2.25755290051997,-2.17281098769054,-2.25505408049384,-2.1779108093018,65.17
932,0.878395754793741,0.444001594508123,0.571602358614742,-2.25694960672708,-2.17067705089816,-2.25313455426138,-2.17846188273491,65.24
933,0.873947757513864,0.441155469045559,0.569910443212891,-2.25641244212737,-2.16896512769673,-2.2512996010415,-2.17942861629655,65.31
934,0.869497075825777,0.438318051000275,0.56820162377673,-2.25594673705169,-2.16770768811645,-2.24954693955141,-2.18078420380661,65.38
935,0.865043128903648,0.435489102427981,0.566483763498991,-2.25556850217687,-2.16694340003707,-2.24787398438225,-2.1824958241318,65.45
936,0.86058529159086,0.432668385913011,0.564764921204983,-2.25529885654296,-2.16670720445745,-2.24627867503369,-2.18452522491646,65.52
937,0.856122810074785,0.429855518310142,0.563053543808008,-2.25515178275992,-2.16703256754943,-2.24476049246296,-2.18682999148257,65.59
938,0.851654908266175,0.427050014729139,0.561358404725659,-2.25512822997313,-2.16794189815086,-2.2433200752575,-2.18936289808987,65.66
939,0.847180894355715,0.424251395739354,0.559688732565102,-2.2552118002032,-2.16944062800088,-2.24195927749054,-2.19207175688003,65.73
940,0.842700077021035,0.421459230775103,0.558053767519949,-2.25537884879221,-2.1715099359389,-2.24068135064229,-2.19489957575035,65.8
941,0.83821187242223,0.418672990722814,0.556462380314994,-2.25560045044302,-2.17410618275759,-2.23949245636668,-2.19778648807076,65.87
942,0.833715911455971,0.41589209081837,0.554922753349091,-2.25585045988847,-2.17716502483877,-2.23840330311845,-2.20067174140383,65.94
943,0.82921195673425,0.413115996837538,0.553442060181602,-2.25610893361189,-2.18060950950505,-2.2374293819507,-2.20349650971912,66.01
944,0.824699946894906,0.410344267564016,0.552026206571138,-2.25636021489019,-2.18435434171065,-2.23658668866615,-2.20620829362144,66.08
945,0.82017991417867,0.407576406518202,0.550679823350385,-2.25659425793137,-2.18831915571734,-2.23588960120307,-2.2087611306218,66.15
946,0.815652029349626,0.4048119040755,0.54940632035645,-2.25680706299144,-2.1924322475149,-2.23535040351182,-2.21111530152476,66.22
947,0.811116519883524,0.402050342955822,0.548207874202836,-2.2569950778505,-2.19662203972862,-2.23497918500653,-2.21323716987072,66.29
948,0.806573715492016,0.399291440065979,0.547085222726166,-2.25716122398434,-2.20082124457871,-2.23478354345787,-2.21509883835543,66.36
949,0.802023966899796,0.396534897673568,0.546037647137084,-2.25731914512118,-2.20496448148196,-2.23476802742566,-2.21667775054785,66.43
950,0.797467691936661,0.393780445035198,0.545063014810318,-2.25748964378593,-2.20899408817136,-2.23493300035279,-2.21795560378687,66.5
951,0.792905294856749,0.391027879934586,0.544157819222502,-2.25769851551993,-2.21286707723309,-2.23527426004307,-2.2189180985679,66.57
952,0.788337212943643,0.388276919585018,0.543317280637279,-2.25797292166358,-2.21655161632529,-2.23578360406737,-2.2195552075259,66.64
953,0.783763836311538,0.385527242015939,0.542535634707753,-2.25833737955685,-2.22001913151711,-2.23644945199504,-2.21986151992842,66.71
954,0.779185554960406,0.382778590917157,0.541806228065473,-2.25881527637011,-2.22324588204829,-2.23725701661142,-2.21983653502166,66.78
955,0.774602678995902,0.380030816915215,0.541121611670616,-2.25942008951003,-2.22620628592171,-2.23818859622811,-2.21948477739675,66.85
956,0.770015486073759,0.37728372825442,0.540473822731867,-2.2601587983209,-2.22887743394272,-2.23922398864787,-2.21881611550583,66.92
957,0.765424141982433,0.374537132000255,0.53985447436701,-2.26103637080495,-2.23123986629955,-2.24034102745608,-2.21784609259781,66.99
958,0.760828811946561,0.371790938735214,0.539254843862678,-2.26205186080815,-2.23327550181253,-2.24151573325714,-2.21659607914015,67.06
959,0.756229772088609,0.369045203716677,0.538666150407883,-2.263200089581,-2.23497110505095,-2.24272265236629,-2.21509362724435,67.13
960,0.751627330486185,0.366299977462972,0.538079641520893,-2.2644646835914,-2.23631090420725,-2.24393544738714,-2.21337289924146,67.2
961,0.747021875407556,0.363555346877537,0.537486679059111,-2.26581301290548,-2.23727182620545,-2.24512729601154,-2.21147510583628,67.27
962,0.742413796639281,0.360811539872003,0.536879015700521,-2.26719817579228,-2.23782852726801,-2.24627217885791,-2.20944774568378,67.34
963,0.737803533965699,0.358068966447135,0.536248881113045,-2.26855907467248,-2.23794852904752,-2.24734896291753,-2.20734010408097,67.41
964,0.73319149871107,0.355328069185702,0.535589068681153,-2.26983573519777,-2.23760617169067,-2.24834231083378,-2.205201868993,67.48
965,0.728578122402154,0.352589364253655,0.534893150122314,-2.27097916365538,-2.23678978702033,-2.24924232236954,-2.20308282995089,67.55
966,0.723963778461188,0.349853482336978,0.534155310118464,-2.27196031825393,-2.23550723776849,-2.25004417901987,-2.20103264163326,67.62
967,0.719348830987368,0.347121018938693,0.53337030935665,-2.27277521073059,-2.2337898232692,-2.25074810974221,-2.19910090430985,67.69
968,0.714733556538245,0.344392575124061,0.532533576200734,-2.2734394063909,-2.23169124832436,-2.25135955095083,-2.19733743221693,67.76
969,0.710118192971699,0.341668798135454,0.531641490711754,-2.27397408239792,-2.22927917683366,-2.25188880206209,-2.19579194575053,67.83
970,0.705502861263599,0.338950231298208,0.53069148007827,-2.27439996806521,-2.22662756208461,-2.25235036694116,-2.19451318558061,67.9
971,0.700887614366626,0.336237354304809,0.529682052631063,-2.27474056379249,-2.22381311765391,-2.25276248900992,-2.19354820901957,67.97
972,0.696272359031283,0.333530623300938,0.528612770540075,-2.27502110838912,-2.2209124326058,-2.25314586316993,-2.19294085049525,68.04
973,0.69165690466164,0.33083032019925,0.527484034213494,-2.27527117019257,-2.2180037297487,-2.25351980885347,-2.19272699416002,68.11
974,0.687040885134975,0.328136592315595,0.526297123046749,-2.27552565248501,-2.21517262883479,-2.25390149306776,-2.1929338345877,68.18
975,0.682423807667165,0.325449555279636,0.525054492505862,-2.27582084559334,-2.21251047835156,-2.2543056619604,-2.19357963067701,68.25
976,0.677804974663362,0.322769332176551,0.523759882864856,-2.27619066936749,-2.21011414524539,-2.25474418154961,-2.19467299894908,68.32
977,0.673183596165874,0.320095901878153,0.522418366540041,-2.27665929356669,-2.20808217761562,-2.25522506946779,-2.19621174554727,68.39
978,0.668558902369506,0.317429137670777,0.521036397396798,-2.27724175879669,-2.2065010483785,-2.25575101727222,-2.19818085550762,68.46
979,0.663930065678259,0.314768909143493,0.519621734798237,-2.27794376799895,-2.20543760993617,-2.25631988024887,-2.20055287884046,68.53
980,0.659296313444275,0.312115120303755,0.518182924557609,-2.27876058440114,-2.2049263867885,-2.25692592775201,-2.20328950714134,68.6
981,0.654657040864347,0.309467556888211,0.51672890816877,-2.27967516275588,-2.20497152139809,-2.25756248933834,-2.20634484991533,68.67
982,0.650011733507123,0.306825923984374,0.515268696472924,-2.28065945220812,-2.20555009661024,-2.25822377374928,-2.20966787131336,68.74
983,0.645360017087179,0.304189946934091,0.513811107422981,-2.2816837623584,-2.20662420259688,-2.2589063056136,-2.2132041795694,68.81
984,0.640701580431135,0.301559408492327,0.512364694640797,-2.28271952075398,-2.20815082393617,-2.25960998008203,-2.21689729810936,68.88
985,0.63603622572469,0.298933995214488,0.510937485320586,-2.28374488718078,-2.21008567357988,-2.26033860848253,-2.22068916632232,68.95
986,0.631363791977989,0.296313334192634,0.509536717709742,-2.28474496840238,-2.21238002254617,-2.26110059018201,-2.22452082492126,69.02
987,0.626684205791467,0.293697093115269,0.508168768418359,-2.28571266843593,-2.21498405648976,-2.26190958346778,-2.22833354217557,69.09
988,0.621997405353881,0.29108501662723,0.50683895168946,-2.28665055603862,-2.21784920228188,-2.26278371419868,-2.2320703832554,69.16
989,0.617303391749896,0.288476771965097,0.505551507980791,-2.28756936688532,-2.22092872777987,-2.26374090800637,-2.23567993991598,69.23
990,0.612602153505173,0.285871984989917,0.504309654618684,-2.28848415664532,-2.2241808723746,-2.264797205386,-2.23911688711271,69.3
991,0.607893718443484,0.283270339592693,0.503115634843527,-2.28941166161054,-2.22756714192858,-2.26596653455896,-2.24234171868786,69.37
992,0.603178078781868,0.280671613449188,0.501970765123929,-2.29037185168853,-2.2310546622999,-2.26726041705372,-2.24532036256148,69.44
993,0.59845524353734,0.278075523098869,0.500875480653775,-2.29138440140889,-2.23461566938538,-2.26868792306818,-2.24802405804596,69.51
994,0.593725164171025,0.275481759468524,0.499829378981723,-2.29247055875988,-2.23822585193926,-2.27025581265635,-2.25042943306481,69.58
995,0.588987787543929,0.272890086814116,0.498831261756265,-2.29365386868637,-2.24186542286547,-2.27196829072598,-2.25251821070473,69.65
996,0.58424298211178,0.270300378054973,0.497879174601438,-2.29495397024925,-2.24551466249604,-2.27382688373933,-2.25427705414167,69.72
997,0.579490591435519,0.267712459472051,0.496970445168593,-2.29638178751458,-2.24915009593419,-2.27583043795756,-2.25569755063847,69.79
998,0.574730360938019,0.26512614588719,0.496101719438473,-2.29793706623218,-2.25274225801571,-2.27797536620762,-2.25677639864078,69.86
999,0.569962055506081,0.262541339292749,0.495268996375195,-2.29960838294004,-2.25624818679759,-2.28025576210285,-2.25751535366147,69.93
1000,0.565185577391074,0.25995806390099,0.49446766105978,-2.30136971928204,-2.25961344655927,-2.28266287370535,-2.2579209330792,70.0
1001,0.560400893860906,0.257376310579705,0.493692579973979,-2.30317881051447,-2.26277536101499,-2.28518501667309,-2.25800438793468,70.07
1002,0.555608092200082,0.254796071785249,0.49293838564673,-2.3049882579073,-2.26567254027299,-2.28780805426312,-2.2577820049947,70.14
1003,0.550807307984678,0.252217439956075,0.492199569745981,-2.3067549878765,-2.2682501597954,-2.29051568241081,-2.2572754210607,70.21
1004,0.545998780703445,0.249640642329398,0.491470511856854,-2.3084475514458,-2.27046575755403,-2.29328932986653,-2.25651169482519,70.28
1005,0.541182782645425,0.247065885140199,0.490745507674442,-2.31004948711436,-2.27229453513814,-2.29610780104879,-2.25552332600622,70.35
1006,0.536359675119517,0.24449338830602,0.49001886034377,-2.31155379386328,-2.2737298451398,-2.29894723399065,-2.25434828424754,70.42
1007,0.531529837921126,0.241923420033904,0.489285162200763,-2.31295810625964,-2.27478070779563,-2.30178258103916,-2.25302903024885,70.49
1008,0.526693726106717,0.23935614078533,0.488539449536976,-2.31426171528882,-2.27546921548752,-2.30459188357829,-2.25160843157463,70.56
1009,0.521851799987305,0.236791637701021,0.487777484667243,-2.31546272002436,-2.27582788829348,-2.3073568628139,-2.25012835173407,70.63
1010,0.517004582398088,0.23423002244226,0.486995784376536,-2.31656299592096,-2.27589748791167,-2.310062177639,-2.24862881479659,70.7
1011,0.512152589152238,0.231671465407717,0.48619139490734,-2.31757500903094,-2.27572287502835,-2.31269506528068,-2.24714774395244,70.77
1012,0.507296386733439,0.229116039284301,0.485361858251367,-2.31852018602939,-2.27535237119527,-2.31524574642682,-2.24572152656899,70.84
1013,0.502436459614542,0.22656375303763,0.484505242821339,-2.31942392106464,-2.27484271962181,-2.31770764253846,-2.2443853879975,70.91
1014,0.497573077737174,0.224014649302103,0.483620238596349,-2.32030887013082,-2.27425376337935,-2.32007702460829,-2.24317319162997,70.98
1015,0.49270641820872,0.221468838132576,0.482706443850812,-2.32118608740748,-2.27364668592604,-2.32235241121052,-2.24211691793913,71.05
1016,0.487836687131572,0.218926340078763,0.481764462404036,-2.32205892961117,-2.27308155594168,-2.32453358895131,-2.24124550362161,71.12
1017,0.482964051001542,0.21638711969028,0.480795938442118,-2.32292187920904,-2.27260833045299,-2.32662108112294,-2.24058411944767,71.19
1018,0.478088695260639,0.213851182414299,0.47980352888894,-2.32376743470745,-2.2722669395725,-2.32861600105488,-2.24015407627484,71.26
1019,0.473210755923381,0.2113186078495,0.478790622708228,-2.32459141336714,-2.27208412835418,-2.33051959143895,-2.23997234197053,71.33
1020,0.468330378344131,0.208789392318881,0.477760997592739,-2.32539241085667,-2.27207454944911,-2.33233181440395,-2.24004984269362,71.4
1021,0.463447649045779,0.206263481870495,0.476718540950661,-2.32617278615483,-2.27224985312776,-2.33405178711608,-2.24039235901047,71.47
1022,0.458562654678773,0.203740868669005,0.475667225602554,-2.32693551860138,-2.27262268923765,-2.33567841142241,-2.24100134864528,71.54
1023,0.453675414032727,0.20122162374247,0.474611149485296,-2.32767890610012,-2.27320225414574,-2.33721037182633,-2.24187399693565,71.61
1024,0.448785937171837,0.198705739047409,0.473554512174335,-2.32840288791294,-2.27398900443375,-2.33864600998491,-2.24300313012271,71.68
1025,0.443894157618905,0.196193159961563,0.472501337512652,-2.32911568577337,-2.27498022443704,-2.33998409207548,-2.24437813491685,71.75
1026,0.438999991662125,0.193683881167394,0.471455196262233,-2.32982996513146,-2.27616929757423,-2.3412245798304,-2.2459862494215,71.82
1027,0.434103270712697,0.191177978890792,0.470419182700526,-2.33056058475968,-2.27754674842754,-2.34236927824527,-2.24781333655197,71.89
1028,0.429203800790956,0.18867545245791,0.469395954470392,-2.33132393425136,-2.27910343693052,-2.34342216940217,-2.24984420394933,71.96
1029,0.424301295073013,0.186176256279375,0.468387772046852,-2.3321327610719,-2.28082625018918,-2.34438943233716,-2.25206266148162,72.03
1030,0.419395433579779,0.183680395224638,0.467396537719092,-2.33299830101528,-2.28270471268263,-2.34527940287418,-2.25445163450367,72.1
1031,0.414485795944865,0.181187956350572,0.466423834001336,-2.33393069193705,-2.28472933270828,-2.34610253670867,-2.25699288886203,72.17
1032,0.409571921348047,0.178698949946876,0.465470961399832,-2.33493589181439,-2.28688937122223,-2.34687137542334,-2.25966687644596,72.24
1033,0.404653241555864,0.176213341007115,0.464538975475412,-2.33602040706266,-2.28917892604326,-2.34760045151948,-2.26245257494297,72.31
1034,0.399729204679929,0.173731144087731,0.463628723151823,-2.3371902378885,-2.29159157753184,-2.34830600494925,-2.26532719550822,72.38
1035,0.394799399118272,0.171252454518762,0.462740878229363,-2.3384472163641,-2.29411566452152,-2.34900595522667,-2.2682662672987,72.45
1036,0.38986348714439,0.168777288928435,0.461875912552813,-2.33978991460977,-2.29673533577756,-2.34972012849841,-2.27124365511076,72.52
1037,0.384921265752732,0.166305616190164,0.461033875771119,-2.34120692745373,-2.29942187890181,-2.35047035777902,-2.27423176512743,72.59
1038,0.379972600698991,0.16383745175405,0.460214364783365,-2.34268209336986,-2.30213851160247,-2.35128070966838,-2.27720174921466,72.66
1039,0.375017487817483,0.161372888326468,0.45941655583229,-2.34420314261345,-2.30484834639242,-2.35217643931049,-2.28012453455778,72.73
1040,0.370055987546211,0.158911935859883,0.45863923574199,-2.34576329256044,-2.30752070265997,-2.35317964009037,-2.28297502991599,72.8
1041,0.365088286734311,0.156454551961529,0.457880768812499,-2.34736798626306,-2.31013665673713,-2.35430812954164,-2.28573309420595,72.87
1042,0.360114570136551,0.154000735683303,0.45713887238063,-2.34903318147477,-2.31268500202515,-2.35557534748177,-2.28838336447565,72.94
1043,0.355134892144174,0.151550557656888,0.456410645740495,-2.35077785772555,-2.31515744899845,-2.35698999532607,-2.29091489681506,73.01
1044,0.35014923930137,0.149103999536893,0.455692788991982,-2.35262007810927,-2.31754846461844,-2.35855573366336,-2.29332100190233,73.08
1045,0.345157466012357,0.146660983861461,0.454981503778204,-2.35457476304778,-2.31984914388178,-2.36027125535585,-2.29559908504828,73.15
1046,0.340159421032551,0.144221467293804,0.4542727112235,-2.35664923720933,-2.32204864319701,-2.36213009883844,-2.297750363958,73.22
1047,0.33515507419304,0.141785470210006,0.453562142585736,-2.35884906218898,-2.32414069869805,-2.36412083685338,-2.29978003597687,73.29
1048,0.330144389289224,0.139352915597506,0.452845366296281,-2.36117929130171,-2.32612195449553,-2.36622732327289,-2.30169751366253,73.36
1049,0.32512719720968,0.136923658375622,0.452117815068728,-2.36364775219401,-2.32799264518986,-2.36842868085091,-2.30351641089059,73.43
1050,0.320103259862959,0.134497578103834,0.451374813245035,-2.36626362409764,-2.3297577907322,-2.37069922107529,-2.30525446969087,73.5
1051,0.315072207315792,0.132074671564239,0.450611668071537,-2.36902489406596,-2.33141988398752,-2.37300944024951,-2.30693241099981,73.57
1052,0.310033665744761,0.12965508170367,0.449824015637964,-2.37191476377428,-2.33298447659487,-2.3753301253695,-2.30856935847456,73.64
1053,0.304987385659147,0.127238935898372,0.449008167582068,-2.3749103099472,-2.33446487947713,-2.37763264737531,-2.31018067831226,73.71
1054,0.299933116334353,0.124826374647934,0.448161204649878,-2.37798701121983,-2.33587918127617,-2.37988792011129,-2.31177664639619,73.78
1055,0.294870480540231,0.122417580137878,0.447281007807115,-2.38112327098185,-2.33725012829962,-2.38206586812954,-2.31336181515462,73.85
1056,0.289799103648794,0.12001261410982,0.446366227012838,-2.38429890285077,-2.33859948084611,-2.38413527741146,-2.31493463511518,73.92
1057,0.284718743060736,0.11761144614439,0.445416060699218,-2.38748561053303,-2.33993316100398,-2.38606377608053,-2.31648752153922,73.99
1058,0.279629227408725,0.115214045317357,0.44443022712143,-2.39064591419915,-2.3412429161883,-2.38781807333304,-2.31800755675027,74.06
1059,0.274530523139622,0.112820471711003,0.44340900057133,-2.39373309279131,-2.34250925373564,-2.3893642037449,-2.31947668510794,74.13
1060,0.269422674407738,0.110430904262834,0.442353248946933,-2.39669760628484,-2.34370996611166,-2.39066752414771,-2.32087184574795,74.2
1061,0.264305870354779,0.108045477912113,0.441264409148452,-2.39949085297675,-2.34481982871657,-2.39169271844254,-2.32216478970144,74.27
1062,0.259180385700381,0.105664311149563,0.440144273230971,-2.40206492977643,-2.34580807706261,-2.39240406574589,-2.32332234449587,74.34
1063,0.254046648710401,0.103287596927857,0.438994902852917,-2.40437792513031,-2.34664376374551,-2.39276571913785,-2.32430693675689,74.41
1064,0.248905182458048,0.100915629890789,0.437818417878515,-2.40639636192794,-2.34729184634811,-2.39274142470555,-2.32507623073868,74.48
1065,0.243756673435937,0.0985486428765441,0.436616976649588,-2.40808443845255,-2.3477132828511,-2.39229323761995,-2.32558137606896,74.55
1066,0.238601913424651,0.0961868337960045,0.435392757290478,-2.40940223668378,-2.34786907236701,-2.39138114219176,-2.32576666114806,74.62
1067,0.23344186866607,0.0938304558399941,0.434147812926911,-2.41030718266102,-2.34771407803023,-2.38996294216936,-2.32556917665853,74.69
1068,0.228277622236797,0.0914798439703225,0.432884308884881,-2.41075259912381,-2.34720178523531,-2.38799467687904,-2.32491912649588,74.76
1069,0.223110443659273,0.0891352506477633,0.4316045701231,-2.41069014854196,-2.34628888117273,-2.3854304849977,-2.32373964518279,74.83
1070,0.217941731634816,0.0867968718963645,0.430310875297703,-2.41006867311401,-2.34492695370215,-2.38222242578301,-2.32194663257583,74.9
1071,0.212773083924608,0.0844649366572572,0.429005442001523,-2.40883229191663,-2.34306303459984,-2.37832076765757,-2.31944918046218,74.97
1072,0.207606240250841,0.082139795905417,0.42769047605415,-2.40692106012989,-2.34063780976271,-2.37367423782461,-2.31614957795223,75.04
1073,0.202443152231527,0.0798219480015562,0.426368221239434,-2.40426726894527,-2.33758187950991,-2.36823048888272,-2.31194372487348,75.11
1074,0.197285926208187,0.0775118732285833,0.42504094588753,-2.40079183476086,-2.33381756645169,-2.36193653031688,-2.30672176633139,75.18
1075,0.192136892966452,0.0752100586057924,0.42371080269753,-2.39640192360036,-2.32925064800325,-2.35473887278383,-2.30036825369698,75.25
1076,0.186998550194803,0.0729170859252871,0.422380006344769,-2.39098682841474,-2.32377107211208,-2.34658414943277,-2.29276272546592,75.32
1077,0.181873631667039,0.0706337194729956,0.421050693604434,-2.38442880820082,-2.3172557362665,-2.33741939055489,-2.28378001368148,75.39
1078,0.176765048978804,0.0683609298930372,0.419724847019085,-2.37661079030974,-2.3095796222956,-2.32719277933525,-2.27329123328856,75.46
1079,0.171675959808377,0.0660997271291118,0.418404091473572,-2.36742113093872,-2.30061744287739,-2.31585419201641,-2.26116444288594,75.53
1080,0.166609708516322,0.063851183518106,0.417089681195681,-2.35676058323816,-2.29024984210206,-2.30335590555709,-2.24726561697031,75.6
1081,0.161569893038036,0.0616165199602295,0.415782486565112,-2.34454696742925,-2.27837028019611,-2.28965341117233,-2.23145955358237,75.67
1082,0.156560303867298,0.0593971280872377,0.414482790127513,-2.33070719316699,-2.26487939506065,-2.27470512871793,-2.21361180227296,75.74
1083,0.151584989068117,0.0571944013450291,0.413190272892804,-2.31516991270095,-2.24968145397907,-2.25846867343067,-2.19359365012127,75.81
1084,0.146648191095957,0.0550097560497667,0.411904063870081,-2.29786897062976,-2.23268588467426,-2.24090034607879,-2.17128388256517,75.88
1085,0.141754409348524,0.0528447153272442,0.410622789332415,-2.27874444109367,-2.21380633064957,-2.22195568851004,-2.14656948356627,75.95
1086,0.136908270691456,0.0507009288439535,0.409344621844432,-2.25774608232849,-2.19296345908739,-2.20158977237178,-2.11934616898561,76.02
1087,0.132114398343797,0.0485800012346393,0.40806732910472,-2.2348343199154,-2.17009177865114,-2.17975741324976,-2.08951901154622,76.09
1088,0.127377469503325,0.0464835102756727,0.406788322672388,-2.20997164656284,-2.14513401887639,-2.15641407416029,-2.05700341542888,76.16
1089,0.122702143942566,0.0444130877059381,0.405504770181073,-2.18311492053707,-2.11803920738446,-2.13151688844374,-2.02172638059197,76.23
1090,0.118093180990306,0.0423704991160674,0.404213898175361,-2.15421777440663,-2.08876616211541,-2.10502713764072,-1.98362717077468,76.3
1091,0.113555554164689,0.0403576593248126,0.402913168083052,-2.12323144832046,-2.05728039549884,-2.07691558337494,-1.9426544025884,76.37
1092,0.109094309201733,0.0383764561381276,0.401600579501925,-2.09011084606505,-2.02356094696821,-2.0471642393152,-1.89876603692086,76.44
1093,0.10471441936469,0.0364287635302256,0.400274783303231,-2.05481717719941,-1.98760431434746,-2.01576699802235,-1.85193017849829,76.51
1094,0.10042082839842,0.0345165171375193,0.398935068145958,-2.01732919197254,-1.94942173729293,-1.98273025669695,-1.80212592298218,76.58
1095,0.0962183633463819,0.0326417249565478,0.397581093416315,-1.97764757542762,-1.90903123034609,-1.94807436779622,-1.74934545966055,76.65
1096,0.0921117711164588,0.0308062861349759,0.396212559176825,-1.93579542332911,-1.86645332133362,-1.91183432630536,-1.69359812922342,76.72
1097,0.0881056245373466,0.0290119988914308,0.394828876658596,-1.89181181451138,-1.82170681037835,-1.8740563899189,-1.63491681800285,76.79
1098,0.0842043517992701,0.0272606304546909,0.393428839310311,-1.84575670862564,-1.77482004728644,-1.8347970461917,-1.5733602093938,76.86
1099,0.0804121350304625,0.0255539854347393,0.392010357946979,-1.79771160572707,-1.72583593966962,-1.79412299101336,-1.50901387655852,76.93
1100,0.0767329319154166,0.0238939090393814,0.390570514120183,-1.74777964948677,-1.67481926568991,-1.75211148106829,-1.44199161157682,77.0
1101,0.0731703661212624,0.0222820980305878,0.389105868270591,-1.69608682240374,-1.62186330437641,-1.70885118477493,-1.3724374324045,77.07
1102,0.0697277404562356,0.0207201004625561,0.387612578142372,-1.64277863944839,-1.56708574507508,-1.66444352875351,-1.30052800921391,77.14
1103,0.0664079185479577,0.0192093770997821,0.386086454626884,-1.5880176073947,-1.51062898991229,-1.61900390125046,-1.22647505998523,77.21
1104,0.0632133925090222,0.0177513609372496,0.384523018700223,-1.53198385801445,-1.45265646033833,-1.57266334383034,-1.15052789915381,77.28
1105,0.060146345924745,0.0163474512481498,0.382917559613943,-1.47486649930746,-1.39334350494158,-1.52556971063167,-1.07297568660038,77.35
1106,0.0572085215121689,0.0149988150675415,0.381265194509251,-1.41687540462332,-1.33289072347264,-1.47788867129552,-0.994149812096522,77.42
1107,0.0544012109604877,0.0137063771709709,0.379560993152378,-1.3582420542458,-1.27152730586802,-1.4298047424819,-0.914426213615887,77.49
1108,0.0517250492940305,0.0124708714666277,0.377800295013429,-1.29923133532355,-1.20952368823515,-1.38152234165268,-0.834227870939513,77.56
1109,0.0491798042653278,0.0112928902469221,0.375978837763528,-1.24014752236252,-1.14719560476293,-1.33325802700895,-0.754009547990929,77.63
1110,0.046764414829595,0.0101729312712223,0.374092760885515,-1.18132521796091,-1.084889933928,-1.28520638472989,-0.674189832691676,77.7
1111,0.0444770881535622,0.0091113791383433,0.372138294005135,-1.12311273743361,-1.02295245409144,-1.23753291103235,-0.595136533363825,77.77
1112,0.0423153916800524,0.0081082938929173,0.370111257128789,-1.06584042949429,-0.961695598248129,-1.19037577890258,-0.517169972485813,77.84
1113,0.0402763403159865,0.0071633879634148,0.368007008119969,-1.00980428177333,-0.901392999770652,-1.1438474000336,-0.440566060985349,77.91
1114,0.0383564788360053,0.0062760643926755,0.365820519981354,-0.955262257945525,-0.84228290505288,-1.09803615780331,-0.365559267879284,77.98
1115,0.0365519596149164,0.0054454528531063,0.363546461082031,-0.902434208543092,-0.78457428130672,-1.05300817996133,-0.292345538244221,78.05
1116,0.0348586158202103,0.0046704434691037,0.361179278520821,-0.851503567105344,-0.728445256875246,-1.00880908412632,-0.221085150564481,78.12
1117,0.033272030210736,0.0039497184796246,0.358713284828498,-0.802619362349048,-0.674044049070448,-0.965465693562471,-0.151905505970227,78.19
1118,0.0317875996999892,0.003281781783034,0.356142748219844,-0.755898348800932,-0.621491102371427,-0.922987721485791,-0.0849038432410879,78.26
1119,0.0304005958518765,0.0026649864142301,0.353461986611833,-0.711427440753807,-0.570881160949646,-0.88136942286716,-0.0201498747014774,78.33
1120,0.0291062214840651,0.002097560010922,0.350665465625716,-0.669264920637945,-0.522285270918583,-0.840591213351596,0.0423116607142563,78.4
1121,0.0278996635586903,0.0015776283316355,0.347747900788999,-0.629441942930625,-0.475752708683235,-0.800621255502164,0.10245852990062,78.47
1122,0.0267761425429904,0.0011032368928802,0.344704364147504,-0.591964140819146,-0.431312832670798,-0.761417013105163,0.160288625243206,78.54
1123,0.0257309584229172,0.0006723707967313,0.34153039548832,-0.5568131438627,-0.388976856551694,-0.72292677473978,0.215817672368466,78.61
1124,0.0247595335516269,0.0002829728232101,0.338222118360715,-0.523948006429721,-0.348739542821238,-0.685091148223749,0.269077026074526,78.68
1125,0.0238574525116907,-6.70401358559687e-05,0.33477636106419,-0.493306547601768,-0.310580816304323,-0.647844527896439,0.320111553858191,78.75
1126,0.0230204991652102,-0.000379762223218,0.331190782750791,-0.46480660409509,-0.274467297771398,-0.611116536993249,0.368977605857053,78.82
1127,0.0222446910599232,-0.0006572852635174,0.327464004761576,-0.438347198562797,-0.240353758422102,-0.574833447602779,0.415741069508762,78.89
1128,0.0215263113517065,-0.0009016868318166,0.323595747285771,-0.413809626400612,-0.208184496498822,-0.538919580879665,0.460475506793204,78.96
1129,0.0208619383951054,-0.0011150196636864,0.319586971394177,-0.391058655453912,-0.17789463774539,-0.50329869031411,0.503260371557453,79.03
1130,0.020248473143309,-0.0012993023277575,0.315440026456684,-0.369945431104719,-0.149411361825425,-0.467895330933587,0.544179304132275,79.1
1131,0.0196831009693145,-0.0014565110825417,0.31115867586918,-0.350317808541433,-0.122655057165153,-0.432636217333734,0.583318500221775,79.17
1132,0.0191630609895659,-0.0015885728406678,0.306747556370659,-0.332043898003121,-0.0975404069882464,-0.397451509886749,0.620765087371731,79.24
1133,0.0186856041099423,-0.0016973591652361,0.30221126136594,-0.315031488092469,-0.0739774095704403,-0.362275650800788,0.656605378703529,79.31
1134,0.0182480128625123,-0.0017846812249154,0.297553429194388,-0.299230013170562,-0.0518723359581632,-0.327047244538808,0.690923508753713,79.38
1135,0.0178476196192156,-0.0018522856364662,0.292776090249254,-0.284628470743935,-0.0311286285762257,-0.291707921577326,0.723800892766641,79.45
1136,0.01748182328589,-0.0019018511257106,0.287879209294814,-0.271235697820052,-0.0116477442897128,-0.256199997296897,0.75531663327568,79.52
1137,0.0171481045782274,-0.0019349859403857,0.282860740499195,-0.259059902702757,0.0066700544040811,-0.220464897317422,0.785547918088258,79.59
1138,0.0168440399786793,-0.0019532259509355,0.277716814072976,-0.248100219242306,0.0239249563041139,-0.184443240746391,0.814569390362516,79.66
1139,0.0165673144702428,-0.0019580333779484,0.272441927553173,-0.238345900503683,0.0402169027574967,-0.148076011904759,0.842452059503802,79.73
1140,0.0163157331394032,-0.0019507960877241,0.267029141878958,-0.229776736520589,0.0556449294212796,-0.11130593352728,0.869262194673145,79.8
1141,0.0160872317363944,-0.0019328274002403,0.261470282467501,-0.222363426171669,0.0703065447290803,-0.0740788531216829,0.895060261726716,79.87
1142,0.015879886276353,-0.001905366356633,0.255756145553195,-0.216067903946986,0.0842971412926092,-0.0363451446613505,0.919899901067816,79.94
1143,0.0156919217599832,-0.0018695783961321,0.249876710100401,-0.210843622719434,0.0977094365252188,0.0019388723342397,0.943826944113071,80.01
1144,0.0155217200869942,-0.0018265563952303,0.243821355639228,-0.20663579396952,0.110632938855876,0.0408094944483407,0.966878466335183,80.08
1145,0.0153678272299191,-0.0017773220246593,0.237579086404786,-0.203381587236768,0.123153436003048,0.0802941750901255,0.989081875141076,80.15
1146,0.0152289597299215,-0.0017228273825179,0.231138762183353,-0.201010290883669,0.135352501900837,0.12041004291753,1.01045403117883,80.22
1147,0.0151040105699779,-0.0016639568645996,0.224489336282911,-0.199443436566375,0.14730701901073,0.161162396923585,1.03100040203395,80.29
1148,0.0149920544743036,-0.001601529235627,0.217620101051236,-0.198594890105795,0.159088712913313,0.20254317754236,1.05071424767796,80.36
1149,0.0148923526761804,-0.0015362998676724,0.21052094136096,-0.198370911749258,0.170763696252754,0.244529413582622,1.06957583746631,80.43
1150,0.014804357189422,-0.0014689631145454,0.203182596467945,-0.198670189105055,0.182392019303417,0.287081645306365,1.08755169894704,80.5
1151,0.0147277146115987,-0.0014001547933464,0.195596930627029,-0.199383846321915,0.19402722464184,0.330142324537162,1.10459389923734,80.57
1152,0.0146622694798905,-0.0013304547467067,0.187757212816123,-0.200395433374888,0.20571590363834,0.373634193313045,1.12063936024782,80.64
1153,0.014608067193006,-0.0012603894614667,0.179658405877177,-0.201580899606673,0.21749725273045,0.41745864328677,1.13560920958618,80.71
1154,0.0145653565050833,-0.0011904347216781,0.171297465328479,-0.202808555962893,0.229402627705431,0.461494058828825,1.14940816954763,80.78
1155,0.014534591589816,-0.0011210182758476,0.162673648038573,-0.203939221204677,0.24145509450076,0.505594147601331,1.16192398720268,80.85
1156,0.014516433665324,-0.0010525225002727,0.15378876735715,-0.204827446375735,0.253669356441715,0.549586263248748,1.17302697273482,80.92
1157,0.0145117521624349,-0.000985287042151,0.144647204174241,-0.205326744672389,0.266052438148362,0.593269916346594,1.18256984086538,80.99
1158,0.0145216254111829,-0.0009196114278729,0.135255800875384,-0.20530683555976,0.278602076658549,0.63641636945696,1.19038798734534,81.06
1159,0.0145472772938567,-0.0008557576235366,0.125623383952603,-0.204678716385368,0.291305868398131,0.678770848378429,1.19630179408962,81.13
1160,0.0145898227868724,-0.0007939525362555,0.115759787976219,-0.203412258332783,0.304140790979124,0.720061443479178,1.20012287476696,81.2
1161,0.0146502034575488,-0.0007343904462558,0.1056750157827,-0.201531593699539,0.317072719190286,0.760015854099754,1.20166414061498,81.27
1162,0.0147291858366735,-0.0006772353611032,0.0953786615458954,-0.199102269750628,0.330056126616301,0.798377601837376,1.20075058118782,81.34
1163,0.0148273591124571,-0.0006226232846386,0.0848801045024459,-0.196194542754226,0.343034164743444,0.834917340208815,1.19722809932133,81.41
1164,0.0149451321166866,-0.000570664394358,0.0741889012976837,-0.192871782712206,0.355937596841942,0.869434570024154,1.19096602415051,81.48
1165,0.0150827295806335,-0.0005214451220395,0.0633151860366448,-0.189189885070689,0.368684113242747,0.901756438646162,1.1818574367412,81.55
1166,0.015240187645169,-0.0004750301334055,0.0522700776732756,-0.185197396999007,0.381177840096204,0.931736425597889,1.16981940942333,81.62
1167,0.0154173486165402,-0.0004314642035129,0.0410660943492296,-0.180935847958169,0.393308854197144,0.959253111671282,1.15479335345656,81.69
1168,0.0156138549664719,-0.0003907739853958,0.0297175742556634,-0.176440473261844,0.404952898088809,0.984209100646004,1.13674547818454,81.76
1169,0.0158291425826324,-0.0003529696702419,0.018241102538458,-0.171739804598301,0.415971490192436,1.00653028880973,1.11566742742837,81.83
1170,0.0160624332831467,-0.0003180465380772,0.0066559436975424,-0.166855650617302,0.42621091025264,1.02616523192036,1.09157722143757,81.9
1171,0.0163127266166838,-0.0002859863985606,-0.0050155211543486,-0.161803275939328,0.43550158982763,1.04308435836661,1.06452012360288,81.97
1172,0.0165787909778475,-0.0002567589220589,-0.0167473529105931,-0.156591587199111,0.443657723130379,1.05727922104573,1.0345695582725,82.04
1173,0.0168591540760401,-0.0002303228616865,-0.0285096098229171,-0.15122332554071,0.450477104686552,1.06876185261093,1.00182814146232,82.11
1174,0.0171520928048073,-0.0002066271674597,-0.0402679640969796,-0.145695265223328,0.455741582001564,1.07756422441272,0.966428821653158,82.18
1175,0.0174556225678329,-0.000185611994128,-0.0519835714303213,-0.139998418232217,0.459222640755817,1.08373787219866,0.92853612675818,82.25
1176,0.0177674861273236,-0.0001672096046237,-0.0636131948018117,-0.134118245016314,0.460709852473131,1.08735502124366,0.8883484649631,82.32
1177,0.0180852055690137,-0.000151345171404,-0.0751101556588764,-0.12803487169368,0.460044217449246,1.08851514708813,0.846104776116857,82.39
1178,0.0184063245065005,-0.0001379374782611,-0.0864257330331976,-0.12172331427784,0.457139578342148,1.08735525408966,0.80209336644039,82.46
1179,0.0187284595067356,-0.0001268995254502,-0.0975106312437356,-0.115153710680428,0.451989887198127,1.08405700793148,0.756656120908135,82.53
1180,0.019049351385478,-0.0001181390412233,-0.108316454516209,-0.10829156144141,0.444671475819263,1.0788416971923,0.710180396548661,82.6
1181,0.0193671070187972,-0.0001115589030845,-0.118797063351207,-0.101097789767524,0.435335311723773,1.07195708226978,0.663082077203388,82.67
1182,0.0196802506440694,-0.0001070574722786,-0.128909496884251,-0.0935284316380086,0.424194000729924,1.06366196701271,0.615783840274808,82.74
1183,0.0199877117593313,-0.0001045288452129,-0.138614907619856,-0.0855354819130568,0.411506071231577,1.05421381927214,0.568695225677534,82.81
1184,0.0202888131958288,-0.0001038630256846,-0.147878938504516,-0.0770673736710685,0.397550862719744,1.04386051040219,0.522200271195764,82.88
1185,0.0205832594046327,-0.0001049460219482,-0.156671480297885,-0.0680692831562613,0.382603346077576,1.03283654506121,0.476653016310016,82.95
1186,0.0208711249832066,-0.0001076598728146,-0.164966318701611,-0.0584834528560474,0.366924617756577,1.02136231096509,0.432377810996671,83.02
1187,0.0211528434532598,-0.0001118826071263,-0.172740862950754,-0.0482495347949976,0.350762785377066,1.00964437058582,0.389670922487402,83.09
1188,0.0214291962871177,-0.0001174881411041,-0.179976083905882,-0.0373049562449179,0.33435832757498,0.997875833616835,0.348802030208821,83.16
1189,0.0217013021661534,-0.0001243461182153,-0.186656281395939,-0.0255853101482008,0.317939944530835,0.986236548255974,0.310015089454429,83.23
1190,0.0219706064415687,-0.0001323216963679,-0.192768808575649,-0.0130247726370764,0.301723593746235,0.974893485056674,0.273529696838311,83.3
1191,0.022238870754956,-0.0001412752874025,-0.198303817416097,0.0004434498996588,0.285913114394956,0.964001179453475,0.239542567113724,83.37
1192,0.0225081627636232,-0.0001510622540207,-0.203254025812097,0.014886641696245,0.270700844051307,0.953702163077157,0.208228922422402,83.44
1193,0.02278084590361,-0.0001615325694723,-0.207614506683082,0.0303720638937579,0.256268220023438,0.944127377967325,0.179743786469023,83.51
1194,0.0230595691116564,-0.0001725304455164,-0.211382499346511,0.0469664036666121,0.24278635795729,0.935396568247532,0.154223176933946,83.58
1195,0.0233472564161223,-0.0001838939343752,-0.214557243352535,0.0647351836325748,0.230416600793171,0.927618644270565,0.131785190209863,83.65
1196,0.0236470962959599,-0.0001954545106218,-0.217139834886567,0.0837421290075767,0.219311031549548,0.920892014667301,0.112530973270067,83.72
1197,0.0239625306963818,-0.0002070366391752,-0.219133105769172,0.104048490013292,0.2096129437823,0.915304882147133,0.0965455781630445,83.79
1198,0.0242972435797633,-0.0002184573358288,-0.220541525012763,0.12571231711191,0.201457263920063,0.910935499296914,0.0838986952712028,83.86
1199,0.0246551488806905,-0.0002295257270052,-0.221371122827368,0.148787686739793,0.194970920012196,0.907852381015846,0.0746452620899531,83.93
1200,0.0250403777248194,-0.0002400426157129,-0.221629373387381,0.173324065886876,0.190273151744543,0.906114470602326,0.0688259448653697,84.0
1201,0.0254572647624626,-0.000249800060983,-0.221324909093198,0.199366004020987,0.187475756883658,0.905771256880415,0.0664674909941962,84.07
1202,0.025910333459564,-0.0002585809783798,-0.220467447155553,0.226951626029869,0.1866832696041,0.906862840119494,0.0675829506351083,84.14
1203,0.0264042801809301,-0.0002661587695122,-0.219067801137351,0.256111639491474,0.187993066436002,0.909419944859512,0.0721717665085601,84.21
1204,0.0269439568934562,-0.0002722969888231,-0.217137850045223,0.286872729456803,0.191495395849448,0.913463878114617,0.0802197949079795,84.28
1205,0.0275343523104403,-0.0002767490562927,-0.214690274003619,0.319272834737417,0.197273327763052,0.919006749376103,0.0916998296078411,84.35
1206,0.0281805712922291,-0.0002792580250707,-0.211738310134154,0.3533641675476,0.205402619539091,0.926053094935441,0.10657396309573,84.42
1207,0.0288878123131492,-0.0002795564134349,-0.208295782232958,0.38919209707217,0.215951495298343,0.934602016795431,0.124796896887955,84.49
1208,0.0296613428003825,-0.0002773661108708,-0.204377213185401,0.426788514364411,0.22898033567096,0.944647422280236,0.146316200689068,84.56
1209,0.03050647214675,-0.0002723983684664,-0.199997956072496,0.466170466701036,0.244541275383015,0.956177698264883,0.171071618227938,84.63
1210,0.0314285221969009,-0.0002643538842205,-0.195174279895785,0.507339232781137,0.262677706382368,0.969175328407818,0.1989942475166,84.7
1211,0.0324327950046682,-0.0002529229942708,-0.189923282298377,0.550281743679583,0.28342368451767,0.983616517348693,0.230005724867811,84.77
1212,0.0335245376590567,-0.0002377859814444,-0.184263009773407,0.594972570980013,0.306803238123194,0.999471140135343,0.264017923453133,84.84
1213,0.0347089039769505,-0.0002186135129332,-0.1782125941523,0.641371147015897,0.33282957721332,1.01670314482287,0.300933042350909,84.91
1214,0.0359909128628633,-0.0001950672192731,-0.171792214128398,0.689418664504038,0.361504202378444,1.03527077420632,0.340643263702711,84.98
1215,0.0373754031395229,-0.0001668004271788,-0.165023262198388,0.739032751579477,0.392815912882091,1.05512654454008,0.383030235781063,85.05
1216,0.0388669846583762,-0.0001334590591199,-0.157928589214178,0.790104751915392,0.426739713910865,1.07621666524368,0.427963750896411,85.12
1217,0.0404699855058244,-9.46827128495783e-05,-0.150532762210091,0.842497834565142,0.463235623408667,1.09848028251786,0.475300130809214,85.19
1218,0.0421883951299235,-5.01059343698716e-05,-0.142862334632624,0.896045048420869,0.502247379457275,1.12184867596335,0.524880515176774,85.26
1219,0.0440258032228777,6.40301936854527e-07,-0.134946128035041,0.950547326515151,0.543701049733741,1.14624441052593,0.576529058519811,85.33
1220,0.0459853342077595,5.79268920936336e-05,-0.126815524222742,1.00577163709743,0.587503545198835,1.17158044639316,0.630051041776374,85.4
1221,0.0480695771929761,0.0001221246661771,-0.11850476674943,1.06144947963819,0.633541040842666,1.19775920979836,0.685230968673222,85.47
1222,0.0502805112759516,0.0001936022027078,-0.1100512705659,1.11727421020822,0.681677307046262,1.22467162805617,0.741830781387053,85.54
1223,0.0526194260977043,0.0002727233796586,-0.101495938514615,1.17290070000025,0.731751955906414,1.25219613255343,0.799587822606333,85.61
1224,0.0550869010920519,0.0003598446480566,-0.0928833562049696,1.22795635831206,0.783578607728118,1.2801978879334,0.8582130612293,85.68
1225,0.0576829704173474,0.0004553120143226,-0.0842612920425709,1.28206861455539,0.836942983807777,1.30852984007383,0.917392323014757,85.75
1226,0.060407092436559,0.0005594577177843,-0.0756793101609055,1.33489731294575,0.891600932622969,1.33703850984298,0.976796063304575,85.82
1227,0.0632580507816438,0.0006725965901997,-0.0671871931473935,1.38615139034773,0.947276397607728,1.36557612616421,1.03609921817408,85.89
1228,0.0662339140604544,0.0007950220846478,-0.0588333632404992,1.43558953254122,1.00365933583065,1.39401580119825,1.09500250792453,85.96
1229,0.0693321812899086,0.0009270019618173,-0.0506633001106073,1.48301599925612,1.06040378866619,1.42226187688227,1.15324669368986,86.03
1230,0.0725497955354424,0.0010687736225337,-0.0427182074634112,1.52827435849552,1.11713589813849,1.45025023907719,1.21061649550972,86.1
1231,0.0758832799261073,0.001220539076352,-0.0350346889631813,1.57124186894268,1.17349373244281,1.47793904759682,1.26693411820565,86.17
1232,0.0793287420868231,0.0013824595371974,-0.0276447332039938,1.61183626737596,1.22915536093544,1.50530176258374,1.32205319145375,86.24
1233,0.0828820647129067,0.0015546496383913,-0.0205758792969089,1.65002905850364,1.28385881276337,1.53232316757479,1.37585433772071,86.31
1234,0.086539091878443,0.0017371712609563,-0.0138512442604501,1.68585197138027,1.33740935794252,1.55899654825575,1.42824167496532,86.38
1235,0.0902956206786208,0.0019300269708648,-0.0074897287570703,1.7193885165988,1.38967259637782,1.58532094768818,1.47913943293735,86.45
1236,0.0941475159571449,0.0021331530629213,-0.0015062732564271,1.75076391847197,1.44056308062409,1.61129881587448,1.52848900434143,86.52
1237,0.0980906942040486,0.002346412211222,0.00408789961509,1.78012744834414,1.49003044665555,1.63693367260129,1.57624598914275,86.59
1238,0.102121230855709,0.0025695857286668,0.0092850571094767,1.80763687270627,1.53805131339655,1.66222867274212,1.62237793297107,86.66
1239,0.106235337077899,0.0028023654408042,0.0140806796876193,1.83345256922855,1.58462072816944,1.68718683611623,1.66686365058841,86.73
1240,0.110429460255693,0.0030443451823982,0.0184730089044554,1.85772860103048,1.62974442937523,1.71181103622677,1.70969210306924,86.8
1241,0.114700254259913,0.0032950119285148,0.0224628011351236,1.88060868294855,1.67342754386713,1.73610444646646,1.7508618458038,86.87
1242,0.119044673699766,0.0035537365756638,0.0260532236921377,1.90222309580728,1.71567235905553,1.7600694746049,1.79037939626726,86.94
1243,0.123459874696006,0.0038197643926073,0.0292499568239031,1.92269378434692,1.75647291048874,1.78370715451691,1.82825785550922,87.01
1244,0.127943112846852,0.0040922051648688,0.0320611203621785,1.94213092844045,1.79581953319044,1.80701464487923,1.864513941087,87.08
1245,0.132491829051285,0.0043700230617726,0.0344970883209546,1.96063514760345,1.83370257880373,1.82998458240433,1.8991666704062,87.15
1246,0.137103542182634,0.0046520262600024,0.0365701276198858,1.97829231328745,1.87011237703482,1.85260476527956,1.93223661402537,87.22
1247,0.14177573926623,0.0049368563632232,0.0382941781318734,1.99517551089589,1.9050402691716,1.87485905635323,1.96374584524163,87.29
1248,0.146505953811924,0.0052229776632546,0.0396845195146693,2.01134633545984,1.93847836385431,1.8967281726384,1.99371788647021,87.36
1249,0.151291714804168,0.0055087298131512,0.0407575783712747,2.02685551817969,1.9704185235774,1.91819029822549,2.02217758805796,87.43
1250,0.156130620518054,0.0057925710074232,0.0415306210840825,2.04174243685186,2.0008549650079,1.93922158485339,2.04915093863547,87.5
1251,0.161020283180944,0.0060731306200159,0.042021585772674,2.05603992362049,2.0297868528582,1.9597970491155,2.07466531420996,87.57
1252,0.165958398645633,0.0063491983955128,0.0422487986443126,2.06977846130088,2.05722031585078,1.97989135905571,2.09874965685899,87.64
1253,0.170942687091535,0.0066197137643841,0.0422308916478202,2.08298951292234,2.08316715349742,1.99947932054585,2.12143445494326,87.71
1254,0.175970958916187,0.0068837553284734,0.041986730177353,2.09570703053,2.10765160328208,2.0185356832959,2.14275120614284,87.78
1255,0.181041051829415,0.0071405305572093,0.0415351595609504,2.10796637981461,2.13070750960715,2.03703579190282,2.16273244197351,87.85
1256,0.18615089330812,0.0073893657297222,0.0408948872090816,2.11980360113513,2.15237859730082,2.0549559395628,2.18141180443447,87.92
1257,0.191298434419596,0.0076296961531343,0.0400842456315932,2.13125595836869,2.17271797376423,2.07227399705108,2.19882423706522,87.99
1258,0.196481709166893,0.0078610566827612,0.0391210896857176,2.14235443698865,2.19178056976193,2.08896993675755,2.21500584449901,88.06
1259,0.201698765359826,0.008083072565807,0.0380225732830281,2.15311555814648,2.20961798113886,2.10502637965544,2.22999399084855,88.13
1260,0.206947721161091,0.0082954506263383,0.0368050589504019,2.16353873244333,2.22627393088494,2.12042935651834,2.24382769906602,88.2
1261,0.212226693307442,0.0084979708058743,0.0354839055176847,2.17361143944511,2.24178346201671,2.13516877589481,2.25654777818399,88.27
1262,0.217533851152196,0.0086904780708206,0.0340734509024503,2.18331403904179,2.25618240202238,2.14923853585166,2.26819654991224,88.34
1263,0.2228673425264,0.008872874695184,0.0325870623695337,2.19263069398637,2.26951102728951,2.16263704209181,2.27881787174066,88.41
1264,0.228225345562989,0.0090451129245296,0.03103712668162,2.2015547168853,2.28181726168234,2.17536692582438,2.28845681975028,88.48
1265,0.233605992480114,0.0092071880249438,0.029434852594397,2.21008497572849,2.29315597771291,2.18743466015304,2.29715934705494,88.55
1266,0.239007482986143,0.0093591317188762,0.0277902663366162,2.2182241563846,2.30358350922545,2.19885058303303,2.30497217023253,88.62
1267,0.244428196821263,0.0095010060080743,0.0261122726108517,2.22597627785672,2.31315334427776,2.20962850080919,2.31194250088378,88.69
1268,0.249866614948006,0.0096328973824468,0.0244087807324641,2.23334358724882,2.32191344072993,2.21978506249923,2.31811774757689,88.76
1269,0.255321367045537,0.0097549114125282,0.0226870226036464,2.24032823338361,2.32990147844506,2.22933928541111,2.32354512286249,88.83
1270,0.26079115129124,0.0098671677222815,0.0209536811079738,2.24692881008656,2.33715081352616,2.23831134220356,2.3282709629985,88.9
1271,0.266274780556401,0.0099697953382473,0.0192149556860683,2.25314625129856,2.34369303200459,2.24672245071004,2.33234064784961,88.97
1272,0.271771100991229,0.0100629284105116,0.0174766283557914,2.25898967729244,2.3495617385444,2.25459459538734,2.33579842049193,89.04
1273,0.277279037119053,0.0101467023006019,0.015744129940276,2.26447622117992,2.35479453004588,2.26194995254529,2.33868704127628,89.11
1274,0.282797509409311,0.0102212500312223,0.0140226062830173,2.26963385499228,2.3594308026697,2.26881039963406,2.34104771929552,89.18
1275,0.288325478444919,0.0102866990926925,0.0123169842426259,2.27449736929329,2.36351142512215,2.27519666311781,2.34291955740461,89.25
1276,0.293861861650798,0.0103431686010406,0.010632037270713,2.27909998250608,2.36707627503535,2.28112780280955,2.34433939848561,89.32
1277,0.2994056402163,0.0103907668029109,0.0089724503847205,2.28347334590389,2.37016344801174,2.28662141299225,2.34534200794998,89.39
1278,0.304955965696557,0.0104295889227601,0.0073428208348453,2.28764158781307,2.37280689837359,2.29169365033875,2.34596014644304,89.46
1279,0.310512075775344,0.0104597153482325,0.0057474037309457,2.29161511252686,2.37503676592131,2.29635978666384,2.34622491253645,89.53
1280,0.316073336814929,0.0104812101500945,0.0041898565299166,2.2953959039755,2.37687971962683,2.30063522237039,2.34616629063933,89.6
1281,0.321639159147604,0.0104941199336769,0.0026732362970535,2.29898315446343,2.37836376340739,2.30453594370521,2.34581333127291,89.67
1282,0.327209039207665,0.0104984730193877,0.0012000590464912,2.30237782095464,2.37951352885884,2.30807893138249,2.34519440719416,89.74
1283,0.332782474451976,0.0104942789505264,-0.0002275789561771,2.30557842316724,2.38034310446649,2.31128201181512,2.34433722666732,89.81
1284,0.338359005162918,0.0104815283273215,-0.0016076909887158,2.30858288328248,2.38086005688199,2.31416321382613,2.34326860280161,89.88
1285,0.343938129078538,0.0104601929668315,-0.0029382819574832,2.31138929323866,2.38106635203702,2.31674045590565,2.34201442253061,89.95
1286,0.349519342942025,0.0104302263890649,-0.0042173593310169,2.31399599079554,2.38096240061435,2.31903118221725,2.34059968717418,90.02
1287,0.355102056915337,0.010391564630389,-0.0054430729979459,2.31640272295983,2.38055098833122,2.32105226426555,2.33904856007793,90.09
1288,0.360685699469282,0.0103441273859953,-0.0066135394946413,2.31861226164266,2.37983702580928,2.32282016756096,2.33738442037682,90.16
1289,0.3662698222163,0.0102878194838531,-0.0077269858594294,2.32062859691875,2.37883042255614,2.32435106504504,2.33562998548038,90.23
1290,0.371854014151537,0.0102225326931997,-0.0087817685545962,2.32245577297827,2.37754395448265,2.32566127775914,2.3338075649062,90.3
1291,0.377437942912393,0.0101481478711851,-0.0097763310421424,2.32409946273787,2.37598695033275,2.32676734343354,2.33193899996462,90.37
1292,0.383021268997922,0.0100645374517805,-0.0107091635947352,2.3255703281689,2.37417429676395,2.32768596644876,2.33004592363001,90.44
1293,0.388603687035332,0.0099715682814755,-0.0115788289199258,2.32688122629057,2.37212687870312,2.32843391205755,2.328149768098,90.51
1294,0.394184840032199,0.0098691048066122,-0.0123841806920795,2.32804848692088,2.36987171181456,2.32902771719455,2.32627126512982,90.58
1295,0.399764424219169,0.0097570126174035,-0.0131243939342589,2.3290937046501,2.36744252850592,2.32948359834776,2.3244301370742,90.65
1296,0.405342293940544,0.0096351623537837,-0.0137989343306114,2.33004140755137,2.36487903792014,2.32981736530635,2.32264504129681,90.72
1297,0.41091837604809,0.0095034339781873,-0.0144075935379325,2.33090885422754,2.36222003122502,2.33004414961213,2.32093325911813,90.79
1298,0.416492711396763,0.0093617214201617,-0.0149507810721004,2.33169577110202,2.35950392369398,2.33017807415052,2.31930981095789,90.86
1299,0.422065369370799,0.0092099375973553,-0.0154297551828666,2.33238933732413,2.35676263098488,2.33023116460309,2.31778574295901,90.93
1300,0.427636489513235,0.009048019816894,-0.015846411588836,2.33297863708253,2.35402071967346,2.33021296315604,2.3163674900852,91.0
1301,0.433206196181876,0.008875935560428,-0.01620313817414,2.33346212842708,2.35130129175611,2.33013103456437,2.31505775990473,91.07
1302,0.438774640300996,0.0086936886552063,-0.0165025450199655,2.33384628693096,2.34862615251903,2.32999147494569,2.31385666643924,91.14
1303,0.444341914129709,0.0085013258323749,-0.0167473872742123,2.33414006111198,2.34601553292895,2.32979948653053,2.31276254230053,91.21
1304,0.449908093115859,0.0082989436723115,-0.0169405537232586,2.33434914106836,2.34348641293868,2.32955950998514,2.3117723020687,91.28
1305,0.455473150757598,0.0080866959351715,-0.0170850574424018,2.33447334298732,2.34104626902103,2.32927523170012,2.31088135697306,91.35
1306,0.461037000544351,0.007864801272923,-0.0171840284149397,2.33450641062239,2.33869425032366,2.32894959291284,2.31008390673448,91.42
1307,0.466599410903879,0.0076335513169536,-0.0172407080050863,2.33443734448854,2.33642197037483,2.3285848640414,2.3093732911497,91.49
1308,0.47216011075184,0.0073933191328702,-0.0172583816469711,2.3342542753015,2.33421728084876,2.32818291115473,2.30874214756243,91.56
1309,0.477718895096471,0.0071445680313215,-0.0172401225895726,2.3339511361297,2.33206918564934,2.3277452733795,2.30818275558507,91.63
1310,0.483275540152474,0.0068878607205718,-0.0171887276851211,2.33353090885429,2.3299682425957,2.32727324172774,2.30768750583091,91.7
1311,0.488829845565059,0.0066238687831071,-0.0171067180672049,2.33300487348092,2.32790766164482,2.32676806632305,2.30724949294821,91.77
1312,0.494381549678343,0.0063533824547703,-0.0169963410934719,2.33239040093525,2.32588732315206,2.32623084734523,2.30686266157561,91.84
1313,0.499930435448853,0.0060773206807671,-0.0168595734568331,2.33170995670416,2.32391099806959,2.3256626813132,2.30652182307379,91.91
1314,0.505476436457883,0.0057967414183645,-0.0166981253794972,2.33098731300013,2.32198369362355,2.32506449099644,2.30622267030091,91.98
1315,0.511019552474752,0.0055128521511911,-0.0165134458144722,2.33024065102422,2.3201119826762,2.32443704706258,2.30596172711128,92.05
1316,0.516559892166617,0.0052270205747551,-0.0163067921078483,2.32948379524319,2.31830426769146,2.32378118142577,2.30573604218585,92.12
1317,0.52209758888051,0.0049407854070922,-0.0160794911032278,2.32872840138747,2.31657205886642,2.3230976205984,2.30554281788465,92.19
1318,0.527632843568066,0.0046558037538322,-0.0158330105276155,2.32798716114762,2.31493315535957,2.32238688364525,2.30537897423609,92.26
1319,0.533165840773508,0.0043736079323398,-0.0155689676447943,2.32727402143818,2.31340497823128,2.32164911767585,2.30524064817236,92.33
1320,0.538696791751838,0.0040955528044301,-0.0152891386386988,2.32659989329932,2.31199999594166,2.32088431548615,2.30512339035372,92.4
1321,0.544225850635866,0.0038228265225595,-0.0149954051465825,2.32597293308015,2.3107278151045,2.3200924071941,2.30502248806122,92.47
1322,0.549753157718617,0.0035564611192687,-0.0146895108375855,2.32539520159723,2.30958780230504,2.31927328938757,2.30493316025092,92.54
1323,0.555278755770899,0.003297342894528,-0.0143730090776516,2.32485925801559,2.30857040295856,2.31842685530554,2.30485100605945,92.61
1324,0.560802633463288,0.00304622256159,-0.0140472745776336,2.32435034154361,2.30765566037382,2.31755308957475,2.30477194471778,92.68
1325,0.56632464181656,0.0028037251175048,-0.0137135154467938,2.32384721769297,2.30681369928359,2.31665235454244,2.30469247278226,92.75
1326,0.571844601274111,0.0025703594096243,-0.0133727855992346,2.32333026466071,2.30601397108158,2.31572548709275,2.30460998476251,92.82
1327,0.57736240884582,0.0023465273742179,-0.0130259974671355,2.32278606596183,2.30523030406737,2.31477376945087,2.30452283968532,92.89
1328,0.582877954773944,0.002132532927745,-0.012673934980551,2.32220806540134,2.30444671427651,2.31379877394331,2.30443036424874,92.96
1329,0.588391166318118,0.0019285904954126,-0.0123172667789118,2.32159900155962,2.30365946804092,2.31280258981451,2.30433285614756,93.03
1330,0.593901924589271,0.0017348331653801,-0.0119565596242701,2.3209703581366,2.30287291965399,2.31178786037167,2.30423158759577,93.1
1331,0.599410172028354,0.0015513204603857,-0.0115922919907208,2.32034016394279,2.30210201856788,2.31075763037814,2.30412874551611,93.17
1332,0.604916019978175,0.0013780457216749,-0.0112248678083141,2.3197318098912,2.3013701796452,2.30971557526209,2.30402718131153,93.24
1333,0.610419665794302,0.0012149431029177,-0.0108546303431328,2.31916988064393,2.30070130905687,2.30866610387489,2.30393035124803,93.31
1334,0.6159214370839,0.0010618941743186,-0.0104819397165743,2.31867141208551,2.30011506813252,2.30761439817696,2.30384232030338,93.38
1335,0.621421708990633,0.0009187341393908,-0.0101075046058174,2.31823562263047,2.29962689872708,2.30656632616438,2.30376757527609,93.45
1336,0.626920948587727,0.0007852576688678,-0.0097327140355674,2.31784799741064,2.29925160250194,2.3055279102466,2.30371001181556,93.52
1337,0.63241963229058,0.0006612243579952,-0.0093596516393712,2.31749230997576,2.29900564610235,2.30450492252176,2.30367173039407,93.59
1338,0.637918290345672,0.0005463638149959,-0.008990855855993,2.31715743365093,2.29890507924464,2.3035026702411,2.30365284793174,93.66
1339,0.643417424303289,0.000440380389833,-0.0086292070940764,2.31683862553319,2.29896293972869,2.30252628883657,2.30365194388432,93.73
1340,0.648917551528444,0.0003429575535518,-0.0082776876949911,2.31653722169166,2.29918893959523,2.30158116119624,2.30366701374966,93.8
1341,0.65441912265652,0.0002537619394352,-0.0079393321782076,2.31625601245729,2.29958774785905,2.30067333595222,2.30369629485559,93.87
1342,0.659922566048527,0.0001724470580152,-0.0076171771002977,2.31599614148453,2.30015866427359,2.29980981753616,2.30373890098203,93.94
1343,0.665428205154423,9.86566986172304e-05,-0.0073140198566793,2.3157573070169,2.30089427024755,2.2989983466589,2.30379488476915,94.01
1344,0.670936302842801,3.20280306230196e-05,-0.0070323674230157,2.31553948679282,2.30178059768925,2.29824698854138,2.30386491850071,94.08
1345,0.676446978610218,-2.78055819923746e-05,-0.0067743843744335,2.31534161325909,2.30280180143096,2.29756359212273,2.30395003789209,94.15
1346,0.681960316253318,-8.12120390389058e-05,-0.0065416495317839,2.31517002984208,2.30394082425438,2.29695556457147,2.30405170293319,94.22
1347,0.687476471442913,-0.000128558221449,-0.0063351022651198,2.31504192844856,2.30518094604269,2.29642913506123,2.304171286487,94.29
1348,0.692995588640604,-0.0001702079535682,-0.0061549878389944,2.31498370441427,2.30650967862549,2.29598817105195,2.30430962577666,94.36
1349,0.698517844945137,-0.0002065201964282,-0.0060006112085707,2.31502784881094,2.30791776581792,2.29563362666142,2.30446663671161,94.43
1350,0.704043366788626,-0.0002378474581498,-0.0058703438884007,2.31520894879219,2.30939703672889,2.29536317835379,2.30464099102325,94.5
1351,0.709572273550499,-0.0002645344078029,-0.0057618839203092,2.31555962050636,2.31094232122327,2.2951710479108,2.30483011028951,94.57
1352,0.715104594010005,-0.0002869166793015,-0.0056723243711632,2.31610700846877,2.31254720135583,2.29504852092379,2.30503041338048,94.64
1353,0.720640309707317,-0.0003053198522021,-0.0055982210033861,2.31686819869158,2.31420388900103,2.29498446231941,2.30523743631061,94.71
1354,0.726179271137812,-0.0003200585966223,-0.0055359133026414,2.31784327419512,2.3159032917757,2.29496614684081,2.30544626926298,94.78
1355,0.731721304373338,-0.0003314359698766,-0.0054819084363579,2.31901897007167,2.31763749069939,2.29498059545865,2.30565243798982,94.85
1356,0.737266317559934,-0.0003397428528418,-0.0054332012431219,2.32037041492703,2.31940158103404,2.2950155924479,2.30585214995619,94.92
1357,0.742814216742407,-0.0003452575145052,-0.0053873398284704,2.32186502437949,2.32118782603774,2.29505987547031,2.30604152428448,94.99
1358,0.748364948612387,-0.0003482452936121,-0.0053424274367501,2.32346346605814,2.32298114348612,2.29510313431216,2.30621620305677,95.06
1359,0.753918416109108,-0.0003489583868104,-0.0052970606924772,2.32512290585438,2.32475916472939,2.29513600926213,2.30637153468072,95.13
1360,0.75947452094953,-0.0003476357331818,-0.0052500772468373,2.32679974209044,2.3264896257484,2.29515015304055,2.30650282133605,95.2
1361,0.76503307901719,-0.0003445029855468,-0.0052004939955279,2.32844782755322,2.32813322144903,2.29513848367367,2.30660607530673,95.27
1362,0.770593862688111,-0.0003397725594391,-0.0051475088755936,2.33001834236281,2.32964385755465,2.29509518399954,2.30667820455836,95.34
1363,0.776156516026469,-0.0003336437511491,-0.0050905027601939,2.33145795295371,2.33096998566709,2.29501538455715,2.3067169453042,95.41
1364,0.781720596933277,-0.0003263029167401,-0.0050290414818574,2.33271415163359,2.33206312102198,2.29489491119347,2.30672066871504,95.48
1365,0.787285492187329,-0.0003179237044395,-0.0049628780078062,2.33373958482945,2.33287912614547,2.29473047868674,2.30668857000866,95.55
1366,0.792850522988391,-0.0003086673333038,-0.0048919547838822,2.3344932758836,2.33338128188134,2.29451975887729,2.30662073183157,95.62
1367,0.798415050469754,-0.0002986829115355,-0.0048164062564768,2.3349405227151,2.33354476634018,2.29426145046747,2.30651806196326,95.69
1368,0.803978390649829,-0.0002881077883065,-0.0047365615746392,2.33505439376053,2.33335466684531,2.29395554113482,2.30638204182177,95.76
1369,0.809539856440237,-0.0002770679334031,-0.0046529474672242,2.33481545702599,2.33280699009319,2.29360331737656,2.3062146668486,95.83
1370,0.815098672662135,-0.0002656783394556,-0.0045662912825163,2.33421330031517,2.33190892349778,2.29320712208584,2.30601838816143,95.9
1371,0.82065408169009,-0.0002540434419489,-0.0044775241702358,2.33324539706833,2.33067320286931,2.29277036796058,2.30579592836181,95.97
1372,0.826205449196826,-0.0002422575526295,-0.0043878478967066,2.33191198432715,2.32911948044853,2.2922977431367,2.30555041603531,96.04
1373,0.831752179471477,-0.000230405302325,-0.0042989922943099,2.33021031943598,2.32727665854333,2.29179497372952,2.30528501309872,96.11
1374,0.837293757928659,-0.00021856208958,-0.0042132821866775,2.32813701754374,2.32517901041104,2.29126846069853,2.30500197135899,96.18
1375,0.842829666756723,-0.0002067945318796,-0.0041336407603109,2.32569396018148,2.32286409064312,2.29072498137518,2.30470200742845,96.25
1376,0.848359427799409,-0.0001951609165845,-0.0040635292940026,2.32289491667362,2.32037198912952,2.29017177300442,2.30438456758145,96.32
1377,0.85388251861628,-0.0001837116490349,-0.0040066325794803,2.31976481141742,2.31774090921347,2.28961712507796,2.304048601412,96.39
1378,0.859398479333295,-0.0001724896956009,-0.0039665439774362,2.31633919521417,2.31500802464772,2.28907065443907,2.30369346319772,96.46
1379,0.864907019747199,-0.0001615310197536,-0.0039467040445799,2.31265858414992,2.31221129463187,2.28854281821164,2.30331911526354,96.53
1380,0.870407936145007,-0.0001508650095179,-0.0039504020396071,2.30876604915145,2.30938658235409,2.28804448993066,2.30292614151664,96.6
1381,0.875901155442782,-0.0001405148949329,-0.0039807766584267,2.30470672079967,2.3065652841276,2.28758653496001,2.30251569819103,96.67
1382,0.881386652577093,-0.0001304981543983,-0.0040407523547728,2.30052501553998,2.30377729517757,2.28717932126712,2.30208927474282,96.74
1383,0.88686449522656,-0.0001208269090173,-0.0041327840899423,2.29626783899452,2.30104991012209,2.28683273681029,2.30164858244615,96.81
1384,0.892334761790075,-0.0001115083042691,-0.0042587915129468,2.29198283947808,2.29840735738556,2.28655569684708,2.30119525304124,96.88
1385,0.897797586693704,-0.0001025448785449,-0.0044201554408821,2.2877174901264,2.2958724909514,2.28635577597533,2.30073060144517,96.95
1386,0.903253078948931,-9.39349182747368e-05,-0.0046177130478778,2.28352122097479,2.29346384203862,2.28623896456923,2.30025570653897,97.02
1387,0.908701368031717,-8.56727995441452e-05,-0.0048517517100198,2.27944107138652,2.29119596966476,2.28620891413829,2.29977098423951,97.09
1388,0.914142523003841,-7.7749316265156e-05,-0.0051220014743871,2.27552019819709,2.28907967938677,2.2862668147189,2.29927614207712,97.16
1389,0.919576662464707,-7.01519951132413e-05,-0.005427626141292,2.27179980945757,2.28712191910792,2.2864115865676,2.29877038822631,97.23
1390,0.925004064774716,-6.28653975792793e-05,-0.005767212970069,2.26831474026842,2.28532827339154,2.28663981444273,2.29825232333274,97.3
1391,0.930425087989444,-5.58714096100235e-05,-0.0061388245588784,2.26509384842044,2.28370526118615,2.28694631377543,2.29772021387104,97.37
1392,0.935840217087113,-4.91495194234432e-05,-0.0065403035075656,2.26216109980906,2.2822633259937,2.28732488422672,2.29717239301094,97.44
1393,0.941249984401323,-4.26770841876992e-05,-0.0069695123429147,2.25953702492281,2.28101962895433,2.28776912378661,2.29660766201825,97.51
1394,0.946655017315165,-3.64295863436485e-05,-0.0074241276758587,2.25724454714988,2.27999041795045,2.2882732401278,2.29602562873315,97.58
1395,0.952055959122025,-3.03808804322776e-05,-0.0079015603400916,2.25530393763893,2.27918485008726,2.28883190667493,2.29542679261371,97.65
1396,0.95745351710376,-2.45034313598695e-05,-0.0083988745641017,2.25373112402066,2.27860153734058,2.28943986231487,2.29481250339614,97.72
1397,0.962848383727358,-1.87685450958035e-05,-0.0089125792387765,2.25253827241361,2.2782300381926,2.29009144550913,2.29418466631594,97.79
1398,0.968241285007674,-1.31465928509223e-05,-0.0094387995419328,2.25172736839965,2.27805558029929,2.29078019004883,2.29354551143294,97.86
1399,0.973632901935495,-7.60722982861781e-06,-0.0099733844221097,2.25129210450928,2.27805723270543,2.29149943544842,2.29289780810029,97.93
1400,0.979023919017831,-2.11960967642849e-06,-0.010512140644171,2.25121733949952,2.27821096151526,2.29224261833171,2.29224501634281,98.0
1401,0.984414945830091,3.34740420675013e-06,-0.0110508759608341,2.25148483170515,2.27849083683399,2.29300375321051,2.29159156559375,98.07
1402,0.989806565628637,8.82502933359082e-06,-0.0115853786067003,2.25207279737427,2.27887277466633,2.29377759475468,2.29094300658235,98.14
1403,0.995199256926088,1.4344355576072e-05,-0.0121114603117239,2.25295583709377,2.27933655899571,2.29455986289178,2.29030616323931,98.21
1404,1.00059344208174,1.99361362096148e-05,-0.0126251900314006,2.25410993150559,2.2798651921714,2.29534727686088,2.28968871274116,98.28
1405,1.00598940881445,2.56305773701038e-05,-0.0131229374406959,2.25551545669456,2.28044760863746,2.29613752542023,2.28909908269526,98.35
1406,1.01138742221505,3.14571247530299e-05,-0.0136013533782948,2.25715828366253,2.28108208485625,2.29692923685275,2.28854634758093,98.42
1407,1.01678783669091,3.74442464049775e-05,-0.0140573508981686,2.25902800985202,2.28177221545611,2.297721885339,2.28803974301513,98.49
1408,1.02219101727647,4.36192104866118e-05,-0.0144880870562202,2.26111700734305,2.28252682550948,2.29851550671336,2.28758849620362,98.56
1409,1.02759738788921,5.00078569236277e-05,-0.0148909455497673,2.26341742979244,2.28335626010108,2.29931060473667,2.28720152759699,98.63
1410,1.03300735244274,5.6634361907853e-05,-0.0152635838368481,2.26591427286959,2.28426714698468,2.30010805732864,2.2868871504389,98.7
1411,1.03842134287557,6.35209942652822e-05,-0.0156042353903095,2.26858033223569,2.28526509622662,2.30090876866767,2.28665276786856,98.77
1412,1.04383974000559,7.06878627711524e-05,-0.0159120130999585,2.27137680726278,2.28635441138119,2.30171319416362,2.28650361448453,98.84
1413,1.04926292126856,7.81526535650395e-05,-0.0161868962955876,2.27426113948853,2.28753576476365,2.30252067475377,2.2864414948737,98.91
1414,1.05469118125163,8.59303569011457e-05,-0.016429464943286,2.27719433797644,2.2888058383384,2.30332915217539,2.28646466224721,98.98
1415,1.06012477908203,9.40329825616359e-05,-0.0166408256471283,2.28014023445323,2.29015651649511,2.30413564635294,2.28656851952269,99.05
1416,1.06556385858551,0.0001024692633634,-0.0168226023975875,2.28306378378818,2.29157788658524,2.30493660571617,2.28674650772977,99.12
1417,1.07100849527898,0.0001112443463026,-0.0169769285060269,2.28592910990726,2.29305621843512,2.3057280035233,2.28699035616769,99.19
1418,1.07645861611777,0.0001203594710061,-0.0171063761449175,2.28869882293466,2.29457391026312,2.30650556143526,2.28729032974864,99.26
1419,1.08191404606895,0.0001298116352947,-0.0172136963758874,2.29133822948877,2.29611159208027,2.3072647829003,2.28763534680322,99.33
1420,1.08737442743938,0.0001395932478157,-0.0173017506803353,2.29381497327166,2.29764648000936,2.30800098706747,2.28801334882966,99.4
1421,1.09283932955801,0.000149691767858,-0.0173735068511611,2.29609963338754,2.29915644653062,2.30870953395569,2.28841185908809,99.47
1422,1.09830835827007,0.0001600893326435,-0.0174319720995484,2.29816956828637,2.30061996212599,2.30938592346266,2.28881815882926,99.54
1423,1.1037810747031,0.0001707623725755,-0.0174799362270829,2.3000087653182,2.3020106387953,2.31002608598256,2.28921971681731,99.61
1424,1.10925704091303,0.0001816812151248,-0.0175199058613376,2.30160871472516,2.30330454259581,2.31062667424651,2.28960506318406,99.68
1425,1.11473573835269,0.0001928096782573,-0.0175541026119846,2.30296833960164,2.3044831896829,2.31118510246506,2.28996421882768,99.75
1426,1.12021667677259,0.0002041046545344,-0.0175844615333962,2.30409507825862,2.30553387822648,2.311699459937,2.29028874430865,99.82
1427,1.12569950301734,0.0002155156872688,-0.0176126298090787,2.30500337143372,2.30644989764619,2.31216823570511,2.29057172621551,99.89
1428,1.13118391918027,0.0002269845403808,-0.0176399655841964,2.30571049055447,2.30722807490742,2.31259023544453,2.29080776484075,99.96
1429,1.13666972772282,0.0002384447638808,-0.0176675368834215,2.30623624893847,2.30786791389017,2.31296456360471,2.29099289991184,100.03
1430,1.14215674949564,0.0002498212572018,-0.0176961205623525,2.30660087860736,2.30837728240174,2.31329067085081,2.29112434754663,100.1
1431,1.14764486874351,0.0002610298329132,-0.0177262012518073,2.30682577234326,2.30876711570465,2.31356859387516,2.29120042969679,100.17
1432,1.15313395102666,0.0002719767836853,-0.0177579702653895,2.30693366021201,2.30904644259023,2.31379900648726,2.29122063266739,100.24
1433,1.15862388813733,0.0002825584557135,-0.017791324451864,2.30694504381085,2.30922186231609,2.31398320901753,2.29118579477612,100.31
1434,1.16411451594251,0.0002926608321757,-0.0178258649850603,2.30687692165602,2.30929531077058,2.31412311952776,2.29109791502247,100.38
1435,1.16960565923143,0.0003021591306777,-0.0178608960952406,2.30674374141879,2.30926157655287,2.31422120326028,2.29096015440275,100.45
1436,1.17509704949981,0.0003109174190326,-0.0178954237571411,2.30655644965208,2.30911217283648,2.31428027673457,2.29077709331327,100.52
1437,1.180588369752,0.000318788254134,-0.017928154361211,2.30632249679661,2.30883406833844,2.31430363102832,2.29055480028996,100.59
1438,1.18607917225715,0.0003256123491039,-0.0179574934059422,2.30604489149369,2.30841528272562,2.31429490246818,2.2903008389465,100.66
1439,1.19156898686422,0.0003312182743387,-0.0179815442605979,2.30572405151932,2.30784762858606,2.31425819875359,2.2900241493611,100.73
1440,1.19705742933708,0.0003354221985239,-0.0179981705776338,2.30536099028733,2.30712723558945,2.3141979087078,2.28973454955026,100.8
1441,1.20254411917097,0.0003380276761539,-0.0180052494637381,2.3049589170335,2.30625723992344,2.31411864013033,2.28944249187733,100.87
1442,1.20802872449837,0.0003388254885635,-0.0180007343781856,2.30452661711327,2.30524781172868,2.31402515854686,2.28915856587491,100.94
1443,1.21351088002435,0.0003375935459591,-0.0179826548760542,2.30407808615833,2.3041142826352,2.31392219964443,2.2888933822712,101.01
1444,1.21899029559701,0.000334096858424,-0.0179491167928147,2.30363102201866,2.30288016950581,2.31381459984109,2.28865752022483,101.08
1445,1.22446686487092,0.0003280875843618,-0.0178983029453938,2.3032082391516,2.30157721748678,2.31370710962352,2.28846121977151,101.15
1446,1.22994058351819,0.0003193051653333,-0.0178285379404071,2.30283412847796,2.30024036535811,2.31360433409902,2.28831407315534,101.22
1447,1.23541159458447,0.0003074765567311,-0.0177385441954465,2.30252971889537,2.29890646107971,2.31351067354442,2.28822484169357,101.29
1448,1.24088010691553,0.0002923165642223,-0.0176275081245383,2.30230608547662,2.29760815120998,2.31343000970231,2.2882008896622,101.36
1449,1.24634644072375,0.0002735282963615,-0.0174950835730705,2.30216169322282,2.29637056505345,2.31336532821486,2.28824767950177,101.43
1450,1.25181094621197,0.0002508037442403,-0.0173413960517008,2.30208920207765,2.29521352361094,2.31331840408643,2.28836820102882,101.5
1451,1.25727404931738,0.0002238244994857,-0.0171670477824037,2.3020786484028,2.2941507608786,2.31328974061885,2.28856290611521,101.57
1452,1.2627361704874,0.0001922626223402,-0.0169731235518506,2.30212265632249,2.29319428711616,2.31327863471507,2.28883002168458,101.64
1453,1.26819777054616,0.0001557816719547,-0.0167611338306064,2.30221770854294,2.29235741464399,2.31328343205012,2.2891659234143,101.71
1454,1.27365926956114,0.0001140379113831,-0.0165327680801275,2.3023617309938,2.29165244402571,2.31330165454191,2.28956550668959,101.78
1455,1.27912109276692,6.6681700094817e-05,-0.0162898393026768,2.30255084977432,2.29109012421749,2.31333025425817,2.29002242790836,101.85
1456,1.28458358945569,1.33590870973324e-05,-0.0160342927330802,2.30277620976319,2.29067345455218,2.3133656762599,2.29052896225594,101.92
1457,1.29004707889299,-4.62863820173879e-05,-0.0157682150846576,2.30302396746727,2.29039688041018,2.31340392105249,2.29107624041445,101.99
1458,1.29551176917088,-0.0001126116306254,-0.0154938442751306,2.30327636233557,2.29024757950477,2.3134407973352,2.29165461042563,102.06
1459,1.30097780306104,-0.0001859717756487,-0.0152135160344034,2.30351354946684,2.29020610768937,2.31347204760731,2.29225399800593,102.13
1460,1.30644517678549,-0.0002667175975701,-0.0149294202722306,2.30371822696839,2.29025282014138,2.31349360086381,2.29286426567922,102.2
1461,1.31191384929258,-0.0003551927423686,-0.0146435482294087,2.30388058147098,2.29036939751197,2.3135016984673,2.29347563462755,102.27
1462,1.31738385148216,-0.0004517306420233,-0.0143577032923333,2.30400069409434,2.29054348111401,2.31349314742459,2.29407929668044,102.34
1463,1.32285520482521,-0.0005566511405108,-0.0140735118764449,2.30408720037031,2.29077254318734,2.31346538361679,2.29466770866345,102.41
1464,1.32832796696997,-0.0006702568126051,-0.0137923707912484,2.30415715857327,2.2910608949099,2.31341647214156,2.29523437888436,102.48
1465,1.33380215025919,-0.00079282896332,-0.0135152675067356,2.30423293390757,2.29141523134426,2.31334504486499,2.29577384474933,102.55
1466,1.33927776723112,-0.0009246232964837,-0.0132429814172676,2.30433489106964,2.29184455688715,2.31325011173877,2.29628184175671,102.62
1467,1.34475474902926,-0.0010658652417541,-0.0129761579158573,2.3044808830826,2.29235655115261,2.3131312540842,2.29675509240896,102.69
1468,1.35023305431352,-0.0012167449303579,-0.0127153187671945,2.30468834340829,2.29296022033884,2.31298869173143,2.29719122335463,102.76
1469,1.35571277811924,-0.0013774118109957,-0.0124608722732724,2.30497497897629,2.29366683043615,2.31282322402931,2.29758868384875,102.83
1470,1.3611940701093,-0.0015479688986996,-0.0122131232116636,2.30536015957236,2.29448429451925,2.31263604471793,2.29794660210427,102.9
1471,1.3666771798089,-0.0017284666509862,-0.0119722825308232,2.30586001586542,2.29541498613767,2.31242887526433,2.29826521477953,102.97
1472,1.37216237474287,-0.0019188964674162,-0.0117384132722221,2.30648462981066,2.29645392962769,2.3122037814295,2.29854598037314,103.04
1473,1.37764998554064,-0.0021191838106786,-0.0115111856745787,2.30723833312801,2.29758641448909,2.31196305411377,2.29879150355353,103.11
1474,1.38314032392431,-0.0023291809495719,-0.0112898225704516,2.30811676161803,2.29879195754993,2.31170902736526,2.29900533388653,103.18
1475,1.38863372764181,-0.0025486593267695,-0.0110731715695914,2.30911051053921,2.30004425993643,2.31144421457644,2.29919208349273,103.25
1476,1.39413047825888,-0.0027773015570489,-0.0108599675767287,2.31020459304174,2.30131675092505,2.31117125463094,2.29935729183181,103.32
1477,1.39963084587162,-0.0030146930647401,-0.010648904574938,2.31138195942681,2.3025866055698,2.31089336660867,2.29950754558718,103.39
1478,1.40513500665459,-0.0032603133725511,-0.0104386437593748,2.31262625037304,2.30383539505491,2.31061448720529,2.2996502817723,103.46
1479,1.41064308730858,-0.0035135270576191,-0.0102278851081431,2.31392010068815,2.30505094397183,2.31033921777924,2.29979359140154,103.53
1480,1.41615508232722,-0.0037735743946848,-0.0100155659593823,2.31524979236838,2.30622709224829,2.31007258087687,2.29994564233232,103.6
1481,1.42167096167049,-0.0040395617106621,-0.0098006784947077,2.3166090800051,2.3073619338615,2.30981996717286,2.30011441967742,103.67
1482,1.42719077828927,-0.0043104514796218,-0.0095822143188123,2.31799926718555,2.30846228184075,2.30958714559777,2.30030810107057,103.74
1483,1.43271458494572,-0.0045850521923099,-0.0093591726554716,2.31943106023613,2.30954629275183,2.30938027292882,2.30053485962665,103.81
1484,1.43824247792073,-0.0048620080398062,-0.0091306321983318,2.32091873498763,2.31063662816474,2.30920590262384,2.3008026024343,103.88
1485,1.4437745135319,-0.0051397884567972,-0.0088960136912011,2.32247106248771,2.3117576183821,2.30907092914531,2.30111902538217,103.95
1486,1.44931075153309,-0.0054167410947216,-0.008655152160179,2.32408299484082,2.31292759850843,2.30898227696939,2.30149103123942,104.02
1487,1.45485117131911,-0.0056913353198198,-0.0084083058562757,2.3257322395979,2.31415302190788,2.30894652457482,2.3019239553304,104.09
1488,1.4603957150077,-0.0059622151864019,-0.0081561654332716,2.32738802753947,2.31543260779616,2.3089695901872,2.30242091613805,104.16
1489,1.46594420332541,-0.0062281889803694,-0.0078998633509187,2.3290174018684,2.31675805676866,2.30905673310392,2.30298279878481,104.23
1490,1.47149644189257,-0.0064882189032523,-0.0076409834770983,2.33059334920422,2.31812117967934,2.30921287037432,2.30360880775404,104.3
1491,1.4770523273581,-0.0067414109422439,-0.0073815073271994,2.33209626210185,2.31951613384507,2.30944289103993,2.30429695362913,104.37
1492,1.48261176283523,-0.0069870049658498,-0.0071235698436572,2.33351426022621,2.32094064150297,2.30975177718989,2.30504466443353,104.44
1493,1.48817470023517,-0.0072243650792873,-0.0068694057527993,2.33483995722401,2.32239523795794,2.31014484923703,2.30584914053211,104.51
1494,1.49374105542825,-0.0074529702686626,-0.006621359380934,2.33606672265516,2.32387807228968,2.3106278176306,2.30670745318996,104.58
1495,1.49931075030875,-0.0076724053582231,-0.0063818943259362,2.33718666243701,2.32538059618742,2.31120683135811,2.30761683152404,104.65
1496,1.50488362769249,-0.0078823523005962,-0.0061535393764031,2.33818904769662,2.32688985767694,2.31188871357387,2.30857494740218,104.72
1497,1.51045949312462,-0.008082581815894,-0.0059386435477972,2.33906433734201,2.32838793579184,2.31268093948882,2.30958000783746,104.79
1498,1.51603802952937,-0.0082729453918598,-0.0057393212518674,2.33981106343921,2.32985956890848,2.31359122922462,2.31063090904031,104.86
1499,1.52161890230218,-0.0084533676538412,-0.0055574604731378,2.34043560730779,2.33129686163837,2.31462700942388,2.31172700756595,104.93
1500,1.52720186430026,-0.0086238391103017,-0.0053946668347903,2.34095693491067,2.3326993558298,2.31579537851079,2.31286801674902,105.0
1501,1.53278667018789,-0.008784409276787,-0.0052520164453113,2.34140447682043,2.33407187968281,2.31710249550472,2.31405390141329,105.07
1502,1.53837311773916,-0.0089351801787563,-0.0051299985773801,2.34181296316404,2.33542430371237,2.31855290026796,2.3152845803127,105.14
1503,1.54396096203319,-0.0090763002314249,-0.0050285846198466,2.34221764245705,2.33676964634022,2.32014940014276,2.31655981741797,105.21
1504,1.54955002014249,-0.0092079584927752,-0.004947486802223,2.34265064525626,2.33812230726979,2.32189333224951,2.31787917501559,105.28
1505,1.55514027576779,-0.0093303792841142,-0.004886225580031,2.34313626816248,2.33949941352966,2.32378501078207,2.31924209214688,105.35
1506,1.56073179327,-0.0094438171710052,-0.0048441327285731,2.34369495883066,2.34091721077632,2.32582448628325,2.32064834247757,105.42
1507,1.56632475869294,-0.0095485522960601,-0.0048203536819098,2.34434323381386,2.3423875171894,2.32801166410611,2.32209810939396,105.49
1508,1.57191939370031,-0.0096448860539147,-0.0048138491424956,2.34509378420303,2.34391684362204,2.3303462266879,2.32359193240798,105.56
1509,1.57751599649424,-0.0097331370977423,-0.0048233959940256,2.34595697528443,2.34550366974675,2.33282742315925,2.32513058838307,105.63
1510,1.58311485563264,-0.0098136376658434,-0.0048475875570985,2.34693891231386,2.34714048189184,2.33545347222799,2.32671478052384,105.7
1511,1.58871629080867,-0.0098867302161908,-0.0048848332343116,2.34803937498812,2.34881498298383,2.33822134059231,2.32834501621327,105.77
1512,1.59432056650709,-0.0099527643562873,-0.0049333575983956,2.34925158946819,2.35051104654109,2.34112664287835,2.33002154663411,105.84
1513,1.59992793259966,-0.0100120940553064,-0.00499119898402,2.35056402851937,2.35221379795924,2.34416366321856,2.33174436815571,105.91
1514,1.60553853779542,-0.0100650751252104,-0.0050562076509336,2.35196468464502,2.35390758089257,2.34732575271193,2.33351341251376,105.98
1515,1.61115247001091,-0.0101120629573695,-0.0051261071117391,2.35344102014421,2.35557709931171,2.35060534075892,2.33532854467053,106.05
1516,1.61676966958023,-0.0101534105011368,-0.0051986822243559,2.35497985029235,2.35720824230805,2.3539938781174,2.33718949539545,106.12
1517,1.62239003289478,-0.0101894664708475,-0.0052715859865893,2.35657255919713,2.35878738537097,2.35748183900521,2.33909572857169,106.19
1518,1.62801351591887,-0.0102205737678035,-0.0053423367851195,2.3582157399105,2.36030501238383,2.36105814739013,2.34104611620249,106.26
1519,1.63364004702867,-0.0102470681039623,-0.0054085697068955,2.35990903763921,2.3617605464274,2.36471004413018,2.34303886576976,106.33
1520,1.63926956676962,-0.010269276814271,-0.0054680973762833,2.36165718323479,2.36316000527842,2.36842345890567,2.34507169998803,106.4
1521,1.64490194046041,-0.0102875178448584,-0.0055189074447497,2.36346954751891,2.36451486608453,2.37218299816786,2.34714184439156,106.47
1522,1.65053706123927,-0.0103020989046164,-0.0055591603349788,2.36535486608157,2.36584036047499,2.37597180371428,2.34924588635986,106.54
1523,1.65617495300115,-0.0103133167680604,-0.0055872508346472,2.3673153264507,2.36715167523606,2.37977134599714,2.35137937865129,106.61
1524,1.66181568267394,-0.0103214567177432,-0.0056020606466117,2.3693421769674,2.36846390169845,2.38356096225281,2.35353625109578,106.68
1525,1.66745939942574,-0.010326792114918,-0.0056030208439716,2.37142003490401,2.3697941452955,2.3873173307172,2.35570771302731,106.75
1526,1.67310624672654,-0.0103295840875794,-0.0055901113092618,2.37352979468665,2.37115728322182,2.39101394523628,2.35788121836118,106.82
1527,1.67875640133304,-0.0103300813254668,-0.0055637971794704,2.37565439253082,2.3725642621603,2.394620718201,2.36004025587984,106.89
1528,1.68440998511692,-0.0103285199720797,-0.0055247752610059,2.37777739225557,2.37401410644703,2.39810415744892,2.36216477465119,106.96
1529,1.6900671038045,-0.0103251236042273,-0.0054739115096135,2.37987737830606,2.37549507130786,2.40142780068547,2.36423224520597,107.03
1530,1.69572775854871,-0.0103201032901134,-0.0054122425120426,2.38192190423891,2.37698598508519,2.40455220999484,2.36621802334274,107.1
1531,1.70139188440413,-0.0103136577174352,-0.0053409774179376,2.38386931845109,2.37845060330162,2.40743490894132,2.36809520797227,107.17
1532,1.70705926163056,-0.0103059733834507,-0.0052615002824316,2.3856712907846,2.37984403095868,2.41003051783841,2.36983501023784,107.24
1533,1.71272955390234,-0.0102972248394423,-0.0051753092548281,2.38727604157824,2.38111603348526,2.41229070769277,2.37140680919353,107.31
1534,1.71840221935756,-0.0102875749824666,-0.0050837655239723,2.38863265609918,2.38221428691454,2.41416410158958,2.3727781492115,107.38
1535,1.72407661209285,-0.010277175387736,-0.0049880330759231,2.3896965498186,2.3830889665908,2.41559612536211,2.37391493435912,107.45
1536,1.72975208356859,-0.0102661666754233,-0.0048890186568748,2.39043310106688,2.38369270563027,2.41652855543009,2.37478137635235,107.52
1537,1.73542789339258,-0.0102546789061083,-0.004787184860311,2.39081576867032,2.38397960910913,2.41689876588981,2.37533963386624,107.59
1538,1.74110324710034,-0.0102428319995058,-0.0046827444531717,2.39082047441927,2.38390656523478,2.41663905819077,2.37554946216168,107.66
1539,1.74677720688575,-0.0102307361715159,-0.00457572777402,2.39042114234095,2.38343120209292,2.41567658393807,2.3753681920652,107.73
1540,1.75244872938704,-0.0102184923850223,-0.0044659867131887,2.38958709442641,2.38250744440414,2.41393360932698,2.37475091279879,107.8
1541,1.75811657648959,-0.0102061928102368,-0.0043531987922459,2.38827512622963,2.38108540489616,2.41132774287314,2.37365035213649,107.87
1542,1.76377935325978,-0.0101939212907379,-0.0042369348669156,2.38643398522468,2.37911497686317,2.40777257402929,2.37201715430395,107.94
1543,1.76943541898297,-0.0101817538116889,-0.0041169175023503,2.38400651724297,2.37654798479071,2.40317821767619,2.36980017630959,108.01
1544,1.7750829889518,-0.0101697589670362,-0.0039930889243601,2.38093418330055,2.37334149920142,2.39745170425928,2.36694623291987,108.08
1545,1.78072023651117,-0.0101579984227901,-0.0038656155937732,2.37715848637224,2.36945158290659,2.39049696491931,2.36339967334041,108.15
1546,1.78634520487171,-0.0101465273737699,-0.003734892924625,2.37261664255708,2.36482750626603,2.38221505034677,2.35910268089206,108.22
1547,1.79195584635449,-0.0101353949914603,-0.0036015501397955,2.36723791426188,2.35941062538863,2.37250458701839,2.35399566261545,108.29
1548,1.79754993506733,-0.0101246448608741,-0.0034664552489991,2.36094232281945,2.35312807984495,2.36126196643728,2.34801734989424,108.36
1549,1.80312510716515,-0.0101143154045425,-0.0033307201251131,2.35363869435626,2.3458963025362,2.34838190642306,2.34110537458952,108.43
1550,1.80867877470518,-0.0101044402919702,-0.0031956421272127,2.34522826678496,2.33762227595613,2.33375794376778,2.33319643375753,108.5
1551,1.81420816726137,-0.0100950488330894,-0.0030624551912731,2.33560833526258,2.3282061585781,2.31728286226706,2.32422674403038,108.57
1552,1.81971024732267,-0.0100861663544242,-0.0029322714517853,2.32467530467009,2.31754674582168,2.29884899666257,2.3141324069583,108.64
1553,1.82518175365505,-0.0100778145568493,-0.0028060863105945,2.31233026541505,2.30554602177641,2.27834879769111,2.30284975126034,108.71
1554,1.83061911866888,-0.010070011853973,-0.0026848469105427,2.29847941072993,2.2921128690293,2.25567553530284,2.29031571793515,108.78
1555,1.836018577509,-0.0100627736903167,-0.0025697110125942,2.28303698497324,2.27716714716017,2.23072414414271,2.27646829065607,108.85
1556,1.84137627844723,-0.0100561128385863,-0.0024621151275344,2.26592517686044,2.26063747390667,2.20339234239557,2.26124697385094,108.92
1557,1.84668820416445,-0.0100500396754457,-0.0023637788948358,2.24707534367165,2.24246243040114,2.17358164687958,2.24459332082741,108.99
1558,1.85195022166227,-0.0100445624353031,-0.0022766456538043,2.22642561494858,2.22258846022845,2.14119841531689,2.22645151424527,109.06
1559,1.85715800688296,-0.010039687441714,-0.0022026956233838,2.20391932460896,2.20096325780767,2.10615491952861,2.20676900116026,109.13
1560,1.86230709826962,-0.0100354193160846,-0.0021442032843952,2.17949792199436,2.17753811410652,2.06837038959765,2.1854971847623,109.2
1561,1.86739282535709,-0.0100317611634338,-0.0021040577760006,2.15309179405586,2.15226874111113,2.02777247696533,2.16259192073262,109.27
1562,1.87241036663809,-0.0100287147350365,-0.0020858286250781,2.12462341967121,2.12511330653228,1.98429837730868,2.13801312136477,109.34
1563,1.87735468280818,-0.010026280567829,-0.0020937672535394,2.0940200639113,2.09603530267055,1.93789580650407,2.11172461246792,109.41
1564,1.88222064316628,-0.010024458100508,-0.0021327441275408,2.06122223161193,2.06500566138678,1.88852459428733,2.08369500680365,109.48
1565,1.88700315480648,-0.0100232457663031,-0.0022080578684366,2.02618464352401,2.03200589507452,1.83615870703652,2.05389921431779,109.55
1566,1.89169710424025,-0.010022641062443,-0.0023255607707129,1.9888741200816,1.99702991453652,1.78078819304741,2.0223195740575,109.62
1567,1.8962974292362,-0.0100226405963751,-0.0024914653389694,1.94926748693366,1.96007836316268,1.72242117831872,1.98894679927874,109.69
1568,1.90079906699758,-0.0100232401088324,-0.0027122762517719,1.90734810611119,1.92115740915877,1.66108597673244,1.95378137159602,109.76
1569,1.90519703294511,-0.0100244344738789,-0.0029947839975239,1.86310802077106,1.88028078895731,1.59683331430612,1.91683481285305,109.83
1570,1.90948637622315,-0.0100262176760936,-0.003346056415995,1.81655158543282,1.83746836859881,1.52973872994127,1.87813089820564,109.9
1571,1.91366226619394,-0.0100285827650906,-0.0037734278867294,1.76769778717553,1.79275106794095,1.45990521423988,1.83770750867507,109.97
1572,1.91771995603364,-0.0100315217876029,-0.0042844223765721,1.71659116650096,1.74617712894263,1.38746563886219,1.79561836003055,110.04
1573,1.92165494120728,-0.0100350256973972,-0.0048864830301974,1.66330710892327,1.6978165508799,1.31258567118961,1.75193517821356,110.11
1574,1.92546312244688,-0.0100390842433217,-0.0055868891297358,1.60795372870192,1.64776737470089,1.23546685161794,1.7067499381317,110.18
1575,1.92914078284792,-0.0100436858358333,-0.0063927331033483,1.55067472461023,1.59615841473758,1.15634944603589,1.66017665492611,110.25
1576,1.93268469683292,-0.0100488173923959,-0.0073108937869218,1.49164824915684,1.54314989494678,1.07551512930847,1.61235310530681,110.32
1577,1.93609211704931,-0.0100544641621911,-0.0083480056687613,1.43108184930971,1.48893211180447,0.993289935221986,1.5634426016373,110.39
1578,1.93936089339843,-0.010060609530643,-0.0095104238553218,1.36921230103864,1.43372300701434,0.910047335098581,1.51363581350584,110.46
1579,1.94248947022566,-0.010067234804319,-0.0108041845053603,1.30630924995296,1.37777137575666,0.826211369117478,1.46315263054791,110.53
1580,1.94547707934617,-0.0100743189768416,-0.0122349604905491,1.24267540787628,1.32136176400311,0.742241332200612,1.41223300701933,110.6
1581,1.94832393840891,-0.0100818384765252,-0.0138080120527876,1.17865333100676,1.26481526519937,0.65856103062157,1.36109467535342,110.67
1582,1.95103120055257,-0.0100897668965405,-0.0155282592793459,1.11461698123104,1.20848499861418,0.575543495616191,1.30992403315924,110.74
1583,1.95360084590138,-0.0100980747085055,-0.0174007937875547,1.05092652481243,1.15273507788689,0.493514106643796,1.25887815449476,110.81
1584,1.95603557837565,-0.010106728960512,-0.0194311942430523,0.987903711710725,1.09791182200534,0.41275349913695,1.20808699311322,110.88
1585,1.95833872774267,-0.0101156929607154,-0.0216255184784768,0.925830235667389,1.04432358279739,0.333500625431446,1.15765539057139,110.95
1586,1.96051415680514,-0.0101249259477442,-0.023990226074172,0.864950134285699,0.9922372427179,0.255955831125023,1.10766501127121,111.02
1587,1.96256617360105,-0.010134382749331,-0.0265320946890216,0.805472153169821,0.941879874349773,0.180283874219869,1.05817626394549,111.09
1588,1.96449944846832,-0.0101440134307203,-0.0292581298957931,0.747572064807261,0.893440914585659,0.106616879394538,1.00923020646312,111.16
1589,1.96631893581048,-0.0101537629345762,-0.0321754682631651,0.691394934224156,0.84707465426627,0.0350572211068061,0.96085043163935,111.23
1590,1.96802980038596,-0.0101635707142959,-0.0352912734181753,0.637057324700723,0.802901511596482,-0.0343196695254235,0.913044932474658,111.3
1591,1.96963734793259,-0.0101733703628306,-0.0386126248177192,0.584649438003532,0.761009607894438,-0.10146257798523,0.865807945910882,111.37
1592,1.97114695993095,-0.0101830892393211,-0.0421463989567987,0.534237184679507,0.721456450519706,-0.16634186265135,0.819121774788586,111.44
1593,1.97256403230475,-0.0101926480960844,-0.0458991427444239,0.485864180959846,0.684270529054636,-0.228946896095964,0.772958588213454,111.51
1594,1.97389391785361,-0.0102019607087193,-0.0498769387859818,0.439553669750025,0.649452822538217,-0.289283592530392,0.727282200994953,111.58
1595,1.97514187221281,-0.010210933512356,-0.0540852623233627,0.395310364031064,0.616978216656831,-0.347372021820218,0.682049833206487,111.65
1596,1.9763130031365,-0.0102194652473358,-0.05852882960197,0.353122211774783,0.586796830845143,-0.403244109859082,0.637213851235028,111.72
1597,1.97741222290436,-0.0102274466178913,-0.0632114374568575,0.312962082181662,0.558835256246296,-0.456941424551441,0.592723491939461,111.79
1598,1.97844420365726,-0.0102347599676865,-0.0681357939393433,0.274789373690597,0.532997706424203,-0.508513046201329,0.548526571722067,111.86
1599,1.97941333547512,-0.0102412789763851,-0.0733033398403916,0.238551544784022,0.509167083618764,-0.558013520736054,0.50457118243708,111.93
1600,1.98032368701907,-0.0102468683817332,-0.0787140610087906,0.204185569125935,0.487205964187349,-0.605500893908007,0.460807376114112,112.0
1601,1.98117896857094,-0.0102513837319718,-0.084366291410331,0.171619317026293,0.466957507689314,-0.651034824407836,0.417188840464125,112.07
1602,1.98198249731518,-0.0102546711737356,-0.0902565069297712,0.140772865624442,0.448246294844742,-0.694674773689051,0.373674567060898,112.14
1603,1.98273716472203,-0.0102565672809458,-0.0963791099804449,0.111559740532926,0.430879100339896,-0.736478270241567,0.330230513952374,112.21
1604,1.98344540590584,-0.0102568989305594,-0.102726205057166,0.0838880919793474,0.414645797715232,-0.776499246059376,0.286831264254195,112.28
1605,1.98410917084831,-0.0102554832314066,-0.10928736544719,0.0576618087345031,0.399320594249923,-0.814786443120161,0.243461682012262,112.35
1606,1.98472989739432,-0.0102521275127129,-0.116049391401569,0.0327815733200041,0.384662460509579,-0.851381887832016,0.200118566292509,112.42
1607,1.98530854946445,-0.0102466293792765,-0.122996187202919,0.0091458621518812,0.37042181371557,-0.886319431598835,0.156812304064232,112.49
1608,1.98584584746637,-0.0102387768406446,-0.130109202263054,-0.0133481056010155,0.356366675931117,-0.919623419430666,0.113568521988388,112.56
1609,1.9863423097557,-0.010228348521999,-0.137368373342574,-0.0348034665808976,0.342316184372725,-0.95130761235452,0.0704297367045753,112.63
1610,1.98679823215572,-0.0102151139648322,-0.144753632111881,-0.0553228553160087,0.328161898771471,-0.981374108630663,0.0274568120740185,112.7
1611,1.98721373255323,-0.0101988340258456,-0.152246407142113,-0.0750075858809391,0.313870243097212,-1.0098130254787,-0.0152710486214571,112.77
1612,1.98758898759622,-0.0101792613828521,-0.159830612933054,-0.0939568692364404,0.29946894409629,-1.03660383049503,-0.0576601280292171,112.84
1613,1.98792428037606,-0.0101561411567936,-0.167493444272152,-0.112267062392239,0.28503233134184,-1.06171921238881,-0.0996108569148541,112.91
1614,1.9882199861243,-0.0101292116592954,-0.175225785977036,-0.130030945616802,0.27065584301858,-1.08513079309124,-0.141029601707119,112.98
1615,1.98847655943194,-0.0100982052754656,-0.183022047951435,-0.1473370240262,0.256432946623082,-1.10681293464957,-0.181836022414902,113.05
1616,1.98869452297684,-0.0100628494919087,-0.190879870532557,-0.164268850020593,0.242447682940664,-1.12674343511154,-0.22196428943796,113.12
1617,1.98887445774211,-0.0100228680801431,-0.198799827381875,-0.180904363199627,0.228774318302734,-1.14490289289131,-0.261361846399593,113.19
1618,1.9890169947056,-0.0099779824458046,-0.206785126011127,-0.197315244576692,0.215477877108969,-1.16127394731935,-0.299987881147682,113.26
1619,1.98912280797839,-0.0099279131541525,-0.214841305923584,-0.213566282125732,0.202614662521418,-1.17584058667564,-0.3378118245292,113.33
1620,1.98919260936821,-0.009872381642485,-0.222975934250261,-0.229714935488335,0.19023276284901,-1.18858752437222,-0.374811878503338,113.4
1621,1.98922714434233,-0.009811112130105,-0.231198298671904,-0.245811287930329,0.178372541473552,-1.1994996438993,-0.410973574767363,113.47
1622,1.98922718936255,-0.0097438337364404,-0.239519097340241,-0.261896858913879,0.167067108481251,-1.20856151312156,-0.44628836473543,113.54
1623,1.98919355056416,-0.0096702828178127,-0.247950125446607,-0.27800379982833,0.156342772458617,-1.2157569685032,-0.480752241430469,113.61
1624,1.98912706374906,-0.0095902055331668,-0.256503958032128,-0.29415428074699,0.146219471187996,-1.22106876985248,-0.514364393623703,113.68
1625,1.98902859566249,-0.0095033606487903,-0.265193628592,-0.310359876432902,0.136711180237261,-1.22447832620474,-0.547125892383187,113.75
1626,1.9888990465214,-0.0094095225916796,-0.27403230299665,-0.326620950752565,0.127826298681369,-1.22596549350133,-0.579038410070484,113.82
1627,1.98873935376144,-0.0093084847607286,-0.283032948235098,-0.342926039060344,0.11956801142045,-1.22550844477613,-0.61010297175301,113.89
1628,1.98855049696832,-0.0092000631043133,-0.292207995480877,-0.359251228543686,0.111934627772324,-1.22308361361636,-0.640318738975989,113.96
1629,1.9883335039576,-0.0090840999721245,-0.301568996988497,-0.375559536969978,0.104919896215732,-1.21866571173093,-0.66968182586279,114.03
1630,1.98808945796574,-0.0089604682482393,-0.311126276348837,-0.391800481305909,0.0985132953468633,-1.21222782152389,-0.698184147583155,114.1
1631,1.98781950591306,-0.0088290757714122,-0.320888571665377,-0.407910028177037,0.0927003012852876,-1.20374162815528,-0.7258123648632,114.17
1632,1.98752486769728,-0.008689870047403,-0.330862671260161,-0.423809403647408,0.0874626319289077,-1.19317791915031,-0.752547051889101,114.24
1633,1.98720684647402,-0.0085428432568239,-0.341053041578756,-0.439404289211651,0.0827784686097809,-1.18050697152149,-0.778361707006964,114.31
1634,1.98686683987743,-0.0083880375604729,-0.351461447037899,-0.454584216451176,0.0786226558461187,-1.16569895455198,-0.803221734002385,114.38
1635,1.9865063521315,-0.0082255507024213,-0.362086561647909,-0.46922197339749,0.0749670705762381,-1.14872441288939,-0.82708345849521,114.45
1636,1.98612700699855,-0.0080555419092095,-0.372923572345228,-0.483173026816271,0.0717813523865463,-1.12955483108251,-0.849893244292086,114.52
1637,1.98573056150746,-0.007878238081391,-0.383963774088069,-0.496274965264321,0.0690324713561046,-1.10816328068124,-0.871586838404458,114.59
1638,1.98531892039978,-0.0076939402713139,-0.395194220419728,-0.508347158986473,0.0666846591221894,-1.08452515098158,-0.892088565668802,114.66
1639,1.98489415122668,-0.0075030304384558,-0.406597556870533,-0.519191023955678,0.0646995138703794,-1.05861902795614,-0.911310565979016,114.73
1640,1.9844585000238,-0.007305978470791,-0.418151656581742,-0.528592040272287,0.0630360900561147,-1.0304278493401,-0.929152331093436,114.8
1641,1.98401440748551,-0.0071033494575926,-0.429829312889386,-0.536331345254496,0.0616509743209824,-0.999940336679944,-0.945500988997774,114.87
1642,1.9835645255525,-0.0068958111957114,-0.441598497861188,-0.542203352286065,0.0604983491633788,-0.96715454702436,-0.960234943911605,114.94
1643,1.98311167080131,-0.0066841419077521,-0.453422997266342,-0.546035656057779,0.0595300460178129,-0.932084942072049,-0.973232337143688,115.01
1644,1.98265858749784,-0.0064692381466437,-0.465263169120674,-0.547697003762725,0.0586955894886986,-0.894773165360508,-0.984384269856964,115.08
1645,1.98220790132022,-0.0062521228568962,-0.477076890701052,-0.547106360061681,0.0579422345740786,-0.855299605024538,-0.993607583785526,115.15
1646,1.98176213660963,-0.0060339535583239,-0.488820314422684,-0.544228779096718,0.0572149988027237,-0.813794088982432,-1.00085618767613,115.22
1647,1.9813237335304,-0.0058160306131985,-0.500448561216911,-0.539072124260632,0.0564566912945572,-0.770441834789133,-1.00612896347779,115.29
1648,1.98089500152463,-0.0055997420141447,-0.511916416594683,-0.531677522999794,0.0556079408396891,-0.725481092132802,-1.00947539731869,115.36
1649,1.98047788193141,-0.005386317606536,-0.523179031101665,-0.522124771597345,0.0546072251754729,-0.679199013339005,-1.01099302805534,115.43
1650,1.98007390079547,-0.0051767738051627,-0.534192626883766,-0.510532362408723,0.0533909037241173,-0.63192472653202,-1.01082052263523,115.5
1651,1.97968418475437,-0.0049719217216176,-0.544915212067755,-0.497055496989682,0.0518932561352895,-0.584019537035241,-1.0091284071921,115.57
1652,1.97930947642749,-0.0047723751450903,-0.555307304620967,-0.481891100243512,0.0500465290589328,-0.535864689159361,-1.00610859198182,115.64
1653,1.97895014926386,-0.0045785583456095,-0.565332667285795,-0.465277125936729,0.0477809936526599,-0.487845340797078,-1.00196300131839,115.71
1654,1.97860622182032,-0.00439071367629,-0.574958928051965,-0.447488686823322,0.0450250164054693,-0.440335055655743,-0.996894032565115,115.78
1655,1.97827737145574,-0.0042089089583668,-0.584157642914034,-0.428809340518562,0.0417051459347643,-0.393684101510912,-0.991097725804822,115.85
1656,1.97796294744057,-0.004033044639733,-0.59290405622165,-0.409510423412984,0.0377462184863493,-0.348215923095543,-0.984761415038151,115.92
1657,1.97766198349379,-0.0038628607243521,-0.601177004337637,-0.389848394358136,0.0330714849357772,-0.304227965187646,-0.978063630304686,115.99
1658,1.97737320977211,-0.0036979434762944,-0.608958645955393,-0.370067029466567,0.0276027621549771,-0.261993276526489,-0.971174274514243,116.06
1659,1.97709506434811,-0.0035377319082627,-0.616234146920922,-0.350398741571859,0.0212606116681093,-0.221761803397347,-0.964254560035095,116.13
1660,1.97682570422564,-0.0033815240703354,-0.622991383760124,-0.33106330004959,0.01396454857527,-0.183761425987886,-0.957456952638419,116.2
1661,1.97656301595196,-0.003228483160266,-0.629220666478361,-0.312267308631349,0.0056332837701979,-0.148199363169883,-0.950925370729329,116.27
1662,1.97630462589679,-0.0030776434820524,-0.634914481096173,-0.294204750431982,-0.0038149974823873,-0.115263619419599,-0.944795443497101,116.34
1663,1.97604791027871,-0.0029279162846303,-0.640067252292129,-0.277057703053633,-0.0144625080689782,-0.0851243389335251,-0.939194758979541,116.41
1664,1.97579000502935,-0.0027780955174564,-0.644675126440649,-0.260997025813311,-0.0263920700871682,-0.0579350597651859,-0.934243096870861,116.48
1665,1.97552781559535,-0.0026268635444389,-0.648735775258671,-0.246183012150592,-0.03968613686436,-0.0338338614913066,-0.930052641209185,116.55
1666,1.97525802678701,-0.0024727968621428,-0.652248220209183,-0.232766000699805,-0.0544261472297135,-0.0129444005486247,-0.926728168377304,116.62
1667,1.97497711279172,-0.0023143718724502,-0.655212677751624,-0.220886938913645,-0.0706920183453115,0.0046231720281942,-0.924367206140127,116.69
1668,1.97468134747828,-0.0021499707638907,-0.65763042547733,-0.21067789350507,-0.0885615834401809,0.0187714151856044,-0.923060159724499,116.76
1669,1.97436681512654,-0.0019778875596699,-0.659503689122658,-0.202262502332562,-0.10810997140552,0.0294149289506213,-0.922890401223837,116.83
1670,1.9740294217242,-0.0017963343940143,-0.660835550411817,-0.195756362693015,-0.129408925288555,0.0364798157678737,-0.923934318881606,116.9
1671,1.97366490697997,-0.0016034480818091,-0.661629875645033,-0.191267351307495,-0.152526056826132,0.0399032753325643,-0.926261323075826,116.97
1672,1.97326885720911,-0.0013972970496264,-0.6618912649154,-0.188895871591908,-0.177524034288311,0.0396333357391345,-0.929933806093255,117.04
1673,1.97283671925353,-0.0011758886991061,-0.661625021806966,-0.188735024100654,-0.204459701060822,0.0356287233392382,-0.935007053048376,117.11
1674,1.97236381560454,-0.0009371772762574,-0.660837143399283,-0.190870696315006,-0.233383122583211,0.0278588732918997,-0.941529101569804,117.18
1675,1.9718453609019,-0.0006790723225717,-0.659534330376066,-0.195381568227566,-0.26433655948272,0.0163040823777464,-0.949540548148102,117.25
1676,1.97127647998705,-0.0003994477858561,-0.657724017009533,-0.202339030449778,-0.297353365002277,0.0009558052413909,-0.959074299315546,117.32
1677,1.97065222769299,-9.61518704077166e-05,-0.65541442076492,-0.211807011844057,-0.332456805118482,-0.0181829051878845,-0.970155266111734,117.39
1678,1.96996761055634,0.0002329822925191,-0.652614611241291,-0.223841713961012,-0.369658800086787,-0.0410968127756333,-0.982800000583655,117.46
1679,1.96921761064003,0.0005901250720027,-0.649334598135232,-0.238491249847239,-0.40895858653469,-0.0677577688817836,-0.997016273372497,117.53
1680,1.96839721165671,0.0009774377800019,-0.64558543788106,-0.255795185084079,-0.450341299657358,-0.0981238392648836,-1.01280259175958,117.6
1681,1.9675014275839,0.0013970590465179,-0.641379358585608,-0.275783979225812,-0.493776475553317,-0.132138288269511,-1.03014765787774,117.67
1682,1.966525333962,0.0018510900450934,-0.6367299028352,-0.298478326134181,-0.539216474276772,-0.169728421902317,-1.0490297671489,117.74
1683,1.96546410206492,0.002341578487232,-0.631652087907979,-0.323888392051818,-0.586594824777476,-0.210804291965156,-1.06941614738235,117.81
1684,1.9643130361307,0.0028705013057685,-0.626162582874414,-0.352012950630855,-0.635824684109779,-0.255257264024787,-1.09126223936474,117.88
1685,1.96306761383614,0.0034397459492495,-0.620279902012637,-0.38283841453498,-0.686797604009115,-0.302958452655708,-1.11451092019541,117.95
1686,1.96172353019386,0.0040510902121073,-0.61402461390197,-0.416337763667204,-0.739381083709552,-0.353757028106666,-1.13909167107039,118.02
1687,1.96027674504414,0.0047061805288244,-0.607419565487773,-0.452469370549207,-0.793416437595389,-0.407478399313421,-1.16491969169727,118.09
1688,1.95872353430501,0.005406508664468,-0.600490120332275,-0.491175723888282,-0.848716792194289,-0.463922279017785,-1.19189496403431,118.16
1689,1.9570605451346,0.0061533867389921,-0.593264410179233,-0.532382051926784,-0.905065028016749,-0.522860637658515,-1.21990126859091,118.23
1690,1.95528485514695,0.0069479205286159,-0.585773598864123,-0.575994847774983,-0.962211673377249,-0.584035553680485,-1.2488051571083,118.3
1691,1.95339403580896,0.0077909809944529,-0.578052157495988,-0.621900299585994,-1.01987345718878,-0.647156968966954,-1.27845488605584,118.37
1692,1.95138615661082,0.0086831739964149,-0.570137895647558,-0.669962629146902,-1.07774561506222,-0.711900486275075,-1.3086793795541,118.44
1693,1.94925960306542,0.0096248081593849,-0.562071048535964,-0.720022343233133,-1.13554466479855,-0.777907633446695,-1.33928843436624,118.51
1694,1.94701308972261,0.0106158608687926,-0.553893371536634,-0.771894402912641,-1.19300658372839,-0.844794577497096,-1.37007722236522,118.58
1695,1.94464574122263,0.0116560059025591,-0.54564736753974,-0.825366316890388,-1.24987654075115,-0.912163776077305,-1.40083262047508,118.65
1696,1.94215717791887,0.0127448297371113,-0.53737577259986,-0.880196165955678,-1.30590283338653,-0.979615595492805,-1.43134016899996,118.72
1697,1.9395476061025,0.0138818554274567,-0.529121107706664,-0.936110566645228,-1.36082513069962,-1.04675895757892,-1.46139141234547,118.79
1698,1.93681791284309,0.0150665011139152,-0.520925168013772,-0.992802583352791,-1.41437507102674,-1.11321836281738,-1.49078966118479,118.86
1699,1.93396970191814,0.0162980366925132,-0.512828193834384,-1.04992978987467,-1.46629144756705,-1.17864016288733,-1.51935570842157,118.93
1700,1.93100514376048,0.0175755386714476,-0.504867785334644,-1.10711585858142,-1.51632979308309,-1.24270000247741,-1.54693477678032,119.0
1701,1.92792702047442,0.0188978432417723,-0.497078131064692,-1.16396725062702,-1.56427304304768,-1.30510972878899,-1.57340095721672,119.07
1702,1.92473877528218,0.0202634975977611,-0.489489802973339,-1.22010629180165,-1.60993407630241,-1.36562333641965,-1.59865488827815,119.14
1703,1.92144437573863,0.0216707730701673,-0.482129799012208,-1.2752002593721,-1.65316182889022,-1.42403554319914,-1.62262065196806,119.21
1704,1.91804830817665,0.0231178671646624,-0.475022022719404,-1.32897658522947,-1.6938474946372,-1.48017904062318,-1.64524424010634,119.28
1705,1.91455538563923,0.0246029134589825,-0.468187563565622,-1.381218788854,-1.73192376764516,-1.5339222052433,-1.66649283186585,119.35
1706,1.91097055968423,0.0261239264644137,-0.461644713631354,-1.43175439328877,-1.76736100547662,-1.58516689629345,-1.68635380473386,119.42
1707,1.90729892643507,0.0276788085601581,-0.455409100922505,-1.48045026744906,-1.80016520654736,-1.63384596347207,-1.704832972007,119.49
1708,1.90354560909596,0.0292655461132365,-0.449493748070854,-1.52720638174058,-1.83036611546173,-1.67992040511703,-1.72195274601579,119.56
1709,1.89971577081233,0.0308822137515166,-0.443909500453023,-1.57194569543356,-1.85800199854499,-1.72337706861048,-1.73775079853543,119.63
1710,1.8958145036071,0.0325269139036073,-0.438665315080766,-1.61461091429878,-1.88311931835096,-1.76422683099589,-1.7522794716115,119.7
1711,1.89184691078918,0.0341977151979104,-0.433768409847429,-1.65515611646221,-1.90576678920669,-1.80250287920856,-1.76560492107206,119.77
1712,1.88781819208417,0.0358926533120605,-0.429224209269785,-1.69354995408501,-1.92600350280226,-1.8382587084054,-1.77780605425547,119.84
1713,1.8837334772181,0.037609921383382,-0.425036467561562,-1.72978376315475,-1.94390270154683,-1.8715658371415,-1.78897313240209,119.91
1714,1.87959766183123,0.0393478689429081,-0.421207441794097,-1.76387734141991,-1.95955970889699,-1.9025121266292,-1.79920673341566,119.98
1715,1.87541543608291,0.04110493647887,-0.417738051481512,-1.7958878573533,-1.97310077437075,-1.9311999391414,-1.80861662693098,120.05
1716,1.87119118816824,0.0428796527300095,-0.414627960984777,-1.82590823285214,-1.98468596955804,-1.95774432277884,-1.81732043082494,120.12
1717,1.86692903664242,0.0446708218052031,-0.411875457662111,-1.85404889972864,-1.99449514159443,-1.98227052000733,-1.82544153684797,120.19
1718,1.86263273731135,0.0464775190731673,-0.409477443371789,-1.88042935026905,-2.00272283364246,-2.00491104967098,-1.83310668201753,120.26
1719,1.858305718606,0.0482990229048861,-0.407429285318713,-1.90517680992845,-2.00957416222479,-2.02580248476309,-1.84044271645683,120.33
1720,1.85395099122333,0.050134745822959,-0.405724843956327,-1.92842262687515,-2.01525313253999,-2.04508223851757,-1.84757332509155,120.4
1721,1.84957124949614,0.0519841650857922,-0.404356551083183,-1.95030018466987,-2.01995792975879,-2.06288643345165,-1.8546172863539,120.47
1722,1.84516897382093,0.0538468162480034,-0.403315538367698,-1.97093531345746,-2.02387447651839,-2.07934827646896,-1.86168718337637,120.54
1723,1.84074634348491,0.0557224767540161,-0.402591943625693,-1.99044475668606,-2.02717504558477,-2.09459629966112,-1.86888748334198,120.61
1724,1.83630527739071,0.057611158470294,-0.402174950557228,-2.00893011190069,-2.0300156322722,-2.10875246174158,-1.87631255237913,120.68
1725,1.8318473485215,0.0595130362017523,-0.402052625836704,-2.02647848397887,-2.03253900358992,-2.1219295970781,-1.88404396684697,120.75
1726,1.82737388966644,0.061428375710895,-0.402212125636329,-2.04316393970947,-2.03487020629967,-2.13422827120942,-1.89214699039527,120.82
1727,1.82288609979028,0.0633574612334474,-0.402639763888112,-2.05904899816398,-2.03711742273066,-2.1457344359744,-1.90066792871179,120.89
1728,1.81838496044021,0.0653005224808394,-0.403321069810641,-2.07418653513886,-2.03937124606254,-2.15651705469421,-1.90963121615378,120.96
1729,1.81387134325576,0.0672577246376669,-0.404241025777246,-2.08861415945951,-2.0416952568838,-2.16662575766616,-1.91903655010949,121.03
1730,1.80934611798813,0.0692293483824986,-0.405384168483162,-2.10235859027741,-2.04413203467,-2.17609290813291,-1.92886172532527,121.1
1731,1.80481007043956,0.0712157788134596,-0.406734871575767,-2.11543758426991,-2.04670122690561,-2.18494598404541,-1.93907847282104,121.17
1732,1.80026394788273,0.0732174303050138,-0.408277619779981,-2.12786487430447,-2.04941285849835,-2.19321191745501,-1.9496581198808,121.24
1733,1.79570837785567,0.0752346708002619,-0.409997021038559,-2.1396522751557,-2.05227288694888,-2.20091745564556,-1.96057202660389,121.31
1734,1.79114391437856,0.0772677455234426,-0.411877747814014,-2.15081753073837,-2.05529332545112,-2.20808916353215,-1.97179150047741,121.38
1735,1.78657095749397,0.0793167636176164,-0.413904471657674,-2.16138812050459,-2.05849613548377,-2.21475325686287,-1.98328750765438,121.45
1736,1.78198980018405,0.0813818747353074,-0.416061791630453,-2.17139721319333,-2.06191190470671,-2.22093551928606,-1.99503043610708,121.52
1737,1.77740054857508,0.0834632544657171,-0.418334220678504,-2.18088300968879,-2.06557839081513,-2.22666079413647,-2.00698940361548,121.59
1738,1.77280323301122,0.0855610256299317,-0.42070635758781,-2.18988493132006,-2.06953264186173,-2.23195262162746,-2.01913168339034,121.66
1739,1.76819791943736,0.087675242474963,-0.423162863995721,-2.19843334920765,-2.07380812499121,-2.23683352865313,-2.03142275665964,121.73
1740,1.76358463053335,0.0898060647990885,-0.425688374083609,-2.20654790710843,-2.07842796960087,-2.24132438233817,-2.04382540550248,121.8
1741,1.7589633941905,0.0919537408942022,-0.428267464572801,-2.21423910105669,-2.08340480425025,-2.24544452148106,-2.05629956225157,121.87
1742,1.75433416525484,0.0941185263362337,-0.430884812646633,-2.22151514763525,-2.08873969125435,-2.24921202990945,-2.06880240873571,121.94
1743,1.74969687461086,0.0963006021331994,-0.433525224792798,-2.22838016635887,-2.09442873348554,-2.25264484971265,-2.08128967966632,122.01
1744,1.74505135153294,0.0984999922216732,-0.436173791223888,-2.2348358079055,-2.10046407793176,-2.25576101865476,-2.09371569456933,122.08
1745,1.74039743690017,0.100716543823825,-0.43881584886158,-2.24088067487957,-2.10683261911587,-2.25857892034268,-2.10603326328272,122.15
1746,1.73573509672493,0.102950097701257,-0.441436944008478,-2.24650601060414,-2.11351329194295,-2.26111773701535,-2.11819384787222,122.22
1747,1.73106434544486,0.105200467199301,-0.444023049340766,-2.25170474250353,-2.12047949689974,-2.2633976596211,-2.13014766517,122.29
1748,1.72638529657273,0.10746735312497,-0.446560781697047,-2.25647139479757,-2.12769636839347,-2.26544074371008,-2.14184430345238,122.36
1749,1.72169808662914,0.109750321503308,-0.44903743064104,-2.26079915911054,-2.13511968374284,-2.26727190221858,-2.15323366459414,122.43
1750,1.71700292642835,0.11204897126067,-0.451441179419116,-2.26468752562991,-2.14270168619359,-2.26891965318735,-2.16426672546671,122.5
1751,1.71230002563771,0.114362910739333,-0.453761391758611,-2.26814224521054,-2.15038946842227,-2.27041681201516,-2.1748962475217,122.57
1752,1.70758964467699,0.116691670095881,-0.455988837918458,-2.27117911929651,-2.15813021002481,-2.27180004734167,-2.18507845271985,122.64
1753,1.70287201987547,0.119034676635911,-0.45811573335896,-2.2738245668611,-2.16587209171397,-2.27310569505237,-2.19477725555804,122.71
1754,1.69814741595124,0.121391420140131,-0.460135907974881,-2.27611347590784,-2.1735669860106,-2.27436779977566,-2.20396438339152,122.78
1755,1.69341605172938,0.12376142709154,-0.462044852113317,-2.27808910242791,-2.18117257620131,-2.27561723916611,-2.21261830827763,122.85
1756,1.68867815316342,0.126144170860325,-0.463839893685311,-2.27980501548515,-2.18865199982783,-2.27688084986742,-2.2207233888327,122.92
1757,1.68393387957738,0.12853904490212,-0.465520188949376,-2.28132324306392,-2.19597457535986,-2.27818036342813,-2.22826890533563,122.99
1758,1.67918337719433,0.130945526026923,-0.467086654105817,-2.28270505961313,-2.20311094400758,-2.27953165930225,-2.23524830627262,123.06
1759,1.67442670587087,0.133363146649631,-0.46854183773446,-2.28400654501783,-2.21003431528099,-2.28094458818549,-2.2416586032182,123.13
1760,1.66966389310669,0.135791403079336,-0.469889607004689,-2.28527205269166,-2.21672229129633,-2.28242317452735,-2.24750023189853,123.2
1761,1.66489486125232,0.138229726902834,-0.471134965155163,-2.28653739913845,-2.22315330009799,-2.28396651543503,-2.25277757010736,123.27
1762,1.66011948198869,0.140677646518762,-0.472283682504466,-2.28782435290221,-2.2293100885019,-2.28556904192125,-2.25749909615832,123.34
1763,1.65533750400695,0.143134757731881,-0.47334186784135,-2.28914471490883,-2.23518373285299,-2.28722179401002,-2.26167807696511,123.41
1764,1.65054867148659,0.145600630462706,-0.47431560701446,-2.29050033286243,-2.24077454777316,-2.28891439231209,-2.26533207042204,123.48
1765,1.64575284282502,0.148074778625519,-0.475210859046533,-2.29188756072791,-2.24608811471558,-2.2906398660286,-2.2684787008417,123.55
1766,1.64094991907211,0.150556820228379,-0.476033418986268,-2.29330057357152,-2.25113227404226,-2.2923954777478,-2.27113393162241,123.62
1767,1.63613989966817,0.153046446601534,-0.476788883752463,-2.29472871046982,-2.25590790283865,-2.29418240362866,-2.27331162763248,123.69
1768,1.63132281141463,0.155543327806018,-0.47748268426831,-2.29616289961477,-2.26041012007697,-2.29600592055916,-2.275023771521,123.76
1769,1.62649876475202,0.158047081271835,-0.478120310709377,-2.2976018922768,-2.26463344019828,-2.29787457579878,-2.2762820321289,123.83
1770,1.62166788326975,0.160557430715548,-0.478707349545739,-2.29905093778384,-2.26857573026649,-2.29979579816876,-2.27710208194073,123.9
1771,1.61683036051812,0.163074174239728,-0.479249459205842,-2.30052388827603,-2.27224459143391,-2.30177449289942,-2.27750437477231,123.97
1772,1.61198639004324,0.165597088662027,-0.479752347667862,-2.30203933228181,-2.27565352457383,-2.30381290486063,-2.27751405086912,124.04
1773,1.60713622271212,0.168125897119221,-0.480221751763048,-2.30361132827895,-2.27881518444449,-2.30591054313727,-2.27716092141494,124.11
1774,1.60228009724613,0.170660426991975,-0.480663417973637,-2.30525385666479,-2.28174575950522,-2.30806416686473,-2.27647946797359,124.18
1775,1.59741829802773,0.173200577048755,-0.481083084506852,-2.30698025160878,-2.28446281872673,-2.31026789586169,-2.27550885572817,124.25
1776,1.59255108609684,0.175746220852721,-0.481486464426056,-2.30880478985068,-2.28698786756977,-2.3125130015535,-2.2742930227217,124.32
1777,1.58767875740082,0.178297173473109,-0.481879229620508,-2.31074516555577,-2.28934662540951,-2.31478801359656,-2.27288090712471,124.39
1778,1.58280157421331,0.180853348543167,-0.482266931877562,-2.3128151160377,-2.29156391117678,-2.31707952364703,-2.27132490529818,124.46
1779,1.5779198237854,0.183414724559578,-0.482654733804608,-2.31502345846204,-2.29366876182411,-2.3193752746686,-2.26967508157431,124.53
1780,1.57303375014459,0.185981247463933,-0.483047330502001,-2.31737636108739,-2.29569256911946,-2.3216643277525,-2.26797700409134,124.6
1781,1.56814361310518,0.188552796544698,-0.483448934753673,-2.31986982739711,-2.29765864571022,-2.32393659358221,-2.26627136275109,124.67
1782,1.56324962040617,0.191129340699021,-0.48386326203808,-2.32249252830489,-2.29958570488251,-2.32618261822219,-2.26459390663907,124.74
1783,1.55835198704154,0.193710903946855,-0.484293451680495,-2.32522716812378,-2.30148594347601,-2.32839330602374,-2.26297531824577,124.81
1784,1.55345086770023,0.19629746723584,-0.484741860487047,-2.32804943194429,-2.30336998632702,-2.33055989760284,-2.26144127720144,124.88
1785,1.54854641638244,0.198888933573708,-0.48521023689029,-2.33093753638347,-2.30524973563266,-2.3326734410144,-2.26001188661405,124.95
1786,1.54363871911164,0.201485283526161,-0.485699767367268,-2.3338695179044,-2.3071287712945,-2.33472470923786,-2.25870198547963,125.02
1787,1.53872785381108,0.20408653997186,-0.486211122100145,-2.33682299584978,-2.30900609036762,-2.33670462783452,-2.25752202880446,125.09
1788,1.53381382326703,0.206692669152494,-0.486744690389477,-2.33977506084304,-2.31087355823259,-2.33860445090309,-2.256478455053,125.16
1789,1.52889667876876,0.209303545054742,-0.487300624681959,-2.34269542941057,-2.31271247061898,-2.34041619382651,-2.25557423922466,125.23
1790,1.52397664386888,0.211919104162667,-0.487878883753089,-2.34555306463054,-2.31449456236769,-2.34213281499241,-2.25480925019918,125.3
1791,1.51905404770568,0.214539309473255,-0.488479465594241,-2.3483138418834,-2.31617666549042,-2.34374878197542,-2.25418123797595,125.37
1792,1.51412938547198,0.21716405081479,-0.489102512411612,-2.35094171053138,-2.31771169374866,-2.34526064133521,-2.25368681562069,125.44
1793,1.50920325194355,0.219793108507135,-0.489748541810552,-2.35340919652377,-2.31905772551257,-2.34666714760766,-2.2533217372952,125.51
1794,1.50427640212261,0.22242630740539,-0.49041848656579,-2.35570346371671,-2.32018493256269,-2.34796945976821,-2.25308117120148,125.58
1795,1.49934962138091,0.225063480223218,-0.49111366999461,-2.35782958639761,-2.32107921305469,-2.34917013484319,-2.25296085685923,125.65
1796,1.49442359562983,0.227704430698285,-0.491835780416107,-2.35980582496396,-2.32173992550172,-2.35026894955736,-2.25296143356044,125.72
1797,1.48949897204407,0.230349087162,-0.492586781127733,-2.36165249255627,-2.32217388395566,-2.35126164772435,-2.25308952476543,125.79
1798,1.48457629271983,0.232997465408924,-0.493368628798316,-2.36338133553826,-2.32239323667231,-2.35214097821149,-2.253356531187,125.86
1799,1.47965605531716,0.235649567905885,-0.494183117797132,-2.36499546304373,-2.32241214653258,-2.35290021419009,-2.25377367139182,125.93
1800,1.4747386465915,0.238305346377829,-0.495031596311341,-2.36648896347612,-2.32224436888906,-2.35353369133255,-2.25435019303478,126.0
1801,1.46982440286995,0.240964854807643,-0.495914871777832,-2.36784595377055,-2.32190382242465,-2.3540363342834,-2.25509272171735,126.07
1802,1.46491354338291,0.243628211739646,-0.496833178541628,-2.3690485259091,-2.32140224527313,-2.35440306088232,-2.25600422267734,126.14
1803,1.4600062940315,0.246295498922031,-0.497786144191796,-2.37007434513299,-2.32074387236768,-2.35462869952166,-2.25708403599002,126.21
1804,1.45510301102591,0.248966723321357,-0.498772818084633,-2.37090289258639,-2.31993186990001,-2.35470822927699,-2.25832822294505,126.28
1805,1.45020411382977,0.251641969543316,-0.499791889105201,-2.37151676024054,-2.31896639131748,-2.35463696189521,-2.25972996954828,126.35
1806,1.44531014499003,0.254321361547368,-0.500841775109456,-2.37190422368674,-2.31785032493512,-2.3544110469415,-2.26128011081434,126.42
1807,1.44042163924332,0.257004960689363,-0.50192083817044,-2.37206417326005,-2.3165913633053,-2.35402766509543,-2.26296733147682,126.49
1808,1.43553899243458,0.259692727125051,-0.50302740809488,-2.37200984687229,-2.31520712718498,-2.35348535437131,-2.26477867864916,126.56
1809,1.43066252078386,0.262384671609473,-0.504159741309508,-2.37176526679507,-2.31372553099671,-2.3527843423312,-2.26669987871627,126.63
1810,1.42579239289337,0.265080816581642,-0.505315978699527,-2.37135780991096,-2.31218159596168,-2.35192663027002,-2.26871526839264,126.7
1811,1.42092868855707,0.267781157089921,-0.506494102465936,-2.37081567612007,-2.31061058282403,-2.35091601991921,-2.27080753104727,126.77
1812,1.41607133029215,0.270485812113053,-0.507691892072864,-2.37016593461553,-2.30904798694945,-2.34975814611096,-2.27295781056046,126.84
1813,1.41122014166358,0.273194985164944,-0.508906879362064,-2.36943289289131,-2.30752794649129,-2.34846051525782,-2.27514569522363,126.91
1814,1.40637477833054,0.275908861215966,-0.510136302919501,-2.36863812135028,-2.3060810150593,-2.34703261295147,-2.27734919943801,126.98
1815,1.40153484941424,0.278627566960696,-0.511377125306887,-2.36780105277084,-2.30473701427083,-2.34548614391219,-2.27954487102702,127.05
1816,1.3967000386441,0.281351321462364,-0.512626240300359,-2.36693793265833,-2.3035188003722,-2.34383394300005,-2.28170866018514,127.12
1817,1.39187003474072,0.284080396057079,-0.513880489139607,-2.36606534456197,-2.30244803198162,-2.34208609592296,-2.28382034576591,127.19
1818,1.38704458864082,0.286815010546794,-0.515136612942774,-2.36519586008618,-2.30153949971238,-2.3402487317694,-2.28586453276082,127.26
1819,1.38222344350164,0.289555292708363,-0.516391204926338,-2.36433451502903,-2.30080745522038,-2.33832383550784,-2.28783038136286,127.33
1820,1.37740639156853,0.292301428147613,-0.517640599035967,-2.36347395156134,-2.30026285092407,-2.3363095720722,-2.28971171968466,127.4
1821,1.3725932038415,0.295053619381474,-0.518880631600345,-2.36259769054466,-2.29991425709306,-2.3342016936223,-2.29150595258076,127.47
1822,1.36778368662279,0.297811981178435,-0.520106784297385,-2.36168657980336,-2.29976565940109,-2.33199774504038,-2.29320973422343,127.54
1823,1.36297761087995,0.30057649918725,-0.521314263960944,-2.36072352801192,-2.29981672626002,-2.32969708076177,-2.29481909029929,127.61
1824,1.35817476850633,0.303347178886887,-0.522498209955297,-2.35969150693435,-2.30005341374447,-2.32729739173687,-2.29633195736079,127.68
1825,1.35337490141319,0.306124003746148,-0.523653775224665,-2.35857727230941,-2.30045685632738,-2.3247968257193,-2.29774316706053,127.75
1826,1.34857775753599,0.308906829630096,-0.52477633527657,-2.35736625826618,-2.30100202409054,-2.32219515854727,-2.29904349926775,127.82
1827,1.34378301969014,0.311695342491606,-0.525861507689858,-2.35603887228872,-2.30165580195236,-2.3194942705555,-2.30022026352939,127.89
1828,1.33899042487905,0.314489206390853,-0.526905172879041,-2.35457435260472,-2.30237709613831,-2.31669862682677,-2.30125750366758,127.96
1829,1.33419988350998,0.317288020742632,-0.527903750355931,-2.35295183520185,-2.30311141045167,-2.31381461787521,-2.30213754099622,128.03
1830,1.32941140797172,0.320091277360173,-0.528854476569731,-2.35115631699691,-2.30380174431553,-2.31084634689153,-2.30284531768065,128.1
1831,1.32462516817032,0.322898507866512,-0.529755430386217,-2.34918411684124,-2.30439694959377,-2.30779427870381,-2.30336912551631,128.17
1832,1.31984135642949,0.32570924038076,-0.530605433348184,-2.34703906934358,-2.3048579929399,-2.304654781232,-2.30370026143638,128.24
1833,1.31506005230575,0.328522956052948,-0.531403761272511,-2.34472383445295,-2.30516028354623,-2.30142030534721,-2.30383307112268,128.31
1834,1.31028134138579,0.331339236021259,-0.532149984823162,-2.34223705734002,-2.30529086091435,-2.29808141012495,-2.30376442827347,128.38
1835,1.30550543398819,0.33415771769937,-0.53284362149616,-2.33955770404932,-2.30523453637986,-2.29463152302642,-2.30348960085807,128.45
1836,1.30073259321001,0.336977987447204,-0.533483789590647,-2.33665462066592,-2.3049810658249,-2.2910675118189,-2.3030002211704,128.52
1837,1.29596318990322,0.3397995366766,-0.534069181779223,-2.3335002285894,-2.30452642226026,-2.28738892681542,-2.30228302598572,128.59
1838,1.29119763049653,0.34262190844501,-0.534598294792807,-2.33007647905251,-2.3038678510665,-2.28359807318751,-2.3013195577031,128.66
1839,1.28643641172304,0.345444653444542,-0.535069534157274,-2.32637795882352,-2.30300680919031,-2.27970072281221,-2.30008701753652,128.73
1840,1.28168004816377,0.348267222441086,-0.53548144811257,-2.32240903535317,-2.30194416282671,-2.27570670333864,-2.29855912811923,128.8
1841,1.27692912666268,0.351088922218379,-0.535832773181004,-2.31817046825716,-2.30067221689547,-2.2716304277691,-2.29670687934789,128.87
1842,1.27218423351918,0.353909062085238,-0.536122481995284,-2.31365841723812,-2.29917437447753,-2.26749136417658,-2.29449903142598,128.94
1843,1.26744600851027,0.356726909860352,-0.536350023989736,-2.30886523883164,-2.29742207298828,-2.2633131111177,-2.29190345602389,129.01
1844,1.26271507164556,0.359541647916791,-0.536515441399702,-2.30378721711786,-2.29538024051747,-2.25911885485675,-2.28889103173763,129.08
1845,1.25799207670527,0.362352519869955,-0.536619614663482,-2.29843408364059,-2.29301587431567,-2.25492968641928,-2.28543631486075,129.15
1846,1.25327763746332,0.365158786828113,-0.536664319631011,-2.29282800402276,-2.29030396252409,-2.25076374500954,-2.2815169556491,129.22
1847,1.24857238064496,0.367959683790156,-0.536652223582421,-2.28699800165422,-2.28723075036797,-2.24663574236398,-2.27711325845917,129.29
1848,1.2438768715212,0.370754566774578,-0.536586883507342,-2.28097712227252,-2.28379015952386,-2.24255731198202,-2.27220852179992,129.36
1849,1.23919166619081,0.373542869596789,-0.536472683024786,-2.27479801908896,-2.27997507620773,-2.23853742044899,-2.26678946034275,129.43
1850,1.23451723645371,0.376323997356621,-0.536314644289928,-2.26849153056211,-2.27577913382629,-2.23458239577563,-2.26084626489377,129.5
1851,1.2298540213294,0.379097283695299,-0.53611855935155,-2.26208831310184,-2.27119609619237,-2.2306962075975,-2.25437293601964,129.57
1852,1.22520235112772,0.381862138881886,-0.535890805582732,-2.25561374566631,-2.26621900118017,-2.22688049084307,-2.24736738355038,129.64
1853,1.22056256164861,0.384618007642515,-0.535638289594833,-2.24909052381972,-2.26084471821197,-2.22313501142295,-2.23983192737251,129.71
1854,1.21593510794178,0.387364327310739,-0.535368455873578,-2.24254081189661,-2.25506905647919,-2.21945831980064,-2.23177388199629,129.78
1855,1.2113204870572,0.390100676875957,-0.535089296355429,-2.23598268035724,-2.24888303164064,-2.21584776670914,-2.22320584369385,129.85
1856,1.20671928736241,0.392826735839309,-0.534809297141972,-2.22943067288218,-2.24227791340397,-2.21229964329058,-2.21414580696468,129.92
1857,1.20213211033296,0.395542179930391,-0.534537195011016,-2.22289173695835,-2.23524419096703,-2.20880963631454,-2.20461774503294,129.99
1858,1.19755961886844,0.398246640734701,-0.534281924513662,-2.21636706150217,-2.22777804962149,-2.20537347157653,-2.19465239961276,130.06
1859,1.19300245803656,0.400939856281456,-0.534052628287668,-2.2098650932803,-2.21988360791408,-2.20198780915539,-2.18428815198626,130.13
1860,1.18846130229478,0.403621631493773,-0.533858603209498,-2.20340007051863,-2.21157008975598,-2.19865031087208,-2.17357127551305,130.2
1861,1.18393677509042,0.406291799066986,-0.533709054999933,-2.19699080968317,-2.20285460245244,-2.19535976933584,-2.16255633032928,130.27
1862,1.17942949488811,0.408950371338352,-0.533613042041584,-2.19066057063861,-2.19376067491297,-2.19211648922176,-2.1513068255073,130.34
1863,1.1749399935266,0.411597502042438,-0.53357948102081,-2.1844307583572,-2.18431115799212,-2.18892247619349,-2.13989570196253,130.41
1864,1.17046876095576,0.414233384989,-0.533617150530234,-2.17832897681305,-2.17453708240555,-2.18578264031036,-2.12840474442496,130.48
1865,1.16601616225931,0.416858216695177,-0.533734692292039,-2.1723878053059,-2.16447516033113,-2.18270822068657,-2.11692196692144,130.55
1866,1.16158248101908,0.419472350001895,-0.533940609667442,-2.16664452265173,-2.15417260397296,-2.17971487248976,-2.1055440192238,130.62
1867,1.15716783493262,0.422076257554884,-0.534243199604521,-2.16115054355577,-2.14369665539915,-2.17682557882604,-2.0943732573749,130.69
1868,1.15277221774797,0.424670495692674,-0.5346502906637,-2.15596541235404,-2.13313294616402,-2.17407159041446,-2.08351665222027,130.76
1869,1.14839541343665,0.427255859279324,-0.535169167917465,-2.15116063257231,-2.12257763860679,-2.17149202735465,-2.07308538871804,130.83
1870,1.14403703667987,0.429833346348591,-0.535806557389395,-2.1468156083423,-2.1121374467244,-2.16913233235435,-2.06319311936038,130.9
1871,1.13969644560177,0.432404059566518,-0.536568542717932,-2.14300366238311,-2.10192349536067,-2.16703795338043,-2.05394810359117,130.97
1872,1.13537284435756,0.434969171512047,-0.537460223233532,-2.1397873102034,-2.09204987535085,-2.1652513208934,-2.04544970949419,131.04
1873,1.13106538504483,0.437530080770912,-0.538485367293571,-2.13721992942614,-2.08263587409893,-2.16380983128591,-2.037786224759,131.11
1874,1.12677307841207,0.440088377686,-0.539646314756952,-2.13534721591724,-2.07379707741088,-2.16274356455055,-2.03103225815153,131.18
1875,1.12249483099001,0.442645746748164,-0.540943937899867,-2.1342034702299,-2.06564261513114,-2.16207464032188,-2.02524814184481,131.25
1876,1.11822935460904,0.445203869085974,-0.542377597165255,-2.13380938209126,-2.05827098749088,-2.16181643263178,-2.02047910862211,131.32
1877,1.11397526593765,0.447764388509388,-0.543945155231531,-2.13416775460123,-2.0517666911841,-2.16197289661426,-2.01675468628808,131.39
1878,1.10973118553475,0.450329068080497,-0.545643176461876,-2.13526434497442,-2.04619097199384,-2.16253787961719,-2.01408798997495,131.46
1879,1.1054956459124,0.452899756036603,-0.547466930703209,-2.13706886726902,-2.04158632802994,-2.16349632213024,-2.0124772614086,131.53
1880,1.10126718977321,0.455478288035699,-0.549410392121273,-2.13953526837946,-2.03797151343752,-2.16482474449653,-2.01190660573563,131.6
1881,1.09704446792223,0.458066389173025,-0.551466423807684,-2.14259810251959,-2.03534120561767,-2.16649267146045,-2.01234783152955,131.67
1882,1.0928261463526,0.460665575699394,-0.55362683079482,-2.14618101264104,-2.0336684296926,-2.16846334395571,-2.01376161605143,131.74
1883,1.0886110036681,0.463277119894675,-0.555882599342819,-2.15019940900504,-2.03290383318012,-2.17069556132789,-2.01609977535076,131.81
1884,1.08439802833736,0.465902205075892,-0.558224195772438,-2.15457487891178,-2.03299054987342,-2.17314582963975,-2.01930781494988,131.88
1885,1.08018632526993,0.468541889579378,-0.560641861666867,-2.15924329146036,-2.03387267730473,-2.17577024594932,-2.02332725478398,131.95
1886,1.07597514934615,0.471197070227663,-0.563125842285477,-2.1641549487947,-2.03550327712898,-2.17852612020628,-2.02809779397729,132.02
1887,1.07176381186044,0.473868635796531,-0.565666358004344,-2.1692720583156,-2.03784599328442,-2.18137276476298,-2.03355817433699,132.09
1888,1.06755171398129,0.476557429336018,-0.568253509711125,-2.17456308313954,-2.04087092489452,-2.18427183423306,-2.03964644356148,132.16
1889,1.06333825317968,0.479264146348724,-0.570877245564573,-2.17999390876171,-2.04454875698919,-2.18718740780181,-2.04630000160681,132.23
1890,1.05912285672364,0.481989295830997,-0.573527516533227,-2.18552859440365,-2.04884315022223,-2.190085688412,-2.05345549609057,132.3
1891,1.05490488818748,0.48473335118779,-0.576194239984276,-2.19112491052604,-2.05371377686183,-2.19293571760356,-2.06104964893464,132.37
1892,1.05068374459074,0.487496709889694,-0.578867262261352,-2.19673647834902,-2.05911450590117,-2.19570939229055,-2.06901898406333,132.44
1893,1.046458953635,0.490279588891415,-0.581536511191299,-2.20231509760578,-2.06499499624495,-2.19838186447004,-2.07730023708861,132.51
1894,1.04223008050524,0.493081982834245,-0.584192021313345,-2.20781218446707,-2.07129750583101,-2.20093200733879,-2.08583068717699,132.58
1895,1.03799676184708,0.495903812061554,-0.586824086288423,-2.21318065535355,-2.07796213047763,-2.20334320283582,-2.09454879461784,132.65
1896,1.03375861286203,0.498744879335475,-0.589423221274912,-2.21837097014215,-2.08492707221658,-2.20560375270733,-2.10339463833165,132.72
1897,1.02951532512794,0.501604825813624,-0.591980062677957,-2.22333016566019,-2.09212755994863,-2.20770710428028,-2.11231002862351,132.79
1898,1.02526676460296,0.504483276849227,-0.59448533267154,-2.22800521525007,-2.09949977663554,-2.20965189138892,-2.12123848802032,132.86
1899,1.02101287926875,0.507379796516269,-0.596929995887422,-2.23234360232796,-2.10698077584239,-2.21144210829657,-2.13012503889121,132.93
1900,1.01675373401114,0.51029384142983,-0.599305291030949,-2.23630222569413,-2.11451493413696,-2.21308716258919,-2.13891618111577,133.0
1901,1.01248941866593,0.513224904434015,-0.601602955360459,-2.23985580946599,-2.12205099855612,-2.21460225151819,-2.14756018893277,133.07
1902,1.00822008330206,0.516172467066214,-0.603815451807223,-2.24299611718589,-2.12954808812954,-2.21600918846822,-2.1560081736359,133.14
1903,1.00394584666433,0.519135951372834,-0.605936008493818,-2.24573067310914,-2.13697426359826,-2.21733685322511,-2.1642144531553,133.21
1904,0.999666831844801,0.522114861652171,-0.607958852049038,-2.2480835317348,-2.14429912782105,-2.21862012187621,-2.172137627793,133.28
1905,0.995383075103764,0.525108735034386,-0.60987944442038,-2.25008545510262,-2.15149430516993,-2.21989448043444,-2.179743634217,133.35
1906,0.991094625429055,0.528117027954874,-0.611694532847091,-2.25176696292758,-2.15852769995911,-2.2211942607062,-2.18700595186473,133.42
1907,0.986801644275941,0.531139065576384,-0.613402330758995,-2.25316117796236,-2.16536207909928,-2.22255176576527,-2.19390480509001,133.49
1908,0.982504314929592,0.534174181218003,-0.615002575649851,-2.25430331707318,-2.17195842483923,-2.22399594984119,-2.20042599725447,133.56
1909,0.978202879077173,0.537221664704691,-0.616496718067007,-2.25523438547366,-2.17827510288119,-2.22555128658457,-2.206559949191,133.63
1910,0.973897546508225,0.540280710218685,-0.617887860615076,-2.25599992608426,-2.18427555106605,-2.22723618942763,-2.21230024388287,133.7
1911,0.969588532008796,0.543350554235709,-0.619180446918729,-2.25663924912933,-2.18992975386999,-2.22906225348801,-2.21764275754758,133.77
1912,0.965275965367017,0.546430422464716,-0.620380081539448,-2.25718286197111,-2.19521439502247,-2.23103476294824,-2.22258594904222,133.84
1913,0.96095999207508,0.549519476376162,-0.621493163085431,-2.25765079306913,-2.20011207049976,-2.23315370124362,-2.22713148200487,133.91
1914,0.956640874166502,0.552616949904205,-0.622526520858948,-2.25806025687604,-2.20461140482448,-2.23541469218419,-2.23128492571271,133.98
1915,0.952318900626937,0.55572209524281,-0.623487308873668,-2.25842817663565,-2.20870927818572,-2.23780936385695,-2.23505577236696,134.05
1916,0.947994424961671,0.558834128320863,-0.62438290290829,-2.25877008885548,-2.21241268757688,-2.24032545306579,-2.23845740577725,134.12
1917,0.943667775834522,0.561952364540685,-0.625220609768919,-2.25910514714922,-2.21573776483589,-2.24294722229393,-2.24150740219506,134.19
1918,0.93933929483929,0.565076163697861,-0.626007569592046,-2.25945077352887,-2.21870620540173,-2.24565549094992,-2.24422727352502,134.26
1919,0.935009247316914,0.568204874664378,-0.626750660354747,-2.25982035885795,-2.22134793626906,-2.24842766260802,-2.24664241446805,134.33
1920,0.930677860279979,0.571337970415376,-0.627456213765,-2.26022236033496,-2.22369496840829,-2.25123813008472,-2.24878250685087,134.4
1921,0.926345233360111,0.574474992312366,-0.628129923382938,-2.26065901698405,-2.22577627792001,-2.2540582969879,-2.25068155443081,134.47
1922,0.922011440362802,0.577615494218899,-0.628776881213778,-2.26113236857924,-2.22761930436587,-2.25685634375139,-2.25237773760001,134.54
1923,0.917676630869651,0.580759177022088,-0.629401806073726,-2.26164455658268,-2.22924879145846,-2.25959788257962,-2.25391187984213,134.61
1924,0.913340941329009,0.583905832465002,-0.630009082422245,-2.26219882238732,-2.23069256036807,-2.26225074195528,-2.25532242838522,134.68
1925,0.909004533222473,0.587055286857268,-0.630602736517623,-2.26280628425778,-2.23198455985183,-2.26478594217542,-2.25664399808223,134.75
1926,0.904667504227736,0.590207535227714,-0.631186413247421,-2.26348280372863,-2.23316550971811,-2.26717778498763,-2.25790744447056,134.82
1927,0.900329926446262,0.593362684813711,-0.631763353480506,-2.26424692976,-2.23428043762463,-2.26940375713401,-2.25913955913558,134.89
1928,0.895991757617751,0.596520834924799,-0.632336371801896,-2.26511110728131,-2.2353649137852,-2.27144424878281,-2.26036283083347,134.96
1929,0.89165294291179,0.599682020214329,-0.632907898025568,-2.26607885317567,-2.23644342028959,-2.27328265937426,-2.26159584302083,135.03
1930,0.887313516742121,0.602846344392697,-0.633480145896212,-2.26714859795247,-2.23752930961752,-2.2749055105162,-2.26285354470893,135.1
1931,0.882973514049397,0.606013923268928,-0.634054900738119,-2.2683102188754,-2.23863283030253,-2.2763028206354,-2.26414783856247,135.17
1932,0.87863300864428,0.60918482767254,-0.634633434116318,-2.26954557092435,-2.23976311807512,-2.27746778911829,-2.2654870247435,135.24
1933,0.874292024535215,0.612359216807226,-0.635216481923954,-2.27083498504731,-2.24092377097047,-2.27839629847143,-2.26687505282791,135.31
1934,0.86995057431273,0.615537280921667,-0.63580422232906,-2.27215728472325,-2.24211757011796,-2.27908718754206,-2.2683119788907,135.38
1935,0.865608570515009,0.618719183847347,-0.636396253552833,-2.27348967343708,-2.24334694363795,-2.27954208910188,-2.26979384908777,135.45
1936,0.861265927567421,0.621905195952026,-0.63699157147274,-2.27480203128199,-2.24461087224036,-2.2797653399876,-2.27131251788116,135.52
1937,0.856922663743131,0.625095636390694,-0.637588547065932,-2.27606054844605,-2.24590846293396,-2.27976390021813,-2.27285527402249,135.59
1938,0.852578812591861,0.628290751681077,-0.63818490373136,-2.27723567874486,-2.24723902789938,-2.27954715388642,-2.27440452868143,135.66
1939,0.848234461429248,0.631490657629362,-0.638777758071356,-2.2783030446235,-2.24860349596673,-2.2791270997103,-2.27593801083542,135.73
1940,0.843889662811214,0.634695471634138,-0.639363851256202,-2.2792468225259,-2.25000480653003,-2.27851848625376,-2.27742915299685,135.8
1941,0.839544473064637,0.637905254252201,-0.639939653487533,-2.28005925768718,-2.25144404641607,-2.27773920895308,-2.27884773164289,135.87
1942,0.835198863798029,0.641119950577667,-0.640501659276685,-2.28074062821449,-2.25292001536087,-2.27681096838331,-2.28016057280056,135.94
1943,0.830852823983203,0.644339521988007,-0.641046746633612,-2.28129946819652,-2.25442148542551,-2.27575872815287,-2.28133334023089,136.01
1944,0.826506462052823,0.647563887147169,-0.64157247326064,-2.28174695205186,-2.25592473111297,-2.27460674845462,-2.28233524950204,136.08
1945,0.822159917458051,0.65079286282316,-0.642077119312619,-2.28209185519706,-2.25740039581462,-2.27337659342117,-2.28313946811905,136.15
1946,0.817813399275301,0.654026295079156,-0.642559667371817,-2.28234085452938,-2.25882073933599,-2.27208673026156,-2.28372288695482,136.22
1947,0.813467097782483,0.65726399973314,-0.643019783221764,-2.28250620098046,-2.26016396461151,-2.27075276658207,-2.28406608974723,136.29
1948,0.809121223071395,0.6605057026479,-0.643457860977448,-2.28260748846738,-2.26140730371206,-2.26938737240813,-2.28415320395068,136.36
1949,0.804775916614699,0.663751170414311,-0.643875259621361,-2.28266910672596,-2.26252823716822,-2.26799944168347,-2.28397131609041,136.43
1950,0.800431353372607,0.667000150326454,-0.644274286299238,-2.28270975674006,-2.26350317635785,-2.26659350906509,-2.28351008741344,136.5
1951,0.796087843877716,0.670252310213341,-0.644657862805279,-2.28272866475597,-2.26430075149147,-2.26517005686416,-2.28276182440463,136.57
1952,0.791745745735091,0.673507368692877,-0.645029192763655,-2.28270608888623,-2.26488711021109,-2.2637263943653,-2.28172213159871,136.64
1953,0.787405502118933,0.676765034748725,-0.645391619952586,-2.28260916221814,-2.26522760240869,-2.26225798246342,-2.28039070234756,136.71
1954,0.783067553177869,0.680024947196792,-0.645748296538721,-2.28239951610515,-2.26529336402554,-2.26076033074915,-2.27877091381639,136.78
1955,0.778732374406632,0.683286804608315,-0.646101851652014,-2.28203849262305,-2.26506968870338,-2.25923337275946,-2.27686549492672,136.85
1956,0.774400387893014,0.686550304591414,-0.646454314257168,-2.28149610891648,-2.26455500907532,-2.25768203120336,-2.27467468251544,136.92
1957,0.770072000496637,0.689815082998515,-0.646807163184886,-2.280754818741,-2.26375722122623,-2.25611595853215,-2.27219591283987,136.99
1958,0.765747514869104,0.693080843627133,-0.647161567763811,-2.27980991435647,-2.26269059185021,-2.25454985007549,-2.26942415916235,137.06
1959,0.761427230893217,0.696347297315934,-0.647518501402671,-2.27865894721575,-2.26136276726822,-2.25300388474397,-2.26635247088051,137.13
1960,0.757111546973503,0.69961410100333,-0.647878982151418,-2.27730608325091,-2.25977798995587,-2.25150302236483,-2.2629737306875,137.2
1961,0.752800870610439,0.702880987315546,-0.648244186128659,-2.27576386171135,-2.25794064263991,-2.25007267966412,-2.25928515446041,137.27
1962,0.748495655836323,0.706147703585322,-0.648615687849941,-2.27405496164336,-2.25585524514944,-2.24873700878624,-2.25528911874925,137.34
1963,0.744196313422996,0.709413950867371,-0.648995509817935,-2.27221187941065,-2.25353078015134,-2.24751799887471,-2.25099260263384,137.41
1964,0.7399032479187,0.712679513516162,-0.649386108351252,-2.27027375417167,-2.25098439312551,-2.24643508220679,-2.24640670478767,137.48
1965,0.735616767424167,0.715944198225495,-0.649790359093395,-2.26828059416913,-2.24823633584401,-2.24550511700934,-2.24154674363389,137.55
1966,0.731337120167108,0.71920777309403,-0.65021154210836,-2.26627303274745,-2.24530796717685,-2.24474236510437,-2.23643262257724,137.62
1967,0.727064403789101,0.722470097280068,-0.650653326453345,-2.26428484535245,-2.24221791953978,-2.24415827318638,-2.23108882454058,137.69
1968,0.722798664928567,0.725731060142503,-0.651119690585182,-2.26234404212356,-2.23898259149035,-2.24376143830049,-2.22554454319569,137.76
1969,0.718539998539919,0.728990520429244,-0.651614651424099,-2.26047427737676,-2.23562007650008,-2.24355769356672,-2.21983394995442,137.83
1970,0.714288456390939,0.732248436073262,-0.652142183036027,-2.25869212860573,-2.23214564928958,-2.24355037734081,-2.21399665912449,137.9
1971,0.710044082327914,0.735504803489733,-0.652706197743852,-2.25701313837611,-2.22857373591778,-2.24374034095798,-2.20807794529487,137.97
1972,0.705806820232279,0.738759596931786,-0.653310525997751,-2.25544724529454,-2.22491664869714,-2.24412569493229,-2.20212871143978,138.04
1973,0.70157661226027,0.742012898460963,-0.653958831337113,-2.25399713293379,-2.2211858655784,-2.24470173821037,-2.19620565064559,138.11
1974,0.697353496811542,0.74526483742142,-0.654654333261575,-2.25265746375283,-2.21739528186071,-2.24546107055206,-2.1903715360012,138.18
1975,0.693137515672766,0.748515529970692,-0.655399718984415,-2.2514222390258,-2.21356427413951,-2.24639433284599,-2.18469334982253,138.25
1976,0.688928747927958,0.751765209218019,-0.656197116909134,-2.25028980438082,-2.20972038538758,-2.24749125804485,-2.17923310483105,138.32
1977,0.684727216559626,0.75501416485388,-0.65704806820846,-2.2492622617011,-2.20590124930255,-2.24874044510738,-2.1740452018284,138.39
1978,0.680532921812405,0.758262682817782,-0.657953496424829,-2.2483460204181,-2.20214914693309,-2.25012849152498,-2.16917555763211,138.46
1979,0.676345747244001,0.761511175549212,-0.658913675033835,-2.2475536151501,-2.19850899233224,-2.25163988228048,-2.16466167546364,138.53
1980,0.672165556056654,0.764760121698906,-0.659928256454121,-2.24689681702305,-2.19502250452821,-2.25325738167627,-2.16053333844583,138.6
1981,0.667992287157361,0.768010005840661,-0.660996489530196,-2.24638177286933,-2.19171481654522,-2.25496216639857,-2.15681322607248,138.67
1982,0.663825860395924,0.771261448721376,-0.662117307907412,-2.2460062989237,-2.1885972758956,-2.25673503436268,-2.15351846880715,138.74
1983,0.659666208576327,0.774515146918943,-0.66328947988275,-2.24575799491054,-2.18566953964144,-2.25855697504888,-2.15066167901124,138.81
1984,0.655513182170253,0.777771748921713,-0.664511375141449,-2.24561914935824,-2.18293061839488,-2.26040929261275,-2.14825133050486,138.88
1985,0.65136664432846,0.781031794640849,-0.665780920094591,-2.24557081436006,-2.18037873382964,-2.26227309193817,-2.14629142275875,138.95
1986,0.647226565639591,0.78429584536824,-0.667095868917069,-2.24560640394899,-2.17801720326078,-2.26412920816338,-2.14478163624849,139.02
1987,0.643092928085443,0.7875644230475,-0.668454072770686,-2.24573404616687,-2.17585733169363,-2.2659587709565,-2.14371829641002,139.09
1988,0.638965755787044,0.790837949392565,-0.669853493222156,-2.24596724443417,-2.17391303915994,-2.2677438326004,-2.14309519342487,139.16
1989,0.634845018467951,0.794116875389967,-0.671292150493399,-2.24631737741448,-2.17219675072236,-2.26946767949117,-2.14290400389577,139.23
1990,0.630730661708527,0.797401620056752,-0.67276807014064,-2.24678384468438,-2.17070994271686,-2.27111482773211,-2.14313437816519,139.3
1991,0.626622509918083,0.800692508992831,-0.67427922823813,-2.2473632635785,-2.16945337111599,-2.27267095753434,-2.14377394766749,139.37
1992,0.622520359620191,0.80398990326772,-0.675823495142062,-2.24804760939637,-2.16842503207687,-2.27412285053315,-2.14480831622774,139.44
1993,0.618424072501681,0.807294137517322,-0.677398577912185,-2.24882133503781,-2.16762033688029,-2.27545826704755,-2.14622097225984,139.51
1994,0.614333477676955,0.81060545779297,-0.67900196147264,-2.24966699816858,-2.16703672448435,-2.27666557323224,-2.14799293185796,139.58
1995,0.61024840076609,0.813924149705889,-0.680630848599775,-2.25056599406589,-2.16666981757892,-2.27773343618313,-2.15010243100513,139.65
1996,0.606168565718982,0.817250475745815,-0.682282098833196,-2.25150373202593,-2.16651878041109,-2.27865096855322,-2.15252504873565,139.72
1997,0.602093686985399,0.820584612318807,-0.683952166417007,-2.25247169730592,-2.16658912758855,-2.27940781496122,-2.15523375393191,139.79
1998,0.59802356148533,0.823926777050217,-0.685637037391355,-2.25346220692143,-2.16689095128226,-2.27999430764481,-2.15819900372303,139.86
1999,0.593957969834354,0.827277165234176,-0.687332229488309,-2.25447269206425,-2.16743974422201,-2.28040124712217,-2.16138844988516,139.93
2000,0.589896704424998,0.830635885977266,-0.689032982022104,-2.25550057888773,-2.16824539939153,-2.28061994341708,-2.16476695307498,140.0
2001,0.585839470298202,0.834003088584882,-0.690734318350765,-2.25653994704954,-2.16931225256905,-2.28064270875332,-2.16829722372187,140.07
2002,0.581785976406005,0.837378898074222,-0.692431235164217,-2.25758276094566,-2.17063517696571,-2.28046316686136,-2.17194007461733,140.14
2003,0.577736026720588,0.840763350364175,-0.694118701194767,-2.25861209718703,-2.17220036833988,-2.28007701437345,-2.17565504884354,140.21
2004,0.573689420644585,0.844156517693326,-0.695791656096201,-2.25960597959387,-2.17398656503715,-2.2794822817676,-2.17940053527138,140.28
2005,0.569645980323415,0.847558443152769,-0.697445200238789,-2.26053962677277,-2.1759647979186,-2.27867966568935,-2.18313400835402,140.35
2006,0.565605450792982,0.850969074886982,-0.699074658019278,-2.26139100402578,-2.17809895765607,-2.27767299624292,-2.18681264787459,140.42
2007,0.561567590562792,0.854388390517063,-0.700675768946255,-2.26214447198212,-2.18035429456885,-2.27646990274063,-2.1903942132277,140.49
2008,0.557532262088025,0.857816330676435,-0.702244689085285,-2.26278719721354,-2.18270006880553,-2.27508223313089,-2.19383760219436,140.56
2009,0.553499331583681,0.861252732215816,-0.703777930063212,-2.26330823434106,-2.18510698736361,-2.27352622681114,-2.19710284174273,140.63
2010,0.549468695779243,0.864697451635728,-0.705272299297023,-2.26370059772065,-2.18754749598663,-2.27182282148447,-2.20015102056908,140.7
2011,0.545440181544727,0.868150297640838,-0.706724905099128,-2.26395933607475,-2.18999841890515,-2.26999777584625,-2.20294441897716,140.77
2012,0.54141363598526,0.871610963377614,-0.708133353817737,-2.26408037423698,-2.1924355939364,-2.26808179785768,-2.20544651998535,140.84
2013,0.5373890164547,0.875079148918547,-0.709495758010151,-2.2640619007246,-2.19483149256372,-2.26610978836457,-2.20762323698795,140.91
2014,0.533366289937945,0.878554492892761,-0.710810746295731,-2.26390144128527,-2.19715372982056,-2.26411659463638,-2.20944713787316,140.98
2015,0.529345459396842,0.882036503830417,-0.712077601997422,-2.26359814628353,-2.19937164263023,-2.26213568789299,-2.21089812446234,141.05
2016,0.525326463006659,0.885524681790693,-0.71329602247509,-2.26315521052513,-2.20146325205327,-2.26019898498083,-2.21196310905283,141.12
2017,0.521309263876282,0.889018512698693,-0.71446607084616,-2.26257924961048,-2.20341149482574,-2.25833705070174,-2.21263614975787,141.19
2018,0.517293939698354,0.892517589484441,-0.715588383623942,-2.26188533473637,-2.20520617634674,-2.25657891735465,-2.21291840995655,141.26
2019,0.513280581774622,0.896021542450216,-0.716664189640249,-2.26110069862481,-2.20684948612305,-2.254951837919,-2.2128178785621,141.33
2020,0.509269321006797,0.899529969437703,-0.717695267265011,-2.26025593272189,-2.20834614750606,-2.25348122584894,-2.2123492321768,141.4
2021,0.505260226775163,0.903042556365094,-0.718683903394818,-2.25938139635119,-2.20969655855196,-2.25219033581069,-2.21153352123758,141.47
2022,0.501253396293235,0.906559007037545,-0.7196329176614,-2.25850362816043,-2.21089444831307,-2.25109962087769,-2.21039780663176,141.54
2023,0.497249043879653,0.910078972798982,-0.720545878809761,-2.25764086946758,-2.21192269670834,-2.25022608289433,-2.20897474598323,141.61
2024,0.493247399587513,0.91360217259255,-0.72142713202605,-2.25681446741257,-2.21276446823843,-2.2495828057881,-2.20730200154322,141.68
2025,0.489248734776181,0.917128322331113,-0.722281764115995,-2.25605049566533,-2.21340457031236,-2.24917822655576,-2.20542178603724,141.75
2026,0.485253260542611,0.920657064144514,-0.723115569887053,-2.2553822629775,-2.21383717052244,-2.24901514342953,-2.20338029096201,141.82
2027,0.481261153076526,0.924188086070443,-0.723934956022102,-2.25484691208668,-2.21406691561961,-2.2490900325745,-2.20122731331946,141.89
2028,0.477272451857187,0.927721114609176,-0.724746655187413,-2.25447496439202,-2.21410199147859,-2.24939299080782,-2.19901607903009,141.96
2029,0.473287148278272,0.931256034228226,-0.725557567725128,-2.25429059423727,-2.21395322503072,-2.24990792336302,-2.19680345168417,142.03
2030,0.469305274143249,0.934792816233947,-0.726374476600602,-2.25430624385847,-2.21363605193255,-2.25061399337211,-2.19464887311993,142.1
2031,0.465326799475448,0.938331447570525,-0.727203825898986,-2.25451596088705,-2.21316696510034,-2.25149189070661,-2.19261031866791,142.17
2032,0.461351720753385,0.941872050103434,-0.728051181502837,-2.25489736686524,-2.21256956095244,-2.25252405926518,-2.19074183815537,142.24
2033,0.457380149016345,0.945414809276018,-0.728921072412307,-2.25542403550685,-2.21187576398865,-2.25369263103488,-2.18909083843972,142.31
2034,0.453412207284279,0.948959902690532,-0.729816958422715,-2.25607487906999,-2.21112356268853,-2.25497805297866,-2.18769662987288,142.38
2035,0.449448054880992,0.952507619162598,-0.730741260468575,-2.25683476360433,-2.21035576534106,-2.25635897910556,-2.1865904254544,142.45
2036,0.445487784581734,0.956058287130439,-0.731695517020566,-2.25769416665023,-2.20961259677334,-2.25781228513584,-2.18579552080517,142.52
2037,0.44153144665381,0.959612202963899,-0.732680221812543,-2.25864692519103,-2.20893706291225,-2.25931390527859,-2.1853284159929,142.59
2038,0.437578945712505,0.963169749716729,-0.7336950415447,-2.25968893256907,-2.20836818235273,-2.26083890403447,-2.18519878220348,142.66
2039,0.433630127983594,0.966731325198997,-0.734739095950084,-2.26081822923805,-2.20793446944793,-2.2623621178294,-2.18541024170371,142.73
2040,0.429684868420011,0.970297269911008,-0.735810982642797,-2.26202803954497,-2.20765471803099,-2.26385924038833,-2.1859620242402,142.8
2041,0.425742967122395,0.97386798537963,-0.736908737336832,-2.26330139317881,-2.20753369856562,-2.26530714594937,-2.18684946713349,142.87
2042,0.421804236180066,0.977443861772142,-0.738029856526274,-2.26461241306003,-2.20756852062936,-2.26668427698332,-2.18806450242677,142.94
2043,0.417868586383946,0.981025205328337,-0.739171509738625,-2.26592982401303,-2.20774984439594,-2.26797052563079,-2.1895957501527,143.01
2044,0.413935923262452,0.984612356152033,-0.740330560344206,-2.26722604966709,-2.20807000973788,-2.26914743541996,-2.19142853561792,143.08
2045,0.410006170037061,0.988205615238442,-0.741503585584921,-2.26847646371974,-2.20852125084617,-2.2701984699561,-2.19354514873125,143.15
2046,0.406079163426871,0.991805171280484,-0.742687022978851,-2.26965997587789,-2.2090941596333,-2.27110915872881,-2.19592521889633,143.22
2047,0.402154739898388,0.995411217798556,-0.74387699860055,-2.27075866674443,-2.2097834487809,-2.27186750177742,-2.19854620614122,143.29
2048,0.398232821810629,0.99902387947475,-0.745069472559093,-2.27175456690122,-2.21058164160581,-2.27246387154139,-2.20138350110999,143.36
2049,0.394313312905689,1.00264313824013,-0.746260257190959,-2.27262758255826,-2.21147796602317,-2.27289123809422,-2.2044105794044,143.43
2050,0.390396184259478,1.00626894966638,-0.747444971640127,-2.27335355217098,-2.2124578795652,-2.2731454640524,-2.20759902065691,143.5
2051,0.386481560140237,1.00990116855061,-0.748619060022295,-2.27389735332202,-2.21349592123959,-2.27322535183274,-2.21091864742,143.57
2052,0.38256961321979,1.01353947425115,-0.749778000377106,-2.27421897305467,-2.21455503916044,-2.27313276100823,-2.21433759439834,143.64
2053,0.378660586726096,1.01718348633569,-0.750917323469577,-2.27427704443915,-2.21559175974117,-2.27287317691829,-2.21782281732172,143.71
2054,0.374754689456262,1.02083275296091,-0.752032632168504,-2.27403709198552,-2.21656840668064,-2.27245609527372,-2.22134059804029,143.78
2055,0.370852117715531,1.02448686607206,-0.753119812127593,-2.27348283594576,-2.2174567457659,-2.27189522254505,-2.22485666598703,143.85
2056,0.36695295010004,1.02814538584647,-0.754175052824462,-2.27261817063612,-2.21824379153417,-2.27120906343752,-2.22833669951415,143.92
2057,0.363057232709157,1.03180776495252,-0.755194806151205,-2.27146216757278,-2.21893310738862,-2.2704212597417,-2.23174682729497,143.99
2058,0.359165064228267,1.035473463197,-0.756175809739055,-2.27004656756324,-2.21953963058052,-2.26956048929648,-2.23505362294819,144.06
2059,0.355276490324199,1.03914193498819,-0.757115365707767,-2.26841461770949,-2.22007986399193,-2.26865954305327,-2.23822499158274,144.13
2060,0.351391524942758,1.04281274370958,-0.758011620888205,-2.2666151543426,-2.22056276976749,-2.26775065730223,-2.24123398212412,144.2
2061,0.347510044432444,1.04648548543163,-0.758863658063634,-2.26470145805615,-2.22098758903891,-2.26686338817399,-2.24405898421384,144.27
2062,0.343631872087054,1.05015971253424,-0.75967171589234,-2.26273017861397,-2.22134655482206,-2.26602324868308,-2.24668259737436,144.34
2063,0.33975686255583,1.05383504781142,-0.760437219952542,-2.26076070881971,-2.22163084661667,-2.26525059904742,-2.24909069771496,144.41
2064,0.335884795571758,1.05751117148186,-0.761162751937362,-2.25885201982279,-2.22183286344847,-2.2645599798739,-2.25127170284741,144.48
2065,0.332015460115379,1.06118793519386,-0.761852020464213,-2.25706133839511,-2.22194729289759,-2.26395995095704,-2.25321635314713,144.55
2066,0.328148738466372,1.0648652854437,-0.762509833400414,-2.25543208727276,-2.22196329065545,-2.2634529905078,-2.25491775572856,144.62
2067,0.324284499594909,1.06854318696892,-0.763142008045342,-2.25399820886582,-2.2218668264178,-2.26303596263526,-2.25637181852426,144.69
2068,0.320422683009028,1.07222173667472,-0.763755091949424,-2.25278028898716,-2.22164087391967,-2.26270045427997,-2.25757743954262,144.76
2069,0.316563382506928,1.07590108698294,-0.764356211742638,-2.25178523025729,-2.22126312805325,-2.26243355338298,-2.25853695960713,144.83
2070,0.312706739280434,1.079581369156,-0.764952732131338,-2.25100388477312,-2.22071281010233,-2.26221836990262,-2.25925643398646,144.9
2071,0.308852961959279,1.08326280714601,-0.765551851831023,-2.2504190319036,-2.21997557319652,-2.26203544350108,-2.25974642152845,144.97
2072,0.30500221951667,1.08694564085223,-0.766160263193967,-2.25000686910304,-2.21904638170897,-2.26186376816517,-2.26002252883965,145.04
2073,0.301154724621431,1.09063004933437,-0.766784065815069,-2.24974243342574,-2.21793271531114,-2.26168264134835,-2.26010475632713,145.11
2074,0.297310816874211,1.09431626452863,-0.767428679787362,-2.24960285683698,-2.21665072970826,-2.2614756087931,-2.26001272365969,145.18
2075,0.293470855363548,1.09800449434786,-0.768098631338215,-2.24956439106584,-2.21521837546118,-2.26123117024206,-2.25976420558363,145.25
2076,0.289635238122156,1.10169484571299,-0.768797718789189,-2.24961054344584,-2.21365811450809,-2.26094272388284,-2.25937507179875,145.32
2077,0.285804294395516,1.1053874380639,-0.769529114036345,-2.24973379348567,-2.2119918296104,-2.26060870274279,-2.25885948688438,145.39
2078,0.281978303782392,1.10908238975231,-0.770295589961174,-2.24993521004692,-2.21024463126966,-2.26023207754382,-2.25823176707683,145.46
2079,0.27815738816049,1.11277993138627,-0.771099556057213,-2.25022317626976,-2.20845019310904,-2.25981744756161,-2.25750989334642,145.53
2080,0.274341593979927,1.11648032852854,-0.771943029203497,-2.25061045999157,-2.2066466260249,-2.25937302402406,-2.25671356613235,145.6
2081,0.270530974363754,1.12018380429598,-0.77282766653022,-2.25111159843193,-2.204872290592,-2.25890740641668,-2.25586728161781,145.67
2082,0.266725480457708,1.12389065240599,-0.773754987336591,-2.25174370908116,-2.20315690944469,-2.25842851955068,-2.25500125118263,145.74
2083,0.262925043138938,1.12760115954954,-0.774726339366663,-2.25252177012232,-2.20152938396923,-2.25794267848,-2.25415092531599,145.81
2084,0.259129654529537,1.13131552763579,-0.775742672903998,-2.25345675420857,-2.20002116245831,-2.25745441615662,-2.25335696287818,145.88
2085,0.255339258761402,1.13503398645335,-0.776804630783362,-2.25455680559255,-2.19866001360475,-2.25696662895466,-2.2526653902862,145.95
2086,0.251553769586035,1.13875677914712,-0.777912319097481,-2.25582428258954,-2.19747167176803,-2.25648021414917,-2.2521272503691,146.02
2087,0.247772960757203,1.14248427457628,-0.779065203205459,-2.25725870100865,-2.19648077794506,-2.25599466016718,-2.2517966593263,146.09
2088,0.243996546783059,1.14621688895063,-0.780262065520938,-2.25885211251761,-2.19571168712486,-2.25550978012874,-2.25172237892997,146.16
2089,0.240224263500262,1.14995500728754,-0.781500961582141,-2.26058943113709,-2.19518958571275,-2.25502547627907,-2.25194503399971,146.23
2090,0.236455757924916,1.15369909522945,-0.782779174450468,-2.26244938890614,-2.19493372419983,-2.25454099624625,-2.25249635275319,146.3
2091,0.232690668502195,1.15744962009561,-0.784093167512048,-2.26439964239871,-2.19495661119775,-2.25405514205892,-2.25339928515599,146.37
2092,0.228928705212062,1.16120697170628,-0.785438535786091,-2.26640527704407,-2.1952643407031,-2.25356603454388,-2.25466753713485,146.44
2093,0.225169538988773,1.16497157351762,-0.786810019393651,-2.26843013042963,-2.19585957655678,-2.25307157648412,-2.25630610774554,146.51
2094,0.221412881577052,1.16874380294075,-0.788201706391632,-2.27044249627887,-2.19674547884733,-2.25256991590219,-2.25831155839919,146.58
2095,0.21765856528141,1.17252391138464,-0.789607107578608,-2.27241777877964,-2.19792498250205,-2.25205997306444,-2.26067264914006,146.65
2096,0.213906432063513,1.17631213456476,-0.791019357571382,-2.27433955938017,-2.19940679776486,-2.25154228534748,-2.26337121506481,146.72
2097,0.210156349587325,1.1801086754745,-0.792431224805708,-2.27619621865024,-2.20120479352219,-2.25101921722483,-2.2663825846022,146.79
2098,0.206408100143833,1.18391381408455,-0.793835057759814,-2.27797578163226,-2.20333260518563,-2.25049504350003,-2.26967579441706,146.86
2099,0.202661460053728,1.18772782616922,-0.795222794713685,-2.27966915012101,-2.20580343904472,-2.24997622328829,-2.27321353835884,146.93
2100,0.198916279000251,1.1915509018052,-0.796586227891235,-2.28127333786321,-2.20861919294159,-2.24947180106342,-2.27695242330181,147.0
2101,0.195172368744696,1.19538325408815,-0.797917395253873,-2.28279420085518,-2.21177036209275,-2.24899488729912,-2.28084467663036,147.07
2102,0.191429518823577,1.19922503694822,-0.799209100255788,-2.28424447061269,-2.21523116794904,-2.24856274112832,-2.28484086238274,147.14
2103,0.187687385160473,1.20307626261237,-0.800455051712948,-2.28563848760984,-2.2189697917833,-2.24819285026109,-2.28889481470839,147.21
2104,0.183945569193863,1.20693690926377,-0.801650068688827,-2.28698636573134,-2.22294373318256,-2.24790148641725,-2.29296431160294,147.28
2105,0.180203760496525,1.21080683778598,-0.802790096561234,-2.28828453834001,-2.22709725413114,-2.24770289357918,-2.29701034900901,147.35
2106,0.176461815863762,1.21468570814878,-0.803872161504639,-2.28951977211551,-2.23136738920969,-2.24760910845003,-2.30099685893392,147.42
2107,0.172719647844719,1.21857308599715,-0.804894327061339,-2.29067172192281,-2.23568709066277,-2.24762996794581,-2.30489055547981,147.49
2108,0.168977240315569,1.22246842186303,-0.805855589396542,-2.2917213318283,-2.23999668997409,-2.24777311270723,-2.30866084664323,147.56
2109,0.165234537023725,1.22637115709054,-0.806755584274803,-2.2926514265039,-2.24424602028347,-2.24804411329315,-2.312280003709,147.63
2110,0.161491520696984,1.23028070242104,-0.807594423390521,-2.2934488944825,-2.24839634857307,-2.24844697283801,-2.31572333532889,147.7
2111,0.157748292163706,1.23419654333335,-0.808372469511873,-2.29410776520171,-2.25242669285553,-2.24898443429079,-2.31896924030393,147.77
2112,0.154004958928604,1.2381181545684,-0.809090431546462,-2.29462835290868,-2.25632426339296,-2.24965866374793,-2.3219995211221,147.84
2113,0.150261650793623,1.24204491441409,-0.809749144329042,-2.29500694154778,-2.26007865602905,-2.25047122995629,-2.32479919685027,147.91
2114,0.146518408445636,1.24597620932629,-0.810349477735377,-2.29524414938846,-2.26368710278856,-2.25142326916311,-2.32735657829763,147.98
2115,0.142775262599295,1.24991141131662,-0.810892311572436,-2.29535190162997,-2.26716252269965,-2.25251659747431,-2.32966220861333,148.05
2116,0.139032313137441,1.25384998220454,-0.811378512693435,-2.29535450110015,-2.27053027178256,-2.25375697752269,-2.33170571699308,148.12
2117,0.135289617691848,1.25779145068278,-0.811808977822843,-2.29528843343892,-2.27382445339936,-2.25515102787442,-2.33347877976372,148.19
2118,0.131547207253774,1.26173551629122,-0.812184869095093,-2.29519842861937,-2.27707927820718,-2.25670477830738,-2.33497593181502,148.26
2119,0.127804974737985,1.26568196272346,-0.812507661160229,-2.29512475947781,-2.28032277709973,-2.25842298145884,-2.33619399091283,148.33
2120,0.124062754092324,1.26963057103408,-0.81277912684889,-2.29510013248075,-2.28357680402129,-2.26030873598753,-2.33713187362414,148.4
2121,0.120320399400895,1.27358122331058,-0.813001324859091,-2.29514797532475,-2.286853418696,-2.26236354810837,-2.33779054890237,148.47
2122,0.116577673431095,1.27753381570684,-0.81317658939729,-2.29528631235585,-2.2901595264256,-2.26458706915915,-2.33817300233744,148.54
2123,0.112834326741905,1.28148817139854,-0.813307521695338,-2.2955309385576,-2.29349954798494,-2.26697695377304,-2.338284211034,148.61
2124,0.109090176806401,1.28544414402065,-0.813396983314445,-2.29589109491936,-2.29687370563151,-2.26952877515263,-2.33813112900408,148.68
2125,0.105344996601934,1.28940159400054,-0.813448091137017,-2.29637390535086,-2.30028119877503,-2.2722359340169,-2.3377226828846,148.75
2126,0.101598593786773,1.2933604918664,-0.813464150418865,-2.29698207624436,-2.30371709001932,-2.27508956139038,-2.33706977771487,148.82
2127,0.0978508899157838,1.29732083094313,-0.813448398746354,-2.29771146435333,-2.3071754147747,-2.27807847900519,-2.33618537595206,148.89
2128,0.0941018091464366,1.30128253999294,-0.813403941885286,-2.29855048197399,-2.31064758942436,-2.28118940820969,-2.335084776346,148.96
2129,0.0903513575499138,1.30524558635692,-0.813333754361489,-2.29947505125818,-2.31411694402271,-2.28440723725301,-2.3337857745845,149.03
2130,0.0865997024741959,1.30920988848863,-0.813240681136218,-2.30045873535337,-2.31756710155429,-2.28771528393114,-2.33230895919949,149.1
2131,0.0828470614027979,1.31317522843705,-0.813127440263012,-2.30147886463053,-2.32098692729836,-2.29109549065047,-2.33067782446115,149.17
2132,0.0790937178961007,1.3171413548381,-0.812996626417556,-2.30251986582026,-2.32437509778065,-2.29452937828393,-2.32891774669697,149.24
2133,0.0753399105327873,1.32110795882971,-0.812850651678412,-2.30358192527056,-2.32774727507799,-2.29800198265019,-2.32705172703562,149.31
2134,0.0715858489153881,1.32507477697441,-0.812691496423086,-2.30467574075335,-2.33113242055491,-2.30150267651715,-2.32509931500605,149.38
2135,0.0678316026566419,1.32904156712637,-0.812520651360193,-2.30581320721659,-2.33456415468076,-2.30502478325058,-2.32307636193682,149.45
2136,0.0640771809320005,1.3330082113271,-0.812339123585566,-2.30700521539255,-2.3380779600267,-2.30856531640416,-2.32099471415289,149.52
2137,0.0603226120395395,1.336974628146,-0.812147506605481,-2.30826148134151,-2.3417041267346,-2.31212459143298,-2.31886197240475,149.59
2138,0.0565678324108934,1.34094068502617,-0.811946304843696,-2.30958707096126,-2.34545421600226,-2.3157061542764,-2.31668169819112,149.66
2139,0.052812766183931,1.34490630119474,-0.811736322052101,-2.31099486522541,-2.34932740070158,-2.31931594698389,-2.31445527353596,149.73
2140,0.0490574047835474,1.34887142354962,-0.811518923047705,-2.31250169847072,-2.35331152931558,-2.32295721673548,-2.31218604925761,149.8
2141,0.0453016959573822,1.35283612959984,-0.811295787632575,-2.31411693482282,-2.3573934589598,-2.32662828213688,-2.30987974739156,149.87
2142,0.0415456233786345,1.3568005398684,-0.811068601275885,-2.31583815496884,-2.36156106325585,-2.3303228390869,-2.30754473819234,149.94
2143,0.037789286261881,1.36076473031063,-0.810838936570117,-2.31764074109584,-2.36579177054524,-2.33403185350169,-2.30519168334647,150.01
2144,0.0340327884364776,1.36472883529972,-0.81060800780532,-2.31949311941252,-2.37006313983035,-2.33774812093888,-2.30282955970932,150.08
2145,0.0302762544670348,1.3686929600647,-0.810376616195656,-2.32136640998453,-2.37435269968004,-2.34146701454789,-2.30046422448119,150.15
